library,term,p,padj,overlap,n
GO_Biological_Process_2023,Skeletal System Development (GO:0001501),3.257770509634977e-05,0.03427174576135996,COL18A1;ZBTB16;UFD1;COL9A2;BMP7;PKD1;TGM2,7
GO_Biological_Process_2023,Extracellular Matrix Assembly (GO:0085029),0.00013470465553495353,0.06313839571713518,ELN;MYH11;QSOX1,3
GO_Biological_Process_2023,Blood Circulation (GO:0008015),0.00022934108044480206,0.06313839571713518,NOS3;ELN;MYOF;ADCY6,4
GO_Biological_Process_2023,Regulation Of Angiogenesis (GO:0045765),0.0002400699456925292,0.06313839571713518,ECM1;COL4A2;ANXA3;NOS3;SERPINE1;ISM1;KLF4,7
GO_Biological_Process_2023,Negative Regulation Of Extrinsic Apoptotic Signaling Pathway Via Death Domain Receptors (GO:1902042),0.00034173099101655614,0.07190020050988341,NOS3;SERPINE1;ICAM1,3
GO_Biological_Process_2023,Negative Regulation Of Endothelial Cell Apoptotic Process (GO:2000352),0.0004951553841808615,0.0769988406227689,TNIP2;SERPINE1;ICAM1,3
GO_Biological_Process_2023,Regulation Of Atrial Cardiac Muscle Cell Membrane Repolarization (GO:0060372),0.0005271410622051814,0.0769988406227689,FLNA;KCNA5,2
GO_Biological_Process_2023,Extracellular Matrix Organization (GO:0030198),0.0006803242806719022,0.0769988406227689,COL18A1;COL4A2;ELN;SMOC1;QSOX1;COL9A2,6
GO_Biological_Process_2023,Maintenance Of Blood-Brain Barrier (GO:0035633),0.0006868206962357402,0.0769988406227689,GJB6;PECAM1;MFSD2A,3
GO_Biological_Process_2023,Positive Regulation Of Angiogenesis (GO:0045766),0.0007575212491182268,0.0769988406227689,ECM1;ANXA3;NOS3;SERPINE1;KLF4,5
GO_Biological_Process_2023,Regulation Of Extrinsic Apoptotic Signaling Pathway Via Death Domain Receptors (GO:1902041),0.0008375512774576318,0.0769988406227689,NOS3;SERPINE1;ICAM1,3
GO_Biological_Process_2023,Kidney Development (GO:0001822),0.0008783137713623829,0.0769988406227689,ZBTB16;PKD1;BMP7;AGT,4
GO_Biological_Process_2023,Dehydroascorbic Acid Transport (GO:0070837),0.0009762902262832263,0.0790044090807657,SLC2A1;SLC2A4,2
GO_Biological_Process_2023,Blood Vessel Diameter Maintenance (GO:0097746),0.0013016844844614003,0.08826641941169419,NOS3;ADCY6;AGT,3
GO_Biological_Process_2023,Negative Regulation Of Epithelial Cell Apoptotic Process (GO:1904036),0.0015246069157325382,0.08826641941169419,TNIP2;SERPINE1;ICAM1,3
GO_Biological_Process_2023,Mesonephros Development (GO:0001823),0.0015567588670392114,0.08826641941169419,ZBTB16;BMP7,2
GO_Biological_Process_2023,Vascular Transport (GO:0010232),0.001571972753707122,0.08826641941169419,SLC6A6;SLC2A1;SLC2A4;MFSD2A,4
GO_Biological_Process_2023,Positive Regulation Of Cell Differentiation (GO:0045597),0.0016103337848740345,0.08826641941169419,SLC6A6;LAMB2;ZBTB16;PLA2G3;NBL1;BMP7;AGT,7
GO_Biological_Process_2023,Transport Across Blood-Brain Barrier (GO:0150104),0.0017162483931174011,0.08826641941169419,SLC6A6;SLC2A1;SLC2A4;MFSD2A,4
GO_Biological_Process_2023,Negative Regulation Of Angiogenesis (GO:0016525),0.0017917244592316475,0.08826641941169419,COL4A2;SERPINE1;ISM1;KLF4,4
GO_Biological_Process_2023,Regulation Of Endothelial Cell Apoptotic Process (GO:2000351),0.002182302426567309,0.08826641941169419,TNIP2;SERPINE1;ICAM1,3
GO_Biological_Process_2023,Regulation Of Tube Diameter (GO:0035296),0.002265392893646144,0.08826641941169419,NOS3;ADCY6,2
GO_Biological_Process_2023,Defense Response To Tumor Cell (GO:0002357),0.002265392893646144,0.08826641941169419,PLK5;KLF4,2
GO_Biological_Process_2023,Positive Regulation Of Integrin-Mediated Signaling Pathway (GO:2001046),0.002265392893646144,0.08826641941169419,LAMB2;FLNA,2
GO_Biological_Process_2023,Glucose Import (GO:0046323),0.002265392893646144,0.08826641941169419,SLC2A1;SLC2A4,2
GO_Biological_Process_2023,Vascular Process In Circulatory System (GO:0003018),0.002265392893646144,0.08826641941169419,NOS3;ADCY6,2
GO_Biological_Process_2023,Low-Density Lipoprotein Particle Remodeling (GO:0034374),0.002265392893646144,0.08826641941169419,PLA2G3;AGT,2
GO_Biological_Process_2023,Cellular Modified Amino Acid Catabolic Process (GO:0042219),0.0026668014789657983,0.09674052261627654,CBS;PRODH,2
GO_Biological_Process_2023,Cytoplasmic Sequestering Of Protein (GO:0051220),0.0026668014789657983,0.09674052261627654,FLNA;PKD1,2
GO_Biological_Process_2023,Glutamine Family Amino Acid Catabolic Process (GO:0009065),0.0035618909009462376,0.11744396818812358,NOS3;PRODH,2
GO_Biological_Process_2023,Positive Regulation Of Inflammatory Response (GO:0050729),0.003572440096977143,0.11744396818812358,SERPINE1;PLA2G3;OSMR;AGT,4
GO_Biological_Process_2023,Positive Regulation Of Vasculature Development (GO:1904018),0.003572440096977143,0.11744396818812358,ECM1;ANXA3;NOS3;SERPINE1,4
GO_Biological_Process_2023,Regulation Of G1/S Transition Of Mitotic Cell Cycle (GO:2000045),0.0038244169612506795,0.12187623007096964,CDKN1A;PLK5;KLF4;PKD1,4
GO_Biological_Process_2023,Regulation Of Neuron Projection Development (GO:0010975),0.004010223128778453,0.12187623007096964,PLK5;PLA2G3;ADCY6;TSKU;MFSD2A,5
GO_Biological_Process_2023,Mesonephric Tubule Development (GO:0072164),0.004054817540383971,0.12187623007096964,BMP7;PKD1,2
GO_Biological_Process_2023,Positive Regulation Of Small GTPase Mediated Signal Transduction (GO:0051057),0.004577501584745696,0.1337647685320131,NOTCH2;TGM2,2
GO_Biological_Process_2023,Heart Trabecula Morphogenesis (GO:0061384),0.005129574273968294,0.14200821411091172,TGFBR3;BMP7,2
GO_Biological_Process_2023,Pulmonary Valve Morphogenesis (GO:0003184),0.005129574273968294,0.14200821411091172,NOTCH2;NOS3,2
GO_Biological_Process_2023,Regulation Of Integrin-Mediated Signaling Pathway (GO:2001044),0.005710670135212713,0.14652743859131157,LAMB2;FLNA,2
GO_Biological_Process_2023,Cellular Response To Catecholamine Stimulus (GO:0071870),0.005710670135212713,0.14652743859131157,ADCY6;TGM2,2
GO_Biological_Process_2023,Interleukin-1-Mediated Signaling Pathway (GO:0070498),0.005710670135212713,0.14652743859131157,IL1R1;TNIP2,2
GO_Biological_Process_2023,Negative Regulation Of Phosphate Metabolic Process (GO:0045936),0.0063204269576158725,0.15111566271390678,CDKN1A;BMP7,2
GO_Biological_Process_2023,Endothelial Cell Development (GO:0001885),0.0063204269576158725,0.15111566271390678,PECAM1;ICAM1,2
GO_Biological_Process_2023,Pulmonary Valve Development (GO:0003177),0.0063204269576158725,0.15111566271390678,NOTCH2;NOS3,2
GO_Biological_Process_2023,Negative Regulation Of Biomineral Tissue Development (GO:0070168),0.006958485771979067,0.16267393404715508,ECM1;NOS3,2
GO_Biological_Process_2023,Glucose Transmembrane Transport (GO:1904659),0.007624490817309644,0.16710342374603637,SLC2A1;SLC2A4,2
GO_Biological_Process_2023,Hexose Transmembrane Transport (GO:0008645),0.007624490817309644,0.16710342374603637,SLC2A1;SLC2A4,2
GO_Biological_Process_2023,Regulation Of Cardiac Muscle Cell Membrane Repolarization (GO:0099623),0.007624490817309644,0.16710342374603637,FLNA;KCNA5,2
GO_Biological_Process_2023,Negative Regulation Of Cell Population Proliferation (GO:0008285),0.007939370748339952,0.16828134959859395,TGFBR3;COL18A1;CDKN1A;NOS3;WDR6;IGFBP7;TNS2,7
GO_Biological_Process_2023,Phagocytosis (GO:0006909),0.008277085248427069,0.16828134959859395,ANXA3;PECAM1;TGM2,3
GO_Biological_Process_2023,Regulation Of Extracellular Matrix Organization (GO:1903053),0.008318089523884872,0.16828134959859395,LAMB2;AGT,2
GO_Biological_Process_2023,"Positive Regulation Of mRNA Splicing, Via Spliceosome (GO:0048026)",0.008318089523884872,0.16828134959859395,RBM3;CIRBP,2
GO_Biological_Process_2023,Negative Regulation Of Extrinsic Apoptotic Signaling Pathway (GO:2001237),0.00861041895768488,0.1709086932732923,NOS3;SERPINE1;ICAM1,3
GO_Biological_Process_2023,Regulation Of Heterotypic Cell-Cell Adhesion (GO:0034114),0.009038932481286505,0.1760917957465445,KLF4;BMP7,2
GO_Biological_Process_2023,Regulation Of Monocyte Chemotaxis (GO:0090025),0.009786673417704839,0.17751000750733603,SERPINE1;NBL1,2
GO_Biological_Process_2023,Cardiac Conduction System Development (GO:0003161),0.009786673417704839,0.17751000750733603,NOTCH2;GJB6,2
GO_Biological_Process_2023,Metanephros Development (GO:0001656),0.009786673417704839,0.17751000750733603,PKD1;BMP7,2
GO_Biological_Process_2023,Regulation Of Biomineral Tissue Development (GO:0070167),0.009786673417704839,0.17751000750733603,ECM1;NOS3,2
GO_Biological_Process_2023,Regulation Of Cell Cycle G1/S Phase Transition (GO:1902806),0.010022015594353534,0.17869763398745622,CDKN1A;PLK5;PKD1,3
GO_Biological_Process_2023,Embryonic Organ Development (GO:0048568),0.011163849359463426,0.19253064796976269,COL18A1;PKD1;MFSD2A,3
GO_Biological_Process_2023,Negative Regulation Of Blood Vessel Morphogenesis (GO:2000181),0.011163849359463426,0.19253064796976269,COL4A2;ISM1;KLF4,3
GO_Biological_Process_2023,Myeloid Cell Development (GO:0061515),0.01136147969386659,0.1927786554507686,ANXA2;FLNA,2
GO_Biological_Process_2023,Regulation Of Cell Growth (GO:0001558),0.01197551586264063,0.19308580176370585,CDKN1A;SGK3;JADE2;AGT;MFSD2A,5
GO_Biological_Process_2023,Regulation Of Platelet Activation (GO:0010543),0.012187867959303668,0.19308580176370585,NOS3;FLNA,2
GO_Biological_Process_2023,Establishment Of Endothelial Barrier (GO:0061028),0.012187867959303668,0.19308580176370585,PECAM1;ICAM1,2
GO_Biological_Process_2023,Positive Regulation Of mRNA Processing (GO:0050685),0.012187867959303668,0.19308580176370585,RBM3;CIRBP,2
GO_Biological_Process_2023,Negative Regulation Of Protein Serine/Threonine Kinase Activity (GO:0071901),0.012377851069312067,0.19308580176370585,CDKN1A;BMP7;AGT,3
GO_Biological_Process_2023,Negative Regulation Of DNA-binding Transcription Factor Activity (GO:0043433),0.012480831292711025,0.19308580176370585,FLNA;KLF4;BMP7;PKD1,4
GO_Biological_Process_2023,Alpha-Amino Acid Catabolic Process (GO:1901606),0.013039800013428273,0.19596956591609346,CBS;PRODH,2
GO_Biological_Process_2023,Peptidyl-Tyrosine Dephosphorylation (GO:0035335),0.013039800013428273,0.19596956591609346,PTPRB;TNS2,2
GO_Biological_Process_2023,Regulation Of Cellular Component Organization (GO:0051128),0.01364111155297668,0.20055652116875786,STON1;SGK3;JADE2;AGT,4
GO_Biological_Process_2023,Regulation Of Macrophage Derived Foam Cell Differentiation (GO:0010743),0.013916944909999356,0.20055652116875786,PLA2G3;AGT,2
GO_Biological_Process_2023,Negative Regulation Of Blood Coagulation (GO:0030195),0.013916944909999356,0.20055652116875786,NOS3;SERPINE1,2
GO_Biological_Process_2023,Positive Regulation Of Endothelial Cell Migration (GO:0010595),0.014563392745561765,0.20246183612359187,ANXA3;NOS3;AGT,3
GO_Biological_Process_2023,Phospholipid Translocation (GO:0045332),0.0148189746972591,0.20246183612359187,ATP10A;MFSD2A,2
GO_Biological_Process_2023,Leukocyte Cell-Cell Adhesion (GO:0007159),0.0148189746972591,0.20246183612359187,PECAM1;ICAM1,2
GO_Biological_Process_2023,Negative Regulation Of DNA Biosynthetic Process (GO:2000279),0.0148189746972591,0.20246183612359187,CDKN1A;STON1,2
GO_Biological_Process_2023,Regulation Of Mitotic Cell Cycle Phase Transition (GO:1901990),0.015025020409550024,0.2026451470621362,CDKN1A;PLK5;PKD1,3
GO_Biological_Process_2023,Negative Regulation Of G1/S Transition Of Mitotic Cell Cycle (GO:2000134),0.015745564393726666,0.20967511066076522,CDKN1A;KLF4,2
GO_Biological_Process_2023,Regulation Of Cell Population Proliferation (GO:0042127),0.016982083844266437,0.2201353144167326,COL18A1;CDKN1A;NOS3;ELN;WDR6;IGFBP7;SGK3;OSMR;AGT;TNS2,10
GO_Biological_Process_2023,Regulation Of DNA Biosynthetic Process (GO:2000278),0.017671138295769356,0.2201353144167326,CDKN1A;JADE2,2
GO_Biological_Process_2023,Positive Regulation Of Neuron Projection Development (GO:0010976),0.017967778539803296,0.2201353144167326,PLK5;PLA2G3;BMP7,3
GO_Biological_Process_2023,Negative Regulation Of Cell Cycle G1/S Phase Transition (GO:1902807),0.01866948718123316,0.2201353144167326,CDKN1A;KLF4,2
GO_Biological_Process_2023,Positive Regulation Of RNA Splicing (GO:0033120),0.019691125277368826,0.2201353144167326,RBM3;CIRBP,2
GO_Biological_Process_2023,Heart Development (GO:0007507),0.019701944426617112,0.2201353144167326,TGFBR3;CDKN1A;BMP7;PKD1,4
GO_Biological_Process_2023,Regulation Of Protein Metabolic Process (GO:0051246),0.020095201945805007,0.2201353144167326,RBM3;KLF4;AGT,3
GO_Biological_Process_2023,Aortic Valve Morphogenesis (GO:0003180),0.02073574211292463,0.2201353144167326,NOS3;ELN,2
GO_Biological_Process_2023,Regulation Of Ossification (GO:0030278),0.02073574211292463,0.2201353144167326,ECM1;ZBTB16,2
GO_Biological_Process_2023,Positive Regulation Of Cellular Biosynthetic Process (GO:0031328),0.020849892676173553,0.2201353144167326,RBM3;CIRBP;KLF4;MFSD2A,4
GO_Biological_Process_2023,Amino Acid Catabolic Process (GO:0009063),0.021803030036817488,0.2201353144167326,CBS;PRODH,2
GO_Biological_Process_2023,Connective Tissue Development (GO:0061448),0.021803030036817488,0.2201353144167326,ZBTB16;PKD1,2
GO_Biological_Process_2023,Positive Regulation Of Signal Transduction (GO:0009967),0.022197879927695015,0.2201353144167326,VWF;LAMB2;NOS3;FLNA;SLC2A4,5
GO_Biological_Process_2023,Digestive Tract Development (GO:0048565),0.02289268421796414,0.2201353144167326,NPY;PKD1,2
GO_Biological_Process_2023,Vitamin Transport (GO:0051180),0.02289268421796414,0.2201353144167326,SLC2A1;SLC2A4,2
GO_Biological_Process_2023,Hemopoiesis (GO:0030097),0.022941527407182957,0.2201353144167326,NOTCH2;TGFBR3;ZBTB16,3
GO_Biological_Process_2023,Negative Regulation Of Mitotic Cell Cycle Phase Transition (GO:1901991),0.024004402601147747,0.2201353144167326,CDKN1A;KLF4,2
GO_Biological_Process_2023,Aortic Valve Development (GO:0003176),0.024004402601147747,0.2201353144167326,NOS3;ELN,2
GO_Biological_Process_2023,Regulation Of Dendrite Development (GO:0050773),0.025137885908768358,0.2201353144167326,BMP7;MFSD2A,2
GO_Biological_Process_2023,Positive Regulation Of Ossification (GO:0045778),0.025137885908768358,0.2201353144167326,ZBTB16;BMP7,2
GO_Biological_Process_2023,Positive Regulation Of Receptor-Mediated Endocytosis (GO:0048260),0.027468963863687003,0.2201353144167326,ANXA2;SERPINE1,2
GO_Biological_Process_2023,Extracellular Structure Organization (GO:0043062),0.027928147798933288,0.2201353144167326,COL4A2;SMOC1;COL9A2,3
GO_Biological_Process_2023,Central Nervous System Development (GO:0007417),0.028021189790371277,0.2201353144167326,ZBTB16;SLC2A1;FLNB;PKD1;MFSD2A,5
GO_Biological_Process_2023,External Encapsulating Structure Organization (GO:0045229),0.028588826259399014,0.2201353144167326,COL4A2;SMOC1;COL9A2,3
GO_Biological_Process_2023,Neuron Projection Development (GO:0031175),0.028595902653549415,0.2201353144167326,NPY;NBL1;BMP7;TSKU,4
GO_Biological_Process_2023,Negative Regulation Of Endoplasmic Reticulum Calcium Ion Concentration (GO:0032471),0.02964489776185107,0.2201353144167326,TGM2,1
GO_Biological_Process_2023,Regulation Of Circadian Sleep/Wake Cycle (GO:0042749),0.02964489776185107,0.2201353144167326,PER3,1
GO_Biological_Process_2023,"Regulation Of Circadian Sleep/Wake Cycle, Sleep (GO:0045187)",0.02964489776185107,0.2201353144167326,PER3,1
GO_Biological_Process_2023,L-ascorbic Acid Metabolic Process (GO:0019852),0.02964489776185107,0.2201353144167326,SLC2A1,1
GO_Biological_Process_2023,Negative Regulation Of Monocyte Chemotaxis (GO:0090027),0.02964489776185107,0.2201353144167326,NBL1,1
GO_Biological_Process_2023,Regulation Of Guanylate Cyclase Activity (GO:0031282),0.02964489776185107,0.2201353144167326,NOS3,1
GO_Biological_Process_2023,Neutrophil Extravasation (GO:0072672),0.02964489776185107,0.2201353144167326,PECAM1,1
GO_Biological_Process_2023,Notochord Development (GO:0030903),0.02964489776185107,0.2201353144167326,COL18A1,1
GO_Biological_Process_2023,Regulation Of Plasma Membrane Repair (GO:1905684),0.02964489776185107,0.2201353144167326,ANXA2,1
GO_Biological_Process_2023,Regulation Of pre-miRNA Processing (GO:2000631),0.02964489776185107,0.2201353144167326,TRUB1,1
GO_Biological_Process_2023,Pericardium Morphogenesis (GO:0003344),0.02964489776185107,0.2201353144167326,BMP7,1
GO_Biological_Process_2023,Regulation Of System Process (GO:0044057),0.02964489776185107,0.2201353144167326,NOS3,1
GO_Biological_Process_2023,Positive Regulation Of T-helper 1 Cell Cytokine Production (GO:2000556),0.02964489776185107,0.2201353144167326,IL1R1,1
GO_Biological_Process_2023,Response To Gonadotropin (GO:0034698),0.02964489776185107,0.2201353144167326,TGFBR3,1
GO_Biological_Process_2023,Embryonic Brain Development (GO:1990403),0.02964489776185107,0.2201353144167326,MFSD2A,1
GO_Biological_Process_2023,Positive Regulation Of Gap Junction Assembly (GO:1903598),0.02964489776185107,0.2201353144167326,AGT,1
GO_Biological_Process_2023,Positive Regulation Of Hemoglobin Biosynthetic Process (GO:0046985),0.02964489776185107,0.2201353144167326,KLF4,1
GO_Biological_Process_2023,Toll-Like Receptor 9 Signaling Pathway (GO:0034162),0.02964489776185107,0.2201353144167326,TNIP2,1
GO_Biological_Process_2023,Glomerulus Vasculature Development (GO:0072012),0.02964489776185107,0.2201353144167326,PECAM1,1
GO_Biological_Process_2023,Ventricular Compact Myocardium Morphogenesis (GO:0003223),0.02964489776185107,0.2201353144167326,TGFBR3,1
GO_Biological_Process_2023,Heterocycle Catabolic Process (GO:0046700),0.02964489776185107,0.2201353144167326,PRODH,1
GO_Biological_Process_2023,Intracellular Water Homeostasis (GO:0009992),0.02964489776185107,0.2201353144167326,FLNB,1
GO_Biological_Process_2023,Positive Regulation Of Vesicle Fusion (GO:0031340),0.02964489776185107,0.2201353144167326,ANXA2,1
GO_Biological_Process_2023,Proline Metabolic Process (GO:0006560),0.02964489776185107,0.2201353144167326,PRODH,1
GO_Biological_Process_2023,Mesodermal Cell Fate Commitment (GO:0001710),0.02964489776185107,0.2201353144167326,KLF4,1
GO_Biological_Process_2023,Metanephric Collecting Duct Development (GO:0072205),0.02964489776185107,0.2201353144167326,PKD1,1
GO_Biological_Process_2023,Regulation Of T-helper 1 Cell Cytokine Production (GO:2000554),0.02964489776185107,0.2201353144167326,IL1R1,1
GO_Biological_Process_2023,Regulation Of Basement Membrane Organization (GO:0110011),0.02964489776185107,0.2201353144167326,LAMB2,1
GO_Biological_Process_2023,Positive Regulation Of Protein Metabolic Process (GO:0051247),0.03052054153855387,0.2201353144167326,RBM3;CIRBP;KLF4;AGT,4
GO_Biological_Process_2023,Positive Regulation Of Cellular Component Organization (GO:0051130),0.03062048185304935,0.2201353144167326,ANXA2;ATP10A;BMP7,3
GO_Biological_Process_2023,Secondary Alcohol Metabolic Process (GO:1902652),0.032379432366774326,0.2201353144167326,IDH2;TSKU,2
GO_Biological_Process_2023,Epithelial To Mesenchymal Transition (GO:0001837),0.032379432366774326,0.2201353144167326,TGFBR3;BMP7,2
GO_Biological_Process_2023,Positive Regulation Of Reactive Oxygen Species Metabolic Process (GO:2000379),0.033657118017896843,0.2201353144167326,CDKN1A;AGT,2
GO_Biological_Process_2023,Regulation Of Small GTPase Mediated Signal Transduction (GO:0051056),0.034171306333064505,0.2201353144167326,ARHGAP27;ARHGEF5;TGM2,3
GO_Biological_Process_2023,Regulation Of Hemoglobin Biosynthetic Process (GO:0046984),0.03546846602792507,0.2201353144167326,KLF4,1
GO_Biological_Process_2023,SA Node Cell Action Potential (GO:0086015),0.03546846602792507,0.2201353144167326,KCNA5,1
GO_Biological_Process_2023,Negative Regulation Of Plasminogen Activation (GO:0010757),0.03546846602792507,0.2201353144167326,SERPINE1,1
GO_Biological_Process_2023,Adult Feeding Behavior (GO:0008343),0.03546846602792507,0.2201353144167326,NPY,1
GO_Biological_Process_2023,Regulation Of Osteoclast Development (GO:2001204),0.03546846602792507,0.2201353144167326,NOTCH2,1
GO_Biological_Process_2023,Regulation Of Prostaglandin Biosynthetic Process (GO:0031392),0.03546846602792507,0.2201353144167326,PLA2G3,1
GO_Biological_Process_2023,Placenta Blood Vessel Development (GO:0060674),0.03546846602792507,0.2201353144167326,PKD1,1
GO_Biological_Process_2023,Regulation Of Systemic Arterial Blood Pressure By Renin-Angiotensin (GO:0003081),0.03546846602792507,0.2201353144167326,AGT,1
GO_Biological_Process_2023,Cellular Response To Laminar Fluid Shear Stress (GO:0071499),0.03546846602792507,0.2201353144167326,KLF4,1
GO_Biological_Process_2023,Cellular Response To Monoamine Stimulus (GO:0071868),0.03546846602792507,0.2201353144167326,TGM2,1
GO_Biological_Process_2023,Regulation Of Transforming Growth Factor Beta1 Production (GO:0032908),0.03546846602792507,0.2201353144167326,TSKU,1
GO_Biological_Process_2023,Response To Cocaine (GO:0042220),0.03546846602792507,0.2201353144167326,TGM2,1
GO_Biological_Process_2023,Definitive Hemopoiesis (GO:0060216),0.03546846602792507,0.2201353144167326,TGFBR3,1
GO_Biological_Process_2023,Elastic Fiber Assembly (GO:0048251),0.03546846602792507,0.2201353144167326,MYH11,1
GO_Biological_Process_2023,Sulfur Amino Acid Catabolic Process (GO:0000098),0.03546846602792507,0.2201353144167326,CBS,1
GO_Biological_Process_2023,Gamma-Aminobutyric Acid Transport (GO:0015812),0.03546846602792507,0.2201353144167326,SLC6A6,1
GO_Biological_Process_2023,Toll-Like Receptor 3 Signaling Pathway (GO:0034138),0.03546846602792507,0.2201353144167326,TNIP2,1
GO_Biological_Process_2023,Gap Junction Assembly (GO:0016264),0.03546846602792507,0.2201353144167326,GJB6,1
GO_Biological_Process_2023,Positive Regulation Of Necrotic Cell Death (GO:0010940),0.03546846602792507,0.2201353144167326,SLC6A6,1
GO_Biological_Process_2023,Heart Trabecula Formation (GO:0060347),0.03546846602792507,0.2201353144167326,TGFBR3,1
GO_Biological_Process_2023,Hemostasis (GO:0007599),0.03546846602792507,0.2201353144167326,VWF,1
GO_Biological_Process_2023,Histone H2A-K119 Monoubiquitination (GO:0036353),0.03546846602792507,0.2201353144167326,PCGF2,1
GO_Biological_Process_2023,Histone H4-K12 Acetylation (GO:0043983),0.03546846602792507,0.2201353144167326,JADE2,1
GO_Biological_Process_2023,Positive Regulation Of Unsaturated Fatty Acid Biosynthetic Process (GO:2001280),0.03546846602792507,0.2201353144167326,PLA2G3,1
GO_Biological_Process_2023,Maintenance Of Protein Location In Extracellular Region (GO:0071694),0.03546846602792507,0.2201353144167326,NBL1,1
GO_Biological_Process_2023,Marginal Zone B Cell Differentiation (GO:0002315),0.03546846602792507,0.2201353144167326,NOTCH2,1
GO_Biological_Process_2023,Metanephric Nephron Tubule Development (GO:0072234),0.03546846602792507,0.2201353144167326,PKD1,1
GO_Biological_Process_2023,Receptor-Mediated Virion Attachment To Host Cell (GO:0046813),0.03546846602792507,0.2201353144167326,ICAM1,1
GO_Biological_Process_2023,Negative Regulation Of RIG-I Signaling Pathway (GO:0039536),0.03546846602792507,0.2201353144167326,UFD1,1
GO_Biological_Process_2023,"G Protein-Coupled Receptor Signaling Pathway, Coupled To Cyclic Nucleotide Second Messenger (GO:0007187)",0.036270616909118245,0.2201353144167326,NPY;AGT,2
GO_Biological_Process_2023,Plasma Membrane Bounded Cell Projection Morphogenesis (GO:0120039),0.036270616909118245,0.2201353144167326,NBL1;BMP7,2
GO_Biological_Process_2023,Positive Regulation Of Cell Death (GO:0010942),0.036270616909118245,0.2201353144167326,SLC6A6;PRODH,2
GO_Biological_Process_2023,Positive Regulation Of Fat Cell Differentiation (GO:0045600),0.036270616909118245,0.2201353144167326,ZBTB16;BMP7,2
GO_Biological_Process_2023,Negative Regulation Of Cell Projection Organization (GO:0031345),0.036270616909118245,0.2201353144167326,TSKU;ADCY6,2
GO_Biological_Process_2023,Positive Regulation Of Macromolecule Biosynthetic Process (GO:0010557),0.03715923695249373,0.2201353144167326,RBM3;CIRBP;KLF4,3
GO_Biological_Process_2023,Receptor-Mediated Endocytosis (GO:0006898),0.03715923695249373,0.2201353144167326,GRK3;STON1;ARHGAP27,3
GO_Biological_Process_2023,Negative Regulation Of MAP Kinase Activity (GO:0043407),0.03760588200265304,0.2201353144167326,BMP7;AGT,2
GO_Biological_Process_2023,Adenylate Cyclase-Inhibiting G Protein-Coupled Receptor Signaling Pathway (GO:0007193),0.038959796316744,0.2201353144167326,FLNA;ADCY6,2
GO_Biological_Process_2023,Cardiac Muscle Tissue Development (GO:0048738),0.038959796316744,0.2201353144167326,NOTCH2;BMP7,2
GO_Biological_Process_2023,Cartilage Development (GO:0051216),0.038959796316744,0.2201353144167326,ZBTB16;PKD1,2
GO_Biological_Process_2023,Positive Regulation Of Intracellular Signal Transduction (GO:1902533),0.03896859976596271,0.2201353144167326,ECM1;VWF;TNIP2;FLNA;BMP7;AGT;TGM2,7
GO_Biological_Process_2023,Regulation Of GTPase Activity (GO:0043087),0.04011290080546494,0.2201353144167326,DOCK6;ARHGAP27;ARHGEF5;TGM2,4
GO_Biological_Process_2023,Regulation Of Macromolecule Biosynthetic Process (GO:0010556),0.04033209211620721,0.2201353144167326,RBM3;JADE2,2
GO_Biological_Process_2023,Carboxylic Acid Transport (GO:0046942),0.04033209211620721,0.2201353144167326,SLC6A6;SLC16A11,2
GO_Biological_Process_2023,Negative Regulation Of Fatty Acid Oxidation (GO:0046322),0.041257375477039664,0.2201353144167326,MFSD2A,1
GO_Biological_Process_2023,Negative Regulation Of Striated Muscle Cell Apoptotic Process (GO:0010664),0.041257375477039664,0.2201353144167326,BMP7,1
GO_Biological_Process_2023,Arginine Catabolic Process (GO:0006527),0.041257375477039664,0.2201353144167326,NOS3,1
GO_Biological_Process_2023,Atrial Cardiac Muscle Cell To AV Node Cell Signaling (GO:0086026),0.041257375477039664,0.2201353144167326,KCNA5,1
GO_Biological_Process_2023,"Blood Coagulation, Intrinsic Pathway (GO:0007597)",0.041257375477039664,0.2201353144167326,FLNA,1
GO_Biological_Process_2023,Peptidyl-Tyrosine Dephosphorylation Involved In Inactivation Of Protein Kinase Activity (GO:1990264),0.041257375477039664,0.2201353144167326,PTPRB,1
GO_Biological_Process_2023,Pericardium Development (GO:0060039),0.041257375477039664,0.2201353144167326,BMP7,1
GO_Biological_Process_2023,Regulation Of Vascular Wound Healing (GO:0061043),0.041257375477039664,0.2201353144167326,SERPINE1,1
GO_Biological_Process_2023,Collecting Duct Development (GO:0072044),0.041257375477039664,0.2201353144167326,PKD1,1
GO_Biological_Process_2023,Coronary Vasculature Morphogenesis (GO:0060977),0.041257375477039664,0.2201353144167326,TGFBR3,1
GO_Biological_Process_2023,Sinoatrial Node Development (GO:0003163),0.041257375477039664,0.2201353144167326,GJB6,1
GO_Biological_Process_2023,Stress-Induced Premature Senescence (GO:0090400),0.041257375477039664,0.2201353144167326,CDKN1A,1
GO_Biological_Process_2023,Regulation Of Apoptotic Cell Clearance (GO:2000425),0.041257375477039664,0.2201353144167326,TGM2,1
GO_Biological_Process_2023,Negative Regulation Of Neuron Projection Development (GO:0010977),0.04172250413810493,0.2201353144167326,TSKU;ADCY6,2
GO_Biological_Process_2023,Negative Regulation Of Protein Catabolic Process (GO:0042177),0.04172250413810493,0.2201353144167326,ANXA2;FLNA,2
GO_Biological_Process_2023,Mesenchymal Cell Differentiation (GO:0048762),0.04172250413810493,0.2201353144167326,TGFBR3;BMP7,2
GO_Biological_Process_2023,Phosphatidylcholine Metabolic Process (GO:0046470),0.043130769596737596,0.2201353144167326,PLA2G3;MFSD2A,2
GO_Biological_Process_2023,Response To Peptide Hormone (GO:0043434),0.043130769596737596,0.2201353144167326,TGFBR3;SLC2A1,2
GO_Biological_Process_2023,Negative Regulation Of Cellular Process (GO:0048523),0.04313159748041074,0.2201353144167326,COL18A1;CDKN1A;NOS3;WDR6;IGFBP7;BMP7;TNS2,7
GO_Biological_Process_2023,Regulation Of Reactive Oxygen Species Metabolic Process (GO:2000377),0.04455662816338457,0.2201353144167326,CDKN1A;AGT,2
GO_Biological_Process_2023,Positive Regulation Of Cellular Metabolic Process (GO:0031325),0.04455662816338457,0.2201353144167326,CDKN1A;AGT,2
GO_Biological_Process_2023,CD40 Signaling Pathway (GO:0023035),0.04701183027422738,0.2201353144167326,TNIP2,1
GO_Biological_Process_2023,Regulation Of Gap Junction Assembly (GO:1903596),0.04701183027422738,0.2201353144167326,AGT,1
GO_Biological_Process_2023,Negative Regulation Of Mitotic Nuclear Division (GO:0045839),0.04701183027422738,0.2201353144167326,BMP7,1
GO_Biological_Process_2023,Regulation Of Necrotic Cell Death (GO:0010939),0.04701183027422738,0.2201353144167326,SLC6A6,1
GO_Biological_Process_2023,Regulation Of Vesicle Fusion (GO:0031338),0.04701183027422738,0.2201353144167326,ANXA2,1
GO_Biological_Process_2023,Embryonic Placenta Development (GO:0001892),0.04701183027422738,0.2201353144167326,PKD1,1
GO_Biological_Process_2023,Skeletal Myofibril Assembly (GO:0014866),0.04701183027422738,0.2201353144167326,MYH11,1
GO_Biological_Process_2023,Positive Regulation Of Mast Cell Degranulation (GO:0043306),0.04701183027422738,0.2201353144167326,PLA2G3,1
GO_Biological_Process_2023,Positive Regulation Of Mitochondrial Calcium Ion Concentration (GO:0051561),0.04701183027422738,0.2201353144167326,TGM2,1
GO_Biological_Process_2023,Tricarboxylic Acid Metabolic Process (GO:0072350),0.04701183027422738,0.2201353144167326,IDH2,1
GO_Biological_Process_2023,Inner Ear Receptor Cell Development (GO:0060119),0.04701183027422738,0.2201353144167326,TSKU,1
GO_Biological_Process_2023,Intestinal Epithelial Cell Differentiation (GO:0060575),0.04701183027422738,0.2201353144167326,NPY,1
GO_Biological_Process_2023,mRNA Pseudouridine Synthesis (GO:1990481),0.04701183027422738,0.2201353144167326,TRUB1,1
GO_Biological_Process_2023,Regulation Of Cell Killing (GO:0031341),0.04701183027422738,0.2201353144167326,ICAM1,1
GO_Biological_Process_2023,Renal System Development (GO:0072001),0.04746009546787749,0.2201353144167326,PKD1;AGT,2
GO_Biological_Process_2023,Eye Development (GO:0001654),0.04746009546787749,0.2201353144167326,SMOC1;TSKU,2
GO_Biological_Process_2023,Regulation Of Bone Mineralization (GO:0030500),0.04746009546787749,0.2201353144167326,ECM1;BMP7,2
GO_Biological_Process_2023,Cilium Organization (GO:0044782),0.048634000944212843,0.2201353144167326,TTLL3;DZIP1L;FLNA;PLA2G3,4
GO_Biological_Process_2023,Phospholipid Transport (GO:0015914),0.0489371956422302,0.2201353144167326,ATP10A;MFSD2A,2
GO_Biological_Process_2023,Chordate Embryonic Development (GO:0043009),0.0489371956422302,0.2201353144167326,PKD1;BMP7,2
GO_Biological_Process_2023,Heart Morphogenesis (GO:0003007),0.0489371956422302,0.2201353144167326,TGFBR3;NOS3,2
GO_Biological_Process_2023,Negative Regulation Of Peptidase Activity (GO:0010466),0.05043087175915524,0.2201353144167326,ECM1;SERPINE1,2
GO_Biological_Process_2023,Homophilic Cell Adhesion Via Plasma Membrane Adhesion Molecules (GO:0007156),0.05043087175915524,0.2201353144167326,PECAM1;PKD1,2
GO_Biological_Process_2023,BMP Signaling Pathway (GO:0030509),0.05194087547721807,0.2201353144167326,TGFBR3;BMP7,2
GO_Biological_Process_2023,Negative Regulation Of Autophagy (GO:0010507),0.05194087547721807,0.2201353144167326,WDR6;QSOX1,2
GO_Biological_Process_2023,Positive Regulation Of GTPase Activity (GO:0043547),0.0525696430222298,0.2201353144167326,DOCK6;ARHGAP27;ARHGEF5;TGM2,4
GO_Biological_Process_2023,Regulation Of Cellular Response To Oxidative Stress (GO:1900407),0.052732033491460654,0.2201353144167326,BMP7,1
GO_Biological_Process_2023,Negative Regulation Of Heterotypic Cell-Cell Adhesion (GO:0034115),0.052732033491460654,0.2201353144167326,KLF4,1
GO_Biological_Process_2023,ER-associated Misfolded Protein Catabolic Process (GO:0071712),0.052732033491460654,0.2201353144167326,UFD1,1
GO_Biological_Process_2023,Negative Regulation Of Muscle Cell Apoptotic Process (GO:0010656),0.052732033491460654,0.2201353144167326,BMP7,1
GO_Biological_Process_2023,Regulation Of Hair Cycle (GO:0042634),0.052732033491460654,0.2201353144167326,TSKU,1
GO_Biological_Process_2023,Regulation Of Leukocyte Mediated Cytotoxicity (GO:0001910),0.052732033491460654,0.2201353144167326,ICAM1,1
GO_Biological_Process_2023,Amine Metabolic Process (GO:0009308),0.052732033491460654,0.2201353144167326,SULT1A1,1
GO_Biological_Process_2023,Negative Regulation Of Transcription By RNA Polymerase I (GO:0016479),0.052732033491460654,0.2201353144167326,FLNA,1
GO_Biological_Process_2023,Negative Regulation Of Transforming Growth Factor Beta Production (GO:0071635),0.052732033491460654,0.2201353144167326,TSKU,1
GO_Biological_Process_2023,Regulation Of Phospholipid Metabolic Process (GO:1903725),0.052732033491460654,0.2201353144167326,MFSD2A,1
GO_Biological_Process_2023,cAMP Biosynthetic Process (GO:0006171),0.052732033491460654,0.2201353144167326,ADCY6,1
GO_Biological_Process_2023,Response To Laminar Fluid Shear Stress (GO:0034616),0.052732033491460654,0.2201353144167326,KLF4,1
GO_Biological_Process_2023,Dopamine Transport (GO:0015872),0.052732033491460654,0.2201353144167326,TGM2,1
GO_Biological_Process_2023,Sequestering Of Extracellular Ligand From Receptor (GO:0035581),0.052732033491460654,0.2201353144167326,NBL1,1
GO_Biological_Process_2023,Serine Family Amino Acid Catabolic Process (GO:0009071),0.052732033491460654,0.2201353144167326,CBS,1
GO_Biological_Process_2023,Homocysteine Metabolic Process (GO:0050667),0.052732033491460654,0.2201353144167326,CBS,1
GO_Biological_Process_2023,Long-Chain Fatty Acid Import Into Cell (GO:0044539),0.052732033491460654,0.2201353144167326,SLC2A1,1
GO_Biological_Process_2023,Primary Alcohol Catabolic Process (GO:0034310),0.052732033491460654,0.2201353144167326,SULT1A1,1
GO_Biological_Process_2023,Lung Epithelium Development (GO:0060428),0.052732033491460654,0.2201353144167326,PKD1,1
GO_Biological_Process_2023,Morphogenesis Of An Epithelial Sheet (GO:0002011),0.052732033491460654,0.2201353144167326,BMP7,1
GO_Biological_Process_2023,Negative Regulation Of Cell Adhesion Mediated By Integrin (GO:0033629),0.052732033491460654,0.2201353144167326,SERPINE1,1
GO_Biological_Process_2023,Regulation Of Cell-Cell Adhesion Involved In Gastrulation (GO:0070587),0.052732033491460654,0.2201353144167326,KLF4,1
GO_Biological_Process_2023,Regulation Of Cellular Extravasation (GO:0002691),0.052732033491460654,0.2201353144167326,ICAM1,1
GO_Biological_Process_2023,Fat Cell Differentiation (GO:0045444),0.05346696079258787,0.22232111760396223,ADGRF5;KLF4,2
GO_Biological_Process_2023,Regulation Of Inflammatory Response (GO:0050727),0.05667453904443313,0.22594092953570383,IL1R1;SERPINE1;KLF4;AGT,4
GO_Biological_Process_2023,Negative Regulation Of Hemostasis (GO:1900047),0.05841818710428844,0.22594092953570383,SERPINE1,1
GO_Biological_Process_2023,L-serine Metabolic Process (GO:0006563),0.05841818710428844,0.22594092953570383,CBS,1
GO_Biological_Process_2023,Notch Signaling Involved In Heart Development (GO:0061314),0.05841818710428844,0.22594092953570383,NOTCH2,1
GO_Biological_Process_2023,Negative Regulation Of Nuclear Division (GO:0051784),0.05841818710428844,0.22594092953570383,BMP7,1
GO_Biological_Process_2023,Acidic Amino Acid Transport (GO:0015800),0.05841818710428844,0.22594092953570383,SLC6A6,1
GO_Biological_Process_2023,Negative Regulation Of Response To Cytokine Stimulus (GO:0060761),0.05841818710428844,0.22594092953570383,KLF4,1
GO_Biological_Process_2023,Arginine Metabolic Process (GO:0006525),0.05841818710428844,0.22594092953570383,NOS3,1
GO_Biological_Process_2023,Atrial Septum Morphogenesis (GO:0060413),0.05841818710428844,0.22594092953570383,NOTCH2,1
GO_Biological_Process_2023,Cellular Response To Forskolin (GO:1904322),0.05841818710428844,0.22594092953570383,ADCY6,1
GO_Biological_Process_2023,Removal Of Superoxide Radicals (GO:0019430),0.05841818710428844,0.22594092953570383,NOS3,1
GO_Biological_Process_2023,Columnar/Cuboidal Epithelial Cell Differentiation (GO:0002065),0.05841818710428844,0.22594092953570383,NPY,1
GO_Biological_Process_2023,Response To Forskolin (GO:1904321),0.05841818710428844,0.22594092953570383,ADCY6,1
GO_Biological_Process_2023,Response To Prostaglandin E (GO:0034695),0.05841818710428844,0.22594092953570383,TGFBR3,1
GO_Biological_Process_2023,Positive Regulation Of Chondrocyte Differentiation (GO:0032332),0.05841818710428844,0.22594092953570383,ZBTB16,1
GO_Biological_Process_2023,Positive Regulation Of Dendrite Development (GO:1900006),0.05841818710428844,0.22594092953570383,BMP7,1
GO_Biological_Process_2023,Signal Release (GO:0023061),0.05841818710428844,0.22594092953570383,TGM2,1
GO_Biological_Process_2023,Steroid Hormone Mediated Signaling Pathway (GO:0043401),0.05841818710428844,0.22594092953570383,BMP7,1
GO_Biological_Process_2023,Very-Low-Density Lipoprotein Particle Assembly (GO:0034379),0.05841818710428844,0.22594092953570383,MFSD2A,1
GO_Biological_Process_2023,Cilium Assembly (GO:0060271),0.058790125723816006,0.22654656506027268,TTLL3;DZIP1L;FLNA;PLA2G3,4
GO_Biological_Process_2023,Regulation Of ERK1 And ERK2 Cascade (GO:0070372),0.05950463630690147,0.2284630561856217,NOTCH2;TGFBR3;ARHGEF5;ICAM1,4
GO_Biological_Process_2023,Cellular Response To BMP Stimulus (GO:0071773),0.05972727856745932,0.2284839892835171,TGFBR3;BMP7,2
GO_Biological_Process_2023,tRNA Modification (GO:0006400),0.06133016225005955,0.2292590392262048,TRUB1;WDR6,2
GO_Biological_Process_2023,Negative Regulation Of Cellular Catabolic Process (GO:0031330),0.06133016225005955,0.2292590392262048,WDR6;MFSD2A,2
GO_Biological_Process_2023,Neuropeptide Signaling Pathway (GO:0007218),0.06294769954142583,0.2292590392262048,NPY;AGRP,2
GO_Biological_Process_2023,Negative Regulation Of Fibrinolysis (GO:0051918),0.06407049195104964,0.2292590392262048,SERPINE1,1
GO_Biological_Process_2023,Regulation Of Endocytic Recycling (GO:2001135),0.06407049195104964,0.2292590392262048,PLA2G3,1
GO_Biological_Process_2023,Negative Regulation Of Leukocyte Chemotaxis (GO:0002689),0.06407049195104964,0.2292590392262048,NBL1,1
GO_Biological_Process_2023,Actin Crosslink Formation (GO:0051764),0.06407049195104964,0.2292590392262048,FLNA,1
GO_Biological_Process_2023,Organic Cyclic Compound Catabolic Process (GO:1901361),0.06407049195104964,0.2292590392262048,PRODH,1
GO_Biological_Process_2023,Cellular Response To Fluid Shear Stress (GO:0071498),0.06407049195104964,0.2292590392262048,KLF4,1
GO_Biological_Process_2023,Cellular Response To Superoxide (GO:0071451),0.06407049195104964,0.2292590392262048,NOS3,1
GO_Biological_Process_2023,Central Nervous System Projection Neuron Axonogenesis (GO:0021952),0.06407049195104964,0.2292590392262048,TSKU,1
GO_Biological_Process_2023,Desensitization Of G Protein-Coupled Receptor Signaling Pathway (GO:0002029),0.06407049195104964,0.2292590392262048,GRK3,1
GO_Biological_Process_2023,Digestive System Development (GO:0055123),0.06407049195104964,0.2292590392262048,PKD1,1
GO_Biological_Process_2023,Positive Regulation Of Coagulation (GO:0050820),0.06407049195104964,0.2292590392262048,SERPINE1,1
GO_Biological_Process_2023,Positive Regulation Of Hemostasis (GO:1900048),0.06407049195104964,0.2292590392262048,SERPINE1,1
GO_Biological_Process_2023,Positive Regulation Of Keratinocyte Proliferation (GO:0010838),0.06407049195104964,0.2292590392262048,NOTCH2,1
GO_Biological_Process_2023,Inner Ear Receptor Cell Stereocilium Organization (GO:0060122),0.06407049195104964,0.2292590392262048,TSKU,1
GO_Biological_Process_2023,Intrinsic Apoptotic Signaling Pathway In Response To Oxidative Stress (GO:0008631),0.06407049195104964,0.2292590392262048,PRODH,1
GO_Biological_Process_2023,Positive Regulation Of Triglyceride Biosynthetic Process (GO:0010867),0.06407049195104964,0.2292590392262048,MFSD2A,1
GO_Biological_Process_2023,Sulfur Compound Biosynthetic Process (GO:0044272),0.06622581654683253,0.23054397299623788,CHPF2;CBS,2
GO_Biological_Process_2023,Regulation Of Cellular Biosynthetic Process (GO:0031326),0.06622581654683253,0.23054397299623788,RBM3;JADE2,2
GO_Biological_Process_2023,Cellular Response To Growth Factor Stimulus (GO:0071363),0.06662244562457134,0.23054397299623788,PLK5;KLF4;BMP7,3
GO_Biological_Process_2023,Regulation Of Hydrolase Activity (GO:0051336),0.06788594250792085,0.23054397299623788,ARHGAP27;ARHGEF5,2
GO_Biological_Process_2023,Negative Regulation Of Cellular Response To Growth Factor Stimulus (GO:0090288),0.06788594250792085,0.23054397299623788,NBL1;AGT,2
GO_Biological_Process_2023,Positive Regulation Of Macromolecule Metabolic Process (GO:0010604),0.06841126935497925,0.23054397299623788,ANXA2;NOS3;KLF4;BMP7;AGT,5
GO_Biological_Process_2023,Positive Regulation Of Gene Expression (GO:0010628),0.06932785470691279,0.23054397299623788,RBM3;NOS3;CIRBP;KLF4;BMP7;AGT,6
GO_Biological_Process_2023,Regulation Of Chemokine (C-X-C Motif) Ligand 2 Production (GO:2000341),0.06968914773080194,0.23054397299623788,KLF4,1
GO_Biological_Process_2023,Negative Regulation Of Mononuclear Cell Migration (GO:0071676),0.06968914773080194,0.23054397299623788,NBL1,1
GO_Biological_Process_2023,Alanine Transport (GO:0032328),0.06968914773080194,0.23054397299623788,SLC6A6,1
GO_Biological_Process_2023,Atrial Cardiac Muscle Cell Action Potential (GO:0086014),0.06968914773080194,0.23054397299623788,KCNA5,1
GO_Biological_Process_2023,Atrial Cardiac Muscle Tissue Development (GO:0003228),0.06968914773080194,0.23054397299623788,GJB6,1
GO_Biological_Process_2023,Neutrophil Mediated Immunity (GO:0002446),0.06968914773080194,0.23054397299623788,ANXA3,1
GO_Biological_Process_2023,cAMP Metabolic Process (GO:0046058),0.06968914773080194,0.23054397299623788,ADCY6,1
GO_Biological_Process_2023,Positive Regulation Of T-helper 1 Type Immune Response (GO:0002827),0.06968914773080194,0.23054397299623788,IL1R1,1
GO_Biological_Process_2023,Positive Regulation Of Cellular Extravasation (GO:0002693),0.06968914773080194,0.23054397299623788,ICAM1,1
GO_Biological_Process_2023,Endothelium Development (GO:0003158),0.06968914773080194,0.23054397299623788,PECAM1,1
GO_Biological_Process_2023,Spinal Cord Development (GO:0021510),0.06968914773080194,0.23054397299623788,PKD1,1
GO_Biological_Process_2023,Fatty Acid Transmembrane Transport (GO:1902001),0.06968914773080194,0.23054397299623788,SLC2A1,1
GO_Biological_Process_2023,Fibrinolysis (GO:0042730),0.06968914773080194,0.23054397299623788,SERPINE1,1
GO_Biological_Process_2023,Positive Regulation Of Purine Nucleotide Biosynthetic Process (GO:1900373),0.06968914773080194,0.23054397299623788,NOS3,1
GO_Biological_Process_2023,Protein Heterotetramerization (GO:0051290),0.06968914773080194,0.23054397299623788,PKD1,1
GO_Biological_Process_2023,Pseudouridine Synthesis (GO:0001522),0.06968914773080194,0.23054397299623788,TRUB1,1
GO_Biological_Process_2023,Negative Regulation Of Coagulation (GO:0050819),0.06968914773080194,0.23054397299623788,SERPINE1,1
GO_Biological_Process_2023,Response To Lipopolysaccharide (GO:0032496),0.07074900175928057,0.232907703953715,TNIP2;NOS3;SERPINE1,3
GO_Biological_Process_2023,Protein Tetramerization (GO:0051262),0.07124721121579702,0.232907703953715,PKD1;ACACB,2
GO_Biological_Process_2023,Monocarboxylic Acid Transport (GO:0015718),0.07124721121579702,0.232907703953715,SLC16A11;MFSD2A,2
GO_Biological_Process_2023,Cellular Component Assembly (GO:0022607),0.07156365645450026,0.232907703953715,TTLL3;ELN;SLC2A1;QSOX1,4
GO_Biological_Process_2023,Negative Regulation Of Phosphorylation (GO:0042326),0.07466170295320573,0.232907703953715,CDKN1A;BMP7,2
GO_Biological_Process_2023,Regulation Of DNA Replication (GO:0006275),0.07466170295320573,0.232907703953715,STON1;JADE2,2
GO_Biological_Process_2023,Regulation Of Fatty Acid Beta-Oxidation (GO:0031998),0.07527435298884325,0.232907703953715,MFSD2A,1
GO_Biological_Process_2023,Negative Regulation Of Receptor Internalization (GO:0002091),0.07527435298884325,0.232907703953715,ANXA2,1
GO_Biological_Process_2023,Atrial Septum Development (GO:0003283),0.07527435298884325,0.232907703953715,NOTCH2,1
GO_Biological_Process_2023,Regulation Of Nitrogen Compound Metabolic Process (GO:0051171),0.07527435298884325,0.232907703953715,MFSD2A,1
GO_Biological_Process_2023,Chondroitin Sulfate Biosynthetic Process (GO:0030206),0.07527435298884325,0.232907703953715,CHPF2,1
GO_Biological_Process_2023,Cytoplasmic Sequestering Of Transcription Factor (GO:0042994),0.07527435298884325,0.232907703953715,PKD1,1
GO_Biological_Process_2023,Positive Regulation Of Cardiac Muscle Cell Proliferation (GO:0060045),0.07527435298884325,0.232907703953715,TGFBR3,1
GO_Biological_Process_2023,Positive Regulation Of Cyclase Activity (GO:0031281),0.07527435298884325,0.232907703953715,NOS3,1
GO_Biological_Process_2023,Secondary Palate Development (GO:0062009),0.07527435298884325,0.232907703953715,TGFBR3,1
GO_Biological_Process_2023,Endolysosomal Toll-Like Receptor Signaling Pathway (GO:0140894),0.07527435298884325,0.232907703953715,TNIP2,1
GO_Biological_Process_2023,Mature B Cell Differentiation Involved In Immune Response (GO:0002313),0.07527435298884325,0.232907703953715,NOTCH2,1
GO_Biological_Process_2023,Purine Ribonucleoside Bisphosphate Metabolic Process (GO:0034035),0.07527435298884325,0.232907703953715,SULT1A1,1
GO_Biological_Process_2023,Negative Regulation Of Bone Mineralization (GO:0030502),0.07527435298884325,0.232907703953715,ECM1,1
GO_Biological_Process_2023,Negative Regulation Of Cell Activation (GO:0050866),0.07527435298884325,0.232907703953715,NOS3,1
GO_Biological_Process_2023,Negative Regulation Of Cell Migration Involved In Sprouting Angiogenesis (GO:0090051),0.07527435298884325,0.232907703953715,KLF4,1
GO_Biological_Process_2023,Regulation Of Cell Projection Organization (GO:0031344),0.07527435298884325,0.232907703953715,MFSD2A,1
GO_Biological_Process_2023,2-Oxoglutarate Metabolic Process (GO:0006103),0.08082630514243107,0.23350938528090417,IDH2,1
GO_Biological_Process_2023,Regulation Of Hemopoiesis (GO:1903706),0.08082630514243107,0.23350938528090417,NOTCH2,1
GO_Biological_Process_2023,Negative Regulation Of Smooth Muscle Cell Migration (GO:0014912),0.08082630514243107,0.23350938528090417,SERPINE1,1
GO_Biological_Process_2023,Regulation Of Neuron Projection Arborization (GO:0150011),0.08082630514243107,0.23350938528090417,MFSD2A,1
GO_Biological_Process_2023,"Blood Coagulation, Fibrin Clot Formation (GO:0072378)",0.08082630514243107,0.23350938528090417,FLNA,1
GO_Biological_Process_2023,Cardiac Cell Development (GO:0055006),0.08082630514243107,0.23350938528090417,MYH11,1
GO_Biological_Process_2023,Pathway-Restricted SMAD Protein Phosphorylation (GO:0060389),0.08082630514243107,0.23350938528090417,TGFBR3,1
GO_Biological_Process_2023,Photoreceptor Cell Development (GO:0042461),0.08082630514243107,0.23350938528090417,MFSD2A,1
GO_Biological_Process_2023,Positive Regulation Of Acute Inflammatory Response (GO:0002675),0.08082630514243107,0.23350938528090417,OSMR,1
GO_Biological_Process_2023,Serine Family Amino Acid Metabolic Process (GO:0009069),0.08082630514243107,0.23350938528090417,CBS,1
GO_Biological_Process_2023,Smooth Muscle Contraction (GO:0006939),0.08082630514243107,0.23350938528090417,MYH11,1
GO_Biological_Process_2023,Positive Regulation Of Heterotypic Cell-Cell Adhesion (GO:0034116),0.08082630514243107,0.23350938528090417,BMP7,1
GO_Biological_Process_2023,Striated Muscle Tissue Development (GO:0014706),0.08082630514243107,0.23350938528090417,BMP7,1
GO_Biological_Process_2023,Ethanol Metabolic Process (GO:0006067),0.08082630514243107,0.23350938528090417,SULT1A1,1
GO_Biological_Process_2023,Positive Regulation Of Lyase Activity (GO:0051349),0.08082630514243107,0.23350938528090417,NOS3,1
GO_Biological_Process_2023,Telomere Capping (GO:0016233),0.08082630514243107,0.23350938528090417,STON1,1
GO_Biological_Process_2023,Genitalia Development (GO:0048806),0.08082630514243107,0.23350938528090417,PKD1,1
GO_Biological_Process_2023,Histone H2A Monoubiquitination (GO:0035518),0.08082630514243107,0.23350938528090417,PCGF2,1
GO_Biological_Process_2023,Protein Activation Cascade (GO:0072376),0.08082630514243107,0.23350938528090417,FLNA,1
GO_Biological_Process_2023,Membrane Raft Organization (GO:0031579),0.08082630514243107,0.23350938528090417,ANXA2,1
GO_Biological_Process_2023,Membrane Repolarization During Cardiac Muscle Cell Action Potential (GO:0086013),0.08082630514243107,0.23350938528090417,KCNA5,1
GO_Biological_Process_2023,Negative Regulation Of Blood Pressure (GO:0045776),0.08082630514243107,0.23350938528090417,NOS3,1
GO_Biological_Process_2023,Regulation Of Cyclin-Dependent Protein Serine/Threonine Kinase Activity (GO:0000079),0.08164346970048482,0.23350938528090417,CDKN1A;PKD1,2
GO_Biological_Process_2023,Regulation Of Neuron Differentiation (GO:0045664),0.08164346970048482,0.23350938528090417,NBL1;BMP7,2
GO_Biological_Process_2023,Response To Insulin (GO:0032868),0.08164346970048482,0.23350938528090417,SLC2A1;SLC2A4,2
GO_Biological_Process_2023,Wound Healing (GO:0042060),0.08341951307155607,0.23350938528090417,MYOF;TSKU,2
GO_Biological_Process_2023,Plasma Membrane Bounded Cell Projection Assembly (GO:0120031),0.08391823424641714,0.23350938528090417,TTLL3;DZIP1L;FLNA;PLA2G3,4
GO_Biological_Process_2023,Cell-Cell Adhesion Via Plasma-Membrane Adhesion Molecules (GO:0098742),0.08492720838573578,0.23350938528090417,PECAM1;PKD1;ICAM1,3
GO_Biological_Process_2023,Regulation Of Interleukin-8 Production (GO:0032677),0.08520738412932831,0.23350938528090417,SERPINE1;KLF4,2
GO_Biological_Process_2023,Cellular Response To Interleukin-1 (GO:0071347),0.08520738412932831,0.23350938528090417,IL1R1;TNIP2,2
GO_Biological_Process_2023,Negative Regulation Of NF-kappaB Transcription Factor Activity (GO:0032088),0.08520738412932831,0.23350938528090417,KLF4;BMP7,2
GO_Biological_Process_2023,3'-Phosphoadenosine 5'-Phosphosulfate Metabolic Process (GO:0050427),0.08634520045082864,0.23350938528090417,SULT1A1,1
GO_Biological_Process_2023,Negative Regulation Of Platelet Activation (GO:0010544),0.08634520045082864,0.23350938528090417,NOS3,1
GO_Biological_Process_2023,Negative Regulation Of Protein Processing (GO:0010955),0.08634520045082864,0.23350938528090417,SERPINE1,1
GO_Biological_Process_2023,Regulation Of Multicellular Organism Growth (GO:0040014),0.08634520045082864,0.23350938528090417,MFSD2A,1
GO_Biological_Process_2023,Nitric Oxide Biosynthetic Process (GO:0006809),0.08634520045082864,0.23350938528090417,NOS3,1
GO_Biological_Process_2023,Regulation Of Systemic Arterial Blood Pressure By Hormone (GO:0001990),0.08634520045082864,0.23350938528090417,NOS3,1
GO_Biological_Process_2023,Positive Regulation Of Cell Activation (GO:0050867),0.08634520045082864,0.23350938528090417,FLNA,1
GO_Biological_Process_2023,Positive Regulation Of Cyclin-Dependent Protein Serine/Threonine Kinase Activity (GO:0045737),0.08634520045082864,0.23350938528090417,PKD1,1
GO_Biological_Process_2023,Endoplasmic Reticulum To Cytosol Transport (GO:1903513),0.08634520045082864,0.23350938528090417,UFD1,1
GO_Biological_Process_2023,Epiboly Involved In Wound Healing (GO:0090505),0.08634520045082864,0.23350938528090417,FLNA,1
GO_Biological_Process_2023,Positive Regulation Of Muscle Cell Differentiation (GO:0051149),0.08634520045082864,0.23350938528090417,LAMB2,1
GO_Biological_Process_2023,Vasodilation (GO:0042311),0.08634520045082864,0.23350938528090417,NOS3,1
GO_Biological_Process_2023,High-Density Lipoprotein Particle Remodeling (GO:0034375),0.08634520045082864,0.23350938528090417,PLA2G3,1
GO_Biological_Process_2023,Positive Regulation Of Potassium Ion Transport (GO:0043268),0.08634520045082864,0.23350938528090417,FLNA,1
GO_Biological_Process_2023,Histone H4-K5 Acetylation (GO:0043981),0.08634520045082864,0.23350938528090417,JADE2,1
GO_Biological_Process_2023,Histone H4-K8 Acetylation (GO:0043982),0.08634520045082864,0.23350938528090417,JADE2,1
GO_Biological_Process_2023,Positive Regulation Of Secretion (GO:0051047),0.08634520045082864,0.23350938528090417,FLNB,1
GO_Biological_Process_2023,Positive Regulation Of Sprouting Angiogenesis (GO:1903672),0.08634520045082864,0.23350938528090417,KLF4,1
GO_Biological_Process_2023,Regulation Of Phosphorylation (GO:0042325),0.08700687991337595,0.23469548120223463,CDKN1A;BMP7,2
GO_Biological_Process_2023,Positive Regulation Of I-kappaB kinase/NF-kappaB Signaling (GO:0043123),0.08835953519742536,0.23727248081267907,ECM1;TNIP2;FLNA,3
GO_Biological_Process_2023,Phospholipase C-activating G Protein-Coupled Receptor Signaling Pathway (GO:0007200),0.08881779939030274,0.23727248081267907,AGT;TGM2,2
GO_Biological_Process_2023,Positive Regulation Of Hydrolase Activity (GO:0051345),0.08951656382023891,0.23727248081267907,DOCK6;ARHGAP27;TGM2,3
GO_Biological_Process_2023,Regulation Of Fibrinolysis (GO:0051917),0.09183123404474727,0.23727248081267907,SERPINE1,1
GO_Biological_Process_2023,acetyl-CoA Metabolic Process (GO:0006084),0.09183123404474727,0.23727248081267907,ACACB,1
GO_Biological_Process_2023,Negative Regulation Of Viral-Induced Cytoplasmic Pattern Recognition Receptor Signaling Pathway (GO:0039532),0.09183123404474727,0.23727248081267907,UFD1,1
GO_Biological_Process_2023,Nitric Oxide Metabolic Process (GO:0046209),0.09183123404474727,0.23727248081267907,NOS3,1
GO_Biological_Process_2023,Regulation Of Plasminogen Activation (GO:0010755),0.09183123404474727,0.23727248081267907,SERPINE1,1
GO_Biological_Process_2023,Cell Surface Receptor Signaling Pathway Involved In Heart Development (GO:0061311),0.09183123404474727,0.23727248081267907,NOTCH2,1
GO_Biological_Process_2023,Cell Surface Toll-Like Receptor Signaling Pathway (GO:0140895),0.09183123404474727,0.23727248081267907,TNIP2,1
GO_Biological_Process_2023,Regulation Of Response To Cytokine Stimulus (GO:0060759),0.09183123404474727,0.23727248081267907,KLF4,1
GO_Biological_Process_2023,Pharyngeal System Development (GO:0060037),0.09183123404474727,0.23727248081267907,BMP7,1
GO_Biological_Process_2023,Regulation Of Triglyceride Biosynthetic Process (GO:0010866),0.09183123404474727,0.23727248081267907,MFSD2A,1
GO_Biological_Process_2023,Chondroitin Sulfate Metabolic Process (GO:0030204),0.09183123404474727,0.23727248081267907,CHPF2,1
GO_Biological_Process_2023,Positive Regulation Of Cardiac Muscle Tissue Growth (GO:0055023),0.09183123404474727,0.23727248081267907,TGFBR3,1
GO_Biological_Process_2023,Sulfation (GO:0051923),0.09183123404474727,0.23727248081267907,SULT1A1,1
GO_Biological_Process_2023,Negative Regulation Of Chemokine Production (GO:0032682),0.09183123404474727,0.23727248081267907,KLF4,1
GO_Biological_Process_2023,Regulation Of Osteoblast Differentiation (GO:0045667),0.09247311514562587,0.23727248081267907,SMOC1;BMP7,2
GO_Biological_Process_2023,Positive Regulation Of Amide Metabolic Process (GO:0034250),0.09247311514562587,0.23727248081267907,RBM3;CIRBP,2
GO_Biological_Process_2023,Negative Regulation Of Cell Cycle (GO:0045786),0.09247311514562587,0.23727248081267907,CDKN1A;BMP7,2
GO_Biological_Process_2023,"DNA Damage Response, Signal Transduction By P53 Class Mediator Resulting In Cell Cycle Arrest (GO:0006977)",0.09728459993901338,0.2380079049670746,CDKN1A,1
GO_Biological_Process_2023,Negative Regulation Of Interleukin-8 Production (GO:0032717),0.09728459993901338,0.2380079049670746,KLF4,1
GO_Biological_Process_2023,Golgi To Vacuole Transport (GO:0006896),0.09728459993901338,0.2380079049670746,AP1G2,1
GO_Biological_Process_2023,Negative Regulation Of Vascular Associated Smooth Muscle Cell Proliferation (GO:1904706),0.09728459993901338,0.2380079049670746,CDKN1A,1
GO_Biological_Process_2023,Neural Tube Development (GO:0021915),0.09728459993901338,0.2380079049670746,PKD1,1
GO_Biological_Process_2023,Nicotinamide Nucleotide Metabolic Process (GO:0046496),0.09728459993901338,0.2380079049670746,IDH2,1
GO_Biological_Process_2023,Carbohydrate Derivative Transport (GO:1901264),0.09728459993901338,0.2380079049670746,MFSD2A,1
GO_Biological_Process_2023,Cellular Response To Alkaloid (GO:0071312),0.09728459993901338,0.2380079049670746,TGM2,1
GO_Biological_Process_2023,Central Nervous System Neuron Development (GO:0021954),0.09728459993901338,0.2380079049670746,NPY,1
GO_Biological_Process_2023,Positive Regulation Of SMAD Protein Signal Transduction (GO:0060391),0.09728459993901338,0.2380079049670746,BMP7,1
GO_Biological_Process_2023,Positive Regulation Of Cartilage Development (GO:0061036),0.09728459993901338,0.2380079049670746,ZBTB16,1
GO_Biological_Process_2023,"Retrograde Protein Transport, ER To Cytosol (GO:0030970)",0.09728459993901338,0.2380079049670746,UFD1,1
GO_Biological_Process_2023,Sulfur Amino Acid Metabolic Process (GO:0000096),0.09728459993901338,0.2380079049670746,CBS,1
GO_Biological_Process_2023,Positive Regulation Of Macrophage Activation (GO:0043032),0.09728459993901338,0.2380079049670746,TNIP2,1
GO_Biological_Process_2023,Positive Regulation Of Macrophage Derived Foam Cell Differentiation (GO:0010744),0.09728459993901338,0.2380079049670746,PLA2G3,1
GO_Biological_Process_2023,Positive Regulation Of Potassium Ion Transmembrane Transport (GO:1901381),0.09728459993901338,0.2380079049670746,FLNA,1
GO_Biological_Process_2023,Megakaryocyte Differentiation (GO:0030219),0.09728459993901338,0.2380079049670746,FLNA,1
GO_Biological_Process_2023,Mesenchyme Development (GO:0060485),0.09728459993901338,0.2380079049670746,BMP7,1
GO_Biological_Process_2023,Muscle Tissue Morphogenesis (GO:0060415),0.09728459993901338,0.2380079049670746,TGFBR3,1
GO_Biological_Process_2023,Regulation Of Cartilage Development (GO:0061035),0.09728459993901338,0.2380079049670746,ZBTB16,1
GO_Biological_Process_2023,Regulation Of Endothelial Cell Migration (GO:0010594),0.09803685285634149,0.23818653396044168,ANXA3;AGT,2
GO_Biological_Process_2023,Negative Regulation Of Protein Kinase Activity (GO:0006469),0.09803685285634149,0.23818653396044168,CDKN1A;PTPRB,2
GO_Biological_Process_2023,Positive Regulation Of Cell Adhesion (GO:0045785),0.09803685285634149,0.23818653396044168,LAMB2;TGM2,2
GO_Biological_Process_2023,Organic Anion Transport (GO:0015711),0.09991220171318037,0.23851253090964988,SLC2A1;SLC2A4,2
GO_Biological_Process_2023,Regulation Of Vesicle-Mediated Transport (GO:0060627),0.09991220171318037,0.23851253090964988,STON1;PLA2G3,2
GO_Biological_Process_2023,Negative Regulation Of Macromolecule Metabolic Process (GO:0010605),0.10143158421757936,0.23851253090964988,NOTCH2;PLA2G3;KLF4,3
GO_Biological_Process_2023,Regulation Of Peptidyl-Tyrosine Phosphorylation (GO:0050730),0.10179762108692622,0.23851253090964988,PECAM1;AGT,2
GO_Biological_Process_2023,Negative Regulation Of Lipid Catabolic Process (GO:0050995),0.10270549097155077,0.23851253090964988,MFSD2A,1
GO_Biological_Process_2023,Neuromuscular Synaptic Transmission (GO:0007274),0.10270549097155077,0.23851253090964988,TSPOAP1,1
GO_Biological_Process_2023,Regulation Of Nervous System Process (GO:0031644),0.10270549097155077,0.23851253090964988,NOS3,1
GO_Biological_Process_2023,Nitric Oxide Mediated Signal Transduction (GO:0007263),0.10270549097155077,0.23851253090964988,NOS3,1
GO_Biological_Process_2023,Cardiac Atrium Morphogenesis (GO:0003209),0.10270549097155077,0.23851253090964988,NOTCH2,1
GO_Biological_Process_2023,Positive Regulation Of DNA Replication (GO:0045740),0.10270549097155077,0.23851253090964988,STON1,1
GO_Biological_Process_2023,Positive Regulation Of Cation Transmembrane Transport (GO:1904064),0.10270549097155077,0.23851253090964988,FLNA,1
GO_Biological_Process_2023,Detection Of Mechanical Stimulus (GO:0050982),0.10270549097155077,0.23851253090964988,PKD1,1
GO_Biological_Process_2023,Positive Regulation Of Cyclin-Dependent Protein Kinase Activity (GO:1904031),0.10270549097155077,0.23851253090964988,PKD1,1
GO_Biological_Process_2023,Energy Reserve Metabolic Process (GO:0006112),0.10270549097155077,0.23851253090964988,ADGRF5,1
GO_Biological_Process_2023,Positive Regulation Of Monocyte Chemotaxis (GO:0090026),0.10270549097155077,0.23851253090964988,SERPINE1,1
GO_Biological_Process_2023,Ureteric Bud Development (GO:0001657),0.10270549097155077,0.23851253090964988,BMP7,1
GO_Biological_Process_2023,Positive Regulation Of Triglyceride Metabolic Process (GO:0090208),0.10270549097155077,0.23851253090964988,MFSD2A,1
GO_Biological_Process_2023,Mesenchyme Morphogenesis (GO:0072132),0.10270549097155077,0.23851253090964988,NOS3,1
GO_Biological_Process_2023,Regulation Of RIG-I Signaling Pathway (GO:0039535),0.10270549097155077,0.23851253090964988,UFD1,1
GO_Biological_Process_2023,Regulation Of Cell Cycle G2/M Phase Transition (GO:1902749),0.10270549097155077,0.23851253090964988,CDKN1A,1
GO_Biological_Process_2023,Regulation Of Actin Cytoskeleton Organization (GO:0032956),0.10369292516789629,0.24027523629212968,NOTCH2;ARHGEF5,2
GO_Biological_Process_2023,Regulation Of Cell Cycle (GO:0051726),0.10474321937711363,0.24217553139499676,CDKN1A;JADE2;BMP7;PKD1,4
GO_Biological_Process_2023,Endocytosis (GO:0006897),0.1051245034674155,0.24246266959959387,ANXA3;PECAM1;ARHGAP27,3
GO_Biological_Process_2023,NADP Metabolic Process (GO:0006739),0.1080940988994387,0.24246266959959387,IDH2,1
GO_Biological_Process_2023,Negative Regulation Of Telomere Maintenance Via Telomerase (GO:0032211),0.1080940988994387,0.24246266959959387,STON1,1
GO_Biological_Process_2023,Cardiac Epithelial To Mesenchymal Transition (GO:0060317),0.1080940988994387,0.24246266959959387,TGFBR3,1
GO_Biological_Process_2023,Phosphatidylcholine Biosynthetic Process (GO:0006656),0.1080940988994387,0.24246266959959387,MFSD2A,1
GO_Biological_Process_2023,Regulation Of Smooth Muscle Cell Migration (GO:0014910),0.1080940988994387,0.24246266959959387,SERPINE1,1
GO_Biological_Process_2023,Cellular Response To Misfolded Protein (GO:0071218),0.1080940988994387,0.24246266959959387,UFD1,1
GO_Biological_Process_2023,Chondroitin Sulfate Proteoglycan Biosynthetic Process (GO:0050650),0.1080940988994387,0.24246266959959387,CHPF2,1
GO_Biological_Process_2023,Cyclic Nucleotide Biosynthetic Process (GO:0009190),0.1080940988994387,0.24246266959959387,ADCY6,1
GO_Biological_Process_2023,Positive Regulation Of Hormone Secretion (GO:0046887),0.1080940988994387,0.24246266959959387,PLA2G3,1
GO_Biological_Process_2023,Protein Heterooligomerization (GO:0051291),0.1080940988994387,0.24246266959959387,PKD1,1
GO_Biological_Process_2023,Receptor Clustering (GO:0043113),0.1080940988994387,0.24246266959959387,FLNA,1
GO_Biological_Process_2023,Regulation Of Acute Inflammatory Response (GO:0002673),0.1080940988994387,0.24246266959959387,OSMR,1
GO_Biological_Process_2023,Negative Regulation Of Cyclin-Dependent Protein Serine/Threonine Kinase Activity (GO:0045736),0.1080940988994387,0.24246266959959387,CDKN1A,1
GO_Biological_Process_2023,"Regulation Of mRNA Splicing, Via Spliceosome (GO:0048024)",0.10943631516650965,0.24443100542498544,RBM3;CIRBP,2
GO_Biological_Process_2023,Muscle Contraction (GO:0006936),0.10943631516650965,0.24443100542498544,MYOF;MYH11,2
GO_Biological_Process_2023,Regulation Of Cell Differentiation (GO:0045595),0.11013003425314558,0.24545931363201087,SLC6A6;SMOC1;KLF4,3
GO_Biological_Process_2023,Positive Regulation Of Epithelial Cell Migration (GO:0010634),0.1113693366025854,0.24557622691381997,ANXA3;AGT,2
GO_Biological_Process_2023,Regulation Of Programmed Cell Death (GO:0043067),0.11266701058788915,0.24557622691381997,PLK5;AGT;TGM2,3
GO_Biological_Process_2023,Ameboidal-Type Cell Migration (GO:0001667),0.1134506143347115,0.24557622691381997,TNS1,1
GO_Biological_Process_2023,Phosphatidylglycerol Metabolic Process (GO:0046471),0.1134506143347115,0.24557622691381997,PLA2G3,1
GO_Biological_Process_2023,Phosphatidylserine Metabolic Process (GO:0006658),0.1134506143347115,0.24557622691381997,PLA2G3,1
GO_Biological_Process_2023,Response To Ketone (GO:1901654),0.1134506143347115,0.24557622691381997,TGFBR3,1
GO_Biological_Process_2023,Endoplasmic Reticulum Calcium Ion Homeostasis (GO:0032469),0.1134506143347115,0.24557622691381997,TGM2,1
GO_Biological_Process_2023,Positive Regulation Of Leukocyte Activation (GO:0002696),0.1134506143347115,0.24557622691381997,TNIP2,1
GO_Biological_Process_2023,Positive Regulation Of Lipid Catabolic Process (GO:0050996),0.1134506143347115,0.24557622691381997,FLNB,1
GO_Biological_Process_2023,Glutamate Metabolic Process (GO:0006536),0.1134506143347115,0.24557622691381997,PRODH,1
GO_Biological_Process_2023,Positive Regulation Of Protein Processing (GO:0010954),0.1134506143347115,0.24557622691381997,ANXA2,1
GO_Biological_Process_2023,Long-Term Memory (GO:0007616),0.1134506143347115,0.24557622691381997,SLC2A4,1
GO_Biological_Process_2023,Regulation Of Cardiac Muscle Cell Proliferation (GO:0060043),0.1134506143347115,0.24557622691381997,TGFBR3,1
GO_Biological_Process_2023,Negative Regulation Of Cyclin-Dependent Protein Kinase Activity (GO:1904030),0.1134506143347115,0.24557622691381997,CDKN1A,1
GO_Biological_Process_2023,Regulation Of Neurotransmitter Transport (GO:0051588),0.11877522680649007,0.25345139675543116,MYOF,1
GO_Biological_Process_2023,Plasma Membrane Repair (GO:0001778),0.11877522680649007,0.25345139675543116,MYOF,1
GO_Biological_Process_2023,Positive Regulation Of T Cell Cytokine Production (GO:0002726),0.11877522680649007,0.25345139675543116,IL1R1,1
GO_Biological_Process_2023,Positive Regulation Of Blood Coagulation (GO:0030194),0.11877522680649007,0.25345139675543116,SERPINE1,1
GO_Biological_Process_2023,Endocardial Cushion Morphogenesis (GO:0003203),0.11877522680649007,0.25345139675543116,NOS3,1
GO_Biological_Process_2023,Mitochondrial Calcium Ion Homeostasis (GO:0051560),0.11877522680649007,0.25345139675543116,TGM2,1
GO_Biological_Process_2023,Regulation Of Cardiac Conduction (GO:1903779),0.11877522680649007,0.25345139675543116,AGT,1
GO_Biological_Process_2023,Nervous System Development (GO:0007399),0.11950800131595364,0.25449882061616036,NOTCH2;ZBTB16;SLC2A1;NBL1;PKD1,5
GO_Biological_Process_2023,Negative Regulation Of Macroautophagy (GO:0016242),0.1240681247160871,0.26103933440264726,QSOX1,1
GO_Biological_Process_2023,Negative Regulation Of Myeloid Cell Differentiation (GO:0045638),0.1240681247160871,0.26103933440264726,ZBTB16,1
GO_Biological_Process_2023,Oxoacid Metabolic Process (GO:0043436),0.1240681247160871,0.26103933440264726,SULT1A1,1
GO_Biological_Process_2023,Peptidyl-Glutamic Acid Modification (GO:0018200),0.1240681247160871,0.26103933440264726,TTLL3,1
GO_Biological_Process_2023,Placenta Development (GO:0001890),0.1240681247160871,0.26103933440264726,PKD1,1
GO_Biological_Process_2023,Negative Regulation Of G Protein-Coupled Receptor Signaling Pathway (GO:0045744),0.1240681247160871,0.26103933440264726,GRK3,1
GO_Biological_Process_2023,Negative Regulation Of Cell Differentiation (GO:0045596),0.12834581406850457,0.2657316975109757,ZBTB16;BMP7;TSKU,3
GO_Biological_Process_2023,Organelle Assembly (GO:0070925),0.1287317523314902,0.2657316975109757,TTLL3;DZIP1L;FLNA;PLA2G3,4
GO_Biological_Process_2023,Negative Regulation Of Neuron Differentiation (GO:0045665),0.12932949536655852,0.2657316975109757,BMP7,1
GO_Biological_Process_2023,Regulation Of Lipid Catabolic Process (GO:0050994),0.12932949536655852,0.2657316975109757,FLNB,1
GO_Biological_Process_2023,Cell-Cell Signaling By Wnt (GO:0198738),0.12932949536655852,0.2657316975109757,PKD1,1
GO_Biological_Process_2023,Cholesterol Efflux (GO:0033344),0.12932949536655852,0.2657316975109757,TSKU,1
GO_Biological_Process_2023,Response To BMP (GO:0071772),0.12932949536655852,0.2657316975109757,BMP7,1
GO_Biological_Process_2023,Endocardial Cushion Development (GO:0003197),0.12932949536655852,0.2657316975109757,NOS3,1
GO_Biological_Process_2023,Entrainment Of Circadian Clock By Photoperiod (GO:0043153),0.12932949536655852,0.2657316975109757,PER3,1
GO_Biological_Process_2023,Positive Regulation Of Oxidoreductase Activity (GO:0051353),0.12932949536655852,0.2657316975109757,AGT,1
GO_Biological_Process_2023,Hepaticobiliary System Development (GO:0061008),0.12932949536655852,0.2657316975109757,TGFBR3,1
GO_Biological_Process_2023,Long-Chain Fatty Acid Transport (GO:0015909),0.12932949536655852,0.2657316975109757,MFSD2A,1
GO_Biological_Process_2023,Protein Stabilization (GO:0050821),0.12968630932998468,0.265945414064608,PER3;TNIP2;FLNA,3
GO_Biological_Process_2023,Intrinsic Apoptotic Signaling Pathway (GO:0097193),0.13116530263901954,0.26793378325485157,CDKN1A;PRODH,2
GO_Biological_Process_2023,Negative Regulation Of MAPK Cascade (GO:0043409),0.13116530263901954,0.26793378325485157,BMP7;AGT,2
GO_Biological_Process_2023,Negative Regulation Of Ossification (GO:0030279),0.13455952495519793,0.2696316576245109,ECM1,1
GO_Biological_Process_2023,Regulation Of Muscle Cell Differentiation (GO:0051147),0.13455952495519793,0.2696316576245109,LAMB2,1
GO_Biological_Process_2023,Regulation Of Proteolysis Involved In Protein Catabolic Process (GO:1903050),0.13455952495519793,0.2696316576245109,PKD1,1
GO_Biological_Process_2023,Photoperiodism (GO:0009648),0.13455952495519793,0.2696316576245109,PER3,1
GO_Biological_Process_2023,Positive Regulation Of ERBB Signaling Pathway (GO:1901186),0.13455952495519793,0.2696316576245109,AGT,1
GO_Biological_Process_2023,Stress Granule Assembly (GO:0034063),0.13455952495519793,0.2696316576245109,CIRBP,1
GO_Biological_Process_2023,Positive Regulation Of Lipid Metabolic Process (GO:0045834),0.13455952495519793,0.2696316576245109,FLNB,1
GO_Biological_Process_2023,Positive Regulation Of Peptidyl-Threonine Phosphorylation (GO:0010800),0.13455952495519793,0.2696316576245109,BMP7,1
GO_Biological_Process_2023,Lipid Translocation (GO:0034204),0.13455952495519793,0.2696316576245109,ATP10A,1
GO_Biological_Process_2023,Protein Exit From Endoplasmic Reticulum (GO:0032527),0.13455952495519793,0.2696316576245109,UFD1,1
GO_Biological_Process_2023,Positive Regulation Of Translation (GO:0045727),0.13725407199580644,0.2737911272282448,RBM3;CIRBP,2
GO_Biological_Process_2023,Regulation Of Chondrocyte Differentiation (GO:0032330),0.13975839859464587,0.2737911272282448,ZBTB16,1
GO_Biological_Process_2023,Regulation Of Keratinocyte Proliferation (GO:0010837),0.13975839859464587,0.2737911272282448,NOTCH2,1
GO_Biological_Process_2023,Negative Regulation Of Response To Wounding (GO:1903035),0.13975839859464587,0.2737911272282448,SERPINE1,1
GO_Biological_Process_2023,Negative Regulation Of Telomere Maintenance Via Telomere Lengthening (GO:1904357),0.13975839859464587,0.2737911272282448,STON1,1
GO_Biological_Process_2023,Phosphatidylethanolamine Metabolic Process (GO:0046337),0.13975839859464587,0.2737911272282448,PLA2G3,1
GO_Biological_Process_2023,Cellular Response To Steroid Hormone Stimulus (GO:0071383),0.13975839859464587,0.2737911272282448,BMP7,1
GO_Biological_Process_2023,Ventricular Cardiac Muscle Tissue Development (GO:0003229),0.13975839859464587,0.2737911272282448,TGFBR3,1
GO_Biological_Process_2023,"Wound Healing, Spreading Of Cells (GO:0044319)",0.13975839859464587,0.2737911272282448,FLNA,1
GO_Biological_Process_2023,Regulation Of B Cell Activation (GO:0050864),0.13975839859464587,0.2737911272282448,TNIP2,1
GO_Biological_Process_2023,Regulation Of Actin Cytoskeleton Reorganization (GO:2000249),0.13975839859464587,0.2737911272282448,NOTCH2,1
GO_Biological_Process_2023,Regulation Of Cell Cycle Phase Transition (GO:1901987),0.13975839859464587,0.2737911272282448,CDKN1A,1
GO_Biological_Process_2023,Adenylate Cyclase-Activating G Protein-Coupled Receptor Signaling Pathway (GO:0007189),0.1413477111054756,0.27638994810959167,ADGRF5;ADCY6,2
GO_Biological_Process_2023,Negative Regulation Of Insulin Receptor Signaling Pathway (GO:0046627),0.14492630036851042,0.2772044872503145,TNS2,1
GO_Biological_Process_2023,DNA-templated Transcription Elongation (GO:0006354),0.14492630036851042,0.2772044872503145,TCEA2,1
GO_Biological_Process_2023,Negative Regulation Of Receptor-Mediated Endocytosis (GO:0048261),0.14492630036851042,0.2772044872503145,ANXA2,1
GO_Biological_Process_2023,Regulation Of Myeloid Cell Differentiation (GO:0045637),0.14492630036851042,0.2772044872503145,ZBTB16,1
GO_Biological_Process_2023,Camera-Type Eye Development (GO:0043010),0.14492630036851042,0.2772044872503145,TSKU,1
GO_Biological_Process_2023,Cardiac Muscle Cell Development (GO:0055013),0.14492630036851042,0.2772044872503145,MYH11,1
GO_Biological_Process_2023,Regulation Of Vasoconstriction (GO:0019229),0.14492630036851042,0.2772044872503145,AGT,1
GO_Biological_Process_2023,Telomere Maintenance Via Telomere Lengthening (GO:0010833),0.14492630036851042,0.2772044872503145,STON1,1
GO_Biological_Process_2023,Histone H3-K4 Methylation (GO:0051568),0.14492630036851042,0.2772044872503145,KMT2B,1
GO_Biological_Process_2023,Protein Export From Nucleus (GO:0006611),0.14492630036851042,0.2772044872503145,PKD1,1
GO_Biological_Process_2023,Protein Localization To Cell Surface (GO:0034394),0.14492630036851042,0.2772044872503145,FLNA,1
GO_Biological_Process_2023,Mitotic G1 DNA Damage Checkpoint Signaling (GO:0031571),0.14492630036851042,0.2772044872503145,CDKN1A,1
GO_Biological_Process_2023,Positive Regulation Of Cellular Process (GO:0048522),0.14739470718937842,0.2784245338626011,SLC6A6;LAMB2;PRODH;OSMR;TGM2;MFSD2A,6
GO_Biological_Process_2023,Regulation Of MAP Kinase Activity (GO:0043405),0.14961221067767025,0.2784245338626011,BMP7;AGT,2
GO_Biological_Process_2023,T Cell Activation Involved In Immune Response (GO:0002286),0.1500634132130179,0.2784245338626011,ICAM1,1
GO_Biological_Process_2023,Amino Acid Import Across Plasma Membrane (GO:0089718),0.1500634132130179,0.2784245338626011,SLC6A6,1
GO_Biological_Process_2023,Regulation Of Peptidase Activity (GO:0052547),0.1500634132130179,0.2784245338626011,ECM1,1
GO_Biological_Process_2023,Cardiac Muscle Cell Differentiation (GO:0055007),0.1500634132130179,0.2784245338626011,MYH11,1
GO_Biological_Process_2023,Peptide Cross-Linking (GO:0018149),0.1500634132130179,0.2784245338626011,TGM2,1
GO_Biological_Process_2023,Clathrin-Dependent Endocytosis (GO:0072583),0.1500634132130179,0.2784245338626011,STON1,1
GO_Biological_Process_2023,Dorsal/Ventral Pattern Formation (GO:0009953),0.1500634132130179,0.2784245338626011,NBL1,1
GO_Biological_Process_2023,Positive Regulation Of Nitric Oxide Biosynthetic Process (GO:0045429),0.1500634132130179,0.2784245338626011,KLF4,1
GO_Biological_Process_2023,Ventricular Septum Morphogenesis (GO:0060412),0.1500634132130179,0.2784245338626011,TGFBR3,1
GO_Biological_Process_2023,In Utero Embryonic Development (GO:0001701),0.1500634132130179,0.2784245338626011,PKD1,1
GO_Biological_Process_2023,mRNA Modification (GO:0016556),0.1500634132130179,0.2784245338626011,TRUB1,1
GO_Biological_Process_2023,Protein Quality Control For Misfolded Or Incompletely Synthesized Proteins (GO:0006515),0.1500634132130179,0.2784245338626011,UFD1,1
GO_Biological_Process_2023,Regulation Of SMAD Protein Signal Transduction (GO:0060390),0.1500634132130179,0.2784245338626011,BMP7,1
GO_Biological_Process_2023,Negative Regulation Of NIK/NF-kappaB Signaling (GO:1901223),0.1500634132130179,0.2784245338626011,BMP7,1
GO_Biological_Process_2023,Negative Regulation Of Cellular Response To Insulin Stimulus (GO:1900077),0.1500634132130179,0.2784245338626011,TNS2,1
GO_Biological_Process_2023,Negative Regulation Of Wound Healing (GO:0061045),0.1551699189870583,0.28438807451983505,SERPINE1,1
GO_Biological_Process_2023,Apoptotic Cell Clearance (GO:0043277),0.1551699189870583,0.28438807451983505,TGM2,1
GO_Biological_Process_2023,Regulation Of Sodium Ion Transmembrane Transport (GO:1902305),0.1551699189870583,0.28438807451983505,FXYD6,1
GO_Biological_Process_2023,Positive Regulation Of Fibroblast Proliferation (GO:0048146),0.1551699189870583,0.28438807451983505,CDKN1A,1
GO_Biological_Process_2023,Positive Regulation Of Nitric Oxide Metabolic Process (GO:1904407),0.1551699189870583,0.28438807451983505,KLF4,1
GO_Biological_Process_2023,Positive Regulation Of Protein Import Into Nucleus (GO:0042307),0.1551699189870583,0.28438807451983505,FLNA,1
GO_Biological_Process_2023,Limb Development (GO:0060173),0.1551699189870583,0.28438807451983505,SMOC1,1
GO_Biological_Process_2023,Cellular Response To Molecule Of Bacterial Origin (GO:0071219),0.1558735034863423,0.28518074029153406,TNIP2;SERPINE1,2
GO_Biological_Process_2023,Apoptotic Process (GO:0006915),0.1574898830655145,0.28702306180744674,NOTCH2;ZBTB16;IER3,3
GO_Biological_Process_2023,Cellular Response To Lipid (GO:0071396),0.1574898830655145,0.28702306180744674,TNIP2;SERPINE1;ADCY6,3
GO_Biological_Process_2023,Regulation Of Protein Binding (GO:0043393),0.15797181823812897,0.28702306180744674,CDKN1A;PKD1,2
GO_Biological_Process_2023,Positive Regulation Of Cell Projection Organization (GO:0031346),0.15797181823812897,0.28702306180744674,PLK5;PLA2G3,2
GO_Biological_Process_2023,Regulation Of Developmental Growth (GO:0048638),0.160245998558801,0.28866231247236074,MFSD2A,1
GO_Biological_Process_2023,RNA Biosynthetic Process (GO:0032774),0.160245998558801,0.28866231247236074,TCEA2,1
GO_Biological_Process_2023,Alpha-Amino Acid Metabolic Process (GO:1901605),0.160245998558801,0.28866231247236074,CBS,1
GO_Biological_Process_2023,Response To Alcohol (GO:0097305),0.160245998558801,0.28866231247236074,TGFBR3,1
GO_Biological_Process_2023,Regulation Of Blood Coagulation (GO:0030193),0.160245998558801,0.28866231247236074,SERPINE1,1
GO_Biological_Process_2023,Regulation Of I-kappaB kinase/NF-kappaB Signaling (GO:0043122),0.1632599470793635,0.29358882791024005,ECM1;TNIP2;FLNA,3
GO_Biological_Process_2023,Negative Regulation Of Apoptotic Process (GO:0043066),0.16416858441563667,0.2942250540087243,NOTCH2;FLNA;PLA2G3;KLF4;IER3,5
GO_Biological_Process_2023,Positive Regulation Of Developmental Process (GO:0051094),0.16471244353726375,0.2942250540087243,SLC6A6;ZBTB16;BMP7,3
GO_Biological_Process_2023,Regulation Of Potassium Ion Transport (GO:0043266),0.16529183167220157,0.2942250540087243,KCNA5,1
GO_Biological_Process_2023,Cardiac Muscle Cell Action Potential Involved In Contraction (GO:0086002),0.16529183167220157,0.2942250540087243,KCNA5,1
GO_Biological_Process_2023,Mitotic G2 DNA Damage Checkpoint Signaling (GO:0007095),0.16529183167220157,0.2942250540087243,CDKN1A,1
GO_Biological_Process_2023,Regulation Of Cell Migration Involved In Sprouting Angiogenesis (GO:0090049),0.16529183167220157,0.2942250540087243,KLF4,1
GO_Biological_Process_2023,Regulation Of Protein Catabolic Process (GO:0042176),0.16641744469789851,0.29433541815548747,FLNA;PKD1,2
GO_Biological_Process_2023,Positive Regulation Of Epithelial Cell Proliferation (GO:0050679),0.16854126221696714,0.29433541815548747,NOTCH2;ECM1,2
GO_Biological_Process_2023,Regulation Of Cell Motility (GO:2000145),0.16854126221696714,0.29433541815548747,FLNA;SGK3,2
GO_Biological_Process_2023,Negative Regulation Of Developmental Growth (GO:0048640),0.17030759705714973,0.29433541815548747,CDKN1A,1
GO_Biological_Process_2023,acyl-CoA Metabolic Process (GO:0006637),0.17030759705714973,0.29433541815548747,ACACB,1
GO_Biological_Process_2023,Regulation Of Macrophage Activation (GO:0043030),0.17030759705714973,0.29433541815548747,TNIP2,1
GO_Biological_Process_2023,Cardiac Muscle Tissue Morphogenesis (GO:0055008),0.17030759705714973,0.29433541815548747,TGFBR3,1
GO_Biological_Process_2023,Central Nervous System Neuron Differentiation (GO:0021953),0.17030759705714973,0.29433541815548747,NPY,1
GO_Biological_Process_2023,Endodermal Cell Differentiation (GO:0035987),0.17030759705714973,0.29433541815548747,COL4A2,1
GO_Biological_Process_2023,Positive Regulation Of Leukocyte Migration (GO:0002687),0.17030759705714973,0.29433541815548747,ICAM1,1
GO_Biological_Process_2023,Positive Regulation Of Mononuclear Cell Migration (GO:0071677),0.17030759705714973,0.29433541815548747,SERPINE1,1
GO_Biological_Process_2023,Glutamine Family Amino Acid Metabolic Process (GO:0009064),0.17030759705714973,0.29433541815548747,PRODH,1
GO_Biological_Process_2023,Presynaptic Endocytosis (GO:0140238),0.17030759705714973,0.29433541815548747,STON1,1
GO_Biological_Process_2023,Receptor Signaling Pathway Via STAT (GO:0097696),0.17030759705714973,0.29433541815548747,PKD1,1
GO_Biological_Process_2023,Negative Regulation Of Cell-Matrix Adhesion (GO:0001953),0.17030759705714973,0.29433541815548747,SERPINE1,1
GO_Biological_Process_2023,Regulation Of Cell Morphogenesis (GO:0022604),0.17030759705714973,0.29433541815548747,MFSD2A,1
GO_Biological_Process_2023,Cellular Response To Lipopolysaccharide (GO:0071222),0.17066977668711725,0.29433541815548747,TNIP2;SERPINE1,2
GO_Biological_Process_2023,Positive Regulation Of Defense Response (GO:0031349),0.17066977668711725,0.29433541815548747,SERPINE1;AGT,2
GO_Biological_Process_2023,Protein Dephosphorylation (GO:0006470),0.17066977668711725,0.29433541815548747,PTPRB;TNS2,2
GO_Biological_Process_2023,Response To Cytokine (GO:0034097),0.1728028568664474,0.29752635912193565,IL1R1;OSMR,2
GO_Biological_Process_2023,Cellular Response To Starvation (GO:0009267),0.17494037285838918,0.2993648262183664,CDKN1A;MFSD2A,2
GO_Biological_Process_2023,Cellular Nitrogen Compound Biosynthetic Process (GO:0044271),0.17529347238641987,0.2993648262183664,NOS3,1
GO_Biological_Process_2023,Regulation Of Transcription By RNA Polymerase I (GO:0006356),0.17529347238641987,0.2993648262183664,FLNA,1
GO_Biological_Process_2023,Histone Lysine Methylation (GO:0034968),0.17529347238641987,0.2993648262183664,KMT2B,1
GO_Biological_Process_2023,Muscle Cell Development (GO:0055001),0.17529347238641987,0.2993648262183664,MYH11,1
GO_Biological_Process_2023,Regulation Of Potassium Ion Transmembrane Transport (GO:1901379),0.18024963426428503,0.3009882781682982,FLNA,1
GO_Biological_Process_2023,Carboxylic Acid Metabolic Process (GO:0019752),0.18024963426428503,0.3009882781682982,SLC2A1,1
GO_Biological_Process_2023,Phosphatidic Acid Metabolic Process (GO:0046473),0.18024963426428503,0.3009882781682982,PLA2G3,1
GO_Biological_Process_2023,Regulation Of Sprouting Angiogenesis (GO:1903670),0.18024963426428503,0.3009882781682982,KLF4,1
GO_Biological_Process_2023,Positive Regulation Of Notch Signaling Pathway (GO:0045747),0.18024963426428503,0.3009882781682982,NOS3,1
GO_Biological_Process_2023,Positive Regulation Of Epidermal Growth Factor Receptor Signaling Pathway (GO:0045742),0.18024963426428503,0.3009882781682982,AGT,1
GO_Biological_Process_2023,Epithelial Tube Morphogenesis (GO:0060562),0.18024963426428503,0.3009882781682982,PKD1,1
GO_Biological_Process_2023,Positive Regulation Of Nitrogen Compound Metabolic Process (GO:0051173),0.18024963426428503,0.3009882781682982,KLF4,1
GO_Biological_Process_2023,Vasculogenesis (GO:0001570),0.18024963426428503,0.3009882781682982,TGFBR3,1
GO_Biological_Process_2023,Ventricular Cardiac Muscle Tissue Morphogenesis (GO:0055010),0.18024963426428503,0.3009882781682982,TGFBR3,1
GO_Biological_Process_2023,Positive Regulation Of Telomerase Activity (GO:0051973),0.18024963426428503,0.3009882781682982,KLF4,1
GO_Biological_Process_2023,Lung Development (GO:0030324),0.18024963426428503,0.3009882781682982,PKD1,1
GO_Biological_Process_2023,Negative Regulation Of Blood Vessel Endothelial Cell Migration (GO:0043537),0.18024963426428503,0.3009882781682982,KLF4,1
GO_Biological_Process_2023,Regulation Of Cell Adhesion Mediated By Integrin (GO:0033628),0.18024963426428503,0.3009882781682982,SERPINE1,1
GO_Biological_Process_2023,Transmembrane Receptor Protein Serine/Threonine Kinase Signaling Pathway (GO:0007178),0.1835322452916561,0.30343523943679873,TGFBR3;BMP7,2
GO_Biological_Process_2023,Positive Regulation Of Peptidyl-Tyrosine Phosphorylation (GO:0050731),0.1835322452916561,0.30343523943679873,PECAM1;AGT,2
GO_Biological_Process_2023,Positive Regulation Of DNA-binding Transcription Factor Activity (GO:0051091),0.1839342213759047,0.30343523943679873,ANXA3;AGT;ARHGEF5,3
GO_Biological_Process_2023,Negative Regulation Of Mitotic Cell Cycle (GO:0045930),0.18517625828747605,0.30343523943679873,BMP7,1
GO_Biological_Process_2023,Regulation Of Metal Ion Transport (GO:0010959),0.18517625828747605,0.30343523943679873,KCNA5,1
GO_Biological_Process_2023,Cellular Response To Amyloid-Beta (GO:1904646),0.18517625828747605,0.30343523943679873,ICAM1,1
GO_Biological_Process_2023,Semaphorin-Plexin Signaling Pathway (GO:0071526),0.18517625828747605,0.30343523943679873,FLNA,1
GO_Biological_Process_2023,Superoxide Metabolic Process (GO:0006801),0.18517625828747605,0.30343523943679873,NOS3,1
GO_Biological_Process_2023,Positive Regulation Of Organelle Organization (GO:0010638),0.18517625828747605,0.30343523943679873,ANXA2,1
GO_Biological_Process_2023,Purine Nucleotide Metabolic Process (GO:0006163),0.18517625828747605,0.30343523943679873,IDH2,1
GO_Biological_Process_2023,Regulation Of Blood Circulation (GO:1903522),0.18517625828747605,0.30343523943679873,AGT,1
GO_Biological_Process_2023,Negative Regulation Of Cell Cycle Process (GO:0010948),0.18517625828747605,0.30343523943679873,BMP7,1
GO_Biological_Process_2023,Circulatory System Development (GO:0072359),0.18785151927163615,0.30715413527462604,CDKN1A;PKD1,2
GO_Biological_Process_2023,Neutral Amino Acid Transport (GO:0015804),0.1900735190720357,0.30715413527462604,SLC6A6,1
GO_Biological_Process_2023,Platelet Aggregation (GO:0070527),0.1900735190720357,0.30715413527462604,FLNA,1
GO_Biological_Process_2023,Response To Nutrient Levels (GO:0031667),0.1900735190720357,0.30715413527462604,FLNB,1
GO_Biological_Process_2023,Positive Regulation Of Cell Development (GO:0010720),0.1900735190720357,0.30715413527462604,TGM2,1
GO_Biological_Process_2023,Endoderm Formation (GO:0001706),0.1900735190720357,0.30715413527462604,COL4A2,1
GO_Biological_Process_2023,Positive Regulation Of Substrate Adhesion-Dependent Cell Spreading (GO:1900026),0.1900735190720357,0.30715413527462604,FLNA,1
GO_Biological_Process_2023,Liver Development (GO:0001889),0.1900735190720357,0.30715413527462604,TGFBR3,1
GO_Biological_Process_2023,Regulation Of G2/M Transition Of Mitotic Cell Cycle (GO:0010389),0.1900735190720357,0.30715413527462604,CDKN1A,1
GO_Biological_Process_2023,Positive Regulation Of Protein Phosphorylation (GO:0001934),0.1910868321425753,0.3083180175061184,CDKN1A;PECAM1;BMP7;AGT,4
GO_Biological_Process_2023,"DNA Damage Response, Signal Transduction By P53 Class Mediator (GO:0030330)",0.19494159009588247,0.31166953310162365,CDKN1A,1
GO_Biological_Process_2023,Negative Regulation Of Sequestering Of Calcium Ion (GO:0051283),0.19494159009588247,0.31166953310162365,FLNA,1
GO_Biological_Process_2023,Regulation Of Peptidyl-Threonine Phosphorylation (GO:0010799),0.19494159009588247,0.31166953310162365,BMP7,1
GO_Biological_Process_2023,Regulation Of Receptor Internalization (GO:0002090),0.19494159009588247,0.31166953310162365,ANXA2,1
GO_Biological_Process_2023,tRNA Methylation (GO:0030488),0.19494159009588247,0.31166953310162365,WDR6,1
GO_Biological_Process_2023,Receptor Signaling Pathway Via JAK-STAT (GO:0007259),0.19494159009588247,0.31166953310162365,PKD1,1
GO_Biological_Process_2023,RNA Stabilization (GO:0043489),0.19978064389657788,0.31651993581204807,CIRBP,1
GO_Biological_Process_2023,Negative Regulation Of Smooth Muscle Cell Proliferation (GO:0048662),0.19978064389657788,0.31651993581204807,CDKN1A,1
GO_Biological_Process_2023,Regulation Of Sodium Ion Transmembrane Transporter Activity (GO:2000649),0.19978064389657788,0.31651993581204807,FXYD6,1
GO_Biological_Process_2023,Regulation Of Vascular Associated Smooth Muscle Cell Proliferation (GO:1904705),0.19978064389657788,0.31651993581204807,CDKN1A,1
GO_Biological_Process_2023,Ventricular Septum Development (GO:0003281),0.19978064389657788,0.31651993581204807,TGFBR3,1
GO_Biological_Process_2023,Positive Regulation Of Signaling (GO:0023056),0.19978064389657788,0.31651993581204807,ANXA2,1
GO_Biological_Process_2023,Cytokine-Mediated Signaling Pathway (GO:0019221),0.20064329818281534,0.31740864614785225,IL1R1;TNIP2;OSMR,3
GO_Biological_Process_2023,Positive Regulation Of Multicellular Organismal Process (GO:0051240),0.20333695135170457,0.3188586315937076,ZBTB16;SERPINE1;AGT;TSKU,4
GO_Biological_Process_2023,Regulation Of Intracellular Transport (GO:0032386),0.20459085202067742,0.3188586315937076,PLA2G3,1
GO_Biological_Process_2023,Negative Regulation Of Type I Interferon Production (GO:0032480),0.20459085202067742,0.3188586315937076,UFD1,1
GO_Biological_Process_2023,Regulation Of Neurotransmitter Secretion (GO:0046928),0.20459085202067742,0.3188586315937076,MYOF,1
GO_Biological_Process_2023,Regulation Of Protein Import Into Nucleus (GO:0042306),0.20459085202067742,0.3188586315937076,FLNA,1
GO_Biological_Process_2023,Positive Regulation Of Bone Mineralization (GO:0030501),0.20459085202067742,0.3188586315937076,BMP7,1
GO_Biological_Process_2023,Fatty Acid Transport (GO:0015908),0.20459085202067742,0.3188586315937076,MFSD2A,1
GO_Biological_Process_2023,Positive Regulation Of Protein Tyrosine Kinase Activity (GO:0061098),0.20459085202067742,0.3188586315937076,AGT,1
GO_Biological_Process_2023,Import Into Cell (GO:0098657),0.20459085202067742,0.3188586315937076,SLC6A6,1
GO_Biological_Process_2023,Membrane Assembly (GO:0071709),0.20459085202067742,0.3188586315937076,ANXA2,1
GO_Biological_Process_2023,Regulation Of Nitric Oxide Biosynthetic Process (GO:0045428),0.2093723849514271,0.3234357547267273,KLF4,1
GO_Biological_Process_2023,Regulation Of Protein Tyrosine Kinase Activity (GO:0061097),0.2093723849514271,0.3234357547267273,AGT,1
GO_Biological_Process_2023,Regulation Of Receptor-Mediated Endocytosis (GO:0048259),0.2093723849514271,0.3234357547267273,SERPINE1,1
GO_Biological_Process_2023,Release Of Sequestered Calcium Ion Into Cytosol (GO:0051209),0.2093723849514271,0.3234357547267273,FLNA,1
GO_Biological_Process_2023,Positive Regulation Of Lipid Biosynthetic Process (GO:0046889),0.2093723849514271,0.3234357547267273,MFSD2A,1
GO_Biological_Process_2023,Histone H4 Acetylation (GO:0043967),0.2093723849514271,0.3234357547267273,JADE2,1
GO_Biological_Process_2023,Positive Regulation Of Transferase Activity (GO:0051347),0.2118374373948571,0.3255201352892908,KLF4;AGT,2
GO_Biological_Process_2023,Regulation Of Protein Phosphorylation (GO:0001932),0.21301670983518872,0.3255201352892908,CDKN1A;PECAM1;BMP7,3
GO_Biological_Process_2023,Regulation Of Cell Adhesion (GO:0030155),0.21403409645207105,0.3255201352892908,LAMB2;TGM2,2
GO_Biological_Process_2023,Notch Signaling Pathway (GO:0007219),0.21412541218649167,0.3255201352892908,NOTCH2,1
GO_Biological_Process_2023,Nucleic Acid-Templated Transcription (GO:0097659),0.21412541218649167,0.3255201352892908,TCEA2,1
GO_Biological_Process_2023,Endothelial Cell Migration (GO:0043542),0.21412541218649167,0.3255201352892908,NOS3,1
GO_Biological_Process_2023,Synaptic Vesicle Endocytosis (GO:0048488),0.21412541218649167,0.3255201352892908,STON1,1
GO_Biological_Process_2023,Water-Soluble Vitamin Metabolic Process (GO:0006767),0.21412541218649167,0.3255201352892908,SLC2A1,1
GO_Biological_Process_2023,Positive Regulation Of Wound Healing (GO:0090303),0.21412541218649167,0.3255201352892908,SERPINE1,1
GO_Biological_Process_2023,Protein Deacetylation (GO:0006476),0.21412541218649167,0.3255201352892908,FLNA,1
GO_Biological_Process_2023,Negative Regulation Of Cell-Cell Adhesion (GO:0022408),0.21412541218649167,0.3255201352892908,KLF4,1
GO_Biological_Process_2023,Negative Regulation Of Signal Transduction (GO:0009968),0.21613626552971044,0.32749688137193766,AGT;TSKU;TNS2,3
GO_Biological_Process_2023,Positive Regulation Of Protein Kinase Activity (GO:0045860),0.21623297118284124,0.32749688137193766,CDKN1A;AGT,2
GO_Biological_Process_2023,Negative Regulation Of Response To External Stimulus (GO:0032102),0.218433957054494,0.32749688137193766,SERPINE1;KLF4,2
GO_Biological_Process_2023,Neuron Projection Morphogenesis (GO:0048812),0.218433957054494,0.32749688137193766,NBL1;BMP7,2
GO_Biological_Process_2023,Negative Regulation Of mRNA Catabolic Process (GO:1902373),0.21885010228561994,0.32749688137193766,CIRBP,1
GO_Biological_Process_2023,Regulation Of Heart Rate By Cardiac Conduction (GO:0086091),0.21885010228561994,0.32749688137193766,KCNA5,1
GO_Biological_Process_2023,Negative Regulation Of Proteolysis (GO:0045861),0.21885010228561994,0.32749688137193766,ECM1,1
GO_Biological_Process_2023,Axoneme Assembly (GO:0035082),0.21885010228561994,0.32749688137193766,TTLL3,1
GO_Biological_Process_2023,Response To Amino Acid Starvation (GO:1990928),0.21885010228561994,0.32749688137193766,CDKN1A,1
GO_Biological_Process_2023,Visual System Development (GO:0150063),0.21885010228561994,0.32749688137193766,SMOC1,1
GO_Biological_Process_2023,Regulation Of Amide Metabolic Process (GO:0034248),0.21885010228561994,0.32749688137193766,RBM3,1
GO_Biological_Process_2023,Amino Acid Transmembrane Transport (GO:0003333),0.2235466227770364,0.33169400163814144,SLC6A6,1
GO_Biological_Process_2023,Branching Morphogenesis Of An Epithelial Tube (GO:0048754),0.2235466227770364,0.33169400163814144,PKD1,1
GO_Biological_Process_2023,Cardiac Ventricle Morphogenesis (GO:0003208),0.2235466227770364,0.33169400163814144,TGFBR3,1
GO_Biological_Process_2023,Cellular Response To Amino Acid Starvation (GO:0034198),0.2235466227770364,0.33169400163814144,CDKN1A,1
GO_Biological_Process_2023,Collagen Fibril Organization (GO:0030199),0.2235466227770364,0.33169400163814144,COL18A1,1
GO_Biological_Process_2023,Positive Regulation Of Neuron Differentiation (GO:0045666),0.2235466227770364,0.33169400163814144,NBL1,1
GO_Biological_Process_2023,Cellular Response To Oxygen-Containing Compound (GO:1901701),0.22722514350515127,0.3343765006452901,TNIP2;SERPINE1;ADCY6;TGM2,4
GO_Biological_Process_2023,Regulation Of Primary Metabolic Process (GO:0080090),0.22821514017425693,0.3343765006452901,ADGRF5,1
GO_Biological_Process_2023,Response To Amyloid-Beta (GO:1904645),0.22821514017425693,0.3343765006452901,ICAM1,1
GO_Biological_Process_2023,Positive Regulation Of Biomineral Tissue Development (GO:0070169),0.22821514017425693,0.3343765006452901,BMP7,1
GO_Biological_Process_2023,Energy Derivation By Oxidation Of Organic Compounds (GO:0015980),0.22821514017425693,0.3343765006452901,ADGRF5,1
GO_Biological_Process_2023,Positive Regulation Of miRNA Transcription (GO:1902895),0.22821514017425693,0.3343765006452901,KLF4,1
GO_Biological_Process_2023,Positive Regulation Of Stress Fiber Assembly (GO:0051496),0.22821514017425693,0.3343765006452901,ARHGEF5,1
GO_Biological_Process_2023,Regulation Of JUN Kinase Activity (GO:0043506),0.22821514017425693,0.3343765006452901,ARHGEF5,1
GO_Biological_Process_2023,Negative Regulation Of BMP Signaling Pathway (GO:0030514),0.22821514017425693,0.3343765006452901,NBL1,1
GO_Biological_Process_2023,Cellular Response To Organic Cyclic Compound (GO:0071407),0.2316784937604005,0.33695230085395533,ADCY6;TGM2,2
GO_Biological_Process_2023,Regulation Of Insulin Receptor Signaling Pathway (GO:0046626),0.23285582007683034,0.33695230085395533,TNS2,1
GO_Biological_Process_2023,Bone Development (GO:0060348),0.23285582007683034,0.33695230085395533,TGM2,1
GO_Biological_Process_2023,Cellular Response To Ketone (GO:1901655),0.23285582007683034,0.33695230085395533,ADCY6,1
GO_Biological_Process_2023,Synaptic Vesicle Recycling (GO:0036465),0.23285582007683034,0.33695230085395533,STON1,1
GO_Biological_Process_2023,Positive Regulation Of Nucleocytoplasmic Transport (GO:0046824),0.23285582007683034,0.33695230085395533,FLNA,1
GO_Biological_Process_2023,Positive Regulation Of Osteoblast Differentiation (GO:0045669),0.23285582007683034,0.33695230085395533,BMP7,1
GO_Biological_Process_2023,Mitotic Spindle Assembly (GO:0090307),0.23285582007683034,0.33695230085395533,FLNA,1
GO_Biological_Process_2023,Regulation Of DNA-templated Transcription Elongation (GO:0032784),0.23285582007683034,0.33695230085395533,TCEA2,1
GO_Biological_Process_2023,Epithelium Development (GO:0060429),0.23610567170393093,0.3411856684512848,PKD1;MFSD2A,2
GO_Biological_Process_2023,Regulation Of Telomerase Activity (GO:0051972),0.237468827024396,0.3426847819336963,KLF4,1
GO_Biological_Process_2023,Monoatomic Cation Transmembrane Transport (GO:0098655),0.23823016302814062,0.3429737869992689,SLC6A6;KCNA5;PKD1,3
GO_Biological_Process_2023,Positive Regulation Of Response To External Stimulus (GO:0032103),0.23832113906508134,0.3429737869992689,SERPINE1;AGT,2
GO_Biological_Process_2023,Regulation Of Epidermal Growth Factor Receptor Signaling Pathway (GO:0042058),0.24205432476369537,0.3431821423873417,AGT,1
GO_Biological_Process_2023,Regulation Of Fibroblast Proliferation (GO:0048145),0.24205432476369537,0.3431821423873417,CDKN1A,1
GO_Biological_Process_2023,Amino Acid Transport (GO:0006865),0.24205432476369537,0.3431821423873417,SLC6A6,1
GO_Biological_Process_2023,Cardiac Conduction (GO:0061337),0.24205432476369537,0.3431821423873417,KCNA5,1
GO_Biological_Process_2023,Positive Regulation Of Blood Vessel Endothelial Cell Migration (GO:0043536),0.24205432476369537,0.3431821423873417,NOS3,1
GO_Biological_Process_2023,Positive Regulation Of Cell-Cell Adhesion (GO:0022409),0.24205432476369537,0.3431821423873417,BMP7,1
GO_Biological_Process_2023,Epithelial Cell Migration (GO:0010631),0.24205432476369537,0.3431821423873417,NOS3,1
GO_Biological_Process_2023,Vacuolar Transport (GO:0007034),0.24205432476369537,0.3431821423873417,AP1G2,1
GO_Biological_Process_2023,Positive Regulation Of Peptide Hormone Secretion (GO:0090277),0.24205432476369537,0.3431821423873417,FLNB,1
GO_Biological_Process_2023,Homotypic Cell-Cell Adhesion (GO:0034109),0.24205432476369537,0.3431821423873417,FLNA,1
GO_Biological_Process_2023,Mitotic G2/M Transition Checkpoint (GO:0044818),0.24205432476369537,0.3431821423873417,CDKN1A,1
GO_Biological_Process_2023,Positive Regulation Of Nucleic Acid-Templated Transcription (GO:1903508),0.24297838436376687,0.34362032704014733,ZBTB16;KMT2B;KLF4;BMP7;AGT,5
GO_Biological_Process_2023,Inorganic Cation Transmembrane Transport (GO:0098662),0.2430166571462639,0.34362032704014733,SLC6A6;KCNA5;PKD1,3
GO_Biological_Process_2023,Peptidyl-Serine Phosphorylation (GO:0018105),0.24497393614118443,0.3454544935032068,SGK3;PKD1,2
GO_Biological_Process_2023,Negative Regulation Of Hydrolase Activity (GO:0051346),0.24661247587538812,0.3454544935032068,ECM1,1
GO_Biological_Process_2023,Bicellular Tight Junction Assembly (GO:0070830),0.24661247587538812,0.3454544935032068,PECAM1,1
GO_Biological_Process_2023,Regulation Of Wound Healing (GO:0061041),0.24661247587538812,0.3454544935032068,SERPINE1,1
GO_Biological_Process_2023,Cognition (GO:0050890),0.24661247587538812,0.3454544935032068,MFSD2A,1
GO_Biological_Process_2023,Positive Regulation Of Epithelial To Mesenchymal Transition (GO:0010718),0.24661247587538812,0.3454544935032068,AGT,1
GO_Biological_Process_2023,Positive Regulation Of Lymphocyte Activation (GO:0051251),0.24661247587538812,0.3454544935032068,TNIP2,1
GO_Biological_Process_2023,Regulation Of Apoptotic Process (GO:0042981),0.24905686902452276,0.34841466251834835,NOTCH2;PLK5;FLNA;AGT;TGM2;IER3,6
GO_Biological_Process_2023,Cellular Response To Radiation (GO:0071478),0.25114344211139367,0.3504017255983901,CDKN1A,1
GO_Biological_Process_2023,Myelination (GO:0042552),0.25114344211139367,0.3504017255983901,MARVELD1,1
GO_Biological_Process_2023,Regulation Of Macromolecule Metabolic Process (GO:0060255),0.25385587235897683,0.3520170788922149,TSKU;AFF1,2
GO_Biological_Process_2023,Nuclear Export (GO:0051168),0.2556473842905439,0.3520170788922149,PKD1,1
GO_Biological_Process_2023,Erythrocyte Differentiation (GO:0030218),0.2556473842905439,0.3520170788922149,TGFBR3,1
GO_Biological_Process_2023,Positive Regulation Of miRNA Metabolic Process (GO:2000630),0.2556473842905439,0.3520170788922149,KLF4,1
GO_Biological_Process_2023,Positive Regulation Of Nervous System Development (GO:0051962),0.2556473842905439,0.3520170788922149,TGM2,1
GO_Biological_Process_2023,Positive Regulation Of Pathway-Restricted SMAD Protein Phosphorylation (GO:0010862),0.2556473842905439,0.3520170788922149,BMP7,1
GO_Biological_Process_2023,Heterophilic Cell-Cell Adhesion Via Plasma Membrane Cell Adhesion Molecules (GO:0007157),0.2556473842905439,0.3520170788922149,ICAM1,1
GO_Biological_Process_2023,Negative Regulation Of DNA Metabolic Process (GO:0051053),0.2556473842905439,0.3520170788922149,CDKN1A,1
GO_Biological_Process_2023,Regulation Of Cell Communication (GO:0010646),0.2556473842905439,0.3520170788922149,IGFBP7,1
GO_Biological_Process_2023,Negative Regulation Of Cysteine-Type Endopeptidase Activity Involved In Apoptotic Process (GO:0043154),0.2556473842905439,0.3520170788922149,KLF4,1
GO_Biological_Process_2023,Adenylate Cyclase-Modulating G Protein-Coupled Receptor Signaling Pathway (GO:0007188),0.2560778287184934,0.35214885727039874,ADGRF5;ADCY6,2
GO_Biological_Process_2023,Dicarboxylic Acid Metabolic Process (GO:0043648),0.26012446216628154,0.3563163205715211,IDH2,1
GO_Biological_Process_2023,tRNA Processing (GO:0008033),0.26012446216628154,0.3563163205715211,TRUB1,1
GO_Biological_Process_2023,Positive Regulation Of Transport (GO:0051050),0.26012446216628154,0.3563163205715211,ANXA2,1
GO_Biological_Process_2023,Peptidyl-Serine Modification (GO:0018209),0.26274586339738165,0.3563799310021483,SGK3;PKD1,2
GO_Biological_Process_2023,Regulation Of Cell Migration (GO:0030334),0.26363000050088864,0.3563799310021483,SERPINE1;PECAM1;FLNA;SGK3,4
GO_Biological_Process_2023,Regulation Of Intracellular Signal Transduction (GO:1902531),0.2639303659308914,0.3563799310021483,VWF;ARHGAP27;ARHGEF5,3
GO_Biological_Process_2023,RNA Modification (GO:0009451),0.26457483470786863,0.3563799310021483,TRUB1,1
GO_Biological_Process_2023,SMAD Protein Signal Transduction (GO:0060395),0.26457483470786863,0.3563799310021483,BMP7,1
GO_Biological_Process_2023,Regulation Of Stress-Activated MAPK Cascade (GO:0032872),0.26457483470786863,0.3563799310021483,TGFBR3,1
GO_Biological_Process_2023,Regulation Of Substrate Adhesion-Dependent Cell Spreading (GO:1900024),0.26457483470786863,0.3563799310021483,FLNA,1
GO_Biological_Process_2023,Regulation Of Telomere Maintenance Via Telomerase (GO:0032210),0.26457483470786863,0.3563799310021483,STON1,1
GO_Biological_Process_2023,Positive Regulation Of Ras Protein Signal Transduction (GO:0046579),0.26457483470786863,0.3563799310021483,NOTCH2,1
GO_Biological_Process_2023,Cholesterol Transport (GO:0030301),0.26457483470786863,0.3563799310021483,TSKU,1
GO_Biological_Process_2023,Positive Regulation Of Actin Filament Bundle Assembly (GO:0032233),0.26457483470786863,0.3563799310021483,ARHGEF5,1
GO_Biological_Process_2023,Microtubule Bundle Formation (GO:0001578),0.26457483470786863,0.3563799310021483,TTLL3,1
GO_Biological_Process_2023,Receptor Internalization (GO:0031623),0.26457483470786863,0.3563799310021483,GRK3,1
GO_Biological_Process_2023,Negative Regulation Of Response To Stimulus (GO:0048585),0.26899865983020016,0.3595763534197847,KLF4,1
GO_Biological_Process_2023,Regulation Of Peptide Hormone Secretion (GO:0090276),0.26899865983020016,0.3595763534197847,KCNA5,1
GO_Biological_Process_2023,Cell Cycle G1/S Phase Transition (GO:0044843),0.26899865983020016,0.3595763534197847,CDKN1A,1
GO_Biological_Process_2023,Cellular Response To Ionizing Radiation (GO:0071479),0.26899865983020016,0.3595763534197847,CDKN1A,1
GO_Biological_Process_2023,Positive Regulation Of B Cell Activation (GO:0050871),0.26899865983020016,0.3595763534197847,TNIP2,1
GO_Biological_Process_2023,Regulation Of Cell Development (GO:0060284),0.26899865983020016,0.3595763534197847,ANXA2,1
GO_Biological_Process_2023,Brain Development (GO:0007420),0.26941540780729506,0.35967640737725176,FLNB;MFSD2A,2
GO_Biological_Process_2023,Negative Regulation Of DNA-templated Transcription (GO:0045892),0.2733001636744177,0.36086912358858964,CBX7;PER3;ZBTB16;PCGF2;FLNA;NDN;KLF4;BMP7,8
GO_Biological_Process_2023,Regulation Of Cyclin-Dependent Protein Kinase Activity (GO:1904029),0.27339609458184977,0.36086912358858964,CDKN1A,1
GO_Biological_Process_2023,Actin Cytoskeleton Reorganization (GO:0031532),0.27339609458184977,0.36086912358858964,FLNA,1
GO_Biological_Process_2023,Regulation Of Proteasomal Protein Catabolic Process (GO:0061136),0.27339609458184977,0.36086912358858964,PKD1,1
GO_Biological_Process_2023,Cellular Response To Alcohol (GO:0097306),0.27339609458184977,0.36086912358858964,ADCY6,1
GO_Biological_Process_2023,Tight Junction Assembly (GO:0120192),0.27339609458184977,0.36086912358858964,PECAM1,1
GO_Biological_Process_2023,mRNA Stabilization (GO:0048255),0.27339609458184977,0.36086912358858964,CIRBP,1
GO_Biological_Process_2023,Protein Homotetramerization (GO:0051289),0.27339609458184977,0.36086912358858964,ACACB,1
GO_Biological_Process_2023,Negative Regulation Of Cysteine-Type Endopeptidase Activity (GO:2000117),0.27339609458184977,0.36086912358858964,KLF4,1
GO_Biological_Process_2023,Metal Ion Transport (GO:0030001),0.273861534385507,0.36103049395182124,KCNA5;PKD1,2
GO_Biological_Process_2023,Regulation Of Exocytosis (GO:0017157),0.27776729508641157,0.3634467592424191,ANXA2,1
GO_Biological_Process_2023,Regulation Of Lipid Metabolic Process (GO:0019216),0.27776729508641157,0.3634467592424191,ADGRF5,1
GO_Biological_Process_2023,Apical Junction Assembly (GO:0043297),0.27776729508641157,0.3634467592424191,PECAM1,1
GO_Biological_Process_2023,Regulation Of Smooth Muscle Cell Proliferation (GO:0048660),0.27776729508641157,0.3634467592424191,ELN,1
GO_Biological_Process_2023,Positive Regulation Of Leukocyte Chemotaxis (GO:0002690),0.27776729508641157,0.3634467592424191,SERPINE1,1
GO_Biological_Process_2023,Regulation Of Blood Vessel Endothelial Cell Migration (GO:0043535),0.27776729508641157,0.3634467592424191,NOS3,1
GO_Biological_Process_2023,Purine Ribonucleotide Biosynthetic Process (GO:0009152),0.28211241656016706,0.36867361766620593,ADCY6,1
GO_Biological_Process_2023,Regulation Of Mitotic Nuclear Division (GO:0007088),0.28643161324771776,0.37200747794641864,BMP7,1
GO_Biological_Process_2023,Nucleotide-Excision Repair (GO:0006289),0.28643161324771776,0.37200747794641864,STON1,1
GO_Biological_Process_2023,Cellular Response To Peptide (GO:1901653),0.28643161324771776,0.37200747794641864,ICAM1,1
GO_Biological_Process_2023,post-Golgi Vesicle-Mediated Transport (GO:0006892),0.28643161324771776,0.37200747794641864,AP1G2,1
GO_Biological_Process_2023,Mitotic DNA Damage Checkpoint Signaling (GO:0044773),0.28643161324771776,0.37200747794641864,CDKN1A,1
GO_Biological_Process_2023,Negative Regulation Of Cytokine Production (GO:0001818),0.2894117701715263,0.3754145280153461,UFD1;KLF4,2
GO_Biological_Process_2023,Post-Transcriptional Regulation Of Gene Expression (GO:0010608),0.29072503860375604,0.3761903328550447,RBM3,1
GO_Biological_Process_2023,Myeloid Cell Differentiation (GO:0030099),0.29072503860375604,0.3761903328550447,ZBTB16,1
GO_Biological_Process_2023,Positive Regulation Of ERK1 And ERK2 Cascade (GO:0070374),0.2916308202365774,0.37689879961778794,NOTCH2;ICAM1,2
GO_Biological_Process_2023,Regulation Of Phagocytosis (GO:0050764),0.29499284502624695,0.3793795513051489,TGM2,1
GO_Biological_Process_2023,Glycosaminoglycan Biosynthetic Process (GO:0006024),0.29499284502624695,0.3793795513051489,CHPF2,1
GO_Biological_Process_2023,Positive Regulation Of Type II Interferon Production (GO:0032729),0.29499284502624695,0.3793795513051489,IL1R1,1
GO_Biological_Process_2023,Memory (GO:0007613),0.29499284502624695,0.3793795513051489,SLC2A4,1
GO_Biological_Process_2023,Regulation Of miRNA Transcription (GO:1902893),0.2992351841216251,0.38249746500115384,KLF4,1
GO_Biological_Process_2023,Regulation Of Type I Interferon Production (GO:0032479),0.2992351841216251,0.38249746500115384,UFD1,1
GO_Biological_Process_2023,Cilium Movement (GO:0003341),0.2992351841216251,0.38249746500115384,TTLL3,1
GO_Biological_Process_2023,Positive Regulation Of Protein Binding (GO:0032092),0.2992351841216251,0.38249746500115384,PKD1,1
GO_Biological_Process_2023,Regulation Of Cell Death (GO:0010941),0.2992351841216251,0.38249746500115384,PRODH,1
GO_Biological_Process_2023,Positive Regulation Of Cytokine Production (GO:0001819),0.30142010961107774,0.3848227612995799,IL1R1;SERPINE1;AGT,3
GO_Biological_Process_2023,Phosphate-Containing Compound Metabolic Process (GO:0006796),0.30271241781791586,0.38554555726599116,PTPRB;PLA2G3,2
GO_Biological_Process_2023,Regulation Of Extrinsic Apoptotic Signaling Pathway (GO:2001236),0.3034522066694303,0.38554555726599116,AGT,1
GO_Biological_Process_2023,Response To Light Stimulus (GO:0009416),0.3034522066694303,0.38554555726599116,CIRBP,1
GO_Biological_Process_2023,Sterol Metabolic Process (GO:0016125),0.3034522066694303,0.38554555726599116,TSKU,1
GO_Biological_Process_2023,Regulation Of Pathway-Restricted SMAD Protein Phosphorylation (GO:0060393),0.30764406238038133,0.3894603533383407,BMP7,1
GO_Biological_Process_2023,Positive Regulation Of Cell Junction Assembly (GO:1901890),0.30764406238038133,0.3894603533383407,AGT,1
GO_Biological_Process_2023,Positive Regulation Of Interleukin-8 Production (GO:0032757),0.30764406238038133,0.3894603533383407,SERPINE1,1
GO_Biological_Process_2023,Negative Regulation Of Transcription By RNA Polymerase II (GO:0000122),0.3087535854392914,0.39039515851218093,CBX7;PER3;ZBTB16;PCGF2;NDN;KLF4,6
GO_Biological_Process_2023,RNA Methylation (GO:0001510),0.3118109003092281,0.3933154282078033,WDR6,1
GO_Biological_Process_2023,Glycerophospholipid Metabolic Process (GO:0006650),0.3118109003092281,0.3933154282078033,PLA2G3,1
GO_Biological_Process_2023,G1/S Transition Of Mitotic Cell Cycle (GO:0000082),0.31595286842179027,0.3971116100116169,CDKN1A,1
GO_Biological_Process_2023,Phosphatidylinositol Metabolic Process (GO:0046488),0.31595286842179027,0.3971116100116169,PLA2G3,1
GO_Biological_Process_2023,Telomere Organization (GO:0032200),0.31595286842179027,0.3971116100116169,STON1,1
GO_Biological_Process_2023,Regulation Of Secretion By Cell (GO:1903530),0.3200701139153533,0.4018063959892025,MYOF,1
GO_Biological_Process_2023,Positive Regulation Of DNA Biosynthetic Process (GO:2000573),0.3241627832211248,0.4050109833119041,KLF4,1
GO_Biological_Process_2023,Positive Regulation Of Cell Cycle (GO:0045787),0.3241627832211248,0.4050109833119041,PKD1,1
GO_Biological_Process_2023,Fatty Acid Biosynthetic Process (GO:0006633),0.3241627832211248,0.4050109833119041,ACACB,1
GO_Biological_Process_2023,Monocarboxylic Acid Biosynthetic Process (GO:0072330),0.3241627832211248,0.4050109833119041,ACACB,1
GO_Biological_Process_2023,Negative Regulation Of Gene Expression (GO:0010629),0.3276823119479768,0.4086379110365563,NOTCH2;PLA2G3;KLF4,3
GO_Biological_Process_2023,Negative Regulation Of Endopeptidase Activity (GO:0010951),0.3282310216976141,0.4086379110365563,SERPINE1,1
GO_Biological_Process_2023,Regulation Of Endocytosis (GO:0030100),0.3282310216976141,0.4086379110365563,STON1,1
GO_Biological_Process_2023,Positive Regulation Of Cell Population Proliferation (GO:0008284),0.32954950736484073,0.40979442286975465,TGFBR3;CDKN1A;OSMR;AGT,4
GO_Biological_Process_2023,Regulation Of Neurogenesis (GO:0050767),0.33227497400202316,0.4122090479364721,TGM2,1
GO_Biological_Process_2023,Cholesterol Metabolic Process (GO:0008203),0.33227497400202316,0.4122090479364721,TSKU,1
GO_Biological_Process_2023,Skin Development (GO:0043588),0.3362947839548036,0.41621425025935693,PKD1,1
GO_Biological_Process_2023,Telomere Maintenance (GO:0000723),0.3362947839548036,0.41621425025935693,STON1,1
GO_Biological_Process_2023,Organic Substance Transport (GO:0071702),0.3401269648115753,0.4182075996201246,PKD1;MFSD2A,2
GO_Biological_Process_2023,Regulation Of Endopeptidase Activity (GO:0052548),0.3402905943677059,0.4182075996201246,SERPINE1,1
GO_Biological_Process_2023,Regulation Of Heart Contraction (GO:0008016),0.3402905943677059,0.4182075996201246,AGT,1
GO_Biological_Process_2023,Regulation Of Monoatomic Ion Transmembrane Transporter Activity (GO:0032412),0.3402905943677059,0.4182075996201246,FXYD6,1
GO_Biological_Process_2023,Phospholipid Metabolic Process (GO:0006644),0.3402905943677059,0.4182075996201246,PLA2G3,1
GO_Biological_Process_2023,Response To Molecule Of Bacterial Origin (GO:0002237),0.3402905943677059,0.4182075996201246,NOS3,1
GO_Biological_Process_2023,Regulation Of Translation (GO:0006417),0.34231103330906737,0.4201440833972305,RBM3;CIRBP,2
GO_Biological_Process_2023,Negative Regulation Of Epithelial Cell Proliferation (GO:0050680),0.3442625474224455,0.4201440833972305,TGFBR3,1
GO_Biological_Process_2023,Sensory Organ Development (GO:0007423),0.3442625474224455,0.4201440833972305,SMOC1,1
GO_Biological_Process_2023,Positive Regulation Of Protein Transport (GO:0051222),0.3442625474224455,0.4201440833972305,ARHGEF5,1
GO_Biological_Process_2023,Regulation Of Notch Signaling Pathway (GO:0008593),0.3442625474224455,0.4201440833972305,NOS3,1
GO_Biological_Process_2023,Regulation Of Actin Filament-Based Process (GO:0032970),0.3442625474224455,0.4201440833972305,ARHGEF5,1
GO_Biological_Process_2023,Defense Response To Bacterium (GO:0042742),0.34667246976384186,0.4214408290569524,ANXA3;SERPINE1,2
GO_Biological_Process_2023,Regulation Of MAPK Cascade (GO:0043408),0.34667246976384186,0.4214408290569524,TGFBR3;ARHGEF5,2
GO_Biological_Process_2023,Negative Regulation Of Protein Binding (GO:0032091),0.3482107843585378,0.4214408290569524,CDKN1A,1
GO_Biological_Process_2023,Cell-Cell Junction Assembly (GO:0007043),0.3482107843585378,0.4214408290569524,GJB6,1
GO_Biological_Process_2023,Positive Regulation Of Cell-Substrate Adhesion (GO:0010811),0.3482107843585378,0.4214408290569524,FLNA,1
GO_Biological_Process_2023,Synapse Assembly (GO:0007416),0.3482107843585378,0.4214408290569524,CBLN4,1
GO_Biological_Process_2023,Lipid Biosynthetic Process (GO:0008610),0.3482107843585378,0.4214408290569524,ACACB,1
GO_Biological_Process_2023,Regulation Of Cellular Localization (GO:0060341),0.35213544557135096,0.4214408290569524,DZIP1L,1
GO_Biological_Process_2023,Cellular Response To Hypoxia (GO:0071456),0.35213544557135096,0.4214408290569524,BMP7,1
GO_Biological_Process_2023,Plasma Membrane Organization (GO:0007009),0.35213544557135096,0.4214408290569524,MYOF,1
GO_Biological_Process_2023,Cholesterol Homeostasis (GO:0042632),0.35213544557135096,0.4214408290569524,TSKU,1
GO_Biological_Process_2023,Response To Ionizing Radiation (GO:0010212),0.35213544557135096,0.4214408290569524,CDKN1A,1
GO_Biological_Process_2023,Second-Messenger-Mediated Signaling (GO:0019932),0.35213544557135096,0.4214408290569524,NOS3,1
GO_Biological_Process_2023,Transforming Growth Factor Beta Receptor Signaling Pathway (GO:0007179),0.35213544557135096,0.4214408290569524,TGFBR3,1
GO_Biological_Process_2023,Positive Regulation Of Protein Localization To Nucleus (GO:1900182),0.35213544557135096,0.4214408290569524,FLNA,1
GO_Biological_Process_2023,Negative Regulation Of Catabolic Process (GO:0009895),0.35213544557135096,0.4214408290569524,FLNA,1
GO_Biological_Process_2023,Negative Regulation Of Cell Adhesion (GO:0007162),0.35213544557135096,0.4214408290569524,SERPINE1,1
GO_Biological_Process_2023,Protein Phosphorylation (GO:0006468),0.3527373794502049,0.42168150361547224,TGFBR3;GRK3;SGK3;PKD1,4
GO_Biological_Process_2023,DNA Replication (GO:0006260),0.35603667068127076,0.423220991589488,STON1,1
GO_Biological_Process_2023,Cellular Response To Decreased Oxygen Levels (GO:0036294),0.35603667068127076,0.423220991589488,BMP7,1
GO_Biological_Process_2023,Sterol Homeostasis (GO:0055092),0.35603667068127076,0.423220991589488,TSKU,1
GO_Biological_Process_2023,Ubiquitin-Dependent ERAD Pathway (GO:0030433),0.35603667068127076,0.423220991589488,UFD1,1
GO_Biological_Process_2023,Positive Regulation Of Secretion By Cell (GO:1903532),0.35603667068127076,0.423220991589488,ANXA2,1
GO_Biological_Process_2023,Negative Regulation Of Neuron Apoptotic Process (GO:0043524),0.359914598468313,0.4263853125998482,PLA2G3,1
GO_Biological_Process_2023,Regulation Of mRNA Stability (GO:0043488),0.359914598468313,0.4263853125998482,CIRBP,1
GO_Biological_Process_2023,Gland Development (GO:0048732),0.359914598468313,0.4263853125998482,TGFBR3,1
GO_Biological_Process_2023,Regulation Of Fat Cell Differentiation (GO:0045598),0.36376936689626144,0.42853905260343456,ZBTB16,1
GO_Biological_Process_2023,Regulation Of Stress Fiber Assembly (GO:0051492),0.36376936689626144,0.42853905260343456,ARHGEF5,1
GO_Biological_Process_2023,Defense Response To Gram-negative Bacterium (GO:0050829),0.36376936689626144,0.42853905260343456,SERPINE1,1
GO_Biological_Process_2023,Positive Regulation Of Neurogenesis (GO:0050769),0.36376936689626144,0.42853905260343456,TGM2,1
GO_Biological_Process_2023,Regulation Of BMP Signaling Pathway (GO:0030510),0.36376936689626144,0.42853905260343456,NBL1,1
GO_Biological_Process_2023,Regulation Of Gene Expression (GO:0010468),0.36465273233717393,0.4290991883878154,NOTCH2;NOS3;PLA2G3;JADE2;KLF4;BMP7;TSKU;AFF1,8
GO_Biological_Process_2023,Regulation Of Ras Protein Signal Transduction (GO:0046578),0.3676011130846004,0.4320853306871505,NOTCH2,1
GO_Biological_Process_2023,Actomyosin Structure Organization (GO:0031032),0.3714099734351279,0.4346199021732531,MYH11,1
GO_Biological_Process_2023,Neutrophil Migration (GO:1990266),0.3714099734351279,0.4346199021732531,PECAM1,1
GO_Biological_Process_2023,Cell Morphogenesis Involved In Neuron Differentiation (GO:0048667),0.3714099734351279,0.4346199021732531,MFSD2A,1
GO_Biological_Process_2023,Positive Regulation Of Endothelial Cell Proliferation (GO:0001938),0.3714099734351279,0.4346199021732531,ECM1,1
GO_Biological_Process_2023,Negative Regulation Of Protein Modification Process (GO:0031400),0.37519608345217403,0.43807578223272703,CDKN1A,1
GO_Biological_Process_2023,Cellular Response To Nutrient Levels (GO:0031669),0.37519608345217403,0.43807578223272703,MFSD2A,1
GO_Biological_Process_2023,Cellular Response To UV (GO:0034644),0.37895957791841983,0.4410016327103735,CDKN1A,1
GO_Biological_Process_2023,Positive Regulation Of Catabolic Process (GO:0009896),0.37895957791841983,0.4410016327103735,FLNB,1
GO_Biological_Process_2023,Positive Regulation Of Endocytosis (GO:0045807),0.37895957791841983,0.4410016327103735,SERPINE1,1
GO_Biological_Process_2023,Calcium Ion Transmembrane Transport (GO:0070588),0.3827005907792814,0.4448630071821039,PKD1,1
GO_Biological_Process_2023,Spindle Assembly (GO:0051225),0.3864192551773883,0.447701604016093,FLNA,1
GO_Biological_Process_2023,Positive Regulation Of Growth (GO:0045927),0.3864192551773883,0.447701604016093,MFSD2A,1
GO_Biological_Process_2023,Histone Modification (GO:0016570),0.3864192551773883,0.447701604016093,JADE2,1
GO_Biological_Process_2023,Sodium Ion Transmembrane Transport (GO:0035725),0.39011570357174236,0.45148704087730795,SLC6A6,1
GO_Biological_Process_2023,Positive Regulation Of Protein Modification Process (GO:0031401),0.39183510606178834,0.4529786061285728,CDKN1A;PECAM1,2
GO_Biological_Process_2023,Regulation Of Epithelial To Mesenchymal Transition (GO:0010717),0.39379006756184587,0.4537427722618421,AGT,1
GO_Biological_Process_2023,Calcium Ion Transmembrane Import Into Cytosol (GO:0097553),0.39379006756184587,0.4537427722618421,FLNA,1
GO_Biological_Process_2023,Regulation Of NIK/NF-kappaB Signaling (GO:1901222),0.39379006756184587,0.4537427722618421,BMP7,1
GO_Biological_Process_2023,Regulation Of Cysteine-Type Endopeptidase Activity Involved In Apoptotic Process (GO:0043281),0.39744247794509746,0.45695025879589346,KLF4,1
GO_Biological_Process_2023,Purine Ribonucleotide Metabolic Process (GO:0009150),0.39744247794509746,0.45695025879589346,SULT1A1,1
GO_Biological_Process_2023,Response To Interleukin-1 (GO:0070555),0.40107306484807276,0.4592469786423427,IL1R1,1
GO_Biological_Process_2023,Positive Regulation Of Protein Localization (GO:1903829),0.40107306484807276,0.4592469786423427,PECAM1,1
GO_Biological_Process_2023,Mitotic Spindle Organization (GO:0007052),0.40107306484807276,0.4592469786423427,FLNA,1
GO_Biological_Process_2023,Negative Regulation Of Programmed Cell Death (GO:0043069),0.40118628647558263,0.4592469786423427,NOTCH2;FLNA;IER3,3
GO_Biological_Process_2023,Positive Regulation Of Phosphorylation (GO:0042327),0.4044925949601883,0.4622425833802748,CDKN1A;PECAM1,2
GO_Biological_Process_2023,Negative Regulation Of Binding (GO:0051100),0.40468195750307323,0.4622425833802748,CDKN1A,1
GO_Biological_Process_2023,DNA Damage Response (GO:0006974),0.40602714629734943,0.46327609317224683,CDKN1A;SUSD6;IER3,3
GO_Biological_Process_2023,Regulation Of Insulin Secretion (GO:0050796),0.40826928450866384,0.46432355384120466,KCNA5,1
GO_Biological_Process_2023,Regulation Of Type II Interferon Production (GO:0032649),0.40826928450866384,0.46432355384120466,IL1R1,1
GO_Biological_Process_2023,Glucose Homeostasis (GO:0042593),0.40826928450866384,0.46432355384120466,SLC2A4,1
GO_Biological_Process_2023,Negative Regulation Of Neuron Death (GO:1901215),0.4118351736792763,0.467873221069761,PLA2G3,1
GO_Biological_Process_2023,ERAD Pathway (GO:0036503),0.41537975203514355,0.4703762100548666,UFD1,1
GO_Biological_Process_2023,Cellular Response To Peptide Hormone Stimulus (GO:0071375),0.41537975203514355,0.4703762100548666,SLC2A4,1
GO_Biological_Process_2023,Sodium Ion Transport (GO:0006814),0.41537975203514355,0.4703762100548666,SLC6A6,1
GO_Biological_Process_2023,Regulation Of Epithelial Cell Proliferation (GO:0050678),0.4224054806793356,0.4767924524406234,TGFBR3,1
GO_Biological_Process_2023,Positive Regulation Of MAP Kinase Activity (GO:0043406),0.4224054806793356,0.4767924524406234,ARHGEF5,1
GO_Biological_Process_2023,Positive Regulation Of Binding (GO:0051099),0.4224054806793356,0.4767924524406234,PKD1,1
GO_Biological_Process_2023,Protein Modification Process (GO:0036211),0.42403901844786357,0.47812330911806267,PTPRB;GRK3;SGK3;JADE2;TGM2,5
GO_Biological_Process_2023,Regulation Of Endothelial Cell Proliferation (GO:0001936),0.4293474720201916,0.4830733054173707,ECM1,1
GO_Biological_Process_2023,Positive Regulation Of Cellular Component Biogenesis (GO:0044089),0.4293474720201916,0.4830733054173707,BMP7,1
GO_Biological_Process_2023,Vesicle Organization (GO:0016050),0.43278737594051114,0.4864234182579249,ANXA2,1
GO_Biological_Process_2023,Positive Regulation Of Transmembrane Receptor Protein Serine/Threonine Kinase Signaling Pathway (GO:0090100),0.43620671576492814,0.48922117802207293,BMP7,1
GO_Biological_Process_2023,Recombinational Repair (GO:0000725),0.43620671576492814,0.48922117802207293,STON1,1
GO_Biological_Process_2023,Regulation Of Macroautophagy (GO:0016241),0.43960561338379955,0.4919841545529331,QSOX1,1
GO_Biological_Process_2023,Cellular Response To Transforming Growth Factor Beta Stimulus (GO:0071560),0.43960561338379955,0.4919841545529331,TGFBR3,1
GO_Biological_Process_2023,Regulation Of Defense Response (GO:0031347),0.4429841900396306,0.494712704800097,IL1R1,1
GO_Biological_Process_2023,Regulation Of Protein Localization (GO:0032880),0.4429841900396306,0.494712704800097,DZIP1L,1
GO_Biological_Process_2023,Regulation Of Transcription By RNA Polymerase II (GO:0006357),0.44420969370873425,0.4955552468521616,CBX7;ANXA2;ZBTB16;PCGF2;JADE2;HIF3A;KLF4;PKD1;MYCL;PER3;TNIP2;NDN;NKX2-4,13
GO_Biological_Process_2023,Negative Regulation Of Macromolecule Biosynthetic Process (GO:0010558),0.44634256614583245,0.49740718176421156,CDKN1A,1
GO_Biological_Process_2023,Cellular Response To Insulin Stimulus (GO:0032869),0.4496808615380268,0.5005971072359832,SLC2A4,1
GO_Biological_Process_2023,Regulation Of Organelle Organization (GO:0033043),0.45299919523566695,0.5032261387412055,ARHGEF5,1
GO_Biological_Process_2023,Response To UV (GO:0009411),0.45299919523566695,0.5032261387412055,CIRBP,1
GO_Biological_Process_2023,Visual Perception (GO:0007601),0.4562976855984409,0.5063556595459492,COL18A1,1
GO_Biological_Process_2023,Activation Of GTPase Activity (GO:0090630),0.4595764503398224,0.5083853057386889,ARHGEF5,1
GO_Biological_Process_2023,Regulation Of Protein Secretion (GO:0050708),0.4595764503398224,0.5083853057386889,KCNA5,1
GO_Biological_Process_2023,Sensory Perception Of Light Stimulus (GO:0050953),0.4595764503398224,0.5083853057386889,COL18A1,1
GO_Biological_Process_2023,Positive Regulation Of Kinase Activity (GO:0033674),0.4660752701335331,0.5150327564920976,CDKN1A,1
GO_Biological_Process_2023,Regulation Of Neuron Apoptotic Process (GO:0043523),0.4692955570795539,0.5180471417079651,PLA2G3,1
GO_Biological_Process_2023,Positive Regulation Of DNA-templated Transcription (GO:0045893),0.47152421274915274,0.5199617104948728,ANXA2;TNIP2;ZBTB16;KMT2B;KLF4;BMP7;PKD1;AGT,8
GO_Biological_Process_2023,Positive Regulation Of Cell Growth (GO:0030307),0.47249658215318296,0.5204883815970142,MFSD2A,1
GO_Biological_Process_2023,Positive Regulation Of DNA Metabolic Process (GO:0051054),0.4788413030991614,0.5258257315869707,STON1,1
GO_Biological_Process_2023,Glycerophospholipid Biosynthetic Process (GO:0046474),0.4788413030991614,0.5258257315869707,MFSD2A,1
GO_Biological_Process_2023,Lipid Transport (GO:0006869),0.4788413030991614,0.5258257315869707,MFSD2A,1
GO_Biological_Process_2023,Negative Regulation Of Developmental Process (GO:0051093),0.481985225470298,0.5270773983313446,NOS3,1
GO_Biological_Process_2023,Cell-Matrix Adhesion (GO:0007160),0.481985225470298,0.5270773983313446,PKD1,1
GO_Biological_Process_2023,Cellular Response To Salt (GO:1902075),0.481985225470298,0.5270773983313446,TGM2,1
GO_Biological_Process_2023,Regulation Of Wnt Signaling Pathway (GO:0030111),0.481985225470298,0.5270773983313446,TSKU,1
GO_Biological_Process_2023,Response To Lipid (GO:0033993),0.4851103389940776,0.5293942703545328,NOS3,1
GO_Biological_Process_2023,Regulation Of JNK Cascade (GO:0046328),0.4851103389940776,0.5293942703545328,TGFBR3,1
GO_Biological_Process_2023,Negative Regulation Of Inflammatory Response (GO:0050728),0.48821675522244135,0.529488687107225,KLF4,1
GO_Biological_Process_2023,RNA Metabolic Process (GO:0016070),0.48821675522244135,0.529488687107225,RBM3,1
GO_Biological_Process_2023,Negative Regulation Of Transmembrane Receptor Protein Serine/Threonine Kinase Signaling Pathway (GO:0090101),0.48821675522244135,0.529488687107225,NBL1,1
GO_Biological_Process_2023,Double-Strand Break Repair Via Homologous Recombination (GO:0000724),0.48821675522244135,0.529488687107225,STON1,1
GO_Biological_Process_2023,Mitotic Cell Cycle Phase Transition (GO:0044772),0.48821675522244135,0.529488687107225,CDKN1A,1
GO_Biological_Process_2023,Mitotic Sister Chromatid Segregation (GO:0000070),0.48821675522244135,0.529488687107225,FLNA,1
GO_Biological_Process_2023,Chemical Synaptic Transmission (GO:0007268),0.4892538633883861,0.5300670075021443,GABRR2;TSPOAP1,2
GO_Biological_Process_2023,Calcium Ion Transport (GO:0006816),0.4913045851226152,0.5301050497938371,PKD1,1
GO_Biological_Process_2023,Regulation Of Protein Serine/Threonine Kinase Activity (GO:0071900),0.4913045851226152,0.5301050497938371,CDKN1A,1
GO_Biological_Process_2023,Small GTPase Mediated Signal Transduction (GO:0007264),0.4913045851226152,0.5301050497938371,CDKN1A,1
GO_Biological_Process_2023,Negative Regulation Of Defense Response (GO:0031348),0.4913045851226152,0.5301050497938371,KLF4,1
GO_Biological_Process_2023,Regulation Of Cytoskeleton Organization (GO:0051493),0.49742492629826063,0.5361588344936169,ARHGEF5,1
GO_Biological_Process_2023,Positive Regulation Of Protein Serine/Threonine Kinase Activity (GO:0071902),0.5064687764732404,0.5442340682838089,PKD1,1
GO_Biological_Process_2023,Protein Maturation (GO:0051604),0.5064687764732404,0.5442340682838089,PCSK4,1
GO_Biological_Process_2023,Protein Processing (GO:0016485),0.5064687764732404,0.5442340682838089,PCSK4,1
GO_Biological_Process_2023,Regulation Of Protein Kinase Activity (GO:0045859),0.5124081587037054,0.5500544724043858,CDKN1A,1
GO_Biological_Process_2023,DNA Metabolic Process (GO:0006259),0.5176842178835322,0.5546448834217593,CBS;STON1,2
GO_Biological_Process_2023,Negative Regulation Of Nucleic Acid-Templated Transcription (GO:1903507),0.5177388550571936,0.5546448834217593,ZBTB16;KLF4;BMP7,3
GO_Biological_Process_2023,Fatty Acid Metabolic Process (GO:0006631),0.5211845777987908,0.5566357115170841,ACACB,1
GO_Biological_Process_2023,Potassium Ion Transport (GO:0006813),0.5211845777987908,0.5566357115170841,KCNA5,1
GO_Biological_Process_2023,Protein Localization To Nucleus (GO:0034504),0.5211845777987908,0.5566357115170841,BMP7,1
GO_Biological_Process_2023,Organonitrogen Compound Biosynthetic Process (GO:1901566),0.5240750953142075,0.5585886527563793,MFSD2A,1
GO_Biological_Process_2023,Modulation Of Chemical Synaptic Transmission (GO:0050804),0.5240750953142075,0.5585886527563793,MYOF,1
GO_Biological_Process_2023,Negative Regulation Of Growth (GO:0045926),0.5269483077980491,0.5599491109126744,CDKN1A,1
GO_Biological_Process_2023,Neuron Projection Guidance (GO:0097485),0.5269483077980491,0.5599491109126744,NOTCH2,1
GO_Biological_Process_2023,Regulation Of DNA Metabolic Process (GO:0051052),0.5269483077980491,0.5599491109126744,JADE2,1
GO_Biological_Process_2023,Negative Regulation Of Cell Growth (GO:0030308),0.5298043180001427,0.5624158855057014,CDKN1A,1
GO_Biological_Process_2023,Gene Expression (GO:0010467),0.5324175082233984,0.5637230140021693,RBM3;TGM2,2
GO_Biological_Process_2023,Positive Regulation Of Intracellular Protein Transport (GO:0090316),0.5326432280590839,0.5637230140021693,FLNA,1
GO_Biological_Process_2023,Protein-Containing Complex Organization (GO:0043933),0.5326432280590839,0.5637230140021693,SLC2A1,1
GO_Biological_Process_2023,Regulation Of Response To External Stimulus (GO:0032101),0.5354651395119621,0.5661400269010896,IL1R1,1
GO_Biological_Process_2023,Protein Homooligomerization (GO:0051260),0.5410583696371282,0.5714793221468463,ACACB,1
GO_Biological_Process_2023,Plasma Membrane Bounded Cell Projection Organization (GO:0120036),0.5493232292152312,0.5796269178880875,NPY,1
GO_Biological_Process_2023,Negative Regulation Of Cell Motility (GO:2000146),0.5520452478832737,0.5819154316364769,SERPINE1,1
GO_Biological_Process_2023,Non-Membrane-Bounded Organelle Assembly (GO:0140694),0.557440468608839,0.586450471926151,CIRBP,1
GO_Biological_Process_2023,Positive Regulation Of MAPK Cascade (GO:0043410),0.5574624257853146,0.586450471926151,NOTCH2;ICAM1,2
GO_Biological_Process_2023,Potassium Ion Transmembrane Transport (GO:0071805),0.5627712434419151,0.5896766415347556,KCNA5,1
GO_Biological_Process_2023,Protein Localization To Organelle (GO:0033365),0.5627712434419151,0.5896766415347556,BMP7,1
GO_Biological_Process_2023,Protein Localization To Plasma Membrane (GO:0072659),0.5627712434419151,0.5896766415347556,FLNA,1
GO_Biological_Process_2023,Negative Regulation Of Cellular Biosynthetic Process (GO:0031327),0.5627712434419151,0.5896766415347556,CDKN1A,1
GO_Biological_Process_2023,Supramolecular Fiber Organization (GO:0097435),0.5679042702317298,0.5944629773967959,COL18A1;MYH11,2
GO_Biological_Process_2023,Negative Regulation Of Wnt Signaling Pathway (GO:0030178),0.5706482371416394,0.5967414964940404,TSKU,1
GO_Biological_Process_2023,Protein Localization To Cell Periphery (GO:1990778),0.5758212176027184,0.6015530495710624,FLNA,1
GO_Biological_Process_2023,Ras Protein Signal Transduction (GO:0007265),0.5809323851210152,0.6056896621876193,CDKN1A,1
GO_Biological_Process_2023,Actin Filament Organization (GO:0007015),0.5809323851210152,0.6056896621876193,FLNA,1
GO_Biological_Process_2023,Negative Regulation Of Protein Metabolic Process (GO:0051248),0.5884848370271417,0.6123501963922385,FLNA,1
GO_Biological_Process_2023,Dephosphorylation (GO:0016311),0.5884848370271417,0.6123501963922385,PTPRB,1
GO_Biological_Process_2023,Negative Regulation Of Protein Phosphorylation (GO:0001933),0.5934446579800112,0.6162919843978004,CDKN1A,1
GO_Biological_Process_2023,Axon Guidance (GO:0007411),0.5934446579800112,0.6162919843978004,NOTCH2,1
GO_Biological_Process_2023,Neuron Development (GO:0048666),0.5959022918069315,0.6182339358785917,NPY,1
GO_Biological_Process_2023,Positive Regulation Of NF-kappaB Transcription Factor Activity (GO:0051092),0.6007734467474259,0.6226735625401892,AGT,1
GO_Biological_Process_2023,Regulation Of DNA-templated Transcription (GO:0006355),0.6111718004595238,0.6328274941765935,MYCL;TNIP2;ZBTB16;KMT2B;TCEA2;JADE2;HIF3A;KLF4;NKX2-4;BMP7;AGT,11
GO_Biological_Process_2023,Mitochondrion Organization (GO:0007005),0.6242693746485118,0.6457535714161597,NOS3,1
GO_Biological_Process_2023,Protein Localization (GO:0008104),0.6252805850486352,0.6461642195198076,FLNA;NBEAL2,2
GO_Biological_Process_2023,Nitrogen Compound Transport (GO:0071705),0.6265421601921661,0.646198384825646,SLC6A6,1
GO_Biological_Process_2023,Negative Regulation Of Cell Migration (GO:0030336),0.6265421601921661,0.646198384825646,SERPINE1,1
GO_Biological_Process_2023,Regulation Of Cytokine Production (GO:0001817),0.6354977688884235,0.6541523022217431,AGT,1
GO_Biological_Process_2023,Membrane Organization (GO:0061024),0.6354977688884235,0.6541523022217431,ANXA2,1
GO_Biological_Process_2023,Double-Strand Break Repair (GO:0006302),0.6377031896332099,0.655780797159469,STON1,1
GO_Biological_Process_2023,RNA Processing (GO:0006396),0.6692397515736744,0.6875392760307671,RBM3,1
GO_Biological_Process_2023,Axonogenesis (GO:0007409),0.6791345862243163,0.6970239850809569,NOTCH2,1
GO_Biological_Process_2023,Transcription By RNA Polymerase II (GO:0006366),0.6868386315310078,0.7028737746795916,ANXA2,1
GO_Biological_Process_2023,Protein Localization To Membrane (GO:0072657),0.6868386315310078,0.7028737746795916,FLNA,1
GO_Biological_Process_2023,Modification-Dependent Protein Catabolic Process (GO:0019941),0.6868386315310078,0.7028737746795916,UFD1,1
GO_Biological_Process_2023,Regulation Of Signal Transduction (GO:0009966),0.6887358043178484,0.7041302877962844,IGFBP7,1
GO_Biological_Process_2023,DNA-templated Transcription (GO:0006351),0.6998818418659946,0.714137437093139,TCEA2,1
GO_Biological_Process_2023,Anterograde Trans-Synaptic Signaling (GO:0098916),0.6998818418659946,0.714137437093139,GABRR2,1
GO_Biological_Process_2023,Vesicle-Mediated Transport (GO:0016192),0.7097530907838795,0.7235079956440322,ANXA2;AP1G2,2
GO_Biological_Process_2023,Phosphorylation (GO:0016310),0.7318175718169612,0.7452779143770021,GRK3;SGK3,2
GO_Biological_Process_2023,Positive Regulation Of Cell Motility (GO:2000147),0.737467858513336,0.7503057902862954,PECAM1,1
GO_Biological_Process_2023,Chromatin Remodeling (GO:0006338),0.7484180856870126,0.7607109431330795,PCGF2,1
GO_Biological_Process_2023,Negative Regulation Of Intracellular Signal Transduction (GO:1902532),0.752971237300611,0.764600136718381,BMP7,1
GO_Biological_Process_2023,Regulation Of Autophagy (GO:0010506),0.7675662643628338,0.7786689586400204,WDR6,1
GO_Biological_Process_2023,Positive Regulation Of Programmed Cell Death (GO:0043068),0.7731618680480913,0.7835898701219576,TGM2,1
GO_Biological_Process_2023,Chromatin Organization (GO:0006325),0.8028387602107107,0.8128839035049736,PCGF2,1
GO_Biological_Process_2023,Positive Regulation Of Apoptotic Process (GO:0043065),0.8052295783859157,0.8145206889057531,TGM2,1
GO_Biological_Process_2023,Positive Regulation Of Cell Migration (GO:0030335),0.8075916433552928,0.8161252726318617,PECAM1,1
GO_Biological_Process_2023,Positive Regulation Of Transcription By RNA Polymerase II (GO:0045944),0.8199203907092936,0.8277891084704193,ANXA2;TNIP2;KLF4;PKD1,4
GO_Biological_Process_2023,Transmembrane Receptor Protein Tyrosine Kinase Signaling Pathway (GO:0007169),0.8211791393295502,0.8282650571185874,COL4A2,1
GO_Biological_Process_2023,DNA Repair (GO:0006281),0.8286611407736565,0.8350110345726884,STON1,1
GO_Biological_Process_2023,Cellular Response To Cytokine Stimulus (GO:0071345),0.8455640255012712,0.8512280907438635,OSMR,1
GO_Biological_Process_2023,Proteasome-Mediated Ubiquitin-Dependent Protein Catabolic Process (GO:0043161),0.8556088588283023,0.8605167490319062,UFD1,1
GO_Biological_Process_2023,Intracellular Protein Transport (GO:0006886),0.8608119137456642,0.864922763381508,PKD1,1
GO_Biological_Process_2023,Protein-Containing Complex Assembly (GO:0065003),0.8633432788406317,0.8666384821949852,SLC2A1,1
GO_Biological_Process_2023,Proteolysis (GO:0006508),0.865005437711202,0.8674792378190509,PCSK4,1
GO_Biological_Process_2023,Ubiquitin-Dependent Protein Catabolic Process (GO:0006511),0.8923791913027738,0.8940789611909695,UFD1,1
GO_Biological_Process_2023,Organelle Organization (GO:0006996),0.9213078103582653,0.9221844115098907,NOS3,1
GO_Biological_Process_2023,Regulation Of Nucleic Acid-Templated Transcription (GO:1903506),0.936160163864808,0.936160163864808,JADE2,1
PanglaoDB_Augmented_2021,Endothelial Cells (Aorta),1.7312069900267538e-07,1.6969911092206528e-05,SULT1A1;PER3;COL4A2;LAMB2;MARVELD1;NOS3;SMOC1;ADGRF5;IGFBP7;TNS2,10
PanglaoDB_Augmented_2021,Endothelial Cells,2.781952638066644e-07,1.6969911092206528e-05,PTPRB;VWF;NOS3;ADGRF5;SLC2A1;PECAM1;IGFBP7;TNS2;ICAM1;TNS1;MFSD2A,11
PanglaoDB_Augmented_2021,Adipocytes,5.589512794781444e-07,1.9427482420036118e-05,SULT1A1;IL1R1;ZBTB16;ADGRF5;IGFBP7;SLC2A4;LBP;AGT;TNS2;TNS1,10
PanglaoDB_Augmented_2021,Peritubular Myoid Cells,6.369666367224957e-07,1.9427482420036118e-05,COL4A2;LAMC3;LAMB2;ELN;ADGRF5;MYH11;TNS2;TNS1,8
PanglaoDB_Augmented_2021,Pericytes,4.3795090707312785e-06,0.00010263466907679965,ECM1;COL4A2;ELN;ADGRF5;PECAM1;TNS2;ICAM1;TNS1,8
PanglaoDB_Augmented_2021,Sertoli Cells,5.04760667590818e-06,0.00010263466907679965,DOCK6;NOTCH2;COL18A1;LAMB2;AGT;ADCY6;TNS2;TNS1,8
PanglaoDB_Augmented_2021,Loop Of Henle Cells,2.9871791939337278e-05,0.000520622659514164,VWF;COL4A2;LAMB2;ADGRF5;IGFBP7;TNS2;TNS1,7
PanglaoDB_Augmented_2021,Juxtaglomerular Cells,3.660965700339328e-05,0.0005454104912921664,COL4A2;LAMB2;ELN;MYH11;TNS2;TNS1,6
PanglaoDB_Augmented_2021,Osteoblasts,4.0235200177290966e-05,0.0005454104912921664,MRC2;SLC6A6;COL4A2;LAMB2;IGFBP7;OSMR;TNS2,7
PanglaoDB_Augmented_2021,Smooth Muscle Cells,7.252383219146054e-05,0.0008847907527358185,COL4A2;LAMB2;ELN;SMOC1;MYH11;TNS2;TNS1,7
PanglaoDB_Augmented_2021,Stromal Cells,0.00010323082346204687,0.0011449236783972472,COL4A2;ELN;PECAM1;IGFBP7;ICAM1;TNS1,6
PanglaoDB_Augmented_2021,Microfold Cells,0.00011275604451403954,0.0011463531192260686,IL1R1;SUSD6;ARHGAP27;KLF4;ICAM1;IER3,6
PanglaoDB_Augmented_2021,Trophoblast Cells,0.0001338975439126637,0.0012565769505649977,ANXA2;IL1R1;ANXA3;SERPINE1;KLF4;IER3,6
PanglaoDB_Augmented_2021,Mesangial Cells,0.00027101026555664576,0.0023616608855650555,ECM1;PER3;COL4A2;FLNA;TNS2;TNS1,6
PanglaoDB_Augmented_2021,Myofibroblasts,0.0003417770167199186,0.0027797864026553377,COL4A2;LAMB2;ELN;TNS2;TNS1,5
PanglaoDB_Augmented_2021,Fibroblasts,0.000506018695695256,0.0038583925546763266,ITIH5;COL4A2;IL1R1;ELN;IGFBP7;KLF4;TNS1,7
PanglaoDB_Augmented_2021,Myoepithelial Cells,0.0006487762921450274,0.004655923978923138,COL4A2;LAMB2;MYOF;MYH11;OSMR,5
PanglaoDB_Augmented_2021,Melanocytes,0.0012474228552529526,0.008454754907825568,ECM1;COL4A2;LAMB2;OSMR;TNS2,5
PanglaoDB_Augmented_2021,Mesothelial Cells,0.0017721101831109484,0.010809872116976784,COL4A2;LAMB2;ADGRF5;OSMR;TNS2,5
PanglaoDB_Augmented_2021,Osteoclasts,0.0017721101831109484,0.010809872116976784,ABCA1;VWF;IL1R1;SLC2A1;TNS1,5
PanglaoDB_Augmented_2021,Mast Cells,0.0029631569540583204,0.01721453087595786,ABCA1;VWF;IL1R1;ADGRF5;IGFBP7;TNS1,6
PanglaoDB_Augmented_2021,Granulosa Cells,0.004652091688476903,0.023967507201984033,COL4A2;LAMB2;PCGF2;ADCY6,4
PanglaoDB_Augmented_2021,Cardiac Stem And Precursor Cells,0.004800828940059986,0.023967507201984033,COL4A2;LAMB2;PCGF2;ADCY6,4
PanglaoDB_Augmented_2021,Satellite Glial Cells,0.004952731441949352,0.023967507201984033,VWF;FXYD6;CBLN4;TNS1,4
PanglaoDB_Augmented_2021,Podocytes,0.005074850680352929,0.023967507201984033,COL4A2;LAMB2;SLC2A4;ADCY6;TNS2,5
PanglaoDB_Augmented_2021,Meningeal Cells,0.005107829403701515,0.023967507201984033,COL4A2;LAMB2;BMP7;TNS2,4
PanglaoDB_Augmented_2021,Chromaffin Cells,0.006285473503620393,0.02840102842376622,NPY;SERPINE1;AGRP;MAPK4,4
PanglaoDB_Augmented_2021,Myoblasts,0.007033196647554758,0.030644642535774303,COL4A2;LAMB2;ZBTB16;TNS2,4
PanglaoDB_Augmented_2021,Pulmonary Alveolar Type I Cells,0.00804764909442936,0.033596538812050644,LAMB2;OSMR;ADCY6;ICAM1,4
PanglaoDB_Augmented_2021,Hepatic Stellate Cells,0.00826144397017639,0.033596538812050644,COL4A2;LAMB2;IGFBP7;TNS2,4
PanglaoDB_Augmented_2021,Schwann Cells,0.009622670735124406,0.03760209883552882,NPY;AGT;TNS2;MAPK4,4
PanglaoDB_Augmented_2021,Satellite Cells,0.00986284559620428,0.03760209883552882,COL4A2;LAMB2;ADCY6;TNS2,4
PanglaoDB_Augmented_2021,Leydig Cells,0.011385840551989304,0.042093107495233185,COL4A2;LAMB2;ADGRF5;TNS2,4
PanglaoDB_Augmented_2021,Oxyphil Cells,0.019014885291071603,0.06822988251502164,HIF3A;SLC2A4;ACACB,3
PanglaoDB_Augmented_2021,Embryonic Stem Cells,0.02163760445940346,0.07180865571812364,COL4A2;PCGF2;PECAM1;KLF4,4
PanglaoDB_Augmented_2021,Airway Smooth Muscle Cells,0.02177803493090635,0.07180865571812364,MRC2;COL4A2;IGFBP7,3
PanglaoDB_Augmented_2021,Pulmonary Vascular Smooth Muscle Cells,0.02177803493090635,0.07180865571812364,ELN;IGFBP7;TNS1,3
PanglaoDB_Augmented_2021,Hematopoietic Stem Cells,0.022443359527204255,0.07205499637681367,NOTCH2;VWF;PECAM1;TNS1,4
PanglaoDB_Augmented_2021,Vascular Smooth Muscle Cells,0.02413830690954321,0.07550957546062236,COL4A2;ELN;MYH11,3
PanglaoDB_Augmented_2021,Urothelial Cells,0.025995853664138747,0.07928735367562317,AP1G2;NBEAL2;ARHGAP27,3
PanglaoDB_Augmented_2021,Pancreatic Progenitor Cells,0.0313142059988351,0.0931788568745825,PCGF2;BMP7;MAPK4,3
PanglaoDB_Augmented_2021,Choroid Plexus Cells,0.03344472777833224,0.09714897116563175,LAMB2;ADCY6;AGT,3
PanglaoDB_Augmented_2021,Transient Cells,0.03564898108149812,0.10114362074285513,COL18A1;LAMB2;ADCY6,3
PanglaoDB_Augmented_2021,Luteal Cells,0.03948539909834612,0.10948224295450516,LAMB2;ADCY6;FKBP5,3
PanglaoDB_Augmented_2021,Glomus Cells,0.04107646722568746,0.11136286670075267,COL4A2;IL1R1;CBS,3
PanglaoDB_Augmented_2021,Pulmonary Alveolar Type II Cells,0.04775931582939144,0.12666601154751642,IL1R1;ADGRF5;KLF4,3
PanglaoDB_Augmented_2021,Basal Cells,0.053100448167692306,0.1378352058820949,ANXA2;MYOF;BMP7,3
PanglaoDB_Augmented_2021,Beta Cells,0.05681458814567806,0.1409393381677438,TGFBR3;NPY;MAPK4,3
PanglaoDB_Augmented_2021,Chondrocytes,0.057762023839239264,0.1409393381677438,COL4A2;ELN;IGFBP7,3
PanglaoDB_Augmented_2021,Neuroblasts,0.057762023839239264,0.1409393381677438,IGDCC3;MAPK4;B4GALNT4,3
PanglaoDB_Augmented_2021,Astrocytes,0.06560870943457844,0.1569463245297759,GJB6;AGT;MAPK4,3
PanglaoDB_Augmented_2021,Neurons,0.09633127094095383,0.22600798182300705,NPY;NDN;AGRP;MIAT,4
PanglaoDB_Augmented_2021,Glycinergic Neurons,0.12116571332561664,0.27890975520236283,NGB;B4GALNT4,2
PanglaoDB_Augmented_2021,Trophoblast Progenitor Cells,0.12714240971718413,0.28724766639808264,NBEAL2;ARHGAP27,2
PanglaoDB_Augmented_2021,Spermatozoa,0.13725407199580644,0.2915889634089781,ABCA1;IL1R1,2
PanglaoDB_Augmented_2021,Platelets,0.13783300537263685,0.2915889634089781,VWF;SERPINE1;PECAM1,3
PanglaoDB_Augmented_2021,Enterochromaffin Cells,0.13929754841566763,0.2915889634089781,ITIH5;AGT,2
PanglaoDB_Augmented_2021,Epiblast Cells,0.13929754841566763,0.2915889634089781,IGDCC3;BMP7,2
PanglaoDB_Augmented_2021,Crypt Cells,0.1413477111054756,0.2915889634089781,FXYD6;BMP7,2
PanglaoDB_Augmented_2021,Enteric Glia Cells,0.14340440823392367,0.2915889634089781,FXYD6;MAPK4,2
PanglaoDB_Augmented_2021,GABAergic Neurons,0.14753680602397198,0.29375577843229467,CBLN4;MAPK4,2
PanglaoDB_Augmented_2021,Peri-islet Schwann Cells,0.14961221067767025,0.29375577843229467,COL4A2;ADCY6,2
PanglaoDB_Augmented_2021,Adipocyte Progenitor Cells,0.1516935577150374,0.29375577843229467,COL4A2;LAMB2,2
PanglaoDB_Augmented_2021,Olfactory Epithelial Cells,0.15462942248237557,0.29476233660702844,TTLL3;SLC16A11;KCNA5,3
PanglaoDB_Augmented_2021,Sebocytes,0.17066977668711725,0.3203340423973585,ANXA3;KLF4,2
PanglaoDB_Augmented_2021,Gamma (PP) Cells,0.17922819968213075,0.3313006115336356,AGT;MAPK4,2
PanglaoDB_Augmented_2021,Delta Cells,0.1856900398310637,0.3381221620804443,AGT;MAPK4,2
PanglaoDB_Augmented_2021,Megakaryocytes,0.2118374373948571,0.3800612847378319,VWF;PECAM1,2
PanglaoDB_Augmented_2021,Müller Cells,0.22063695060946031,0.3901117097732487,COL4A2;AGT,2
PanglaoDB_Augmented_2021,Neural Stem/Precursor Cells,0.2316784937604005,0.40378251769669804,RBM3;MAPK4,2
PanglaoDB_Augmented_2021,Microglia,0.24497393614118443,0.4209411297073873,MRC2;PECAM1,2
PanglaoDB_Augmented_2021,Monocytes,0.28497149778249725,0.48286837124256476,PECAM1;ICAM1,2
PanglaoDB_Augmented_2021,Oligodendrocytes,0.2894117701715263,0.48367446521816726,SGK3;MAPK4,2
PanglaoDB_Augmented_2021,Epithelial Cells,0.3769210837910914,0.6214104354393669,IL1R1;ICAM1,2
PanglaoDB_Augmented_2021,Hepatocytes,0.3833314168705169,0.6215989726007143,SULT1A1;LBP,2
PanglaoDB_Augmented_2021,His Bundle Cells,0.44634256614583245,0.6215989726007143,COL4A2,1
PanglaoDB_Augmented_2021,Osteocytes,0.44634256614583245,0.6215989726007143,COL4A2,1
PanglaoDB_Augmented_2021,Cholinergic Neurons,0.4595764503398224,0.6215989726007143,IGDCC3,1
PanglaoDB_Augmented_2021,Purkinje Fiber Cells,0.4595764503398224,0.6215989726007143,MAPK4,1
PanglaoDB_Augmented_2021,Kidney Progenitor Cells,0.4692955570795539,0.6215989726007143,PCGF2,1
PanglaoDB_Augmented_2021,Salivary Mucous Cells,0.4692955570795539,0.6215989726007143,MYH11,1
PanglaoDB_Augmented_2021,Adrenergic Neurons,0.47249658215318296,0.6215989726007143,FXYD6,1
PanglaoDB_Augmented_2021,Parathyroid Chief Cells,0.47249658215318296,0.6215989726007143,PCGF2,1
PanglaoDB_Augmented_2021,Pinealocytes,0.4756784595921537,0.6215989726007143,SLC6A6,1
PanglaoDB_Augmented_2021,Gastric Chief Cells,0.481985225470298,0.6215989726007143,ARHGEF5,1
PanglaoDB_Augmented_2021,Follicular Cells,0.4851103389940776,0.6215989726007143,SLC16A11,1
PanglaoDB_Augmented_2021,Motor Neurons,0.48821675522244135,0.6215989726007143,PCGF2,1
PanglaoDB_Augmented_2021,Pancreatic Stellate Cells,0.48821675522244135,0.6215989726007143,COL4A2,1
PanglaoDB_Augmented_2021,Parietal Cells,0.48821675522244135,0.6215989726007143,MAPK4,1
PanglaoDB_Augmented_2021,Myeloid-derived Suppressor Cells,0.4913045851226152,0.6215989726007143,ICAM1,1
PanglaoDB_Augmented_2021,Retinal Progenitor Cells,0.4913045851226152,0.6215989726007143,MAPK4,1
PanglaoDB_Augmented_2021,Radial Glia Cells,0.49742492629826063,0.6215989726007143,MAPK4,1
PanglaoDB_Augmented_2021,T Regulatory Cells,0.5064687764732404,0.6215989726007143,IL1R1,1
PanglaoDB_Augmented_2021,Airway Goblet Cells,0.5094473814880899,0.6215989726007143,QSOX1,1
PanglaoDB_Augmented_2021,Intercalated Cells,0.5094473814880899,0.6215989726007143,ADGRF5,1
PanglaoDB_Augmented_2021,Natural Killer T Cells,0.5094473814880899,0.6215989726007143,ZBTB16,1
PanglaoDB_Augmented_2021,Dopaminergic Neurons,0.5124081587037054,0.6215989726007143,MAPK4,1
PanglaoDB_Augmented_2021,Tanycytes,0.5182766519588855,0.6215989726007143,MAPK4,1
PanglaoDB_Augmented_2021,Neuroendocrine Cells,0.5240750953142075,0.6215989726007143,NPY,1
PanglaoDB_Augmented_2021,Oligodendrocyte Progenitor Cells,0.5298043180001427,0.6215989726007143,MAPK4,1
PanglaoDB_Augmented_2021,Keratinocytes,0.5354651395119621,0.6215989726007143,ICAM1,1
PanglaoDB_Augmented_2021,Pyramidal Cells,0.5438298884426291,0.6215989726007143,NGB,1
PanglaoDB_Augmented_2021,Interneurons,0.5486266936857784,0.6215989726007143,NPY;MAPK4,2
PanglaoDB_Augmented_2021,Bergmann Glia,0.5493232292152312,0.6215989726007143,GJB6,1
PanglaoDB_Augmented_2021,Mammary Epithelial Cells,0.5547509620755169,0.6215989726007143,ARHGEF5,1
PanglaoDB_Augmented_2021,Alpha Cells,0.560113863817348,0.6215989726007143,AGT,1
PanglaoDB_Augmented_2021,Ependymal Cells,0.560113863817348,0.6215989726007143,CFAP44,1
PanglaoDB_Augmented_2021,Immature Neurons,0.560113863817348,0.6215989726007143,MAPK4,1
PanglaoDB_Augmented_2021,Distal Tubule Cells,0.5627712434419151,0.6215989726007143,ADGRF5,1
PanglaoDB_Augmented_2021,Epsilon Cells,0.5654127025636495,0.6215989726007143,AGT,1
PanglaoDB_Augmented_2021,Enteroendocrine Cells,0.5680383358298595,0.6215989726007143,NPY,1
PanglaoDB_Augmented_2021,Luminal Epithelial Cells,0.5706482371416394,0.6215989726007143,ARHGEF5,1
PanglaoDB_Augmented_2021,Trigeminal Neurons,0.5809323851210152,0.6272013361483526,MAPK4,1
PanglaoDB_Augmented_2021,Neutrophils,0.5983451921962706,0.6403343284907457,PECAM1,1
PanglaoDB_Augmented_2021,NK Cells,0.6126980613728873,0.6492440531248789,ZBTB16,1
PanglaoDB_Augmented_2021,Proximal Tubule Cells,0.6288013114833826,0.6492440531248789,LBP,1
PanglaoDB_Augmented_2021,Retinal Ganglion Cells,0.6288013114833826,0.6492440531248789,MAPK4,1
PanglaoDB_Augmented_2021,Enteric Neurons,0.6332790354250868,0.6492440531248789,MAPK4,1
PanglaoDB_Augmented_2021,Plasma Cells,0.6332790354250868,0.6492440531248789,KLF4,1
PanglaoDB_Augmented_2021,Basophils,0.6398953769968773,0.6505602999468252,IGFBP7,1
PanglaoDB_Augmented_2021,Cajal-Retzius Cells,0.6506605520190463,0.6560379119530879,MAPK4,1
PanglaoDB_Augmented_2021,Enterocytes,0.7070917053715485,0.7070917053715485,COL18A1,1
WikiPathways_2019_Mouse,Focal Adhesion-PI3K-Akt-mTOR-signaling pathway WP2841,2.606241338949839e-05,0.0015898072167594018,CDKN1A;VWF;COL4A2;LAMB2;LAMC3;NOS3;SLC2A1;SLC2A4;HIF3A;OSMR,10
WikiPathways_2019_Mouse,Focal Adhesion WP85,0.0008822478183736632,0.019667103518967548,VWF;COL4A2;LAMB2;LAMC3;FLNA;MAPK4,6
WikiPathways_2019_Mouse,ACE Inhibitor Pathway WP396,0.0012503080539860466,0.019667103518967548,NOS3;AGT,2
WikiPathways_2019_Mouse,Adipogenesis genes WP447,0.0012896461323913147,0.019667103518967548,SERPINE1;NDN;AGRP;SLC2A4;AGT,5
WikiPathways_2019_Mouse,Blood Clotting Cascade WP460,0.0063204269576158725,0.07710920888291364,VWF;SERPINE1,2
WikiPathways_2019_Mouse,Nuclear receptors in lipid metabolism and toxicity WP431,0.013916944909999356,0.1182382831489871,ABCA1;ABCB1A,2
WikiPathways_2019_Mouse,Prostaglandin Synthesis and Regulation WP374,0.0148189746972591,0.1182382831489871,ANXA2;ANXA3,2
WikiPathways_2019_Mouse,Insulin Signaling WP65,0.015506660085113063,0.1182382831489871,SLC2A1;SGK3;SLC2A4;MAPK4,4
WikiPathways_2019_Mouse,Glycolysis and Gluconeogenesis WP157,0.03760588200265304,0.23765475753213836,SLC2A1;SLC2A4,2
WikiPathways_2019_Mouse,TGF Beta Signaling Pathway WP113,0.038959796316744,0.23765475753213836,TGFBR3;SERPINE1,2
WikiPathways_2019_Mouse,Lung fibrosis WP3632,0.05194087547721807,0.26722427837525947,ELN;BMP7,2
WikiPathways_2019_Mouse,Complement and Coagulation Cascades WP449,0.05346696079258787,0.26722427837525947,VWF;SERPINE1,2
WikiPathways_2019_Mouse,Alpha6-Beta4 Integrin Signaling Pathway WP488,0.06133016225005955,0.26722427837525947,CDKN1A;LAMB2,2
WikiPathways_2019_Mouse,p53 signaling WP2902,0.06133016225005955,0.26722427837525947,CDKN1A;SERPINE1,2
WikiPathways_2019_Mouse,Primary Focal Segmental Glomerulosclerosis FSGS WP2573,0.06955981456439843,0.2697305692072572,CDKN1A;LAMB2,2
WikiPathways_2019_Mouse,MAPK signaling pathway WP493,0.07074900175928057,0.2697305692072572,IL1R1;FLNA;MAPK4,3
WikiPathways_2019_Mouse,Estrogen metabolism WP1264,0.08082630514243107,0.2803020595437523,SULT1A1,1
WikiPathways_2019_Mouse,MicroRNAs in Cardiomyocyte Hypertrophy WP1560,0.08700687991337595,0.2803020595437523,MAPK4;AGT,2
WikiPathways_2019_Mouse,TNF-alpha NF-kB Signaling Pathway WP246,0.1026566401159896,0.2803020595437523,TNIP2;FLNA;FKBP5,3
WikiPathways_2019_Mouse,Statin Pathway WP1,0.1080940988994387,0.2803020595437523,ABCA1,1
WikiPathways_2019_Mouse,Orphan GPCRs WP1398,0.1080940988994387,0.2803020595437523,ADGRF5,1
WikiPathways_2019_Mouse,Amino Acid metabolism WP662,0.1113693366025854,0.2803020595437523,CBS;PRODH,2
WikiPathways_2019_Mouse,Hypertrophy Model WP202,0.1134506143347115,0.2803020595437523,IL1R1,1
WikiPathways_2019_Mouse,Spinal Cord Injury WP2432,0.1191895100985132,0.2803020595437523,IL1R1;ICAM1,2
WikiPathways_2019_Mouse,Integrin-mediated Cell Adhesion WP6,0.12116571332561664,0.2803020595437523,MAPK4;TNS1,2
WikiPathways_2019_Mouse,Neural Crest Differentiation WP2074,0.12315004168711287,0.2803020595437523,NOTCH2;BMP7,2
WikiPathways_2019_Mouse,Fatty Acid Biosynthesis WP336,0.1240681247160871,0.2803020595437523,ACACB,1
WikiPathways_2019_Mouse,Folic Acid Network WP1273,0.12932949536655852,0.2817535434771453,CBS,1
WikiPathways_2019_Mouse,Dysregulated miRNA Targeting in Insulin/PI3K-AKT Signaling WP3855,0.14492630036851042,0.3048449766372116,COL4A2,1
WikiPathways_2019_Mouse,Inflammatory Response Pathway WP458,0.16529183167220157,0.3144971122226945,LAMB2,1
WikiPathways_2019_Mouse,TCA Cycle WP434,0.17030759705714973,0.3144971122226945,IDH2,1
WikiPathways_2019_Mouse,Factors and pathways affecting insulin-like growth factor (IGF1)-Akt signaling WP3675,0.17030759705714973,0.3144971122226945,IGFBP7,1
WikiPathways_2019_Mouse,Glutathione and one carbon metabolism WP730,0.17030759705714973,0.3144971122226945,CBS,1
WikiPathways_2019_Mouse,White fat cell differentiation WP2872,0.17529347238641987,0.3144971122226945,KLF4,1
WikiPathways_2019_Mouse,Type II interferon signaling (IFNG) WP1253,0.18517625828747605,0.32273576444388685,ICAM1,1
WikiPathways_2019_Mouse,IL-1 Signaling Pathway WP37,0.19978064389657788,0.3385172021580903,IL1R1,1
WikiPathways_2019_Mouse,Retinol metabolism WP1259,0.2093723849514271,0.339287670634192,SULT1A1,1
WikiPathways_2019_Mouse,Calcium Regulation in the Cardiac Cell WP553,0.22063695060946031,0.339287670634192,GJB6;ADCY6,2
WikiPathways_2019_Mouse,Splicing factor NOVA regulated synaptic proteins WP1983,0.2235466227770364,0.339287670634192,MAPK4,1
WikiPathways_2019_Mouse,Oxidative Damage WP1496,0.2235466227770364,0.339287670634192,CDKN1A,1
WikiPathways_2019_Mouse,Myometrial Relaxation and Contraction Pathways WP385,0.23389142509297045,0.339287670634192,NOS3;ADCY6,2
WikiPathways_2019_Mouse,ErbB signaling pathway WP1261,0.24205432476369537,0.339287670634192,CDKN1A,1
WikiPathways_2019_Mouse,Notch Signaling Pathway WP29,0.24205432476369537,0.339287670634192,NOTCH2,1
WikiPathways_2019_Mouse,Mecp2 and Associated Rett Syndrome WP2910,0.24661247587538812,0.339287670634192,GABRR2,1
WikiPathways_2019_Mouse,Cholesterol metabolism (includes both Bloch and Kandutsch-Russell pathways) WP4346,0.2556473842905439,0.339287670634192,ABCA1,1
WikiPathways_2019_Mouse,PluriNetWork WP1763,0.2558562762159481,0.339287670634192,CDKN1A;KLF4;ICAM1,3
WikiPathways_2019_Mouse,One carbon metabolism and related pathways WP1770,0.26899865983020016,0.3491259202051534,CBS,1
WikiPathways_2019_Mouse,mRNA processing WP310,0.2943221607830522,0.37403441266179543,RBM3;CIRBP;ZFP740;SUGP1,4
WikiPathways_2019_Mouse,G1 to S cell cycle control WP413,0.30764406238038133,0.3804092983772583,CDKN1A,1
WikiPathways_2019_Mouse,Endochondral Ossification WP1270,0.3118109003092281,0.3804092983772583,BMP7,1
WikiPathways_2019_Mouse,IL-5 Signaling Pathway WP151,0.3402905943677059,0.40701424032215805,ICAM1,1
WikiPathways_2019_Mouse,IL-2 Signaling Pathway WP450,0.3676011130846004,0.43122438265693513,ICAM1,1
WikiPathways_2019_Mouse,Delta-Notch Signaling Pathway WP265,0.39379006756184587,0.45323007775986035,NOTCH2,1
WikiPathways_2019_Mouse,G Protein Signaling Pathways WP232,0.4258868814057484,0.4810944401064935,ADCY6,1
WikiPathways_2019_Mouse,IL-3 Signaling Pathway WP373,0.45299919523566695,0.5024172892613761,SLC2A1,1
WikiPathways_2019_Mouse,ESC Pluripotency Pathways WP339,0.5094473814880899,0.5549337548352408,MAPK4,1
WikiPathways_2019_Mouse,Metapathway biotransformation WP1251,0.5732425000994258,0.6134700439660522,SULT1A1,1
WikiPathways_2019_Mouse,Regulation of Actin Cytoskeleton WP523,0.6007734467474259,0.6318479353722928,MAPK4,1
WikiPathways_2019_Mouse,Purine metabolism WP2185,0.6442403658641676,0.6660790223341393,ADCY6,1
WikiPathways_2019_Mouse,Odorant GPCRs WP1397,0.6810780389255715,0.6830098177640247,ADGRF5,1
WikiPathways_2019_Mouse,Chemokine signaling pathway WP2292,0.6830098177640247,0.6830098177640247,ADCY6,1
KEGG_2019_Mouse,Adipocytokine signaling pathway,6.78639999861674e-05,0.011211384158472504,NPY;SLC2A1;AGRP;SLC2A4;ACACB,5
KEGG_2019_Mouse,ECM-receptor interaction,0.00014291877784627466,0.011211384158472504,VWF;COL4A2;LAMC3;LAMB2;COL9A2,5
KEGG_2019_Mouse,Focal adhesion,0.00020020328854415185,0.011211384158472504,VWF;COL4A2;LAMB2;LAMC3;FLNA;FLNB;COL9A2,7
KEGG_2019_Mouse,PI3K-Akt signaling pathway,0.0003055459151471118,0.012024479088176042,CDKN1A;VWF;COL4A2;LAMB2;LAMC3;NOS3;SGK3;COL9A2;OSMR,9
KEGG_2019_Mouse,AGE-RAGE signaling pathway in diabetic complications,0.0003578714014338108,0.012024479088176042,COL4A2;NOS3;SERPINE1;AGT;ICAM1,5
KEGG_2019_Mouse,Insulin resistance,0.0005298116957685055,0.014834727481518152,NOS3;SLC2A1;SLC2A4;ACACB;AGT,5
KEGG_2019_Mouse,Bile secretion,0.0009257100302250208,0.022217040725400497,SLCO1A4;SLC2A1;ABCB1A;ADCY6,4
KEGG_2019_Mouse,Protein digestion and absorption,0.0021167048028300486,0.04281255478364274,COL18A1;COL4A2;ELN;COL9A2,4
KEGG_2019_Mouse,Small cell lung cancer,0.002293529720552289,0.04281255478364274,CDKN1A;COL4A2;LAMC3;LAMB2,4
KEGG_2019_Mouse,HIF-1 signaling pathway,0.003572440096977143,0.05840927722637402,CDKN1A;NOS3;SERPINE1;SLC2A1,4
KEGG_2019_Mouse,Amoebiasis,0.0038244169612506795,0.05840927722637402,COL4A2;IL1R1;LAMC3;LAMB2,4
KEGG_2019_Mouse,Pathways in cancer,0.004973924548005208,0.06963494367207292,NOTCH2;CDKN1A;COL4A2;LAMB2;LAMC3;ZBTB16;SLC2A1;AGT;ADCY6,9
KEGG_2019_Mouse,Human papillomavirus infection,0.006057432484234419,0.07828066595010634,NOTCH2;CDKN1A;VWF;COL4A2;LAMB2;LAMC3;COL9A2,7
KEGG_2019_Mouse,Vascular smooth muscle contraction,0.01010688474599924,0.12128261695199088,PLA2G3;MYH11;AGT;ADCY6,4
KEGG_2019_Mouse,Fluid shear stress and atherosclerosis,0.01086241679037158,0.12138484474763386,IL1R1;NOS3;PECAM1;ICAM1,4
KEGG_2019_Mouse,Salmonella infection,0.011560461404536558,0.12138484474763386,FLNA;FLNB;LBP,3
KEGG_2019_Mouse,Human T-cell leukemia virus 1 infection,0.016175447769695872,0.1598514838417004,CDKN1A;IL1R1;SLC2A1;ADCY6;ICAM1,5
KEGG_2019_Mouse,Morphine addiction,0.017967778539803296,0.16769926637149743,GABRR2;GRK3;ADCY6,3
KEGG_2019_Mouse,NF-kappa B signaling pathway,0.02353575681436917,0.20163698184964107,IL1R1;LBP;ICAM1,3
KEGG_2019_Mouse,Fat digestion and absorption,0.024004402601147747,0.20163698184964107,ABCA1;PLA2G3,2
KEGG_2019_Mouse,ABC transporters,0.033657118017896843,0.26493320177095064,ABCA1;ABCB1A,2
KEGG_2019_Mouse,Malaria,0.034954271315504326,0.26493320177095064,PECAM1;ICAM1,2
KEGG_2019_Mouse,Arginine and proline metabolism,0.036270616909118245,0.26493320177095064,NOS3;PRODH,2
KEGG_2019_Mouse,Platelet activation,0.03948539909834612,0.2763977936884228,VWF;NOS3;ADCY6,3
KEGG_2019_Mouse,Relaxin signaling pathway,0.0443545467089488,0.2812066277871492,COL4A2;NOS3;ADCY6,3
KEGG_2019_Mouse,Regulation of lipolysis in adipocytes,0.04455662816338457,0.2812066277871492,NPY;ADCY6,2
KEGG_2019_Mouse,FoxO signaling pathway,0.0451939223229347,0.2812066277871492,CDKN1A;SGK3;SLC2A4,3
KEGG_2019_Mouse,Estrogen signaling pathway,0.04689633209115516,0.28137799254693097,NOS3;ADCY6;FKBP5,3
KEGG_2019_Mouse,Apelin signaling pathway,0.05039506838696771,0.2919438444486405,NOS3;SERPINE1;ADCY6,3
KEGG_2019_Mouse,Renal cell carcinoma,0.06294769954142583,0.3444457245315368,CDKN1A;SLC2A1,2
KEGG_2019_Mouse,Cortisol synthesis and secretion,0.06457966029698659,0.3444457245315368,ADCY6;AGT,2
KEGG_2019_Mouse,Oxytocin signaling pathway,0.06560870943457844,0.3444457245315368,CDKN1A;NOS3;ADCY6,3
KEGG_2019_Mouse,p53 signaling pathway,0.06788594250792085,0.34560116185850615,CDKN1A;SERPINE1,2
KEGG_2019_Mouse,Cushing syndrome,0.07074900175928057,0.3495833028105629,CDKN1A;AGT;ADCY6,3
KEGG_2019_Mouse,Renin secretion,0.07638836560652136,0.3666641549113025,ADCY6;AGT,2
KEGG_2019_Mouse,Fatty acid biosynthesis,0.08082630514243107,0.3771894239980117,ACACB,1
KEGG_2019_Mouse,Insulin secretion,0.09431711913113164,0.41477170067158514,SLC2A1;ADCY6,2
KEGG_2019_Mouse,Transcriptional misregulation in cancer,0.09779243093142828,0.41477170067158514,CDKN1A;ZBTB16;AFF1,3
KEGG_2019_Mouse,Complement and coagulation cascades,0.09803685285634149,0.41477170067158514,VWF;SERPINE1,2
KEGG_2019_Mouse,Dilated cardiomyopathy (DCM),0.10179762108692622,0.41477170067158514,ADCY6;AGT,2
KEGG_2019_Mouse,GABAergic synapse,0.10179762108692622,0.41477170067158514,GABRR2;ADCY6,2
KEGG_2019_Mouse,TGF-beta signaling pathway,0.10369292516789629,0.41477170067158514,NBL1;BMP7,2
KEGG_2019_Mouse,Arginine biosynthesis,0.1080940988994387,0.4223211305838535,NOS3,1
KEGG_2019_Mouse,Circadian entrainment,0.1191895100985132,0.44731726015131223,PER3;ADCY6,2
KEGG_2019_Mouse,Proteoglycans in cancer,0.12303485257117247,0.44731726015131223,CDKN1A;FLNA;FLNB,3
KEGG_2019_Mouse,Aldosterone synthesis and secretion,0.1251423287328076,0.44731726015131223,ADCY6;AGT,2
KEGG_2019_Mouse,Glucagon signaling pathway,0.1251423287328076,0.44731726015131223,SLC2A1;ACACB,2
KEGG_2019_Mouse,Pancreatic secretion,0.13116530263901954,0.4590785592365684,PLA2G3;ADCY6,2
KEGG_2019_Mouse,"Parathyroid hormone synthesis, secretion and action",0.1352174352799241,0.460380607135304,CDKN1A;ADCY6,2
KEGG_2019_Mouse,Toxoplasmosis,0.13725407199580644,0.460380607135304,LAMC3;LAMB2,2
KEGG_2019_Mouse,alpha-Linolenic acid metabolism,0.13975839859464587,0.460380607135304,PLA2G3,1
KEGG_2019_Mouse,Glutamatergic synapse,0.14961221067767025,0.4719355128912275,GRK3;ADCY6,2
KEGG_2019_Mouse,Thyroid hormone signaling pathway,0.1516935577150374,0.4719355128912275,NOTCH2;SLC2A1,2
KEGG_2019_Mouse,Leukocyte transendothelial migration,0.1516935577150374,0.4719355128912275,PECAM1;ICAM1,2
KEGG_2019_Mouse,Circadian rhythm,0.16529183167220157,0.5023093062521299,PER3,1
KEGG_2019_Mouse,Propanoate metabolism,0.17030759705714973,0.5023093062521299,ACACB,1
KEGG_2019_Mouse,AMPK signaling pathway,0.17494037285838918,0.5023093062521299,SLC2A4;ACACB,2
KEGG_2019_Mouse,Citrate cycle (TCA cycle),0.17529347238641987,0.5023093062521299,IDH2,1
KEGG_2019_Mouse,Inflammatory mediator regulation of TRP channels,0.1770821961923023,0.5023093062521299,IL1R1;ADCY6,2
KEGG_2019_Mouse,Renin-angiotensin system,0.19494159009588247,0.5023093062521299,AGT,1
KEGG_2019_Mouse,Human cytomegalovirus infection,0.19757780821921506,0.5023093062521299,CDKN1A;IL1R1;ADCY6,3
KEGG_2019_Mouse,Signaling pathways regulating pluripotency of stem cells,0.1987100171305795,0.5023093062521299,PCGF2;KLF4,2
KEGG_2019_Mouse,Thyroid cancer,0.19978064389657788,0.5023093062521299,CDKN1A,1
KEGG_2019_Mouse,Insulin signaling pathway,0.20307509074145202,0.5023093062521299,SLC2A4;ACACB,2
KEGG_2019_Mouse,Pyruvate metabolism,0.20459085202067742,0.5023093062521299,ACACB,1
KEGG_2019_Mouse,African trypanosomiasis,0.2093723849514271,0.5023093062521299,ICAM1,1
KEGG_2019_Mouse,"Glycine, serine and threonine metabolism",0.21412541218649167,0.5023093062521299,CBS,1
KEGG_2019_Mouse,Nicotine addiction,0.21412541218649167,0.5023093062521299,GABRR2,1
KEGG_2019_Mouse,Bladder cancer,0.21885010228561994,0.5023093062521299,CDKN1A,1
KEGG_2019_Mouse,Breast cancer,0.22063695060946031,0.5023093062521299,NOTCH2;CDKN1A,2
KEGG_2019_Mouse,Adrenergic signaling in cardiomyocytes,0.22284184959983394,0.5023093062521299,AGT;ADCY6,2
KEGG_2019_Mouse,Phospholipase D signaling pathway,0.2250485528735463,0.5023093062521299,AGT;ADCY6,2
KEGG_2019_Mouse,Gastric cancer,0.22725696040012605,0.5023093062521299,CDKN1A;ABCB1A,2
KEGG_2019_Mouse,Retrograde endocannabinoid signaling,0.22725696040012605,0.5023093062521299,GABRR2;ADCY6,2
KEGG_2019_Mouse,Vasopressin-regulated water reabsorption,0.22821514017425693,0.5023093062521299,ADCY6,1
KEGG_2019_Mouse,Hedgehog signaling pathway,0.23285582007683034,0.5023093062521299,GRK3,1
KEGG_2019_Mouse,MicroRNAs in cancer,0.23823016302814062,0.5023093062521299,NOTCH2;CDKN1A;ABCB1A,3
KEGG_2019_Mouse,Ether lipid metabolism,0.24661247587538812,0.5023093062521299,PLA2G3,1
KEGG_2019_Mouse,Hippo signaling pathway,0.2471933623157854,0.5023093062521299,SERPINE1;BMP7,2
KEGG_2019_Mouse,Type II diabetes mellitus,0.25114344211139367,0.5023093062521299,SLC2A4,1
KEGG_2019_Mouse,Cholesterol metabolism,0.2556473842905439,0.5023093062521299,ABCA1,1
KEGG_2019_Mouse,Notch signaling pathway,0.2556473842905439,0.5023093062521299,NOTCH2,1
KEGG_2019_Mouse,Cytokine-cytokine receptor interaction,0.2558562762159481,0.5023093062521299,IL1R1;OSMR;BMP7,3
KEGG_2019_Mouse,JAK-STAT signaling pathway,0.25830020202775655,0.5023093062521299,CDKN1A;OSMR,2
KEGG_2019_Mouse,MAPK signaling pathway,0.25908173097382586,0.5023093062521299,IL1R1;FLNA;FLNB,3
KEGG_2019_Mouse,Cysteine and methionine metabolism,0.26012446216628154,0.5023093062521299,CBS,1
KEGG_2019_Mouse,Linoleic acid metabolism,0.26012446216628154,0.5023093062521299,PLA2G3,1
KEGG_2019_Mouse,Cell adhesion molecules (CAMs),0.27163854736441695,0.51535734366045,PECAM1;ICAM1,2
KEGG_2019_Mouse,Glycosaminoglycan biosynthesis,0.27339609458184977,0.51535734366045,CHPF2,1
KEGG_2019_Mouse,cGMP-PKG signaling pathway,0.27608429124666967,0.51535734366045,NOS3;ADCY6,2
KEGG_2019_Mouse,Endocrine and other factor-regulated calcium reabsorption,0.28211241656016706,0.5208229228803084,ADCY6,1
KEGG_2019_Mouse,Tuberculosis,0.2894117701715263,0.5216715575200999,MRC2;LBP,2
KEGG_2019_Mouse,Ovarian steroidogenesis,0.29072503860375604,0.5216715575200999,ADCY6,1
KEGG_2019_Mouse,VEGF signaling pathway,0.29499284502624695,0.5216715575200999,NOS3,1
KEGG_2019_Mouse,Endometrial cancer,0.29499284502624695,0.5216715575200999,CDKN1A,1
KEGG_2019_Mouse,Lysine degradation,0.2992351841216251,0.5236615722128439,KMT2B,1
KEGG_2019_Mouse,Cellular senescence,0.30492553157390223,0.528118446437274,CDKN1A;SERPINE1,2
KEGG_2019_Mouse,Basal cell carcinoma,0.31595286842179027,0.5377177913777935,CDKN1A,1
KEGG_2019_Mouse,Central carbon metabolism in cancer,0.3200701139153533,0.5377177913777935,SLC2A1,1
KEGG_2019_Mouse,Glutathione metabolism,0.3200701139153533,0.5377177913777935,IDH2,1
KEGG_2019_Mouse,Non-small cell lung cancer,0.3282310216976141,0.545548282969515,CDKN1A,1
KEGG_2019_Mouse,Chemokine signaling pathway,0.3313695896689911,0.545548282969515,GRK3;ADCY6,2
KEGG_2019_Mouse,Acute myeloid leukemia,0.3402905943677059,0.545548282969515,ZBTB16,1
KEGG_2019_Mouse,Neuroactive ligand-receptor interaction,0.3473868113850261,0.545548282969515,GABRR2;NPY;AGT,3
KEGG_2019_Mouse,Adherens junction,0.35213544557135096,0.545548282969515,PTPRB,1
KEGG_2019_Mouse,Melanoma,0.35213544557135096,0.545548282969515,CDKN1A,1
KEGG_2019_Mouse,Thyroid hormone synthesis,0.35603667068127076,0.545548282969515,ADCY6,1
KEGG_2019_Mouse,Gastric acid secretion,0.359914598468313,0.545548282969515,ADCY6,1
KEGG_2019_Mouse,cAMP signaling pathway,0.3618618433610827,0.545548282969515,NPY;ADCY6,2
KEGG_2019_Mouse,Glioma,0.36376936689626144,0.545548282969515,CDKN1A,1
KEGG_2019_Mouse,Pancreatic cancer,0.36376936689626144,0.545548282969515,CDKN1A,1
KEGG_2019_Mouse,Chronic myeloid leukemia,0.3676011130846004,0.545548282969515,CDKN1A,1
KEGG_2019_Mouse,Kaposi sarcoma-associated herpesvirus infection,0.3726326300532539,0.545548282969515,CDKN1A;ICAM1,2
KEGG_2019_Mouse,Salivary secretion,0.37519608345217403,0.545548282969515,ADCY6,1
KEGG_2019_Mouse,ErbB signaling pathway,0.39744247794509746,0.545548282969515,CDKN1A,1
KEGG_2019_Mouse,Peroxisome,0.39744247794509746,0.545548282969515,IDH2,1
KEGG_2019_Mouse,Rheumatoid arthritis,0.39744247794509746,0.545548282969515,ICAM1,1
KEGG_2019_Mouse,Epstein-Barr virus infection,0.4002868982376649,0.545548282969515,CDKN1A;ICAM1,2
KEGG_2019_Mouse,PPAR signaling pathway,0.40107306484807276,0.545548282969515,PLIN4,1
KEGG_2019_Mouse,Gap junction,0.40468195750307323,0.545548282969515,ADCY6,1
KEGG_2019_Mouse,Hypertrophic cardiomyopathy (HCM),0.40468195750307323,0.545548282969515,AGT,1
KEGG_2019_Mouse,Th1 and Th2 cell differentiation,0.40826928450866384,0.545548282969515,NOTCH2,1
KEGG_2019_Mouse,Viral myocarditis,0.40826928450866384,0.545548282969515,ICAM1,1
KEGG_2019_Mouse,Taste transduction,0.4118351736792763,0.545548282969515,ADCY6,1
KEGG_2019_Mouse,Colorectal cancer,0.4118351736792763,0.545548282969515,CDKN1A,1
KEGG_2019_Mouse,Steroid hormone biosynthesis,0.41537975203514355,0.545548282969515,CYP2D22,1
KEGG_2019_Mouse,Arachidonic acid metabolism,0.41537975203514355,0.545548282969515,PLA2G3,1
KEGG_2019_Mouse,GnRH signaling pathway,0.41890314585159183,0.545548282969515,ADCY6,1
KEGG_2019_Mouse,Progesterone-mediated oocyte maturation,0.41890314585159183,0.545548282969515,ADCY6,1
KEGG_2019_Mouse,IL-17 signaling pathway,0.4224054806793356,0.5458778519548337,MAPK4,1
KEGG_2019_Mouse,Chemical carcinogenesis,0.43278737594051114,0.5508202966515596,SULT1A1,1
KEGG_2019_Mouse,Hematopoietic cell lineage,0.43278737594051114,0.5508202966515596,IL1R1,1
KEGG_2019_Mouse,Staphylococcus aureus infection,0.43620671576492814,0.5509979567556986,ICAM1,1
KEGG_2019_Mouse,Glycerophospholipid metabolism,0.4429841900396306,0.5512692142715403,PLA2G3,1
KEGG_2019_Mouse,Prostate cancer,0.4429841900396306,0.5512692142715403,CDKN1A,1
KEGG_2019_Mouse,Toll-like receptor signaling pathway,0.4496808615380268,0.5554027277541171,LBP,1
KEGG_2019_Mouse,Melanogenesis,0.45299919523566695,0.5554027277541171,ADCY6,1
KEGG_2019_Mouse,Th17 cell differentiation,0.4595764503398224,0.5554027277541171,IL1R1,1
KEGG_2019_Mouse,Longevity regulating pathway,0.4595764503398224,0.5554027277541171,ADCY6,1
KEGG_2019_Mouse,Chagas disease (American trypanosomiasis),0.4628356064617643,0.5554027277541171,SERPINE1,1
KEGG_2019_Mouse,TNF signaling pathway,0.4851103389940776,0.5780038081631562,ICAM1,1
KEGG_2019_Mouse,Cholinergic synapse,0.4943739389178432,0.5848931108323778,ADCY6,1
KEGG_2019_Mouse,Oocyte meiosis,0.5034722370791946,0.5914918589461867,ADCY6,1
KEGG_2019_Mouse,Natural killer cell mediated cytotoxicity,0.5094473814880899,0.5943552784027716,ICAM1,1
KEGG_2019_Mouse,Cell cycle,0.5240750953142075,0.6022266374834847,CDKN1A,1
KEGG_2019_Mouse,Lysosome,0.5269483077980491,0.6022266374834847,AP1G2,1
KEGG_2019_Mouse,Sphingolipid signaling pathway,0.5269483077980491,0.6022266374834847,NOS3,1
KEGG_2019_Mouse,Osteoclast differentiation,0.5382701532322233,0.6110093631284697,IL1R1,1
KEGG_2019_Mouse,Serotonergic synapse,0.5493232292152312,0.6193711577728781,CYP2D22,1
KEGG_2019_Mouse,Purine metabolism,0.560113863817348,0.6273275274754297,ADCY6,1
KEGG_2019_Mouse,Hepatitis C,0.6196825741524906,0.6879678621717903,CDKN1A,1
KEGG_2019_Mouse,Hepatitis B,0.6265421601921661,0.6879678621717903,CDKN1A,1
KEGG_2019_Mouse,Protein processing in endoplasmic reticulum,0.6265421601921661,0.6879678621717903,UFD1,1
KEGG_2019_Mouse,Tight junction,0.6354977688884235,0.6911879732798664,MYH11,1
KEGG_2019_Mouse,Influenza A,0.6377031896332099,0.6911879732798664,ICAM1,1
KEGG_2019_Mouse,Hepatocellular carcinoma,0.6442403658641676,0.6937973170844881,CDKN1A,1
KEGG_2019_Mouse,Axon guidance,0.6631582230411821,0.7051302624741682,BMP7,1
KEGG_2019_Mouse,Phagosome,0.6631582230411821,0.7051302624741682,MRC2,1
KEGG_2019_Mouse,Calcium signaling pathway,0.6810780389255715,0.7196296260345661,NOS3,1
KEGG_2019_Mouse,Huntington disease,0.6868386315310078,0.7211805631075582,TGM2,1
KEGG_2019_Mouse,Alcoholism,0.6998818418659946,0.730311487164516,NPY,1
KEGG_2019_Mouse,Rap1 signaling pathway,0.7175856524130955,0.7441628987987656,ADCY6,1
KEGG_2019_Mouse,Viral carcinogenesis,0.7499449748250142,0.7697059245980168,CDKN1A,1
KEGG_2019_Mouse,Thermogenesis,0.752971237300611,0.7697059245980168,ADCY6,1
KEGG_2019_Mouse,Ras signaling pathway,0.7559611759444809,0.7697059245980168,PLA2G3,1
KEGG_2019_Mouse,Human immunodeficiency virus 1 infection,0.7632799310522055,0.7724760747998224,AP1G2,1
KEGG_2019_Mouse,Endocytosis,0.8040377850007984,0.8088523825157732,GRK3,1
KEGG_2019_Mouse,Olfactory transduction,0.9991030788068596,0.9991030788068596,GRK3,1
