library,term,p,padj,overlap,n
GO_Biological_Process_2023,Myelination (GO:0042552),6.9079715436383e-08,4.761580168334891e-05,MYRF;PLLP;PLP1;SOX10;GPM6B;KLK6;BCAS1,7
GO_Biological_Process_2023,Axon Ensheathment In Central Nervous System (GO:0032291),1.0736370165354883e-07,4.761580168334891e-05,MYRF;PLP1;SOX10;GPM6B,4
GO_Biological_Process_2023,Central Nervous System Myelination (GO:0022010),9.887343944236878e-07,0.00023068183412468845,MYRF;PLP1;SOX10;GPM6B,4
GO_Biological_Process_2023,Nervous System Development (GO:0007399),1.0402788461090798e-06,0.00023068183412468845,MOG;LPAR1;PTN;S100B;SOX10;KLK6;TRAK2;ZEB2;GJB1;EDNRB;MOBP;FEZ1;FABP7;TYRO3;GPM6B,15
GO_Biological_Process_2023,Oligodendrocyte Development (GO:0014003),5.294943430324493e-06,0.0009393229645395651,MYRF;PLP1;SOX10;GPM6B,4
GO_Biological_Process_2023,Intermediate Filament Bundle Assembly (GO:0045110),1.4441320424977626e-05,0.0021349085361591926,NEFL;NEFM;NEFH,3
GO_Biological_Process_2023,Negative Regulation Of Adenylate Cyclase Activity (GO:0007194),4.869509256309267e-05,0.006170363871923314,GRM3;EDNRB;AKAP5,3
GO_Biological_Process_2023,Negative Regulation Of Cyclase Activity (GO:0031280),6.658515048464627e-05,0.007382628559985155,GRM3;EDNRB;AKAP5,3
GO_Biological_Process_2023,Axon Development (GO:0061564),0.00010542829852697421,0.010124278453452413,PLP1;OLIG1;OLIG2;S100B;NEFH;GPM6B,6
GO_Biological_Process_2023,Negative Regulation Of Lyase Activity (GO:0051350),0.00011414068154963262,0.010124278453452413,GRM3;EDNRB;AKAP5,3
GO_Biological_Process_2023,Regulation Of Adenylate Cyclase Activity (GO:0045761),0.0002654324390270615,0.021403506674273053,GRM3;EDNRB;AKAP5,3
GO_Biological_Process_2023,Choline Metabolic Process (GO:0019695),0.0005578715176230109,0.04123600301096756,SLC44A1;ENPP6,2
GO_Biological_Process_2023,Neuron Projection Development (GO:0031175),0.0006493832978552919,0.044307921938280294,DOCK10;MICALL1;PLP1;OLIG1;OLIG2;NEFH;GPM6B,7
GO_Biological_Process_2023,Dendrite Arborization (GO:0140059),0.0008326602934955302,0.05275497716646681,PHACTR1;PTN,2
GO_Biological_Process_2023,Axon Guidance (GO:0007411),0.0009488828955426808,0.05611060855642386,UNC5B;FEZ1;KIF5A;PLXNB3;NRXN3;CNTN2,6
GO_Biological_Process_2023,Neuron Projection Arborization (GO:0140058),0.001159950137175308,0.06430473572965614,PHACTR1;PTN,2
GO_Biological_Process_2023,Glial Cell Differentiation (GO:0010001),0.0021264401819400458,0.11095014361063651,MYRF;NCAN;SOX10,3
GO_Biological_Process_2023,Dendrite Morphogenesis (GO:0048813),0.0023130210936014328,0.11398053944580394,DOCK10;PHACTR1;PTN,3
GO_Biological_Process_2023,Axonogenesis (GO:0007409),0.003079330223035042,0.14012126639373704,FEZ1;KIF5A;NRXN3;CNTN2;S100B;NEFH,6
GO_Biological_Process_2023,Anterograde Axonal Transport (GO:0008089),0.0031594423087652093,0.14012126639373704,KIF5A;NEFL;TRAK2,3
GO_Biological_Process_2023,Axonal Transport Of Mitochondrion (GO:0019896),0.0035563006854602624,0.15021136704777396,NEFL;TRAK2,2
GO_Biological_Process_2023,Learning (GO:0007612),0.004173663308685989,0.16827451612747604,GPR88;NRXN3;PTN,3
GO_Biological_Process_2023,Homotypic Cell-Cell Adhesion (GO:0034109),0.005049975059004545,0.1938970302205669,MEGF10;UBASH3B;TYRO3,3
GO_Biological_Process_2023,Retrograde Axonal Transport (GO:0008090),0.005574414545284189,0.1938970302205669,KIF5A;NEFL,2
GO_Biological_Process_2023,Regulation Of GTPase Activity (GO:0043087),0.0057719016916693774,0.1938970302205669,DOCK10;WNK1;CHN2;PLXNB3;PKP4;RAPGEF4,6
GO_Biological_Process_2023,Central Nervous System Development (GO:0007417),0.005778621630225001,0.1938970302205669,MOG;MYRF;SYNJ2;S100B;SOX10;MEIS2;KLK6,7
GO_Biological_Process_2023,Autonomic Nervous System Development (GO:0048483),0.006339361754674679,0.1938970302205669,EDNRB;SOX10,2
GO_Biological_Process_2023,Phosphatidylinositol Dephosphorylation (GO:0046856),0.006339361754674679,0.1938970302205669,INPP5J;SYNJ2,2
GO_Biological_Process_2023,Dicarboxylic Acid Catabolic Process (GO:0043649),0.006339361754674679,0.1938970302205669,GAD1;ASPA,2
GO_Biological_Process_2023,Adenylate Cyclase-Inhibiting G Protein-Coupled Receptor Signaling Pathway (GO:0007193),0.007114324460479315,0.2103468598815051,GPR37;LPAR1;AKAP5,3
GO_Biological_Process_2023,Regulation Of Oligodendrocyte Differentiation (GO:0048713),0.008003283183497207,0.2218410057425632,OPALIN;PTN,2
GO_Biological_Process_2023,Protein Autoprocessing (GO:0016540),0.008003283183497207,0.2218410057425632,MYRF;KLK6,2
GO_Biological_Process_2023,Oligodendrocyte Differentiation (GO:0048709),0.008900840323359105,0.2392437989945311,MYRF;SOX10,2
GO_Biological_Process_2023,Regulation Of Fibroblast Migration (GO:0010762),0.009841197065109521,0.25673946461035724,GNA12;PRR5L,2
GO_Biological_Process_2023,Regulation Of Neuron Projection Development (GO:0010975),0.010395683174809349,0.26310549914012216,MAG;PLXNB3;LPAR1;KIF13B;PTN,5
GO_Biological_Process_2023,Negative Regulation Of GTPase Activity (GO:0034260),0.01082366481603954,0.26310549914012216,WNK1;PLXNB3,2
GO_Biological_Process_2023,Regulation Of Cytoskeleton Organization (GO:0051493),0.010975088464695063,0.26310549914012216,PHLDB1;CLIC4;MAP6D1;GPM6B,4
GO_Biological_Process_2023,Cytoskeleton-Dependent Intracellular Transport (GO:0030705),0.011847562817634955,0.2694561081856976,KIF13B;MAP6D1,2
GO_Biological_Process_2023,Vesicle Transport Along Microtubule (GO:0047496),0.011847562817634955,0.2694561081856976,KIF5A;TRAK2,2
GO_Biological_Process_2023,Glial Cell Development (GO:0021782),0.012912218069625612,0.28632843569394795,MYRF;SOX10,2
GO_Biological_Process_2023,Regulation Of Neuroblast Proliferation (GO:1902692),0.0140169652594449,0.28827630149325956,NCAN;PTN,2
GO_Biological_Process_2023,Endosome Transport Via Multivesicular Body Sorting Pathway (GO:0032509),0.0140169652594449,0.28827630149325956,LAPTM4B;SORT1,2
GO_Biological_Process_2023,Multivesicular Body Sorting Pathway (GO:0071985),0.0140169652594449,0.28827630149325956,LAPTM4B;SORT1,2
GO_Biological_Process_2023,Neuron Projection Guidance (GO:0097485),0.01456814986323057,0.28827630149325956,FEZ1;KIF5A;NRXN3;CNTN2,4
GO_Biological_Process_2023,Regulation Of Myelination (GO:0031641),0.01516114666964866,0.28827630149325956,MYRF;PTN,2
GO_Biological_Process_2023,Sensory Organ Development (GO:0007423),0.01597371244112399,0.28827630149325956,OLIG1;OLIG2;MEIS2,3
GO_Biological_Process_2023,L-amino Acid Transport (GO:0015807),0.016344112122036063,0.28827630149325956,SLC32A1;SLC38A3,2
GO_Biological_Process_2023,Cell-Cell Junction Assembly (GO:0007043),0.01658802823337478,0.28827630149325956,CLDN11;GJB1;PKP4,3
GO_Biological_Process_2023,Chemical Synaptic Transmission (GO:0007268),0.01765614799104967,0.28827630149325956,GRM3;CNP;SLC32A1;GAD1;KIF5A;PLP1,6
GO_Biological_Process_2023,Anterograde Trans-Synaptic Signaling (GO:0098916),0.017667414501661066,0.28827630149325956,GRM3;CNP;GAD1;KIF5A;PLP1,5
GO_Biological_Process_2023,Negative Regulation Of Neuron Apoptotic Process (GO:0043524),0.018509731384544266,0.28827630149325956,MAG;UNC5B;TYRO3,3
GO_Biological_Process_2023,Apoptotic Cell Clearance (GO:0043277),0.018823831632266252,0.28827630149325956,MEGF10;TYRO3,2
GO_Biological_Process_2023,Negative Regulation Of Plasma Membrane Bounded Cell Projection Assembly (GO:0120033),0.020119322307802504,0.28827630149325956,PLXNB3;CCP110,2
GO_Biological_Process_2023,Phospholipid Dephosphorylation (GO:0046839),0.021451070116993376,0.28827630149325956,INPP5J;SYNJ2,2
GO_Biological_Process_2023,Regulation Of Long-Term Synaptic Potentiation (GO:1900271),0.02281846141210293,0.28827630149325956,AKAP5;PTN,2
GO_Biological_Process_2023,Regulation Of Intracellular Signal Transduction (GO:1902531),0.02543877680783238,0.28827630149325956,PEX5L;PHLPP1;CHN2;GNA12;AKAP5;MOB3B,6
GO_Biological_Process_2023,Neutral Amino Acid Transport (GO:0015804),0.028632435402975345,0.28827630149325956,SLC32A1;SLC38A3,2
GO_Biological_Process_2023,Platelet Aggregation (GO:0070527),0.028632435402975345,0.28827630149325956,UBASH3B;TYRO3,2
GO_Biological_Process_2023,Negative Regulation Of Neuron Death (GO:1901215),0.02904678056282635,0.28827630149325956,MAG;UNC5B;TYRO3,3
GO_Biological_Process_2023,Positive Regulation Of Plasma Membrane Bounded Cell Projection Assembly (GO:0120034),0.02904678056282635,0.28827630149325956,ANLN;CDC42EP2;CCP110,3
GO_Biological_Process_2023,Negative Regulation Of Organelle Assembly (GO:1902116),0.030169085255918323,0.28827630149325956,FEZ1;CCP110,2
GO_Biological_Process_2023,Supramolecular Fiber Organization (GO:0097435),0.0330195021314254,0.28827630149325956,TMOD1;MYO1D;CDC42EP2;NEFL;SLAIN1;ERMN,6
GO_Biological_Process_2023,Positive Regulation Of Bone Mineralization (GO:0030501),0.03333814379109537,0.28827630149325956,PTN;GPM6B,2
GO_Biological_Process_2023,Sphingolipid Metabolic Process (GO:0006665),0.034351385136540666,0.28827630149325956,GLTP;FA2H;ELOVL7,3
GO_Biological_Process_2023,Regulation Of Monoatomic Cation Transmembrane Transport (GO:1904062),0.03496942813208803,0.28827630149325956,WNK1;HCN2,2
GO_Biological_Process_2023,Positive Regulation Of Intrinsic Apoptotic Signaling Pathway (GO:2001244),0.03496942813208803,0.28827630149325956,NACC2;SEPTIN4,2
GO_Biological_Process_2023,Vesicle Cytoskeletal Trafficking (GO:0099518),0.03496942813208803,0.28827630149325956,MYO1D;TRAK2,2
GO_Biological_Process_2023,Adenylate Cyclase-Modulating G Protein-Coupled Receptor Signaling Pathway (GO:0007188),0.035228472231358464,0.28827630149325956,GPR37;GNA12;LPAR1;AKAP5,4
GO_Biological_Process_2023,Regulation Of Microtubule Cytoskeleton Organization (GO:0070507),0.0366311439147678,0.28827630149325956,PHLDB1;MAP6D1,2
GO_Biological_Process_2023,Regulation Of Microtubule Polymerization (GO:0031113),0.0366311439147678,0.28827630149325956,SLAIN1;TUBB4A,2
GO_Biological_Process_2023,ERBB2-EGFR Signaling Pathway (GO:0038134),0.03718771913370342,0.28827630149325956,TGFA,1
GO_Biological_Process_2023,Negative Regulation Of Lamellipodium Organization (GO:1902744),0.03718771913370342,0.28827630149325956,PLXNB3,1
GO_Biological_Process_2023,Negative Regulation Of Lipoprotein Lipase Activity (GO:0051005),0.03718771913370342,0.28827630149325956,SORT1,1
GO_Biological_Process_2023,L-phenylalanine Catabolic Process (GO:0006559),0.03718771913370342,0.28827630149325956,QDPR,1
GO_Biological_Process_2023,L-phenylalanine Metabolic Process (GO:0006558),0.03718771913370342,0.28827630149325956,QDPR,1
GO_Biological_Process_2023,Regulation Of Hepatocyte Proliferation (GO:2000345),0.03718771913370342,0.28827630149325956,PTN,1
GO_Biological_Process_2023,TORC2 Signaling (GO:0038203),0.03718771913370342,0.28827630149325956,PRR5L,1
GO_Biological_Process_2023,Regulation Of Lysosome Organization (GO:1905671),0.03718771913370342,0.28827630149325956,LAPTM4B,1
GO_Biological_Process_2023,Regulation Of Macrophage Proliferation (GO:0120040),0.03718771913370342,0.28827630149325956,IL33,1
GO_Biological_Process_2023,Neurotransmitter Loading Into Synaptic Vesicle (GO:0098700),0.03718771913370342,0.28827630149325956,SLC32A1,1
GO_Biological_Process_2023,Basic Amino Acid Transport (GO:0015802),0.03718771913370342,0.28827630149325956,SLC38A3,1
GO_Biological_Process_2023,"Pentose-Phosphate Shunt, Non-Oxidative Branch (GO:0009052)",0.03718771913370342,0.28827630149325956,PHACTR1,1
GO_Biological_Process_2023,Plasma Membrane Raft Organization (GO:0044857),0.03718771913370342,0.28827630149325956,FA2H,1
GO_Biological_Process_2023,Detection Of Virus (GO:0009597),0.03718771913370342,0.28827630149325956,SERINC5,1
GO_Biological_Process_2023,Endothelin Receptor Signaling Pathway (GO:0086100),0.03718771913370342,0.28827630149325956,EDNRB,1
GO_Biological_Process_2023,Erythrose 4-Phosphate/Phosphoenolpyruvate Family Amino Acid Catabolic Process (GO:1902222),0.03718771913370342,0.28827630149325956,QDPR,1
GO_Biological_Process_2023,Galactolipid Biosynthetic Process (GO:0019375),0.03718771913370342,0.28827630149325956,FA2H,1
GO_Biological_Process_2023,Galactosylceramide Biosynthetic Process (GO:0006682),0.03718771913370342,0.28827630149325956,FA2H,1
GO_Biological_Process_2023,Gamma-Aminobutyric Acid Metabolic Process (GO:0009448),0.03718771913370342,0.28827630149325956,GAD1,1
GO_Biological_Process_2023,Tight Junction Organization (GO:0120193),0.03718771913370342,0.28827630149325956,CLDN11,1
GO_Biological_Process_2023,Transmembrane Receptor Protein Tyrosine Phosphatase Signaling Pathway (GO:0007185),0.03718771913370342,0.28827630149325956,PTN,1
GO_Biological_Process_2023,Glutamate Catabolic Process (GO:0006538),0.03718771913370342,0.28827630149325956,GAD1,1
GO_Biological_Process_2023,Heme Transport (GO:0015886),0.03718771913370342,0.28827630149325956,SLC48A1,1
GO_Biological_Process_2023,Iron Coordination Entity Transport (GO:1901678),0.03718771913370342,0.28827630149325956,SLC48A1,1
GO_Biological_Process_2023,Leukocyte Chemotaxis Involved In Inflammatory Response (GO:0002232),0.03718771913370342,0.28827630149325956,PTN,1
GO_Biological_Process_2023,Pteridine-Containing Compound Metabolic Process (GO:0042558),0.03718771913370342,0.28827630149325956,QDPR,1
GO_Biological_Process_2023,Membrane Organization (GO:0061024),0.03797858069051784,0.28827630149325956,GLTP;CNTN2;PLAAT3;SYNJ2,4
GO_Biological_Process_2023,Regulation Of Microtubule-Based Process (GO:0032886),0.0383227452881805,0.28827630149325956,PHLDB1;MAP6D1,2
GO_Biological_Process_2023,Positive Regulation Of Ossification (GO:0045778),0.0383227452881805,0.28827630149325956,PTN;GPM6B,2
GO_Biological_Process_2023,Regulation Of Osteoclast Differentiation (GO:0045670),0.04004369283001152,0.28827630149325956,UBASH3B;EEIG1,2
GO_Biological_Process_2023,Substantia Nigra Development (GO:0021762),0.04004369283001152,0.28827630149325956,CNP;PLP1,2
GO_Biological_Process_2023,Regulation Of Axonogenesis (GO:0050770),0.04004369283001152,0.28827630149325956,KIF13B;PLXNB3,2
GO_Biological_Process_2023,Cell-Cell Adhesion Via Plasma-Membrane Adhesion Molecules (GO:0098742),0.041585156218960063,0.28827630149325956,CLDN11;MAG;PLXNB3;CNTN2,4
GO_Biological_Process_2023,Positive Regulation Of Biomineral Tissue Development (GO:0070169),0.04179345343493708,0.28827630149325956,PTN;GPM6B,2
GO_Biological_Process_2023,Positive Regulation Of miRNA Transcription (GO:1902895),0.04179345343493708,0.28827630149325956,NGFR;APLN,2
GO_Biological_Process_2023,AV Node Cell To Bundle Of His Cell Communication (GO:0086067),0.04445874977805076,0.28827630149325956,GJC3,1
GO_Biological_Process_2023,Regulation Of Glial Cell Differentiation (GO:0045685),0.04445874977805076,0.28827630149325956,OPALIN,1
GO_Biological_Process_2023,Anterograde Dendritic Transport (GO:0098937),0.04445874977805076,0.28827630149325956,KIF5A,1
GO_Biological_Process_2023,Neurotrophin TRK Receptor Signaling Pathway (GO:0048011),0.04445874977805076,0.28827630149325956,SORT1,1
GO_Biological_Process_2023,Regulation Of Transforming Growth Factor Beta1 Production (GO:0032908),0.04445874977805076,0.28827630149325956,LAPTM4B,1
GO_Biological_Process_2023,Choline Transport (GO:0015871),0.04445874977805076,0.28827630149325956,SLC44A1,1
GO_Biological_Process_2023,Positive Regulation Of Blood Circulation (GO:1903524),0.04445874977805076,0.28827630149325956,APLN,1
GO_Biological_Process_2023,Dense Core Granule Cytoskeletal Transport (GO:0099519),0.04445874977805076,0.28827630149325956,KIF5A,1
GO_Biological_Process_2023,Skeletal Muscle Cell Differentiation (GO:0035914),0.04445874977805076,0.28827630149325956,MEGF10,1
GO_Biological_Process_2023,Enteric Nervous System Development (GO:0048484),0.04445874977805076,0.28827630149325956,SOX10,1
GO_Biological_Process_2023,"Fatty Acid Elongation, Monounsaturated Fatty Acid (GO:0034625)",0.04445874977805076,0.28827630149325956,ELOVL7,1
GO_Biological_Process_2023,"Fatty Acid Elongation, Polyunsaturated Fatty Acid (GO:0034626)",0.04445874977805076,0.28827630149325956,ELOVL7,1
GO_Biological_Process_2023,"Fatty Acid Elongation, Saturated Fatty Acid (GO:0019367)",0.04445874977805076,0.28827630149325956,ELOVL7,1
GO_Biological_Process_2023,"Fatty Acid Elongation, Unsaturated Fatty Acid (GO:0019368)",0.04445874977805076,0.28827630149325956,ELOVL7,1
GO_Biological_Process_2023,Gap Junction Assembly (GO:0016264),0.04445874977805076,0.28827630149325956,GJB1,1
GO_Biological_Process_2023,Glycosylceramide Biosynthetic Process (GO:0046476),0.04445874977805076,0.28827630149325956,FA2H,1
GO_Biological_Process_2023,Vascular Associated Smooth Muscle Contraction (GO:0014829),0.04445874977805076,0.28827630149325956,EDNRB,1
GO_Biological_Process_2023,Lymphocyte Migration Into Lymphoid Organs (GO:0097021),0.04445874977805076,0.28827630149325956,WNK1,1
GO_Biological_Process_2023,Marginal Zone B Cell Differentiation (GO:0002315),0.04445874977805076,0.28827630149325956,DOCK10,1
GO_Biological_Process_2023,Mitochondrion-Endoplasmic Reticulum Membrane Tethering (GO:1990456),0.04445874977805076,0.28827630149325956,PACS2,1
GO_Biological_Process_2023,Regulation Of SA Node Cell Action Potential (GO:0098907),0.04445874977805076,0.28827630149325956,HCN2,1
GO_Biological_Process_2023,Negative Regulation Of Blood Vessel Endothelial Cell Proliferation Involved In Sprouting Angiogenesis (GO:1903588),0.04445874977805076,0.28827630149325956,NGFR,1
GO_Biological_Process_2023,Regulation Of Neuron Apoptotic Process (GO:0043523),0.04528244324174512,0.28827630149325956,MAG;UNC5B;TYRO3,3
GO_Biological_Process_2023,Epidermal Growth Factor Receptor Signaling Pathway (GO:0007173),0.04537731285361676,0.28827630149325956,GAB1;TGFA,2
GO_Biological_Process_2023,Positive Regulation Of Intracellular Signal Transduction (GO:1902533),0.04602378843428194,0.28827630149325956,GPR37;RNF13;UNC5B;LPAR1;SEPTIN4;S100B;LITAF;MYORG,8
GO_Biological_Process_2023,Regulation Of Cell Migration (GO:0030334),0.04684724908201384,0.28827630149325956,DOCK10;NGFR;CLIC4;GNA12;PLXNB3;PHACTR1;PRR5L,7
GO_Biological_Process_2023,Amino Acid Transport (GO:0006865),0.04721037664098082,0.28827630149325956,SLC32A1;SLC38A3,2
GO_Biological_Process_2023,Cellular Component Disassembly (GO:0022411),0.04721037664098082,0.28827630149325956,ADAMTS4;PLAAT3,2
GO_Biological_Process_2023,Epithelial Cell Migration (GO:0010631),0.04721037664098082,0.28827630149325956,ANLN;ZEB2,2
GO_Biological_Process_2023,Glycerophospholipid Biosynthetic Process (GO:0046474),0.04852890859094445,0.28827630149325956,SLC44A1;INPP5J;SYNJ2,3
GO_Biological_Process_2023,Negative Regulation Of Hydrolase Activity (GO:0051346),0.04907018332970906,0.28827630149325956,WNK1;PLXNB3,2
GO_Biological_Process_2023,Negative Regulation Of Inflammatory Response To Wounding (GO:0106015),0.05167523330037009,0.28827630149325956,IL33,1
GO_Biological_Process_2023,Negative Regulation Of Leukocyte Proliferation (GO:0070664),0.05167523330037009,0.28827630149325956,IL33,1
GO_Biological_Process_2023,L-alanine Transport (GO:0015808),0.05167523330037009,0.28827630149325956,SLC38A3,1
GO_Biological_Process_2023,Negative Regulation Of Neural Precursor Cell Proliferation (GO:2000178),0.05167523330037009,0.28827630149325956,PTN,1
GO_Biological_Process_2023,Amine Transport (GO:0015837),0.05167523330037009,0.28827630149325956,SLC44A1,1
GO_Biological_Process_2023,Anterograde Axonal Protein Transport (GO:0099641),0.05167523330037009,0.28827630149325956,KIF5A,1
GO_Biological_Process_2023,Regulation Of Myeloid Leukocyte Differentiation (GO:0002761),0.05167523330037009,0.28827630149325956,UBASH3B,1
GO_Biological_Process_2023,Aromatic Amino Acid Transport (GO:0015801),0.05167523330037009,0.28827630149325956,SLC38A3,1
GO_Biological_Process_2023,Axo-Dendritic Protein Transport (GO:0099640),0.05167523330037009,0.28827630149325956,KIF5A,1
GO_Biological_Process_2023,Peptidyl-Lysine Hydroxylation (GO:0017185),0.05167523330037009,0.28827630149325956,PLOD1,1
GO_Biological_Process_2023,Cellular Biogenic Amine Catabolic Process (GO:0042402),0.05167523330037009,0.28827630149325956,SLC44A1,1
GO_Biological_Process_2023,Cellular Modified Amino Acid Biosynthetic Process (GO:0042398),0.05167523330037009,0.28827630149325956,GATM,1
GO_Biological_Process_2023,Plasma Membrane To Endosome Transport (GO:0048227),0.05167523330037009,0.28827630149325956,SORT1,1
GO_Biological_Process_2023,Response To Auditory Stimulus (GO:0010996),0.05167523330037009,0.28827630149325956,PTN,1
GO_Biological_Process_2023,Coronary Vasculature Development (GO:0060976),0.05167523330037009,0.28827630149325956,APLN,1
GO_Biological_Process_2023,Positive Regulation Of Endocytic Recycling (GO:2001137),0.05167523330037009,0.28827630149325956,AKAP5,1
GO_Biological_Process_2023,Positive Regulation Of Insulin-Like Growth Factor Receptor Signaling Pathway (GO:0043568),0.05167523330037009,0.28827630149325956,MYORG,1
GO_Biological_Process_2023,Galactosylceramide Metabolic Process (GO:0006681),0.05167523330037009,0.28827630149325956,FA2H,1
GO_Biological_Process_2023,Positive Regulation Of Melanin Biosynthetic Process (GO:0048023),0.05167523330037009,0.28827630149325956,ZEB2,1
GO_Biological_Process_2023,Positive Regulation Of Oligodendrocyte Differentiation (GO:0048714),0.05167523330037009,0.28827630149325956,PTN,1
GO_Biological_Process_2023,Positive Regulation Of Secondary Metabolite Biosynthetic Process (GO:1900378),0.05167523330037009,0.28827630149325956,ZEB2,1
GO_Biological_Process_2023,Protein Localization To Presynapse (GO:1905383),0.05167523330037009,0.28827630149325956,KIF5A,1
GO_Biological_Process_2023,Myoblast Migration (GO:0051451),0.05167523330037009,0.28827630149325956,MEGF10,1
GO_Biological_Process_2023,Neurogenesis (GO:0022008),0.0528680221477525,0.29126668102519543,LPAR1;TRAK2,2
GO_Biological_Process_2023,Positive Regulation Of miRNA Metabolic Process (GO:2000630),0.0528680221477525,0.29126668102519543,NGFR;APLN,2
GO_Biological_Process_2023,Cell Chemotaxis (GO:0060326),0.054805067510828746,0.29319623438660886,LPAR1;PLXNB3,2
GO_Biological_Process_2023,Negative Regulation Of Cell Projection Organization (GO:0031345),0.054805067510828746,0.29319623438660886,MAG;LPAR1,2
GO_Biological_Process_2023,Rho Protein Signal Transduction (GO:0007266),0.05875298721314687,0.29319623438660886,NGFR;GNA12,2
GO_Biological_Process_2023,Regulation Of Cell Differentiation (GO:0045595),0.058778654803605314,0.29319623438660886,PHLDB1;MEGF10;PLEKHB1;KLK6,4
GO_Biological_Process_2023,Negative Regulation Of Lipase Activity (GO:0060192),0.058837575784460396,0.29319623438660886,SORT1,1
GO_Biological_Process_2023,Negative Regulation Of Long-Term Synaptic Potentiation (GO:1900272),0.058837575784460396,0.29319623438660886,PTN,1
GO_Biological_Process_2023,N-acylphosphatidylethanolamine Metabolic Process (GO:0070292),0.058837575784460396,0.29319623438660886,PLAAT3,1
GO_Biological_Process_2023,Regulation Of Lysosomal Protein Catabolic Process (GO:1905165),0.058837575784460396,0.29319623438660886,LAPTM4B,1
GO_Biological_Process_2023,Neuronal Ion Channel Clustering (GO:0045161),0.058837575784460396,0.29319623438660886,CNTN2,1
GO_Biological_Process_2023,Peptidyl-Lysine Monomethylation (GO:0018026),0.058837575784460396,0.29319623438660886,SETD7,1
GO_Biological_Process_2023,Collagen-Activated Signaling Pathway (GO:0038065),0.058837575784460396,0.29319623438660886,UBASH3B,1
GO_Biological_Process_2023,Semaphorin-Plexin Signaling Pathway Involved In Axon Guidance (GO:1902287),0.058837575784460396,0.29319623438660886,PLXNB3,1
GO_Biological_Process_2023,Skin Morphogenesis (GO:0043589),0.058837575784460396,0.29319623438660886,ITGB4,1
GO_Biological_Process_2023,Positive Regulation Of Extracellular Matrix Assembly (GO:1901203),0.058837575784460396,0.29319623438660886,PHLDB1,1
GO_Biological_Process_2023,Glutamine Transport (GO:0006868),0.058837575784460396,0.29319623438660886,SLC38A3,1
GO_Biological_Process_2023,Intermembrane Lipid Transfer (GO:0120009),0.058837575784460396,0.29319623438660886,GLTP,1
GO_Biological_Process_2023,Mesodermal Cell Differentiation (GO:0048333),0.058837575784460396,0.29319623438660886,ITGB4,1
GO_Biological_Process_2023,ERBB Signaling Pathway (GO:0038127),0.06279618223149575,0.29445372541678877,GAB1;TGFA,2
GO_Biological_Process_2023,Regulation Of Exocytosis (GO:0017157),0.06279618223149575,0.29445372541678877,LGI3;SEPTIN4,2
GO_Biological_Process_2023,Negative Regulation Of Neuron Projection Development (GO:0010977),0.06279618223149575,0.29445372541678877,MAG;LPAR1,2
GO_Biological_Process_2023,Phosphatidylcholine Metabolic Process (GO:0046470),0.06485234301817924,0.29445372541678877,SLC44A1;PLAAT3,2
GO_Biological_Process_2023,B Cell Homeostasis (GO:0001782),0.06594618039628541,0.29445372541678877,DOCK10,1
GO_Biological_Process_2023,Negative Regulation Of Heterotypic Cell-Cell Adhesion (GO:0034115),0.06594618039628541,0.29445372541678877,WNK1,1
GO_Biological_Process_2023,Regulation Of Inflammatory Response To Wounding (GO:0106014),0.06594618039628541,0.29445372541678877,IL33,1
GO_Biological_Process_2023,Negative Regulation Of Protein Localization To Cell Surface (GO:2000009),0.06594618039628541,0.29445372541678877,GPM6B,1
GO_Biological_Process_2023,Negative Regulation Of Transforming Growth Factor Beta Production (GO:0071635),0.06594618039628541,0.29445372541678877,LAPTM4B,1
GO_Biological_Process_2023,Neuron Projection Regeneration (GO:0031102),0.06594618039628541,0.29445372541678877,PTN,1
GO_Biological_Process_2023,Peptidyl-Lysine Dimethylation (GO:0018027),0.06594618039628541,0.29445372541678877,SETD7,1
GO_Biological_Process_2023,Regulation Of Sequestering Of Calcium Ion (GO:0051282),0.06594618039628541,0.29445372541678877,UBASH3B,1
GO_Biological_Process_2023,Phosphatidylethanolamine Acyl-Chain Remodeling (GO:0036152),0.06594618039628541,0.29445372541678877,PLAAT3,1
GO_Biological_Process_2023,Vasoconstriction (GO:0042310),0.06594618039628541,0.29445372541678877,EDNRB,1
GO_Biological_Process_2023,Muscle Cell Migration (GO:0014812),0.06594618039628541,0.29445372541678877,MEGF10,1
GO_Biological_Process_2023,Myelin Maintenance (GO:0043217),0.06594618039628541,0.29445372541678877,MYRF,1
GO_Biological_Process_2023,Negative Regulation Of Bone Resorption (GO:0045779),0.06594618039628541,0.29445372541678877,UBASH3B,1
GO_Biological_Process_2023,Negative Regulation Of Cell Adhesion Mediated By Integrin (GO:0033629),0.06594618039628541,0.29445372541678877,WNK1,1
GO_Biological_Process_2023,Regulation Of Cell-Cell Adhesion Involved In Gastrulation (GO:0070587),0.06594618039628541,0.29445372541678877,WNK1,1
GO_Biological_Process_2023,Regulation Of Cell-Cell Adhesion Mediated By Integrin (GO:0033632),0.06594618039628541,0.29445372541678877,WNK1,1
GO_Biological_Process_2023,Organonitrogen Compound Biosynthetic Process (GO:1901566),0.06639734768142788,0.29445372541678877,FA2H;SLC44A1;ELOVL7,3
GO_Biological_Process_2023,Positive Regulation Of Epithelial Cell Proliferation (GO:0050679),0.06639734768142788,0.29445372541678877,PLXNB3;TGFA;PTN,3
GO_Biological_Process_2023,Membrane Lipid Biosynthetic Process (GO:0046467),0.06903151006298712,0.29445372541678877,FA2H;ELOVL7,2
GO_Biological_Process_2023,Regulation Of Bone Mineralization (GO:0030500),0.07115362035316868,0.29445372541678877,PTN;GPM6B,2
GO_Biological_Process_2023,L-serine Metabolic Process (GO:0006563),0.07300144744630711,0.29445372541678877,SERINC5,1
GO_Biological_Process_2023,Acidic Amino Acid Transport (GO:0015800),0.07300144744630711,0.29445372541678877,SLC32A1,1
GO_Biological_Process_2023,Regulation Of Melanin Biosynthetic Process (GO:0048021),0.07300144744630711,0.29445372541678877,ZEB2,1
GO_Biological_Process_2023,Aromatic Amino Acid Family Catabolic Process (GO:0009074),0.07300144744630711,0.29445372541678877,QDPR,1
GO_Biological_Process_2023,Positive Regulation Of Dendrite Development (GO:1900006),0.07300144744630711,0.29445372541678877,PTN,1
GO_Biological_Process_2023,Serine Family Amino Acid Biosynthetic Process (GO:0009070),0.07300144744630711,0.29445372541678877,SERINC5,1
GO_Biological_Process_2023,Positive Regulation Of Epidermal Growth Factor-Activated Receptor Activity (GO:0045741),0.07300144744630711,0.29445372541678877,TGFA,1
GO_Biological_Process_2023,Engulfment Of Apoptotic Cell (GO:0043652),0.07300144744630711,0.29445372541678877,MEGF10,1
GO_Biological_Process_2023,Synaptic Vesicle Transport (GO:0048489),0.07300144744630711,0.29445372541678877,KIF5A,1
GO_Biological_Process_2023,Glycine Transport (GO:0015816),0.07300144744630711,0.29445372541678877,SLC32A1,1
GO_Biological_Process_2023,Positive Regulation Of Nitric-Oxide Synthase Biosynthetic Process (GO:0051770),0.07300144744630711,0.29445372541678877,IL33,1
GO_Biological_Process_2023,Lens Fiber Cell Differentiation (GO:0070306),0.07300144744630711,0.29445372541678877,PLAAT3,1
GO_Biological_Process_2023,Protein Localization To Endosome (GO:0036010),0.07300144744630711,0.29445372541678877,MICALL1,1
GO_Biological_Process_2023,Regulation Of Axon Regeneration (GO:0048679),0.07300144744630711,0.29445372541678877,PTN,1
GO_Biological_Process_2023,Regulation Of miRNA Transcription (GO:1902893),0.0732968268651892,0.29445372541678877,NGFR;APLN,2
GO_Biological_Process_2023,Protein Targeting (GO:0006605),0.07427614316130478,0.29445372541678877,MICALL1;KIF13B;TRAK2,3
GO_Biological_Process_2023,Homophilic Cell Adhesion Via Plasma Membrane Adhesion Molecules (GO:0007156),0.0754606950792138,0.29445372541678877,PLXNB3;CNTN2,2
GO_Biological_Process_2023,Negative Regulation Of Cell Motility (GO:2000146),0.07974910631174019,0.29445372541678877,NGFR;CLIC4;PLXNB3,3
GO_Biological_Process_2023,Glycerophospholipid Metabolic Process (GO:0006650),0.07984870479146688,0.29445372541678877,ENPP6;SERINC5,2
GO_Biological_Process_2023,Golgi To Lysosome Transport (GO:0090160),0.0800037743240655,0.29445372541678877,SORT1,1
GO_Biological_Process_2023,Negative Regulation Of Microtubule Polymerization (GO:0031115),0.0800037743240655,0.29445372541678877,TUBB4A,1
GO_Biological_Process_2023,Negative Regulation Of Nitrogen Compound Metabolic Process (GO:0051172),0.0800037743240655,0.29445372541678877,EDNRB,1
GO_Biological_Process_2023,Regulation Of Leukocyte Cell-Cell Adhesion (GO:1903037),0.0800037743240655,0.29445372541678877,WNK1,1
GO_Biological_Process_2023,Regulation Of Microtubule-Based Movement (GO:0060632),0.0800037743240655,0.29445372541678877,NEFH,1
GO_Biological_Process_2023,Aspartate Family Amino Acid Catabolic Process (GO:0009068),0.0800037743240655,0.29445372541678877,ASPA,1
GO_Biological_Process_2023,Neurotransmitter Biosynthetic Process (GO:0042136),0.0800037743240655,0.29445372541678877,GAD1,1
GO_Biological_Process_2023,Pentose-Phosphate Shunt (GO:0006098),0.0800037743240655,0.29445372541678877,PHACTR1,1
GO_Biological_Process_2023,Regulation Of Pseudopodium Assembly (GO:0031272),0.0800037743240655,0.29445372541678877,CDC42EP2,1
GO_Biological_Process_2023,Phasic Smooth Muscle Contraction (GO:0014821),0.0800037743240655,0.29445372541678877,EDNRB,1
GO_Biological_Process_2023,Regulation Of Stress-Activated Protein Kinase Signaling Cascade (GO:0070302),0.0800037743240655,0.29445372541678877,RNF13,1
GO_Biological_Process_2023,Skeletal Muscle Fiber Development (GO:0048741),0.0800037743240655,0.29445372541678877,MYORG,1
GO_Biological_Process_2023,Smooth Muscle Cell Differentiation (GO:0051145),0.0800037743240655,0.29445372541678877,EDNRB,1
GO_Biological_Process_2023,Positive Regulation Of Myelination (GO:0031643),0.0800037743240655,0.29445372541678877,MYRF,1
GO_Biological_Process_2023,Positive Regulation Of Pseudopodium Assembly (GO:0031274),0.0800037743240655,0.29445372541678877,CDC42EP2,1
GO_Biological_Process_2023,Lysosomal Membrane Organization (GO:0097212),0.0800037743240655,0.29445372541678877,LAPTM4B,1
GO_Biological_Process_2023,Macrophage Chemotaxis (GO:0048246),0.0800037743240655,0.29445372541678877,EDNRB,1
GO_Biological_Process_2023,Mitochondrion Distribution (GO:0048311),0.0800037743240655,0.29445372541678877,TRAK2,1
GO_Biological_Process_2023,Regulation Of Adipose Tissue Development (GO:1904177),0.0800037743240655,0.29445372541678877,PLAAT3,1
GO_Biological_Process_2023,Negative Regulation Of Bone Remodeling (GO:0046851),0.0800037743240655,0.29445372541678877,UBASH3B,1
GO_Biological_Process_2023,Phosphatidylinositol Metabolic Process (GO:0046488),0.08207200341339613,0.3007349440245609,INPP5J;SYNJ2,2
GO_Biological_Process_2023,Regulation Of Secretion By Cell (GO:1903530),0.08431427785747266,0.3007349440245609,LGI3;SEPTIN4,2
GO_Biological_Process_2023,G Protein-Coupled Glutamate Receptor Signaling Pathway (GO:0007216),0.08695355553159319,0.3007349440245609,GRM3,1
GO_Biological_Process_2023,Alanine Transport (GO:0032328),0.08695355553159319,0.3007349440245609,SLC38A3,1
GO_Biological_Process_2023,Cell Projection Assembly (GO:0030031),0.08695355553159319,0.3007349440245609,NEFH,1
GO_Biological_Process_2023,Positive Regulation Of T Cell Chemotaxis (GO:0010820),0.08695355553159319,0.3007349440245609,WNK1,1
GO_Biological_Process_2023,Semaphorin-Plexin Signaling Pathway Involved In Neuron Projection Guidance (GO:1902285),0.08695355553159319,0.3007349440245609,PLXNB3,1
GO_Biological_Process_2023,Fatty Acid Elongation (GO:0030497),0.08695355553159319,0.3007349440245609,ELOVL7,1
GO_Biological_Process_2023,Positive Regulation Of mRNA Metabolic Process (GO:1903313),0.08695355553159319,0.3007349440245609,PRR5L,1
GO_Biological_Process_2023,Glucose Import (GO:0046323),0.08695355553159319,0.3007349440245609,SORT1,1
GO_Biological_Process_2023,Positive Regulation Of Neuroinflammatory Response (GO:0150078),0.08695355553159319,0.3007349440245609,IL33,1
GO_Biological_Process_2023,Very Long-Chain Fatty Acid Biosynthetic Process (GO:0042761),0.08695355553159319,0.3007349440245609,ELOVL7,1
GO_Biological_Process_2023,Positive Regulation Of Vascular Endothelial Cell Proliferation (GO:1905564),0.08695355553159319,0.3007349440245609,APLN,1
GO_Biological_Process_2023,Macrophage Migration (GO:1905517),0.08695355553159319,0.3007349440245609,EDNRB,1
GO_Biological_Process_2023,Quaternary Ammonium Group Transport (GO:0015697),0.08695355553159319,0.3007349440245609,SLC44A1,1
GO_Biological_Process_2023,Neuropeptide Signaling Pathway (GO:0007218),0.0934650354554848,0.3007349440245609,GPR37;SORT1,2
GO_Biological_Process_2023,Skin Development (GO:0043588),0.0934650354554848,0.3007349440245609,CLIC4;ITGB4,2
GO_Biological_Process_2023,ERBB2 Signaling Pathway (GO:0038128),0.0938511826416481,0.3007349440245609,TGFA,1
GO_Biological_Process_2023,Regulation Of Gastrulation (GO:0010470),0.0938511826416481,0.3007349440245609,PHLDB1,1
GO_Biological_Process_2023,Negative Regulation Of Toll-Like Receptor Signaling Pathway (GO:0034122),0.0938511826416481,0.3007349440245609,TYRO3,1
GO_Biological_Process_2023,Regulation Of Nitric-Oxide Synthase Biosynthetic Process (GO:0051769),0.0938511826416481,0.3007349440245609,IL33,1
GO_Biological_Process_2023,Plasma Membrane Tubulation (GO:0097320),0.0938511826416481,0.3007349440245609,MICALL1,1
GO_Biological_Process_2023,Response To Chemokine (GO:1990868),0.0938511826416481,0.3007349440245609,WNK1,1
GO_Biological_Process_2023,Positive Regulation Of Brown Fat Cell Differentiation (GO:0090336),0.0938511826416481,0.3007349440245609,FNDC5,1
GO_Biological_Process_2023,Positive Regulation Of Glycoprotein Biosynthetic Process (GO:0010560),0.0938511826416481,0.3007349440245609,IL33,1
GO_Biological_Process_2023,Ether Lipid Metabolic Process (GO:0046485),0.0938511826416481,0.3007349440245609,PLAAT3,1
GO_Biological_Process_2023,Synaptic Vesicle Localization (GO:0097479),0.0938511826416481,0.3007349440245609,KIF5A,1
GO_Biological_Process_2023,Protein Hydroxylation (GO:0018126),0.0938511826416481,0.3007349440245609,PLOD1,1
GO_Biological_Process_2023,Protein Import Into Peroxisome Matrix (GO:0016558),0.0938511826416481,0.3007349440245609,PEX5L,1
GO_Biological_Process_2023,Mature B Cell Differentiation Involved In Immune Response (GO:0002313),0.0938511826416481,0.3007349440245609,DOCK10,1
GO_Biological_Process_2023,Membrane Depolarization During Action Potential (GO:0086010),0.0938511826416481,0.3007349440245609,HCN2,1
GO_Biological_Process_2023,Protein Localization To Phagophore Assembly Site (GO:0034497),0.0938511826416481,0.3007349440245609,PACS2,1
GO_Biological_Process_2023,Regulation Of T Cell Chemotaxis (GO:0010819),0.0938511826416481,0.3007349440245609,WNK1,1
GO_Biological_Process_2023,Regulation Of Cell Projection Organization (GO:0031344),0.0938511826416481,0.3007349440245609,ERMN,1
GO_Biological_Process_2023,Ras Protein Signal Transduction (GO:0007265),0.09566423483671913,0.3007349440245609,NGFR;GNA12;RAPGEF4,3
GO_Biological_Process_2023,Actin Filament Organization (GO:0007015),0.09566423483671913,0.3007349440245609,MYO1D;CDC42EP2;ERMN,3
GO_Biological_Process_2023,Regulation Of Heart Contraction (GO:0008016),0.09579615853791078,0.3007349440245609,ATP2B2;APLN,2
GO_Biological_Process_2023,Phagocytosis (GO:0006909),0.09579615853791078,0.3007349440245609,MEGF10;TYRO3,2
GO_Biological_Process_2023,Positive Regulation Of Protein Polymerization (GO:0032273),0.09814387964496456,0.3007349440245609,CDC42EP2;SLAIN1,2
GO_Biological_Process_2023,Regulation Of G Protein-Coupled Receptor Signaling Pathway (GO:0008277),0.09814387964496456,0.3007349440245609,GNG7;KLK6,2
GO_Biological_Process_2023,Neuron Projection Morphogenesis (GO:0048812),0.0986881472814561,0.3007349440245609,DOCK10;S100B;NEFH,3
GO_Biological_Process_2023,Regulation Of I-kappaB kinase/NF-kappaB Signaling (GO:0043122),0.09918146283962552,0.3007349440245609,LPAR1;TRIM59;S100B;LITAF,4
GO_Biological_Process_2023,Regulation Of Hydrolase Activity (GO:0051336),0.10050781943368152,0.3007349440245609,CHN2;PLXNB3,2
GO_Biological_Process_2023,Negative Regulation Of Cellular Response To Growth Factor Stimulus (GO:0090288),0.10050781943368152,0.3007349440245609,SPART;APLN,2
GO_Biological_Process_2023,Regulation Of Hemopoiesis (GO:1903706),0.10069704439153844,0.3007349440245609,PTN,1
GO_Biological_Process_2023,Neuron Cell-Cell Adhesion (GO:0007158),0.10069704439153844,0.3007349440245609,NRXN3,1
GO_Biological_Process_2023,Ceramide Transport (GO:0035627),0.10069704439153844,0.3007349440245609,GLTP,1
GO_Biological_Process_2023,Contractile Actin Filament Bundle Assembly (GO:0030038),0.10069704439153844,0.3007349440245609,PHACTR1,1
GO_Biological_Process_2023,Stress Fiber Assembly (GO:0043149),0.10069704439153844,0.3007349440245609,PHACTR1,1
GO_Biological_Process_2023,Striated Muscle Cell Development (GO:0055002),0.10069704439153844,0.3007349440245609,TMOD1,1
GO_Biological_Process_2023,Positive Regulation Of Long-Term Synaptic Potentiation (GO:1900273),0.10069704439153844,0.3007349440245609,AKAP5,1
GO_Biological_Process_2023,Vascular Endothelial Growth Factor Signaling Pathway (GO:0038084),0.10069704439153844,0.3007349440245609,GAB1,1
GO_Biological_Process_2023,Membrane Raft Organization (GO:0031579),0.10069704439153844,0.3007349440245609,FA2H,1
GO_Biological_Process_2023,Mitochondrion Transport Along Microtubule (GO:0047497),0.10069704439153844,0.3007349440245609,NEFL,1
GO_Biological_Process_2023,Myotube Cell Development (GO:0014904),0.10069704439153844,0.3007349440245609,MYORG,1
GO_Biological_Process_2023,Negative Regulation Of Blood Pressure (GO:0045776),0.10069704439153844,0.3007349440245609,APLN,1
GO_Biological_Process_2023,Plasma Membrane Organization (GO:0007009),0.1028876032850799,0.30624598695928146,FA2H;MICALL1,2
GO_Biological_Process_2023,Negative Regulation Of Protein Phosphorylation (GO:0001933),0.10329582376250003,0.3064327614626673,UBASH3B;INPP5J;PRR5L,3
GO_Biological_Process_2023,Golgi To Endosome Transport (GO:0006895),0.1074915266146443,0.31158491538297217,SORT1,1
GO_Biological_Process_2023,Regulation Of Intrinsic Apoptotic Signaling Pathway In Response To DNA Damage (GO:1902229),0.1074915266146443,0.31158491538297217,NACC2,1
GO_Biological_Process_2023,Regulation Of Lipoprotein Lipase Activity (GO:0051004),0.1074915266146443,0.31158491538297217,SORT1,1
GO_Biological_Process_2023,Neurotrophin Signaling Pathway (GO:0038179),0.1074915266146443,0.31158491538297217,SORT1,1
GO_Biological_Process_2023,Oogenesis (GO:0048477),0.1074915266146443,0.31158491538297217,PTN,1
GO_Biological_Process_2023,Dendritic Spine Morphogenesis (GO:0060997),0.1074915266146443,0.31158491538297217,DOCK10,1
GO_Biological_Process_2023,Glutamine Family Amino Acid Catabolic Process (GO:0009065),0.1074915266146443,0.31158491538297217,GAD1,1
GO_Biological_Process_2023,Positive Regulation Of Neurogenesis (GO:0050769),0.11011834253756067,0.31815951084956456,NCAN;PLXNB3,2
GO_Biological_Process_2023,Regulation Of Protein Kinase A Signaling (GO:0010738),0.11423501232672365,0.32385748403130993,AKAP5,1
GO_Biological_Process_2023,Cell Communication By Electrical Coupling Involved In Cardiac Conduction (GO:0086064),0.11423501232672365,0.32385748403130993,GJC3,1
GO_Biological_Process_2023,Membrane Depolarization During Cardiac Muscle Cell Action Potential (GO:0086012),0.11423501232672365,0.32385748403130993,HCN2,1
GO_Biological_Process_2023,Regulation Of Blood Vessel Endothelial Cell Proliferation Involved In Sprouting Angiogenesis (GO:1903587),0.11423501232672365,0.32385748403130993,NGFR,1
GO_Biological_Process_2023,Actomyosin Structure Organization (GO:0031032),0.11501139511822167,0.32385748403130993,TMOD1;PHACTR1,2
GO_Biological_Process_2023,Cell Morphogenesis Involved In Neuron Differentiation (GO:0048667),0.11501139511822167,0.32385748403130993,S100B;NEFH,2
GO_Biological_Process_2023,Positive Regulation Of Endothelial Cell Proliferation (GO:0001938),0.11501139511822167,0.32385748403130993,PLXNB3;APLN,2
GO_Biological_Process_2023,Sphingolipid Biosynthetic Process (GO:0030148),0.11501139511822167,0.32385748403130993,FA2H;ELOVL7,2
GO_Biological_Process_2023,Golgi To Vacuole Transport (GO:0006896),0.12092788170856181,0.32503948810755856,SORT1,1
GO_Biological_Process_2023,Regulation Of Leukocyte Chemotaxis (GO:0002688),0.12092788170856181,0.32503948810755856,PTN,1
GO_Biological_Process_2023,Amyloid Precursor Protein Metabolic Process (GO:0042982),0.12092788170856181,0.32503948810755856,KLK6,1
GO_Biological_Process_2023,Negative Regulation Of Vascular Associated Smooth Muscle Cell Proliferation (GO:1904706),0.12092788170856181,0.32503948810755856,APLN,1
GO_Biological_Process_2023,Polyol Metabolic Process (GO:0019751),0.12092788170856181,0.32503948810755856,INPP5J,1
GO_Biological_Process_2023,Positive Chemotaxis (GO:0050918),0.12092788170856181,0.32503948810755856,PLXNB3,1
GO_Biological_Process_2023,Regulation Of Vacuole Organization (GO:0044088),0.12092788170856181,0.32503948810755856,LAPTM4B,1
GO_Biological_Process_2023,Diol Biosynthetic Process (GO:0034312),0.12092788170856181,0.32503948810755856,QDPR,1
GO_Biological_Process_2023,Positive Regulation Of Glial Cell Differentiation (GO:0045687),0.12092788170856181,0.32503948810755856,PTN,1
GO_Biological_Process_2023,Extracellular Matrix Assembly (GO:0085029),0.12092788170856181,0.32503948810755856,GPM6B,1
GO_Biological_Process_2023,Positive Regulation Of Lymphocyte Chemotaxis (GO:0140131),0.12092788170856181,0.32503948810755856,WNK1,1
GO_Biological_Process_2023,Positive Regulation Of Macrophage Activation (GO:0043032),0.12092788170856181,0.32503948810755856,IL33,1
GO_Biological_Process_2023,Positive Regulation Of Stem Cell Differentiation (GO:2000738),0.12092788170856181,0.32503948810755856,PTN,1
GO_Biological_Process_2023,Long-Chain fatty-acyl-CoA Biosynthetic Process (GO:0035338),0.12092788170856181,0.32503948810755856,ELOVL7,1
GO_Biological_Process_2023,Regulation Of Brown Fat Cell Differentiation (GO:0090335),0.12092788170856181,0.32503948810755856,FNDC5,1
GO_Biological_Process_2023,Regulation Of Cytokinesis (GO:0032465),0.12245282161475615,0.327985635587909,CCP110;PKP4,2
GO_Biological_Process_2023,Cytoskeleton-Dependent Cytokinesis (GO:0061640),0.12495909750150762,0.327985635587909,ANLN;SEPTIN4,2
GO_Biological_Process_2023,Negative Regulation Of Cell Migration (GO:0030336),0.12587275646838764,0.327985635587909,NGFR;CLIC4;PLXNB3,3
GO_Biological_Process_2023,Positive Regulation Of G Protein-Coupled Receptor Signaling Pathway (GO:0045745),0.1275705121508778,0.327985635587909,KLK6,1
GO_Biological_Process_2023,Regulation Of Vascular Endothelial Cell Proliferation (GO:1905562),0.1275705121508778,0.327985635587909,APLN,1
GO_Biological_Process_2023,Establishment Of Vesicle Localization (GO:0051650),0.1275705121508778,0.327985635587909,KIF5A,1
GO_Biological_Process_2023,Glycerolipid Catabolic Process (GO:0046503),0.1275705121508778,0.327985635587909,ENPP6,1
GO_Biological_Process_2023,Positive Regulation Of Nervous System Process (GO:0031646),0.1275705121508778,0.327985635587909,MYRF,1
GO_Biological_Process_2023,Positive Regulation Of Neuroblast Proliferation (GO:0002052),0.1275705121508778,0.327985635587909,NCAN,1
GO_Biological_Process_2023,Positive Regulation Of Osteoclast Differentiation (GO:0045672),0.1275705121508778,0.327985635587909,EEIG1,1
GO_Biological_Process_2023,Vesicle Transport Along Actin Filament (GO:0030050),0.1275705121508778,0.327985635587909,MYO1D,1
GO_Biological_Process_2023,Positive Regulation Of Phosphoprotein Phosphatase Activity (GO:0032516),0.1275705121508778,0.327985635587909,GNA12,1
GO_Biological_Process_2023,Positive Regulation Of Stress-Activated Protein Kinase Signaling Cascade (GO:0070304),0.1275705121508778,0.327985635587909,RNF13,1
GO_Biological_Process_2023,Intracellular Lipid Transport (GO:0032365),0.1275705121508778,0.327985635587909,GLTP,1
GO_Biological_Process_2023,Regulation Of cAMP-mediated Signaling (GO:0043949),0.1275705121508778,0.327985635587909,PEX5L,1
GO_Biological_Process_2023,Vascular Transport (GO:0010232),0.1300083627797496,0.3332873346405719,SLC44A1;SLC38A3,2
GO_Biological_Process_2023,Regulation Of Cytokine Production (GO:0001817),0.13262629926063754,0.33380954632737136,IL33;MOG;LITAF,3
GO_Biological_Process_2023,Negative Regulation Of Leukocyte Cell-Cell Adhesion (GO:1903038),0.1341632782115486,0.33380954632737136,WNK1,1
GO_Biological_Process_2023,Negative Regulation Of Peptidyl-Serine Phosphorylation (GO:0033137),0.1341632782115486,0.33380954632737136,INPP5J,1
GO_Biological_Process_2023,Regulation Of Insulin-Like Growth Factor Receptor Signaling Pathway (GO:0043567),0.1341632782115486,0.33380954632737136,MYORG,1
GO_Biological_Process_2023,Neuron Apoptotic Process (GO:0051402),0.1341632782115486,0.33380954632737136,NGFR,1
GO_Biological_Process_2023,Regulation Of Neuroinflammatory Response (GO:0150077),0.1341632782115486,0.33380954632737136,IL33,1
GO_Biological_Process_2023,Calcium-Independent Cell-Cell Adhesion Via Plasma Membrane Cell-Adhesion Molecules (GO:0016338),0.1341632782115486,0.33380954632737136,CLDN11,1
GO_Biological_Process_2023,Phosphatidylcholine Biosynthetic Process (GO:0006656),0.1341632782115486,0.33380954632737136,SLC44A1,1
GO_Biological_Process_2023,Establishment Of Skin Barrier (GO:0061436),0.1341632782115486,0.33380954632737136,FA2H,1
GO_Biological_Process_2023,Receptor Clustering (GO:0043113),0.1341632782115486,0.33380954632737136,PTN,1
GO_Biological_Process_2023,Positive Regulation Of Canonical Wnt Signaling Pathway (GO:0090263),0.13510442743125853,0.33380954632737136,ZEB2;WNK1,2
GO_Biological_Process_2023,Transport Across Blood-Brain Barrier (GO:0150104),0.13510442743125853,0.33380954632737136,SLC44A1;SLC38A3,2
GO_Biological_Process_2023,Integrin-Mediated Signaling Pathway (GO:0007229),0.13510442743125853,0.33380954632737136,ITGB4;PTN,2
GO_Biological_Process_2023,Actin Filament-Based Transport (GO:0099515),0.1407065517297098,0.3364062301462334,MYO1D,1
GO_Biological_Process_2023,Regulation Of Membrane Depolarization (GO:0003254),0.1407065517297098,0.3364062301462334,HCN2,1
GO_Biological_Process_2023,Cell Projection Organization (GO:0030030),0.1407065517297098,0.3364062301462334,NEFH,1
GO_Biological_Process_2023,Peripheral Nervous System Development (GO:0007422),0.1407065517297098,0.3364062301462334,SOX10,1
GO_Biological_Process_2023,Phosphatidylserine Metabolic Process (GO:0006658),0.1407065517297098,0.3364062301462334,SERINC5,1
GO_Biological_Process_2023,Regulation Of Toll-Like Receptor Signaling Pathway (GO:0034121),0.1407065517297098,0.3364062301462334,TYRO3,1
GO_Biological_Process_2023,Endoplasmic Reticulum Calcium Ion Homeostasis (GO:0032469),0.1407065517297098,0.3364062301462334,PACS2,1
GO_Biological_Process_2023,Striated Muscle Cell Differentiation (GO:0051146),0.1407065517297098,0.3364062301462334,SORT1,1
GO_Biological_Process_2023,Positive Regulation Of Leukocyte Activation (GO:0002696),0.1407065517297098,0.3364062301462334,IL33,1
GO_Biological_Process_2023,Glutamate Metabolic Process (GO:0006536),0.1407065517297098,0.3364062301462334,GAD1,1
GO_Biological_Process_2023,Mesoderm Formation (GO:0001707),0.1407065517297098,0.3364062301462334,ITGB4,1
GO_Biological_Process_2023,Regulation Of Calcium Ion Transmembrane Transport (GO:1903169),0.1407065517297098,0.3364062301462334,UBASH3B,1
GO_Biological_Process_2023,Regulation Of Vesicle-Mediated Transport (GO:0060627),0.1454269197494577,0.34359742751785266,LGI3;SEPTIN4,2
GO_Biological_Process_2023,Positive Regulation Of DNA-templated Transcription (GO:0045893),0.14620727028628736,0.34359742751785266,NGFR;IL33;MYRF;ESRRG;OLIG1;OLIG2;SOX10;MEIS2;LITAF;APLN;ZEB2;PTMA;CREB5,13
GO_Biological_Process_2023,Positive Regulation Of I-kappaB kinase/NF-kappaB Signaling (GO:0043123),0.14650053077560757,0.34359742751785266,LPAR1;S100B;LITAF,3
GO_Biological_Process_2023,Skin Epidermis Development (GO:0098773),0.14720070175511163,0.34359742751785266,FA2H,1
GO_Biological_Process_2023,Positive Regulation Of Heart Contraction (GO:0045823),0.14720070175511163,0.34359742751785266,APLN,1
GO_Biological_Process_2023,Lipid Catabolic Process (GO:0016042),0.14720070175511163,0.34359742751785266,PLAAT3,1
GO_Biological_Process_2023,Macrophage Differentiation (GO:0030225),0.14720070175511163,0.34359742751785266,IL33,1
GO_Biological_Process_2023,Regulation Of Cardiac Conduction (GO:1903779),0.14720070175511163,0.34359742751785266,ATP2B2,1
GO_Biological_Process_2023,Regulation Of Cell-Substrate Junction Assembly (GO:0090109),0.14720070175511163,0.34359742751785266,GPM6B,1
GO_Biological_Process_2023,Positive Regulation Of Hydrolase Activity (GO:0051345),0.14826749437587872,0.3451791798199591,DOCK10;PKP4;RAPGEF4,3
GO_Biological_Process_2023,Positive Regulation Of Neuron Projection Development (GO:0010976),0.15327332362526827,0.34589869522801503,PLXNB3;PTN,2
GO_Biological_Process_2023,Negative Regulation Of Extrinsic Apoptotic Signaling Pathway In Absence Of Ligand (GO:2001240),0.15364609461086576,0.34589869522801503,UNC5B,1
GO_Biological_Process_2023,Negative Regulation Of Macroautophagy (GO:0016242),0.15364609461086576,0.34589869522801503,FEZ1,1
GO_Biological_Process_2023,Negative Regulation Of Myeloid Cell Differentiation (GO:0045638),0.15364609461086576,0.34589869522801503,MEIS2,1
GO_Biological_Process_2023,Negative Regulation Of Signal Transduction In Absence Of Ligand (GO:1901099),0.15364609461086576,0.34589869522801503,UNC5B,1
GO_Biological_Process_2023,Positive Regulation Of Cilium Assembly (GO:0045724),0.15364609461086576,0.34589869522801503,CCP110,1
GO_Biological_Process_2023,Glucose Transmembrane Transport (GO:1904659),0.15364609461086576,0.34589869522801503,SORT1,1
GO_Biological_Process_2023,Positive Regulation Of Phosphatase Activity (GO:0010922),0.15364609461086576,0.34589869522801503,GNA12,1
GO_Biological_Process_2023,Positive Regulation Of Receptor Internalization (GO:0002092),0.15364609461086576,0.34589869522801503,APLN,1
GO_Biological_Process_2023,Inositol Phosphate Metabolic Process (GO:0043647),0.15364609461086576,0.34589869522801503,INPP5J,1
GO_Biological_Process_2023,Positive Regulation Of Viral Life Cycle (GO:1903902),0.15364609461086576,0.34589869522801503,TYRO3,1
GO_Biological_Process_2023,Negative Regulation Of Axonogenesis (GO:0050771),0.15364609461086576,0.34589869522801503,MAG,1
GO_Biological_Process_2023,Negative Regulation Of Cell Communication (GO:0010648),0.15364609461086576,0.34589869522801503,UBASH3B,1
GO_Biological_Process_2023,Endosomal Transport (GO:0016197),0.155404127579214,0.34897078775382995,LAPTM4B;SORT1;MICALL1,3
GO_Biological_Process_2023,Vesicle Organization (GO:0016050),0.15854965838016818,0.3551352196545687,LAPTM4B;SORT1,2
GO_Biological_Process_2023,Negative Regulation Of Oxidative Stress-Induced Cell Death (GO:1903202),0.16004309395176608,0.3557850233965326,GPR37,1
GO_Biological_Process_2023,Long-Chain fatty-acyl-CoA Metabolic Process (GO:0035336),0.16004309395176608,0.3557850233965326,ELOVL7,1
GO_Biological_Process_2023,Microtubule Nucleation (GO:0007020),0.16004309395176608,0.3557850233965326,SLAIN1,1
GO_Biological_Process_2023,T Cell Receptor Signaling Pathway (GO:0050852),0.16120059786956423,0.35746232577575865,MOG;WNK1,2
GO_Biological_Process_2023,Positive Regulation Of Supramolecular Fiber Organization (GO:1902905),0.1638596840064736,0.3602661814077465,CDC42EP2;SLAIN1,2
GO_Biological_Process_2023,Regulation Of Heterotypic Cell-Cell Adhesion (GO:0034114),0.1663920606653245,0.3602661814077465,WNK1,1
GO_Biological_Process_2023,Regulation Of Muscle Cell Differentiation (GO:0051147),0.1663920606653245,0.3602661814077465,MEGF10,1
GO_Biological_Process_2023,Peroxisome Organization (GO:0007031),0.1663920606653245,0.3602661814077465,PLAAT3,1
GO_Biological_Process_2023,Regulation Of Viral Life Cycle (GO:1903900),0.1663920606653245,0.3602661814077465,TYRO3,1
GO_Biological_Process_2023,Positive Regulation Of Cellular Response To Transforming Growth Factor Beta Stimulus (GO:1903846),0.1663920606653245,0.3602661814077465,ZEB2,1
GO_Biological_Process_2023,Gliogenesis (GO:0042063),0.1663920606653245,0.3602661814077465,NCAN,1
GO_Biological_Process_2023,Positive Regulation Of Transforming Growth Factor Beta Receptor Signaling Pathway (GO:0030511),0.1663920606653245,0.3602661814077465,ZEB2,1
GO_Biological_Process_2023,Protein Kinase B Signaling (GO:0043491),0.1663920606653245,0.3602661814077465,TYRO3,1
GO_Biological_Process_2023,Monocarboxylic Acid Metabolic Process (GO:0032787),0.16652664529557618,0.3602661814077465,FA2H;GATM,2
GO_Biological_Process_2023,Transmembrane Receptor Protein Tyrosine Kinase Signaling Pathway (GO:0007169),0.16796463950037824,0.3624930297733224,UBASH3B;SORT1;GAB1;TYRO3,4
GO_Biological_Process_2023,Phosphatidylinositol Biosynthetic Process (GO:0006661),0.16920121377492525,0.36339340585559005,INPP5J;SYNJ2,2
GO_Biological_Process_2023,Positive Regulation Of Cold-Induced Thermogenesis (GO:0120162),0.16920121377492525,0.36339340585559005,GATM;ESRRG,2
GO_Biological_Process_2023,Endocytosis (GO:0006897),0.171839735889623,0.3638456155447571,SORT1;MICALL1;TYRO3,3
GO_Biological_Process_2023,Regulation Of Hippo Signaling (GO:0035330),0.17269335303759045,0.3638456155447571,MOB3B,1
GO_Biological_Process_2023,Negative Regulation Of Response To Wounding (GO:1903035),0.17269335303759045,0.3638456155447571,IL33,1
GO_Biological_Process_2023,Phosphatidylethanolamine Metabolic Process (GO:0046337),0.17269335303759045,0.3638456155447571,PLAAT3,1
GO_Biological_Process_2023,Positive Regulation Of T Cell Migration (GO:2000406),0.17269335303759045,0.3638456155447571,WNK1,1
GO_Biological_Process_2023,fatty-acyl-CoA Biosynthetic Process (GO:0046949),0.17269335303759045,0.3638456155447571,ELOVL7,1
GO_Biological_Process_2023,Vesicle-Mediated Transport Between Endosomal Compartments (GO:0098927),0.17269335303759045,0.3638456155447571,MYO1D,1
GO_Biological_Process_2023,Myotube Differentiation (GO:0014902),0.17269335303759045,0.3638456155447571,SORT1,1
GO_Biological_Process_2023,Regulation Of Organelle Organization (GO:0033043),0.1745721183448066,0.36693239092853897,CLIC4;ZEB2,2
GO_Biological_Process_2023,Regulation Of Epidermal Growth Factor-Activated Receptor Activity (GO:0007176),0.17894732668603963,0.3699913258054013,TGFA,1
GO_Biological_Process_2023,Negative Regulation Of Protein Polymerization (GO:0032272),0.17894732668603963,0.3699913258054013,TUBB4A,1
GO_Biological_Process_2023,Regulation Of Myeloid Cell Differentiation (GO:0045637),0.17894732668603963,0.3699913258054013,MEIS2,1
GO_Biological_Process_2023,Positive Regulation Of Adenylate Cyclase Activity (GO:0045762),0.17894732668603963,0.3699913258054013,AKAP5,1
GO_Biological_Process_2023,Dendritic Spine Organization (GO:0097061),0.17894732668603963,0.3699913258054013,DOCK10,1
GO_Biological_Process_2023,Positive Regulation Of Microtubule Polymerization Or Depolymerization (GO:0031112),0.17894732668603963,0.3699913258054013,SLAIN1,1
GO_Biological_Process_2023,Positive Regulation Of Nuclear Division (GO:0051785),0.17894732668603963,0.3699913258054013,TGFA,1
GO_Biological_Process_2023,Regulation Of Extrinsic Apoptotic Signaling Pathway In Absence Of Ligand (GO:2001239),0.18515433456968078,0.37495866384316634,UNC5B,1
GO_Biological_Process_2023,Negative Regulation Of Neurogenesis (GO:0050768),0.18515433456968078,0.37495866384316634,PTN,1
GO_Biological_Process_2023,Activation Of Phospholipase C Activity (GO:0007202),0.18515433456968078,0.37495866384316634,LPAR1,1
GO_Biological_Process_2023,Amino Acid Import Across Plasma Membrane (GO:0089718),0.18515433456968078,0.37495866384316634,SLC38A3,1
GO_Biological_Process_2023,Peptidyl-Lysine Methylation (GO:0018022),0.18515433456968078,0.37495866384316634,SETD7,1
GO_Biological_Process_2023,Positive Regulation Of Cytosolic Calcium Ion Concentration Involved In Phospholipase C-activating G Protein-Coupled Signaling Pathway (GO:0051482),0.18515433456968078,0.37495866384316634,LPAR1,1
GO_Biological_Process_2023,Positive Regulation Of Mitotic Cell Cycle (GO:0045931),0.18515433456968078,0.37495866384316634,MEIS2,1
GO_Biological_Process_2023,Glycerophospholipid Catabolic Process (GO:0046475),0.18515433456968078,0.37495866384316634,ENPP6,1
GO_Biological_Process_2023,Positive Regulation Of Response To Wounding (GO:1903036),0.18515433456968078,0.37495866384316634,PTN,1
GO_Biological_Process_2023,Negative Regulation Of Signaling (GO:0023057),0.19131472700324348,0.38306131569272456,UBASH3B,1
GO_Biological_Process_2023,Cell-Substrate Junction Assembly (GO:0007044),0.19131472700324348,0.38306131569272456,ITGB4,1
GO_Biological_Process_2023,Phospholipid Catabolic Process (GO:0009395),0.19131472700324348,0.38306131569272456,ENPP6,1
GO_Biological_Process_2023,Regulation Of Bone Resorption (GO:0045124),0.19131472700324348,0.38306131569272456,UBASH3B,1
GO_Biological_Process_2023,Regulation Of Cardiac Muscle Cell Action Potential (GO:0098901),0.19131472700324348,0.38306131569272456,HCN2,1
GO_Biological_Process_2023,Monoatomic Ion Transport (GO:0006811),0.19357217178147273,0.384877783670474,SLC32A1;WNK1,2
GO_Biological_Process_2023,Positive Regulation Of Metabolic Process (GO:0009893),0.1963088379558853,0.384877783670474,GATM;ESRRG,2
GO_Biological_Process_2023,Lipid Transport (GO:0006869),0.1963088379558853,0.384877783670474,GLTP;FABP7,2
GO_Biological_Process_2023,TOR Signaling (GO:0031929),0.1974288518264551,0.384877783670474,PRR5L,1
GO_Biological_Process_2023,Regulation Of Monoatomic Ion Transmembrane Transport (GO:0034765),0.1974288518264551,0.384877783670474,WNK1,1
GO_Biological_Process_2023,Regulation Of Neuron Migration (GO:2001222),0.1974288518264551,0.384877783670474,PHACTR1,1
GO_Biological_Process_2023,Cardiac Muscle Cell Action Potential (GO:0086001),0.1974288518264551,0.384877783670474,HCN2,1
GO_Biological_Process_2023,Peptidyl-Tyrosine Dephosphorylation (GO:0035335),0.1974288518264551,0.384877783670474,UBASH3B,1
GO_Biological_Process_2023,Regulation Of Voltage-Gated Calcium Channel Activity (GO:1901385),0.1974288518264551,0.384877783670474,AKAP5,1
GO_Biological_Process_2023,Positive Regulation Of Microtubule Polymerization (GO:0031116),0.1974288518264551,0.384877783670474,SLAIN1,1
GO_Biological_Process_2023,Positive Regulation Of Neural Precursor Cell Proliferation (GO:2000179),0.1974288518264551,0.384877783670474,NCAN,1
GO_Biological_Process_2023,Morphogenesis Of An Epithelium (GO:0002009),0.1974288518264551,0.384877783670474,SOX10,1
GO_Biological_Process_2023,Positive Regulation Of Wnt Signaling Pathway (GO:0030177),0.1990503900098197,0.38718792969015364,ZEB2;WNK1,2
GO_Biological_Process_2023,Regulation Of MAPK Cascade (GO:0043408),0.20024901833829065,0.38866713187322494,GPR37;PHLPP1;LPAR1,3
GO_Biological_Process_2023,"Phagocytosis, Engulfment (GO:0006911)",0.20349705418571362,0.39154422356340124,MEGF10,1
GO_Biological_Process_2023,Extrinsic Apoptotic Signaling Pathway Via Death Domain Receptors (GO:0008625),0.20349705418571362,0.39154422356340124,SORT1,1
GO_Biological_Process_2023,Mitotic G2 DNA Damage Checkpoint Signaling (GO:0007095),0.20349705418571362,0.39154422356340124,FOXN3,1
GO_Biological_Process_2023,Negative Regulation Of Axon Extension (GO:0030517),0.20349705418571362,0.39154422356340124,MAG,1
GO_Biological_Process_2023,Negative Regulation Of Inflammatory Response (GO:0050728),0.20454724390855689,0.3927129985863419,IL33;TYRO3,2
GO_Biological_Process_2023,Negative Regulation Of Developmental Growth (GO:0048640),0.20951967671006408,0.3945731491333903,MAG,1
GO_Biological_Process_2023,Negative Regulation Of Microtubule Polymerization Or Depolymerization (GO:0031111),0.20951967671006408,0.3945731491333903,TUBB4A,1
GO_Biological_Process_2023,Regulation Of Macrophage Activation (GO:0043030),0.20951967671006408,0.3945731491333903,IL33,1
GO_Biological_Process_2023,Organic Cation Transport (GO:0015695),0.20951967671006408,0.3945731491333903,SLC44A1,1
GO_Biological_Process_2023,Regulation Of Protein Localization To Cell Surface (GO:2000008),0.20951967671006408,0.3945731491333903,GPM6B,1
GO_Biological_Process_2023,Cellular Response To cAMP (GO:0071320),0.20951967671006408,0.3945731491333903,HCN2,1
GO_Biological_Process_2023,Positive Regulation Of Rho Protein Signal Transduction (GO:0035025),0.20951967671006408,0.3945731491333903,LPAR1,1
GO_Biological_Process_2023,Positive Regulation Of Leukocyte Migration (GO:0002687),0.20951967671006408,0.3945731491333903,PTN,1
GO_Biological_Process_2023,Presynaptic Endocytosis (GO:0140238),0.20951967671006408,0.3945731491333903,SYNJ2,1
GO_Biological_Process_2023,Phosphatidylinositol 3-Kinase Signaling (GO:0014065),0.2154970594920736,0.3998868028649985,TYRO3,1
GO_Biological_Process_2023,Female Gamete Generation (GO:0007292),0.2154970594920736,0.3998868028649985,PTN,1
GO_Biological_Process_2023,Glycosphingolipid Metabolic Process (GO:0006687),0.2154970594920736,0.3998868028649985,GLTP,1
GO_Biological_Process_2023,Very Long-Chain Fatty Acid Metabolic Process (GO:0000038),0.2154970594920736,0.3998868028649985,ELOVL7,1
GO_Biological_Process_2023,Mesenchymal Cell Migration (GO:0090497),0.2154970594920736,0.3998868028649985,SOX10,1
GO_Biological_Process_2023,Muscle Cell Development (GO:0055001),0.2154970594920736,0.3998868028649985,MEGF10,1
GO_Biological_Process_2023,Negative Regulation Of G1/S Transition Of Mitotic Cell Cycle (GO:2000134),0.2154970594920736,0.3998868028649985,NACC2,1
GO_Biological_Process_2023,Protein Processing (GO:0016485),0.22113201169514368,0.4058016572304192,MYRF;KLK6,2
GO_Biological_Process_2023,Regulation Of Lamellipodium Assembly (GO:0010591),0.2214295401347496,0.4058016572304192,PLXNB3,1
GO_Biological_Process_2023,Signal Transduction By P53 Class Mediator (GO:0072331),0.2214295401347496,0.4058016572304192,NDRG1,1
GO_Biological_Process_2023,Positive Regulation Of Epidermal Growth Factor Receptor Signaling Pathway (GO:0045742),0.2214295401347496,0.4058016572304192,TGFA,1
GO_Biological_Process_2023,Glycolipid Metabolic Process (GO:0006664),0.2214295401347496,0.4058016572304192,GLTP,1
GO_Biological_Process_2023,Positive Regulation Of Protein Dephosphorylation (GO:0035307),0.2214295401347496,0.4058016572304192,GNA12,1
GO_Biological_Process_2023,Positive Regulation Of Cell Cycle Process (GO:0090068),0.22390765384013864,0.408654504025109,TGFA;PKP4,2
GO_Biological_Process_2023,Positive Regulation Of Cell Projection Organization (GO:0031346),0.22390765384013864,0.408654504025109,PLXNB3;PTN,2
GO_Biological_Process_2023,Regulation Of Metal Ion Transport (GO:0010959),0.22731745365507097,0.4089869805112535,WNK1,1
GO_Biological_Process_2023,Cellular Response To Amyloid-Beta (GO:1904646),0.22731745365507097,0.4089869805112535,NGFR,1
GO_Biological_Process_2023,Cellular Response To Vascular Endothelial Growth Factor Stimulus (GO:0035924),0.22731745365507097,0.4089869805112535,GAB1,1
GO_Biological_Process_2023,Semaphorin-Plexin Signaling Pathway (GO:0071526),0.22731745365507097,0.4089869805112535,PLXNB3,1
GO_Biological_Process_2023,Microtubule Polymerization (GO:0046785),0.22731745365507097,0.4089869805112535,SLAIN1,1
GO_Biological_Process_2023,Regulation Of calcineurin-NFAT Signaling Cascade (GO:0070884),0.22731745365507097,0.4089869805112535,AKAP5,1
GO_Biological_Process_2023,Negative Regulation Of Cell Cycle Process (GO:0010948),0.22731745365507097,0.4089869805112535,CCP110,1
GO_Biological_Process_2023,Regulation Of mRNA Processing (GO:0050684),0.23316113266148197,0.4152890053629207,QKI,1
GO_Biological_Process_2023,Regulation Of Sodium Ion Transport (GO:0002028),0.23316113266148197,0.4152890053629207,WNK1,1
GO_Biological_Process_2023,Positive Regulation Of Mitotic Nuclear Division (GO:0045840),0.23316113266148197,0.4152890053629207,TGFA,1
GO_Biological_Process_2023,Glutamate Receptor Signaling Pathway (GO:0007215),0.23316113266148197,0.4152890053629207,GRM3,1
GO_Biological_Process_2023,Regulation Of Axon Extension (GO:0030516),0.23316113266148197,0.4152890053629207,MAG,1
GO_Biological_Process_2023,"DNA Damage Response, Signal Transduction By P53 Class Mediator (GO:0030330)",0.23896090725311353,0.4188899698290745,NDRG1,1
GO_Biological_Process_2023,Negative Regulation Of Protein Kinase B Signaling (GO:0051898),0.23896090725311353,0.4188899698290745,PHLPP1,1
GO_Biological_Process_2023,Regulation Of Intracellular Protein Transport (GO:0033157),0.23896090725311353,0.4188899698290745,PRR5L,1
GO_Biological_Process_2023,Neural Crest Cell Migration (GO:0001755),0.23896090725311353,0.4188899698290745,SOX10,1
GO_Biological_Process_2023,Blood Vessel Diameter Maintenance (GO:0097746),0.23896090725311353,0.4188899698290745,EDNRB,1
GO_Biological_Process_2023,Substrate Adhesion-Dependent Cell Spreading (GO:0034446),0.23896090725311353,0.4188899698290745,TYRO3,1
GO_Biological_Process_2023,Positive Regulation Of Phospholipase C Activity (GO:0010863),0.23896090725311353,0.4188899698290745,LPAR1,1
GO_Biological_Process_2023,Positive Regulation Of Signaling Receptor Activity (GO:2000273),0.23896090725311353,0.4188899698290745,TGFA,1
GO_Biological_Process_2023,Enzyme-Linked Receptor Protein Signaling Pathway (GO:0007167),0.24061230372422984,0.4209528863972226,TYRO3;PTN,2
GO_Biological_Process_2023,Negative Regulation Of Endothelial Cell Proliferation (GO:0001937),0.24471710517931328,0.4214836355224289,NGFR,1
GO_Biological_Process_2023,Negative Regulation Of Smooth Muscle Cell Proliferation (GO:0048662),0.24471710517931328,0.4214836355224289,APLN,1
GO_Biological_Process_2023,Regulation Of Ossification (GO:0030278),0.24471710517931328,0.4214836355224289,PTN,1
GO_Biological_Process_2023,Regulation Of p38MAPK Cascade (GO:1900744),0.24471710517931328,0.4214836355224289,PHLPP1,1
GO_Biological_Process_2023,Regulation Of Phosphoprotein Phosphatase Activity (GO:0043666),0.24471710517931328,0.4214836355224289,GNA12,1
GO_Biological_Process_2023,Regulation Of Vascular Associated Smooth Muscle Cell Proliferation (GO:1904705),0.24471710517931328,0.4214836355224289,APLN,1
GO_Biological_Process_2023,Synaptic Vesicle Cycle (GO:0099504),0.24471710517931328,0.4214836355224289,SLC32A1,1
GO_Biological_Process_2023,Muscle Cell Differentiation (GO:0042692),0.24471710517931328,0.4214836355224289,MEGF10,1
GO_Biological_Process_2023,Positive Regulation Of Intracellular Protein Transport (GO:0090316),0.24619529948914307,0.42310753475693114,PRR5L;AKAP5,2
GO_Biological_Process_2023,Cytosolic Transport (GO:0016482),0.24898874151203007,0.42310753475693114,MYO1D;SORT1,2
GO_Biological_Process_2023,Regulation Of Anatomical Structure Morphogenesis (GO:0022603),0.24898874151203007,0.42310753475693114,PHLDB1;KIF13B,2
GO_Biological_Process_2023,Regulation Of Intracellular Transport (GO:0032386),0.2504300515754102,0.42310753475693114,NEFH,1
GO_Biological_Process_2023,Response To cAMP (GO:0051591),0.2504300515754102,0.42310753475693114,HCN2,1
GO_Biological_Process_2023,Positive Regulation Of Axonogenesis (GO:0050772),0.2504300515754102,0.42310753475693114,PLXNB3,1
GO_Biological_Process_2023,Positive Regulation Of Cation Channel Activity (GO:2001259),0.2504300515754102,0.42310753475693114,AKAP5,1
GO_Biological_Process_2023,Signal Release From Synapse (GO:0099643),0.2504300515754102,0.42310753475693114,SLC32A1,1
GO_Biological_Process_2023,Fatty Acid Transport (GO:0015908),0.2504300515754102,0.42310753475693114,FABP7,1
GO_Biological_Process_2023,Positive Regulation Of Protein Tyrosine Kinase Activity (GO:0061098),0.2504300515754102,0.42310753475693114,TGFA,1
GO_Biological_Process_2023,Regulation Of Mitochondrial Membrane Potential (GO:0051881),0.2561000693587896,0.425394684496716,SPART,1
GO_Biological_Process_2023,Neuron Projection Extension (GO:1990138),0.2561000693587896,0.425394684496716,S100B,1
GO_Biological_Process_2023,Axonal Transport (GO:0098930),0.2561000693587896,0.425394684496716,NEFL,1
GO_Biological_Process_2023,Organelle Transport Along Microtubule (GO:0072384),0.2561000693587896,0.425394684496716,TRAK2,1
GO_Biological_Process_2023,Carboxylic Acid Transmembrane Transport (GO:1905039),0.2561000693587896,0.425394684496716,SLC38A3,1
GO_Biological_Process_2023,Digestive Tract Development (GO:0048565),0.2561000693587896,0.425394684496716,EDNRB,1
GO_Biological_Process_2023,Positive Regulation Of Cytokinesis (GO:0032467),0.2561000693587896,0.425394684496716,PKP4,1
GO_Biological_Process_2023,Positive Regulation Of Intracellular Transport (GO:0032388),0.2561000693587896,0.425394684496716,PRR5L,1
GO_Biological_Process_2023,Heterochromatin Organization (GO:0070828),0.2561000693587896,0.425394684496716,SETD7,1
GO_Biological_Process_2023,Positive Regulation Of GTPase Activity (GO:0043547),0.25985698698376336,0.4275364158680042,DOCK10;PKP4;RAPGEF4,3
GO_Biological_Process_2023,Regulation Of Cytosolic Calcium Ion Concentration (GO:0051480),0.2617274789361063,0.4275364158680042,ATP2B2,1
GO_Biological_Process_2023,L-alpha-amino Acid Transmembrane Transport (GO:1902475),0.2617274789361063,0.4275364158680042,SLC38A3,1
GO_Biological_Process_2023,Negative Regulation Of Protein Localization (GO:1903828),0.2617274789361063,0.4275364158680042,GPM6B,1
GO_Biological_Process_2023,Nucleic Acid-Templated Transcription (GO:0097659),0.2617274789361063,0.4275364158680042,PTMA,1
GO_Biological_Process_2023,Synaptic Vesicle Endocytosis (GO:0048488),0.2617274789361063,0.4275364158680042,SYNJ2,1
GO_Biological_Process_2023,Positive Regulation Of Myeloid Leukocyte Differentiation (GO:0002763),0.2617274789361063,0.4275364158680042,EEIG1,1
GO_Biological_Process_2023,Regulation Of Autophagosome Assembly (GO:2000785),0.2617274789361063,0.4275364158680042,FEZ1,1
GO_Biological_Process_2023,Negative Regulation Of Cell-Cell Adhesion (GO:0022408),0.2617274789361063,0.4275364158680042,WNK1,1
GO_Biological_Process_2023,Regulation Of Chemokine Production (GO:0032642),0.2673125983632425,0.43110231772399293,IL33,1
GO_Biological_Process_2023,Regulation Of Dendrite Development (GO:0050773),0.2673125983632425,0.43110231772399293,PTN,1
GO_Biological_Process_2023,Regulation Of Heart Rate By Cardiac Conduction (GO:0086091),0.2673125983632425,0.43110231772399293,HCN2,1
GO_Biological_Process_2023,Acylglycerol Metabolic Process (GO:0006639),0.2673125983632425,0.43110231772399293,PLAAT3,1
GO_Biological_Process_2023,Positive Regulation Of Actin Filament Polymerization (GO:0030838),0.2673125983632425,0.43110231772399293,CDC42EP2,1
GO_Biological_Process_2023,Visual System Development (GO:0150063),0.2673125983632425,0.43110231772399293,MEIS2,1
GO_Biological_Process_2023,Positive Regulation Of Viral Process (GO:0048524),0.2673125983632425,0.43110231772399293,TYRO3,1
GO_Biological_Process_2023,Antigen Receptor-Mediated Signaling Pathway (GO:0050851),0.26856294323416324,0.43233272350036805,MOG;WNK1,2
GO_Biological_Process_2023,Amino Acid Transmembrane Transport (GO:0003333),0.27285574337733703,0.4337330544367347,SLC38A3,1
GO_Biological_Process_2023,Regulation Of Ubiquitin-Dependent Protein Catabolic Process (GO:2000058),0.27285574337733703,0.4337330544367347,GNA12,1
GO_Biological_Process_2023,Ceramide Biosynthetic Process (GO:0046513),0.27285574337733703,0.4337330544367347,FA2H,1
GO_Biological_Process_2023,Skeletal Muscle Tissue Development (GO:0007519),0.27285574337733703,0.4337330544367347,MYORG,1
GO_Biological_Process_2023,Keratinocyte Differentiation (GO:0030216),0.27285574337733703,0.4337330544367347,CLIC4,1
GO_Biological_Process_2023,Potassium Ion Import Across Plasma Membrane (GO:1990573),0.27285574337733703,0.4337330544367347,HCN2,1
GO_Biological_Process_2023,Negative Regulation Of I-kappaB kinase/NF-kappaB Signaling (GO:0043124),0.27285574337733703,0.4337330544367347,TRIM59,1
GO_Biological_Process_2023,Regulation Of Protein Kinase B Signaling (GO:0051896),0.27415705830240933,0.43502202274461016,PHLPP1;MYORG,2
GO_Biological_Process_2023,Neurotransmitter Secretion (GO:0007269),0.2783572273205517,0.43622413539457483,SLC32A1,1
GO_Biological_Process_2023,Response To Amyloid-Beta (GO:1904645),0.2783572273205517,0.43622413539457483,NGFR,1
GO_Biological_Process_2023,Positive Regulation Of Cell Division (GO:0051781),0.2783572273205517,0.43622413539457483,PKP4,1
GO_Biological_Process_2023,Positive Regulation Of Stress Fiber Assembly (GO:0051496),0.2783572273205517,0.43622413539457483,LPAR1,1
GO_Biological_Process_2023,Intracellular Glucose Homeostasis (GO:0001678),0.2783572273205517,0.43622413539457483,NGFR,1
GO_Biological_Process_2023,Negative Regulation Of BMP Signaling Pathway (GO:0030514),0.2783572273205517,0.43622413539457483,SPART,1
GO_Biological_Process_2023,Regulation Of Cell-Cell Adhesion (GO:0022407),0.2783572273205517,0.43622413539457483,MEGF10,1
GO_Biological_Process_2023,Intracellular Calcium Ion Homeostasis (GO:0006874),0.2825447273937359,0.4401153836222498,PACS2;ATP2B2,2
GO_Biological_Process_2023,Negative Regulation Of Immune System Process (GO:0002683),0.2838173612535816,0.4401153836222498,TYRO3,1
GO_Biological_Process_2023,Neural Crest Cell Development (GO:0014032),0.2838173612535816,0.4401153836222498,SOX10,1
GO_Biological_Process_2023,Positive Regulation Of Chemotaxis (GO:0050921),0.2838173612535816,0.4401153836222498,PTN,1
GO_Biological_Process_2023,Extracellular Matrix Disassembly (GO:0022617),0.2838173612535816,0.4401153836222498,ADAMTS4,1
GO_Biological_Process_2023,Synaptic Vesicle Recycling (GO:0036465),0.2838173612535816,0.4401153836222498,SYNJ2,1
GO_Biological_Process_2023,Negative Regulation Of Response To Biotic Stimulus (GO:0002832),0.28923645386369046,0.44463212231731963,TYRO3,1
GO_Biological_Process_2023,Organic Hydroxy Compound Transport (GO:0015850),0.28923645386369046,0.44463212231731963,SLC44A1,1
GO_Biological_Process_2023,Regulation Of Stem Cell Differentiation (GO:2000736),0.28923645386369046,0.44463212231731963,PTN,1
GO_Biological_Process_2023,Positive Regulation Of mRNA Catabolic Process (GO:0061014),0.28923645386369046,0.44463212231731963,PRR5L,1
GO_Biological_Process_2023,Triglyceride Metabolic Process (GO:0006641),0.28923645386369046,0.44463212231731963,PLAAT3,1
GO_Biological_Process_2023,Positive Regulation Of Transferase Activity (GO:0051347),0.2937154976929468,0.4474714690730343,TYRO3;SERINC5,2
GO_Biological_Process_2023,Regulation Of mRNA Catabolic Process (GO:0061013),0.29461481165575204,0.4474714690730343,PRR5L,1
GO_Biological_Process_2023,Regulation Of Nervous System Development (GO:0051960),0.29461481165575204,0.4474714690730343,PTN,1
GO_Biological_Process_2023,Cardiac Conduction (GO:0061337),0.29461481165575204,0.4474714690730343,HCN2,1
GO_Biological_Process_2023,Positive Regulation Of Cell-Cell Adhesion (GO:0022409),0.29461481165575204,0.4474714690730343,MEGF10,1
GO_Biological_Process_2023,Mitotic G2/M Transition Checkpoint (GO:0044818),0.29461481165575204,0.4474714690730343,FOXN3,1
GO_Biological_Process_2023,Myofibril Assembly (GO:0030239),0.29461481165575204,0.4474714690730343,TMOD1,1
GO_Biological_Process_2023,Regulation Of Cell Adhesion (GO:0030155),0.2965049520610551,0.4495724657746254,PLXNB3;PKP4,2
GO_Biological_Process_2023,Bicellular Tight Junction Assembly (GO:0070830),0.2999527387667908,0.4532505609644692,CLDN11,1
GO_Biological_Process_2023,Insulin Receptor Signaling Pathway (GO:0008286),0.2999527387667908,0.4532505609644692,GAB1,1
GO_Biological_Process_2023,Positive Regulation Of Cell Population Proliferation (GO:0008284),0.3013784354648684,0.4546303949954733,MEGF10;TGFA;PTN;S100B;MEIS2,5
GO_Biological_Process_2023,Regulation Of Cold-Induced Thermogenesis (GO:0120161),0.30207901069477205,0.454913552608256,GATM;ESRRG,2
GO_Biological_Process_2023,Regulation Of Intrinsic Apoptotic Signaling Pathway (GO:2001242),0.30525053713523,0.4573601797955219,SEPTIN4,1
GO_Biological_Process_2023,Cellular Response To Radiation (GO:0071478),0.30525053713523,0.4573601797955219,GPR88,1
GO_Biological_Process_2023,Cytoplasmic Microtubule Organization (GO:0031122),0.30525053713523,0.4573601797955219,SLAIN1,1
GO_Biological_Process_2023,Regulation Of Cell Communication (GO:0010646),0.31050850642228905,0.4644537018491912,HCN2,1
GO_Biological_Process_2023,Neuron Development (GO:0048666),0.3132040330878922,0.46769693156390635,WNK1;MICALL1,2
GO_Biological_Process_2023,Regulation Of Epithelial Cell Migration (GO:0010632),0.3157269440683073,0.4698822137392426,PTN,1
GO_Biological_Process_2023,Positive Regulation Of Fat Cell Differentiation (GO:0045600),0.3157269440683073,0.4698822137392426,FNDC5,1
GO_Biological_Process_2023,Amide Biosynthetic Process (GO:0043604),0.3209061453840436,0.4720460214853179,FA2H,1
GO_Biological_Process_2023,Regulation Of Release Of Sequestered Calcium Ion Into Cytosol (GO:0051279),0.3209061453840436,0.4720460214853179,UBASH3B,1
GO_Biological_Process_2023,Regulation Of Stress-Activated MAPK Cascade (GO:0032872),0.3209061453840436,0.4720460214853179,PHLPP1,1
GO_Biological_Process_2023,Positive Regulation Of Ras Protein Signal Transduction (GO:0046579),0.3209061453840436,0.4720460214853179,LPAR1,1
GO_Biological_Process_2023,Positive Regulation Of Actin Filament Bundle Assembly (GO:0032233),0.3209061453840436,0.4720460214853179,LPAR1,1
GO_Biological_Process_2023,Positive Regulation Of Protein Localization To Cell Periphery (GO:1904377),0.3209061453840436,0.4720460214853179,AKAP5,1
GO_Biological_Process_2023,Positive Regulation Of Protein Localization To Plasma Membrane (GO:1903078),0.3209061453840436,0.4720460214853179,AKAP5,1
GO_Biological_Process_2023,Negative Regulation Of Innate Immune Response (GO:0045824),0.326046403325669,0.47566309169386245,TYRO3,1
GO_Biological_Process_2023,Negative Regulation Of Response To Stimulus (GO:0048585),0.326046403325669,0.47566309169386245,UBASH3B,1
GO_Biological_Process_2023,Neurotransmitter Transport (GO:0006836),0.326046403325669,0.47566309169386245,SLC32A1,1
GO_Biological_Process_2023,Regulation Of Protein Localization To Nucleus (GO:1900180),0.326046403325669,0.47566309169386245,NGFR,1
GO_Biological_Process_2023,Regulation Of Cell Development (GO:0060284),0.326046403325669,0.47566309169386245,PTN,1
GO_Biological_Process_2023,Positive Regulation Of Response To External Stimulus (GO:0032103),0.32705662604265595,0.4763534110013725,IL33;PTN,2
GO_Biological_Process_2023,Negative Regulation Of Signal Transduction (GO:0009968),0.32763895266302145,0.4764192639542623,UBASH3B;TYRO3;APLN,3
GO_Biological_Process_2023,Actin Cytoskeleton Reorganization (GO:0031532),0.3311480088604398,0.47683162964157483,PHACTR1,1
GO_Biological_Process_2023,Regulation Of Proteasomal Protein Catabolic Process (GO:0061136),0.3311480088604398,0.47683162964157483,GNA12,1
GO_Biological_Process_2023,Carboxylic Acid Transport (GO:0046942),0.3311480088604398,0.47683162964157483,SLC38A3,1
GO_Biological_Process_2023,Positive Regulation Of Chemokine Production (GO:0032722),0.3311480088604398,0.47683162964157483,IL33,1
GO_Biological_Process_2023,Endosome Organization (GO:0007032),0.3311480088604398,0.47683162964157483,LAPTM4B,1
GO_Biological_Process_2023,Tight Junction Assembly (GO:0120192),0.3311480088604398,0.47683162964157483,CLDN11,1
GO_Biological_Process_2023,Positive Regulation Of Multicellular Organismal Process (GO:0051240),0.3350005297935176,0.47945237839296634,IL33;GATM;ESRRG;PTN,4
GO_Biological_Process_2023,Regulation Of Focal Adhesion Assembly (GO:0051893),0.3362112506881906,0.47945237839296634,GPM6B,1
GO_Biological_Process_2023,Apical Junction Assembly (GO:0043297),0.3362112506881906,0.47945237839296634,CLDN11,1
GO_Biological_Process_2023,Organelle Disassembly (GO:1903008),0.3362112506881906,0.47945237839296634,PLAAT3,1
GO_Biological_Process_2023,Epidermal Cell Differentiation (GO:0009913),0.3362112506881906,0.47945237839296634,CLIC4,1
GO_Biological_Process_2023,Positive Regulation Of Leukocyte Chemotaxis (GO:0002690),0.3362112506881906,0.47945237839296634,PTN,1
GO_Biological_Process_2023,Neuron Migration (GO:0001764),0.34123641537237587,0.48350910612667314,SEPTIN4,1
GO_Biological_Process_2023,"Regulation Of Synaptic Transmission, Glutamatergic (GO:0051966)",0.34123641537237587,0.48350910612667314,GRM3,1
GO_Biological_Process_2023,Ceramide Metabolic Process (GO:0006672),0.34123641537237587,0.48350910612667314,FA2H,1
GO_Biological_Process_2023,Response To Peptide Hormone (GO:0043434),0.34123641537237587,0.48350910612667314,SORT1,1
GO_Biological_Process_2023,Regulation Of Mitotic Nuclear Division (GO:0007088),0.3462237873747382,0.4859185117110645,TGFA,1
GO_Biological_Process_2023,Regulation Of Stem Cell Population Maintenance (GO:2000036),0.3462237873747382,0.4859185117110645,PTN,1
GO_Biological_Process_2023,Cellular Response To Peptide (GO:1901653),0.3462237873747382,0.4859185117110645,NGFR,1
GO_Biological_Process_2023,post-Golgi Vesicle-Mediated Transport (GO:0006892),0.3462237873747382,0.4859185117110645,SORT1,1
GO_Biological_Process_2023,Mitotic DNA Damage Checkpoint Signaling (GO:0044773),0.3462237873747382,0.4859185117110645,FOXN3,1
GO_Biological_Process_2023,Regulation Of Cation Channel Activity (GO:2001257),0.3462237873747382,0.4859185117110645,HCN2,1
GO_Biological_Process_2023,Nitrogen Compound Transport (GO:0071705),0.3490623396126172,0.4889969022781438,SLC48A1;SLC38A3,2
GO_Biological_Process_2023,Chemokine-Mediated Signaling Pathway (GO:0070098),0.35117364909941107,0.4889969022781438,WNK1,1
GO_Biological_Process_2023,Signal Transduction In Response To DNA Damage (GO:0042770),0.35117364909941107,0.4889969022781438,NDRG1,1
GO_Biological_Process_2023,Endosome To Lysosome Transport (GO:0008333),0.35117364909941107,0.4889969022781438,SORT1,1
GO_Biological_Process_2023,Monoatomic Anion Transport (GO:0006820),0.35117364909941107,0.4889969022781438,CLIC4,1
GO_Biological_Process_2023,Negative Regulation Of Transcription By RNA Polymerase II (GO:0000122),0.35436854147948277,0.4919759049688103,IL33;ZEB2;EDNRB;NACC2;SOX10;MEIS2;SCRT1,7
GO_Biological_Process_2023,Peptidyl-Threonine Phosphorylation (GO:0018107),0.35608628071023246,0.4919759049688103,WNK1,1
GO_Biological_Process_2023,Eye Development (GO:0001654),0.35608628071023246,0.4919759049688103,MEIS2,1
GO_Biological_Process_2023,Inorganic Anion Transport (GO:0015698),0.35608628071023246,0.4919759049688103,CLIC4,1
GO_Biological_Process_2023,Memory (GO:0007613),0.35608628071023246,0.4919759049688103,PTN,1
GO_Biological_Process_2023,Regulation Of Multicellular Organismal Development (GO:2000026),0.3609619604023788,0.49639264942156586,PTN,1
GO_Biological_Process_2023,Cellular Response To Chemokine (GO:1990869),0.3609619604023788,0.49639264942156586,WNK1,1
GO_Biological_Process_2023,Mitotic Cytokinesis (GO:0000281),0.3609619604023788,0.49639264942156586,ANLN,1
GO_Biological_Process_2023,Brain Development (GO:0007420),0.3654104454173138,0.5007182953019874,SYNJ2;MEIS2,2
GO_Biological_Process_2023,Response To Light Stimulus (GO:0009416),0.36580096432433806,0.5007182953019874,GPR88,1
GO_Biological_Process_2023,protein-DNA Complex Organization (GO:0071824),0.36580096432433806,0.5007182953019874,SETD7,1
GO_Biological_Process_2023,Autophagosome Organization (GO:1905037),0.37060356647251913,0.50573132840173,PACS2,1
GO_Biological_Process_2023,Positive Regulation Of Organelle Assembly (GO:1902117),0.37060356647251913,0.50573132840173,CCP110,1
GO_Biological_Process_2023,Generation Of Neurons (GO:0048699),0.3735269112785137,0.5083255336004441,ATP2B2;SEPTIN4,2
GO_Biological_Process_2023,Regulation Of Embryonic Development (GO:0045995),0.37537003890449927,0.5083255336004441,PHLDB1,1
GO_Biological_Process_2023,Negative Regulation Of Kinase Activity (GO:0033673),0.37537003890449927,0.5083255336004441,UBASH3B,1
GO_Biological_Process_2023,Phosphatidylinositol-Mediated Signaling (GO:0048015),0.37537003890449927,0.5083255336004441,TYRO3,1
GO_Biological_Process_2023,Positive Regulation Of Apoptotic Signaling Pathway (GO:2001235),0.37537003890449927,0.5083255336004441,SEPTIN4,1
GO_Biological_Process_2023,Neuron Differentiation (GO:0030182),0.37622327387999005,0.5087043352615109,WNK1;ATP2B2,2
GO_Biological_Process_2023,Extracellular Matrix Organization (GO:0030198),0.3842838061304527,0.5179268006081215,ADAMTS4;GPM6B,2
GO_Biological_Process_2023,Response To Metal Ion (GO:0010038),0.384795672605132,0.5179268006081215,NDRG1,1
GO_Biological_Process_2023,Endocytic Recycling (GO:0032456),0.384795672605132,0.5179268006081215,MICALL1,1
GO_Biological_Process_2023,Autophagosome Assembly (GO:0000045),0.38945536791178414,0.519469039605643,PACS2,1
GO_Biological_Process_2023,Cellular Response To Light Stimulus (GO:0071482),0.38945536791178414,0.519469039605643,GPR88,1
GO_Biological_Process_2023,Positive Regulation Of Cell Cycle (GO:0045787),0.38945536791178414,0.519469039605643,MEIS2,1
GO_Biological_Process_2023,Fatty Acid Biosynthetic Process (GO:0006633),0.38945536791178414,0.519469039605643,ELOVL7,1
GO_Biological_Process_2023,Monocarboxylic Acid Biosynthetic Process (GO:0072330),0.38945536791178414,0.519469039605643,GATM,1
GO_Biological_Process_2023,Regulation Of Cell-Matrix Adhesion (GO:0001952),0.38945536791178414,0.519469039605643,GPM6B,1
GO_Biological_Process_2023,Negative Regulation Of Immune Response (GO:0050777),0.3940800014682162,0.5240614112478377,TYRO3,1
GO_Biological_Process_2023,Peptidyl-Threonine Modification (GO:0018210),0.3940800014682162,0.5240614112478377,WNK1,1
GO_Biological_Process_2023,Activation Of Cysteine-Type Endopeptidase Activity Involved In Apoptotic Process (GO:0006919),0.3986698354941925,0.5285801854758576,NGFR,1
GO_Biological_Process_2023,Extrinsic Apoptotic Signaling Pathway (GO:0097191),0.3986698354941925,0.5285801854758576,SORT1,1
GO_Biological_Process_2023,Cell-Cell Junction Organization (GO:0045216),0.40322513001753446,0.5330263641215396,PKP4,1
GO_Biological_Process_2023,Intermediate Filament Organization (GO:0045109),0.40322513001753446,0.5330263641215396,NEFL,1
GO_Biological_Process_2023,Phosphate-Containing Compound Metabolic Process (GO:0006796),0.4055553244911466,0.5342257445211848,INPP5J;PLAAT3,2
GO_Biological_Process_2023,Regulation Of Monoatomic Ion Transmembrane Transporter Activity (GO:0032412),0.40774614322530117,0.5342257445211848,HCN2,1
GO_Biological_Process_2023,Cellular Response To Calcium Ion (GO:0071277),0.40774614322530117,0.5342257445211848,CLIC4,1
GO_Biological_Process_2023,Phospholipid Metabolic Process (GO:0006644),0.40774614322530117,0.5342257445211848,PLAAT3,1
GO_Biological_Process_2023,Establishment Of Protein Localization To Membrane (GO:0090150),0.40774614322530117,0.5342257445211848,MICALL1,1
GO_Biological_Process_2023,Positive Regulation Of Phosphatidylinositol 3-Kinase Signaling (GO:0014068),0.40774614322530117,0.5342257445211848,UNC5B,1
GO_Biological_Process_2023,Negative Regulation Of Macromolecule Metabolic Process (GO:0010605),0.41081928095589854,0.5361448498525884,EDNRB;APLN,2
GO_Biological_Process_2023,Negative Regulation Of Extrinsic Apoptotic Signaling Pathway (GO:2001237),0.41223313145373763,0.5361448498525884,UNC5B,1
GO_Biological_Process_2023,Positive Regulation Of Protein Transport (GO:0051222),0.41223313145373763,0.5361448498525884,PRR5L,1
GO_Biological_Process_2023,Regulation Of Actin Filament Polymerization (GO:0030833),0.41223313145373763,0.5361448498525884,CDC42EP2,1
GO_Biological_Process_2023,Regulation Of Actin Filament-Based Process (GO:0032970),0.41223313145373763,0.5361448498525884,GPM6B,1
GO_Biological_Process_2023,Positive Regulation Of Transcription By RNA Polymerase II (GO:0045944),0.41377393625827275,0.5372104529092503,IL33;ZEB2;ESRRG;OLIG1;OLIG2;PTMA;MEIS2;LITAF,8
GO_Biological_Process_2023,Positive Regulation Of MAPK Cascade (GO:0043410),0.4156970251003397,0.5372104529092503,GPR37;LPAR1;TGFA,3
GO_Biological_Process_2023,Regulation Of Cilium Assembly (GO:1902017),0.4166863490434771,0.5372104529092503,CCP110,1
GO_Biological_Process_2023,Negative Regulation Of Supramolecular Fiber Organization (GO:1902904),0.4166863490434771,0.5372104529092503,TUBB4A,1
GO_Biological_Process_2023,Protein Autoubiquitination (GO:0051865),0.4166863490434771,0.5372104529092503,RNF13,1
GO_Biological_Process_2023,Myeloid Leukocyte Differentiation (GO:0002573),0.4166863490434771,0.5372104529092503,IL33,1
GO_Biological_Process_2023,Cellular Response To Hypoxia (GO:0071456),0.4211060485039541,0.5389914358196354,NDRG1,1
GO_Biological_Process_2023,Second-Messenger-Mediated Signaling (GO:0019932),0.4211060485039541,0.5389914358196354,EDNRB,1
GO_Biological_Process_2023,Positive Regulation Of Protein Localization To Nucleus (GO:1900182),0.4211060485039541,0.5389914358196354,NGFR,1
GO_Biological_Process_2023,Protein Targeting To Membrane (GO:0006612),0.4211060485039541,0.5389914358196354,MICALL1,1
GO_Biological_Process_2023,Negative Regulation Of Cell Adhesion (GO:0007162),0.4211060485039541,0.5389914358196354,PLXNB3,1
GO_Biological_Process_2023,Cellular Response To Decreased Oxygen Levels (GO:0036294),0.42549248048200894,0.5422583767062383,NDRG1,1
GO_Biological_Process_2023,Monocarboxylic Acid Transport (GO:0015718),0.42549248048200894,0.5422583767062383,FABP7,1
GO_Biological_Process_2023,Regulation Of Rho Protein Signal Transduction (GO:0035023),0.42549248048200894,0.5422583767062383,LPAR1,1
GO_Biological_Process_2023,Protein Localization To Membrane (GO:0072657),0.4264731437011865,0.5427283765609074,PACS2;PTN,2
GO_Biological_Process_2023,Regulation Of Signal Transduction (GO:0009966),0.4290613478730132,0.5452398503773105,UBASH3B;GNG7,2
GO_Biological_Process_2023,Negative Regulation Of Phosphorylation (GO:0042326),0.4341665349339502,0.5486504723635068,PRR5L,1
GO_Biological_Process_2023,Regulation Of Stress Fiber Assembly (GO:0051492),0.4341665349339502,0.5486504723635068,LPAR1,1
GO_Biological_Process_2023,Regulation Of BMP Signaling Pathway (GO:0030510),0.4341665349339502,0.5486504723635068,SPART,1
GO_Biological_Process_2023,Regulation Of Programmed Cell Death (GO:0043067),0.4342194268310956,0.5486504723635068,PHLPP1;SEPTIN4,2
GO_Biological_Process_2023,Positive Regulation Of Interleukin-6 Production (GO:0032755),0.4384546494313883,0.5532137610891058,IL33,1
GO_Biological_Process_2023,Chloride Transport (GO:0006821),0.44271048037681293,0.5562099094819165,CLIC4,1
GO_Biological_Process_2023,Positive Regulation Of Synaptic Transmission (GO:0050806),0.44271048037681293,0.5562099094819165,AKAP5,1
GO_Biological_Process_2023,Monoatomic Cation Homeostasis (GO:0055080),0.44271048037681293,0.5562099094819165,WNK1,1
GO_Biological_Process_2023,Intracellular Protein Transport (GO:0006886),0.4456616409798897,0.5575677872994402,NGFR;KIF13B;TRAK2,3
GO_Biological_Process_2023,Regulation Of Innate Immune Response (GO:0045088),0.4469342691881646,0.5575677872994402,TYRO3,1
GO_Biological_Process_2023,Negative Regulation Of Protein Modification Process (GO:0031400),0.4469342691881646,0.5575677872994402,PRR5L,1
GO_Biological_Process_2023,Positive Regulation Of Tumor Necrosis Factor Production (GO:0032760),0.4469342691881646,0.5575677872994402,IL33,1
GO_Biological_Process_2023,Regulation Of TOR Signaling (GO:0032006),0.4469342691881646,0.5575677872994402,GNA12,1
GO_Biological_Process_2023,Organic Substance Transport (GO:0071702),0.4495431570818821,0.5588673026070392,SLC48A1;ATP2B2,2
GO_Biological_Process_2023,Response To Insulin (GO:0032868),0.45112625554299896,0.5588673026070392,SORT1,1
GO_Biological_Process_2023,Positive Regulation Of Cytoskeleton Organization (GO:0051495),0.45112625554299896,0.5588673026070392,CDC42EP2,1
GO_Biological_Process_2023,Positive Regulation Of Protein Localization To Membrane (GO:1905477),0.45112625554299896,0.5588673026070392,AKAP5,1
GO_Biological_Process_2023,Positive Regulation Of Protein Modification By Small Protein Conjugation Or Removal (GO:1903322),0.45112625554299896,0.5588673026070392,SEPTIN4,1
GO_Biological_Process_2023,Regulation Of Protein Localization To Plasma Membrane (GO:1903076),0.4552866773142844,0.5632347040136266,AKAP5,1
GO_Biological_Process_2023,Sodium Ion Transmembrane Transport (GO:0035725),0.46351376966285984,0.5718174042989662,HCN2,1
GO_Biological_Process_2023,Positive Regulation Of Tumor Necrosis Factor Superfamily Cytokine Production (GO:1903557),0.46351376966285984,0.5718174042989662,IL33,1
GO_Biological_Process_2023,Regulation Of Canonical Wnt Signaling Pathway (GO:0060828),0.4646328025243871,0.572061054808681,ZEB2;WNK1,2
GO_Biological_Process_2023,Positive Regulation Of Cellular Process (GO:0048522),0.466707452425154,0.572061054808681,MYRF;TGFA;PTN;S100B;MEIS2,5
GO_Biological_Process_2023,Regulation Of Epithelial To Mesenchymal Transition (GO:0010717),0.46758090725624996,0.572061054808681,PHLDB1,1
GO_Biological_Process_2023,Phospholipase C-activating G Protein-Coupled Receptor Signaling Pathway (GO:0007200),0.46758090725624996,0.572061054808681,LPAR1,1
GO_Biological_Process_2023,Vesicle-Mediated Transport To The Plasma Membrane (GO:0098876),0.46758090725624996,0.572061054808681,MICALL1,1
GO_Biological_Process_2023,Regulation Of Cell Division (GO:0051302),0.46758090725624996,0.572061054808681,CCP110,1
GO_Biological_Process_2023,Positive Regulation Of Protein Ubiquitination (GO:0031398),0.47161741413261593,0.5762047470187746,SEPTIN4,1
GO_Biological_Process_2023,Regulation Of Kinase Activity (GO:0043549),0.47562351955813886,0.5779151532165332,TYRO3,1
GO_Biological_Process_2023,Calcium-Mediated Signaling (GO:0019722),0.47562351955813886,0.5779151532165332,EDNRB,1
GO_Biological_Process_2023,Epidermis Development (GO:0008544),0.47562351955813886,0.5779151532165332,PLOD1,1
GO_Biological_Process_2023,Positive Regulation Of Protein Localization (GO:1903829),0.47562351955813886,0.5779151532165332,NGFR,1
GO_Biological_Process_2023,Regulation Of Mitotic Cell Cycle Phase Transition (GO:1901990),0.47959945087722194,0.5819489916937016,ANLN,1
GO_Biological_Process_2023,Glucose Homeostasis (GO:0042593),0.4835454339186298,0.5859355189697057,NGFR,1
GO_Biological_Process_2023,Regulation Of Endothelial Cell Migration (GO:0010594),0.4874616927857995,0.5882700972802777,PTN,1
GO_Biological_Process_2023,Negative Regulation Of Protein Kinase Activity (GO:0006469),0.4874616927857995,0.5882700972802777,UBASH3B,1
GO_Biological_Process_2023,Positive Regulation Of Cell Adhesion (GO:0045785),0.4874616927857995,0.5882700972802777,MEGF10,1
GO_Biological_Process_2023,Cellular Response To Chemical Stress (GO:0062197),0.4913484498613987,0.5905502371640388,PRR5L,1
GO_Biological_Process_2023,Sensory Perception Of Mechanical Stimulus (GO:0050954),0.4913484498613987,0.5905502371640388,ATP2B2,1
GO_Biological_Process_2023,Sodium Ion Transport (GO:0006814),0.4913484498613987,0.5905502371640388,HCN2,1
GO_Biological_Process_2023,Negative Regulation Of Apoptotic Process (GO:0043066),0.4952059105270586,0.5935779139906556,MAG;UNC5B;TYRO3;PTMA,4
GO_Biological_Process_2023,Regulation Of Phosphatidylinositol 3-Kinase Signaling (GO:0014066),0.49520592598994945,0.5935779139906556,UNC5B,1
GO_Biological_Process_2023,Protein Localization (GO:0008104),0.4960881007866868,0.5938328547878424,NGFR;PEX5L;PACS2,3
GO_Biological_Process_2023,Regulation Of Epithelial Cell Proliferation (GO:0050678),0.49903434016899517,0.5949508867337348,TGFA,1
GO_Biological_Process_2023,Positive Regulation Of MAP Kinase Activity (GO:0043406),0.49903434016899517,0.5949508867337348,TGFA,1
GO_Biological_Process_2023,Regulation Of Actin Cytoskeleton Organization (GO:0032956),0.49903434016899517,0.5949508867337348,GPM6B,1
GO_Biological_Process_2023,Sensory Perception Of Sound (GO:0007605),0.5028339100234974,0.598676078108513,ATP2B2,1
GO_Biological_Process_2023,Regulation Of Endothelial Cell Proliferation (GO:0001936),0.5066048513812355,0.5991446709002078,PLXNB3,1
GO_Biological_Process_2023,Regulation Of Peptidyl-Serine Phosphorylation (GO:0033135),0.5066048513812355,0.5991446709002078,INPP5J,1
GO_Biological_Process_2023,Positive Regulation Of Cellular Component Biogenesis (GO:0044089),0.5066048513812355,0.5991446709002078,CDC42EP2,1
GO_Biological_Process_2023,Positive Regulation Of Protein Kinase B Signaling (GO:0051897),0.5066048513812355,0.5991446709002078,MYORG,1
GO_Biological_Process_2023,Protein O-linked Glycosylation (GO:0006493),0.5066048513812355,0.5991446709002078,PLOD1,1
GO_Biological_Process_2023,"Regulation Of mRNA Splicing, Via Spliceosome (GO:0048024)",0.510347378574852,0.6011661683876411,QKI,1
GO_Biological_Process_2023,Peptidyl-Lysine Modification (GO:0018205),0.510347378574852,0.6011661683876411,PLOD1,1
GO_Biological_Process_2023,Muscle Contraction (GO:0006936),0.510347378574852,0.6011661683876411,TMOD1,1
GO_Biological_Process_2023,Negative Regulation Of DNA-templated Transcription (GO:0045892),0.5131956301682541,0.6031385339300703,IL33;ZEB2;EDNRB;NACC2;FOXN3;SOX10;MEIS2;SCRT1,8
GO_Biological_Process_2023,Cell Junction Assembly (GO:0034329),0.5140617042290114,0.6031385339300703,PKP4,1
GO_Biological_Process_2023,Positive Regulation Of Transmembrane Receptor Protein Serine/Threonine Kinase Signaling Pathway (GO:0090100),0.5140617042290114,0.6031385339300703,ZEB2,1
GO_Biological_Process_2023,Apoptotic Process (GO:0006915),0.5154767392294858,0.6039998252266233,NGFR;SEPTIN4,2
GO_Biological_Process_2023,Regulation Of Protein Metabolic Process (GO:0051246),0.5177480394199429,0.6058608324082972,EDNRB,1
GO_Biological_Process_2023,Regulation Of Cell Population Proliferation (GO:0042127),0.52193489039075,0.6089860693709243,NACC2;FABP7;TGFA;PTN;S100B;MEIS2,6
GO_Biological_Process_2023,Negative Regulation Of Intracellular Signal Transduction (GO:1902532),0.5224784653791131,0.6089860693709243,PHLPP1;TRIM59,2
GO_Biological_Process_2023,Positive Regulation Of Phosphorylation (GO:0042327),0.5224784653791131,0.6089860693709243,TYRO3;MOB3B,2
GO_Biological_Process_2023,Positive Regulation Of Protein-Containing Complex Assembly (GO:0031334),0.5250375751584945,0.6111657863065415,CDC42EP2,1
GO_Biological_Process_2023,Positive Regulation Of Developmental Process (GO:0051094),0.5271088397389317,0.6127726616624279,PHLDB1;PTN,2
GO_Biological_Process_2023,Cellular Response To Insulin Stimulus (GO:0032869),0.5286411901184255,0.6137496539725699,GAB1,1
GO_Biological_Process_2023,Protein Complex Oligomerization (GO:0051259),0.5322176434695001,0.6170941826894727,NACC2,1
GO_Biological_Process_2023,Regulation Of RNA Splicing (GO:0043484),0.5392898773606531,0.6244779650377276,QKI,1
GO_Biological_Process_2023,Inorganic Cation Import Across Plasma Membrane (GO:0098659),0.542786060199661,0.6272254945073306,HCN2,1
GO_Biological_Process_2023,Regulation Of Inflammatory Response (GO:0050727),0.5430768655937203,0.6272254945073306,IL33;TYRO3,2
GO_Biological_Process_2023,Positive Regulation Of Inflammatory Response (GO:0050729),0.5462558858517969,0.6284422448126379,IL33,1
GO_Biological_Process_2023,Positive Regulation Of Kinase Activity (GO:0033674),0.5462558858517969,0.6284422448126379,TYRO3,1
GO_Biological_Process_2023,Positive Regulation Of Vasculature Development (GO:1904018),0.5462558858517969,0.6284422448126379,GAB1,1
GO_Biological_Process_2023,Cellular Response To Organonitrogen Compound (GO:0071417),0.5496995517538182,0.6307677909516647,HCN2,1
GO_Biological_Process_2023,Lysosomal Transport (GO:0007041),0.5496995517538182,0.6307677909516647,SORT1,1
GO_Biological_Process_2023,Response To Calcium Ion (GO:0051592),0.5531172538046315,0.6338695143730079,CLIC4,1
GO_Biological_Process_2023,Regulation Of Proteasomal Ubiquitin-Dependent Protein Catabolic Process (GO:0032434),0.563216514464887,0.6413004471506478,GNA12,1
GO_Biological_Process_2023,Cell-Matrix Adhesion (GO:0007160),0.563216514464887,0.6413004471506478,ITGB4,1
GO_Biological_Process_2023,Cellular Response To Salt (GO:1902075),0.563216514464887,0.6413004471506478,CLIC4,1
GO_Biological_Process_2023,Positive Regulation Of Cysteine-Type Endopeptidase Activity Involved In Apoptotic Process (GO:0043280),0.563216514464887,0.6413004471506478,NGFR,1
GO_Biological_Process_2023,Extracellular Structure Organization (GO:0043062),0.563216514464887,0.6413004471506478,ADAMTS4,1
GO_Biological_Process_2023,External Encapsulating Structure Organization (GO:0045229),0.566532291476303,0.6434239981299369,ADAMTS4,1
GO_Biological_Process_2023,Regulation Of JNK Cascade (GO:0046328),0.566532291476303,0.6434239981299369,PHLPP1,1
GO_Biological_Process_2023,T Cell Activation (GO:0042110),0.5698230625399323,0.6446850210113776,KIF13B,1
GO_Biological_Process_2023,Negative Regulation Of Transmembrane Receptor Protein Serine/Threonine Kinase Signaling Pathway (GO:0090101),0.5698230625399323,0.6446850210113776,SPART,1
GO_Biological_Process_2023,Regulation Of Transforming Growth Factor Beta Receptor Signaling Pathway (GO:0017015),0.5698230625399323,0.6446850210113776,ZEB2,1
GO_Biological_Process_2023,Calcium Ion Transport (GO:0006816),0.573089015093911,0.6450887771425114,ATP2B2,1
GO_Biological_Process_2023,Small GTPase Mediated Signal Transduction (GO:0007264),0.573089015093911,0.6450887771425114,RAPGEF4,1
GO_Biological_Process_2023,Protein Deubiquitination (GO:0016579),0.573089015093911,0.6450887771425114,JOSD2,1
GO_Biological_Process_2023,Negative Regulation Of Defense Response (GO:0031348),0.573089015093911,0.6450887771425114,TYRO3,1
GO_Biological_Process_2023,Regulation Of Protein Ubiquitination (GO:0031396),0.5763303350450902,0.6470949458037912,SEPTIN4,1
GO_Biological_Process_2023,Positive Regulation Of Cellular Component Organization (GO:0051130),0.5763303350450902,0.6470949458037912,CDC42EP2,1
GO_Biological_Process_2023,Regulation Of Interleukin-6 Production (GO:0032675),0.5795472068138459,0.6482451102697115,IL33,1
GO_Biological_Process_2023,Protein Modification By Small Protein Removal (GO:0070646),0.5795472068138459,0.6482451102697115,JOSD2,1
GO_Biological_Process_2023,Regulation Of MAP Kinase Activity (GO:0043405),0.5795472068138459,0.6482451102697115,TGFA,1
GO_Biological_Process_2023,Cellular Component Assembly (GO:0022607),0.5866216680635212,0.6553317626855709,NEFH;GPM6B,2
GO_Biological_Process_2023,Cellular Response To Oxidative Stress (GO:0034599),0.5890529591769486,0.6563944406908961,PRR5L,1
GO_Biological_Process_2023,Positive Regulation Of Protein Serine/Threonine Kinase Activity (GO:0071902),0.5890529591769486,0.6563944406908961,TGFA,1
GO_Biological_Process_2023,Regulation Of Small GTPase Mediated Signal Transduction (GO:0051056),0.5921738570448003,0.659044179672193,CHN2,1
GO_Biological_Process_2023,Regulation Of Protein Kinase Activity (GO:0045859),0.5952712092087871,0.6600069532102426,UBASH3B,1
GO_Biological_Process_2023,Regulation Of Protein-Containing Complex Assembly (GO:0043254),0.5952712092087871,0.6600069532102426,CDC42EP2,1
GO_Biological_Process_2023,Positive Regulation Of Angiogenesis (GO:0045766),0.5952712092087871,0.6600069532102426,GAB1,1
GO_Biological_Process_2023,Regulation Of Protein Phosphorylation (GO:0001932),0.5970211062756905,0.6611207506448658,PRR5L;MOB3B,2
GO_Biological_Process_2023,Positive Regulation Of Signal Transduction (GO:0009967),0.5990775232067553,0.6625707769132069,MYORG;KLK6,2
GO_Biological_Process_2023,Vesicle-Mediated Transport (GO:0016192),0.6028689460037578,0.6643418415366903,SORT1;KIF5A;MICALL1,3
GO_Biological_Process_2023,Fatty Acid Metabolic Process (GO:0006631),0.6044237498535615,0.6643418415366903,FA2H,1
GO_Biological_Process_2023,Positive Regulation Of Macromolecule Biosynthetic Process (GO:0010557),0.6044237498535615,0.6643418415366903,IL33,1
GO_Biological_Process_2023,Potassium Ion Transport (GO:0006813),0.6044237498535615,0.6643418415366903,HCN2,1
GO_Biological_Process_2023,Receptor-Mediated Endocytosis (GO:0006898),0.6044237498535615,0.6643418415366903,MICALL1,1
GO_Biological_Process_2023,Modulation Of Chemical Synaptic Transmission (GO:0050804),0.6074286709288242,0.6659941052087356,GRM3,1
GO_Biological_Process_2023,Regulation Of Cell Motility (GO:2000145),0.6074286709288242,0.6659941052087356,DOCK10,1
GO_Biological_Process_2023,Positive Regulation Of Defense Response (GO:0031349),0.6104109155577965,0.6676134181254815,IL33,1
GO_Biological_Process_2023,Protein Dephosphorylation (GO:0006470),0.6104109155577965,0.6676134181254815,UBASH3B,1
GO_Biological_Process_2023,Regulation Of Mitotic Cell Cycle (GO:0007346),0.6133706538522488,0.6692002090614326,MEIS2,1
GO_Biological_Process_2023,Negative Regulation Of Cell Growth (GO:0030308),0.6133706538522488,0.6692002090614326,MAG,1
GO_Biological_Process_2023,Regulation Of Tumor Necrosis Factor Production (GO:0032680),0.6192232848458512,0.6747555941747789,IL33,1
GO_Biological_Process_2023,Regulation Of Gene Expression (GO:0010468),0.6219557764375708,0.6769015628222396,IL33;MOG;SORT1;ESRRG;FOXN3;LITAF;SCRT1;APLN,8
GO_Biological_Process_2023,Protein Homooligomerization (GO:0051260),0.6249878986216527,0.6793679731340758,NACC2,1
GO_Biological_Process_2023,Regulation Of Cell Cycle Process (GO:0010564),0.6278376107975522,0.6816303069491173,CCP110,1
GO_Biological_Process_2023,Synapse Organization (GO:0050808),0.6306658102582936,0.6838637820282475,CNTN2,1
GO_Biological_Process_2023,Plasma Membrane Bounded Cell Projection Organization (GO:0120036),0.6334726583928469,0.6852320097493357,MICALL1,1
GO_Biological_Process_2023,Epithelial Cell Differentiation (GO:0030855),0.6334726583928469,0.6852320097493357,PLAAT3,1
GO_Biological_Process_2023,Non-Membrane-Bounded Organelle Assembly (GO:0140694),0.6417666897840795,0.6925146640370784,TMOD1,1
GO_Biological_Process_2023,Cellular Response To Metal Ion (GO:0071248),0.6417666897840795,0.6925146640370784,CLIC4,1
GO_Biological_Process_2023,Potassium Ion Transmembrane Transport (GO:0071805),0.6471921911685143,0.6958296649290573,HCN2,1
GO_Biological_Process_2023,Protein Localization To Organelle (GO:0033365),0.6471921911685143,0.6958296649290573,MICALL1,1
GO_Biological_Process_2023,Protein Localization To Plasma Membrane (GO:0072659),0.6471921911685143,0.6958296649290573,PACS2,1
GO_Biological_Process_2023,Protein Localization To Cell Periphery (GO:1990778),0.6604014577730434,0.7091720254778323,PACS2,1
GO_Biological_Process_2023,Regulation Of Nucleic Acid-Templated Transcription (GO:1903506),0.6668015194402112,0.7151788969086667,ESRRG;FOXN3;SCRT1,3
GO_Biological_Process_2023,Negative Regulation Of Response To External Stimulus (GO:0032102),0.6706141745036752,0.7175328984134619,TYRO3,1
GO_Biological_Process_2023,Positive Regulation Of Cellular Catabolic Process (GO:0031331),0.6706141745036752,0.7175328984134619,PRR5L,1
GO_Biological_Process_2023,Negative Regulation Of Protein Metabolic Process (GO:0051248),0.6731193146698005,0.7184799423731805,EDNRB,1
GO_Biological_Process_2023,Protein Glycosylation (GO:0006486),0.6731193146698005,0.7184799423731805,PLOD1,1
GO_Biological_Process_2023,Defense Response To Symbiont (GO:0140546),0.6756055272699637,0.7202669503467041,SERINC5,1
GO_Biological_Process_2023,Skeletal System Development (GO:0001501),0.6780729541569224,0.7220296642703362,ADAMTS4,1
GO_Biological_Process_2023,Cellular Response To Organic Cyclic Compound (GO:0071407),0.6853639258573483,0.7289182281000814,HCN2,1
GO_Biological_Process_2023,Regulation Of Cellular Component Organization (GO:0051128),0.6877576097896295,0.7305880238124568,ERMN,1
GO_Biological_Process_2023,Epithelium Development (GO:0060429),0.6901332026613769,0.7322346300964608,SOX10,1
GO_Biological_Process_2023,Peptidyl-Serine Phosphorylation (GO:0018105),0.6994573650236221,0.7412409591110547,WNK1,1
GO_Biological_Process_2023,Regulation Of Macromolecule Metabolic Process (GO:0060255),0.7085027557971362,0.7481451718953093,SORT1,1
GO_Biological_Process_2023,Protein Autophosphorylation (GO:0046777),0.7085027557971362,0.7481451718953093,TYRO3,1
GO_Biological_Process_2023,Mitochondrion Organization (GO:0007005),0.7085027557971362,0.7481451718953093,TRAK2,1
GO_Biological_Process_2023,Peptidyl-Serine Modification (GO:0018209),0.7172776559642419,0.7565104409515845,WNK1,1
GO_Biological_Process_2023,Heart Development (GO:0007507),0.7278781237645406,0.7658693900108512,APLN,1
GO_Biological_Process_2023,Metal Ion Transport (GO:0030001),0.7278781237645406,0.7658693900108512,ATP2B2,1
GO_Biological_Process_2023,Positive Regulation Of Cellular Biosynthetic Process (GO:0031328),0.7340478923005137,0.7714460669082412,ZEB2,1
GO_Biological_Process_2023,Defense Response To Virus (GO:0051607),0.7628731904027806,0.8007911477955815,SERINC5,1
GO_Biological_Process_2023,Modification-Dependent Protein Catabolic Process (GO:0019941),0.7682543643726918,0.8054865498801154,RNF13,1
GO_Biological_Process_2023,Regulation Of Transcription By RNA Polymerase II (GO:0006357),0.7721099667030277,0.8085732473029346,IL33;ESRRG;OLIG1;OLIG2;SOX10;MEIS2;LITAF;SCRT1;ZEB2;EDNRB;NACC2;PTMA;CREB5,13
GO_Biological_Process_2023,Negative Regulation Of Cellular Process (GO:0048523),0.7748280576059742,0.8099396589446638,NACC2;FABP7;PLXNB3,3
GO_Biological_Process_2023,Endomembrane System Organization (GO:0010256),0.7752410038827728,0.8099396589446638,LAPTM4B,1
GO_Biological_Process_2023,DNA-templated Transcription (GO:0006351),0.7803432990325966,0.8143111838140155,PTMA,1
GO_Biological_Process_2023,Negative Regulation Of Cell Population Proliferation (GO:0008285),0.783230551617553,0.8163636889362743,NACC2;FABP7,2
GO_Biological_Process_2023,Regulation Of Angiogenesis (GO:0045765),0.7902052295384953,0.8226667119725883,GAB1,1
GO_Biological_Process_2023,Negative Regulation Of Cell Differentiation (GO:0045596),0.7933937863940026,0.8250179232490976,MEIS2,1
GO_Biological_Process_2023,Positive Regulation Of Nucleic Acid-Templated Transcription (GO:1903508),0.7956535609216866,0.8263989561329461,MYRF;SOX10;CREB5,3
GO_Biological_Process_2023,Cellular Response To Oxygen-Containing Compound (GO:1901701),0.8145195126504458,0.8450044534747899,CLIC4;HCN2,2
GO_Biological_Process_2023,Positive Regulation Of Protein Modification Process (GO:0031401),0.8200086926894175,0.8497052691770015,MOB3B,1
GO_Biological_Process_2023,Chromatin Remodeling (GO:0006338),0.8241006454639558,0.8519548630845324,SETD7,1
GO_Biological_Process_2023,Cilium Organization (GO:0044782),0.8241006454639558,0.8519548630845324,CCP110,1
GO_Biological_Process_2023,Organelle Organization (GO:0006996),0.8270932526597848,0.8540532189862972,SORT1;PLAAT3,2
GO_Biological_Process_2023,Positive Regulation Of Programmed Cell Death (GO:0043068),0.845602262596379,0.872150240608126,SEPTIN4,1
GO_Biological_Process_2023,Cytokine-Mediated Signaling Pathway (GO:0019221),0.8591871989002117,0.8851324569390101,IL33,1
GO_Biological_Process_2023,Negative Regulation Of Nucleic Acid-Templated Transcription (GO:1903507),0.8620290236776341,0.8870298654316259,NACC2;FOXN3,2
GO_Biological_Process_2023,Chromatin Organization (GO:0006325),0.8705937709596636,0.8948049534660737,SETD7,1
GO_Biological_Process_2023,Positive Regulation Of Apoptotic Process (GO:0043065),0.8725667890930385,0.8957948401915802,SEPTIN4,1
GO_Biological_Process_2023,Positive Regulation Of Cell Migration (GO:0030335),0.8745099208699567,0.8967517916897707,GAB1,1
GO_Biological_Process_2023,Monoatomic Cation Transmembrane Transport (GO:0098655),0.8828960723874404,0.9043057923875978,HCN2,1
GO_Biological_Process_2023,Positive Regulation Of Cell Differentiation (GO:0045597),0.884682690350023,0.9049503236535408,PTN,1
GO_Biological_Process_2023,Inorganic Cation Transmembrane Transport (GO:0098662),0.8855658184118076,0.9049503236535408,HCN2,1
GO_Biological_Process_2023,Protein Phosphorylation (GO:0006468),0.8943856512566336,0.9129114760237445,WNK1;TYRO3,2
GO_Biological_Process_2023,Cellular Response To Cytokine Stimulus (GO:0071345),0.9048573429519099,0.9215734553424776,WNK1,1
GO_Biological_Process_2023,Regulation Of Apoptotic Process (GO:0042981),0.9049498078954881,0.9215734553424776,PHLPP1;SEPTIN4;PTMA,3
GO_Biological_Process_2023,Protein Transport (GO:0015031),0.9084499253716771,0.9240769309686669,NGFR,1
GO_Biological_Process_2023,Positive Regulation Of Cytokine Production (GO:0001819),0.9132542179250718,0.9278997609387613,IL33,1
GO_Biological_Process_2023,Organelle Assembly (GO:0070925),0.9145802747386738,0.9281838715025214,PACS2,1
GO_Biological_Process_2023,Protein-Containing Complex Assembly (GO:0065003),0.9184388197784462,0.9310345521639792,ANLN,1
GO_Biological_Process_2023,Proteolysis (GO:0006508),0.919686124142452,0.9312346941944691,ADAMTS4,1
GO_Biological_Process_2023,Negative Regulation Of Gene Expression (GO:0010629),0.9233154708590894,0.9338435834116445,APLN,1
GO_Biological_Process_2023,Positive Regulation Of Macromolecule Metabolic Process (GO:0010604),0.9382116098971134,0.9478288131876305,IL33,1
GO_Biological_Process_2023,Ubiquitin-Dependent Protein Catabolic Process (GO:0006511),0.9396261504980846,0.9481779243365199,RNF13,1
GO_Biological_Process_2023,Positive Regulation Of Protein Phosphorylation (GO:0001934),0.9441129632286728,0.951622952708901,MOB3B,1
GO_Biological_Process_2023,Negative Regulation Of Programmed Cell Death (GO:0043069),0.9458134878949477,0.9522548964390676,PTMA,1
GO_Biological_Process_2023,DNA Damage Response (GO:0006974),0.947055056194168,0.9524238490297359,SETD7,1
GO_Biological_Process_2023,Phosphorylation (GO:0016310),0.9626199695250961,0.9669806488887432,WNK1,1
GO_Biological_Process_2023,Protein Ubiquitination (GO:0016567),0.9640399739111282,0.9673116027818672,RNF13,1
GO_Biological_Process_2023,Protein Modification Process (GO:0036211),0.9726262146592098,0.9748242400030723,WNK1;GAD1,2
GO_Biological_Process_2023,Positive Regulation Of Gene Expression (GO:0010628),0.9748302508407475,0.975930510717543,IL33,1
GO_Biological_Process_2023,Regulation Of DNA-templated Transcription (GO:0006355),0.9812386984635529,0.9812386984635529,ZEB2;MYRF;NACC2;ESRRG;FOXN3;SOX10;SCRT1;CREB5,8
PanglaoDB_Augmented_2021,Oligodendrocytes,9.045069565370177e-61,1.0130477913214599e-58,TMEM151A;TMEM63A;MYRF;ITGB4;NCAN;KLK6;GRM3;ADAMTS4;GJC3;TMEM125;GJC2;MOBP;KIF13B;MBP;ARSG;S1PR5;ENPP6;PLEKHH1;GPM6B;BCAS1;IL33;GPR37;MOG;OPALIN;PLLP;LGI3;OLIG1;ATP2B2;OLIG2;ELOVL7;SOX10;ERMN;CLDN11;MYO1D;FA2H;ANLN;MAG;PEX5L;GJB1;TYRO3;PLP1;CNTN2;PRR18;RGS7BP;ASPA;CREB5;RAPGEF4,47
PanglaoDB_Augmented_2021,Schwann Cells,1.682446032604774e-17,9.421697782586735e-16,NGFR;PHLDB1;CNP;MEGF10;ITGB4;CMTM5;LGI3;OLIG1;PTN;S100B;SOX10;NDRG1;MAG;EDNRB;PLP1;CNTN2;ASPA;BCAS1,18
PanglaoDB_Augmented_2021,Bergmann Glia,1.3532981714554673e-12,5.052313173433745e-11,OPALIN;NCAN;NRXN3;ATP2B2;SEPTIN4;S100B;GRM3;ZEB2;FABP7;PLP1;CNTN2;RGS7BP;GPM6B;RAPGEF4,14
PanglaoDB_Augmented_2021,Astrocytes,1.129548119746345e-11,3.162734735289766e-10,OPALIN;CMTM5;LGI3;NCAN;ATP2B2;PTN;S100B;EDNRB;FABP7;PLP1;CNTN2;RGS7BP;GPM6B;RAPGEF4,14
PanglaoDB_Augmented_2021,Oligodendrocyte Progenitor Cells,1.8689560622449044e-10,4.186461579428586e-09,CNP;MEGF10;NCAN;LGI3;PLP1;CNTN2;OLIG1;ATP2B2;OLIG2;PTN;SOX10;SCRT1,12
PanglaoDB_Augmented_2021,Enteric Glia Cells,7.796436659486393e-10,1.4553348431041268e-08,EDNRB;MEGF10;LGI3;PLP1;CNTN2;RGS7BP;PTN;S100B;SOX10;GPM6B;RAPGEF4,11
PanglaoDB_Augmented_2021,Purkinje Neurons,2.682744276384515e-08,4.292390842215224e-07,GRM3;SLC32A1;GAD1;NCAN;KIF5A;PLP1;CNTN2;PKP4;ATP2B2;SCRT1;PVALB,11
PanglaoDB_Augmented_2021,GABAergic Neurons,2.2961611622377868e-06,2.7482825501515098e-05,SLC32A1;NCAN;GAD1;LGI3;CNTN2;RGS7BP;PVALB;SCRT1,8
PanglaoDB_Augmented_2021,Neural Stem/Precursor Cells,2.3500927779023303e-06,2.7482825501515098e-05,MEGF10;FABP7;NCAN;PLP1;CNTN2;PTN;S100B;SCRT1;GPM6B,9
PanglaoDB_Augmented_2021,Radial Glia Cells,2.4538237054924197e-06,2.7482825501515098e-05,MEGF10;NCAN;PLP1;CNTN2;OLIG2;RGS7BP;PTN;GPM6B,8
PanglaoDB_Augmented_2021,Glycinergic Neurons,1.0825794832056086e-05,0.00011022627465366197,TMEM151A;SLC32A1;NCAN;GAD1;KIF5A;CNTN2;SCRT1,7
PanglaoDB_Augmented_2021,Müller Cells,1.6110975330121605e-05,0.000150369103081135,IL33;EDNRB;GPR37;MEGF10;PLP1;RGS7BP;PTN;SLC38A3,8
PanglaoDB_Augmented_2021,Satellite Glial Cells,2.548456388230701e-05,0.00021955931960141424,IL33;EDNRB;OPALIN;PLP1;TGFA;RGS7BP;S100B,7
PanglaoDB_Augmented_2021,Neuroendocrine Cells,4.157409080032029e-05,0.00033259272640256233,GRM3;NCAN;GPR88;PLP1;CNTN2;RGS7BP;SCRT1,7
PanglaoDB_Augmented_2021,Cajal-Retzius Cells,5.3942645569232254e-05,0.00040277175358360086,MEGF10;NCAN;KIF5A;CNTN2;NEFL;NEFM;SCRT1;GPM6B,8
PanglaoDB_Augmented_2021,Neurons,7.0968623390296e-05,0.000496780363732072,GRM3;SLC32A1;GAD1;NCAN;KIF5A;CNTN2;NEFM;RGS7BP;NEFH;SCRT1,10
PanglaoDB_Augmented_2021,Trigeminal Neurons,0.00011272535715026736,0.0007426611765194084,NCAN;KIF5A;PLP1;CNTN2;NEFM;RGS7BP;NEFH,7
PanglaoDB_Augmented_2021,Purkinje Fiber Cells,0.00012436706461175202,0.0007738395131397903,NCAN;PLP1;CNTN2;NEFL;NEFM;GPM6B,6
PanglaoDB_Augmented_2021,Taste Receptor Cells,0.0002398329367461016,0.0014137520481875463,MOBP;MOG;GNG7;CNTN2;ATP2B2;ASPA,6
PanglaoDB_Augmented_2021,Interneurons,0.0005282715670907113,0.002958320775707983,GRM3;GAD1;NCAN;KIF5A;CNTN2;NEFM;RGS7BP;SCRT1;PVALB,9
PanglaoDB_Augmented_2021,Immature Neurons,0.0005885247914969796,0.003138798887983891,GRM3;NCAN;KIF5A;CNTN2;GPM6B;SCRT1,6
PanglaoDB_Augmented_2021,Glutaminergic Neurons,0.0013152690015485083,0.006695914916974224,GRM3;NCAN;CNTN2;MEIS2;SCRT1,5
PanglaoDB_Augmented_2021,Gastric Chief Cells,0.0014281449979669338,0.006954445207491156,FA2H;TMEM125;GJB1;ITGB4;MYH14,5
PanglaoDB_Augmented_2021,Retinal Ganglion Cells,0.0015532786863399109,0.007248633869586251,NCAN;KIF5A;CNTN2;NEFL;NEFM;SCRT1,6
PanglaoDB_Augmented_2021,Transient Cells,0.0021807540153195733,0.009769777988631689,MYO1D;TMEM125;UNC5B;INPP5J;MYH14,5
PanglaoDB_Augmented_2021,Pyramidal Cells,0.0030848414581545534,0.013288547819742692,GRM3;SLC32A1;NCAN;CNTN2;SCRT1,5
PanglaoDB_Augmented_2021,Principal Cells,0.0037421170086927116,0.015522855739762358,FA2H;TMEM125;ITGB4;MYH14;PHACTR1,5
PanglaoDB_Augmented_2021,Enteric Neurons,0.008591905096779965,0.03436762038711986,NCAN;CNTN2;NEFM;RGS7BP;SCRT1,5
PanglaoDB_Augmented_2021,Parietal Cells,0.010021838846096684,0.03841280962643272,TMEM125;GJB1;MYH14;PLEKHH1,4
PanglaoDB_Augmented_2021,Retinal Progenitor Cells,0.01033336565180156,0.03841280962643272,MEGF10;NCAN;NEFH;SCRT1,4
PanglaoDB_Augmented_2021,Endothelial Cells (Blood Brain Barrier),0.010651100629678981,0.03841280962643272,GPR37;LGI3;TYRO3;SLC38A3,4
PanglaoDB_Augmented_2021,Peri-islet Schwann Cells,0.010975088464695063,0.03841280962643272,NGFR;PHLDB1;PLP1;PTN,4
PanglaoDB_Augmented_2021,Dopaminergic Neurons,0.012690330327112836,0.04307021201929205,NCAN;KIF5A;CNTN2;SCRT1,4
PanglaoDB_Augmented_2021,Gamma (PP) Cells,0.016190640849746224,0.0533338757403405,CHN2;ESRRG;RGS7BP;RAPGEF4,4
PanglaoDB_Augmented_2021,Delta Cells,0.01747909491535765,0.055933103729144486,GJB1;UNC5B;RGS7BP;RAPGEF4,4
PanglaoDB_Augmented_2021,Cholangiocytes,0.01882985368938891,0.05858176703365439,TMEM125;GJB1;ITGB4;MYH14,4
PanglaoDB_Augmented_2021,Distal Tubule Cells,0.02024369849660413,0.0612782224762071,WNK1;MYH14;ESRRG;PVALB,4
PanglaoDB_Augmented_2021,Neuroblasts,0.024870604235629153,0.07300352312600716,NCAN;KIF5A;NEFM;SCRT1,4
PanglaoDB_Augmented_2021,Loop Of Henle Cells,0.025420869659948924,0.07300352312600716,IL33;PHLDB1;ARC;EDNRB,4
PanglaoDB_Augmented_2021,Mast Cells,0.03307248033970958,0.09260294495118682,IL33;EDNRB;PDE1C;LPAR1;MEIS2,5
PanglaoDB_Augmented_2021,Endothelial Cells,0.039049024416144926,0.106670505722152,IL33;CLIC4;EDNRB;GNG11;APLN,5
PanglaoDB_Augmented_2021,Cholinergic Neurons,0.042148567710899365,0.1123961805623983,NCAN;KIF5A;NEFM,3
PanglaoDB_Augmented_2021,Airway Epithelial Cells,0.04318060101612078,0.11247040264664017,IL33;TMEM125;MYH14,3
PanglaoDB_Augmented_2021,Enterochromaffin Cells,0.049635844375325554,0.12634578568264687,EDNRB;GJB1;PDE1C,3
PanglaoDB_Augmented_2021,Meningeal Cells,0.056533760644609424,0.14070624871547235,IL33;PHLDB1;PTN,3
PanglaoDB_Augmented_2021,Tanycytes,0.06386160741081415,0.15518847878194528,MEGF10;RGS7BP;PTN,3
PanglaoDB_Augmented_2021,Chromaffin Cells,0.06512373663170919,0.15518847878194528,CNTN2;RGS7BP;RAPGEF4,3
PanglaoDB_Augmented_2021,Ductal Cells,0.07836467329496032,0.18285090435490742,TMEM125;GJB1;MYH14,3
PanglaoDB_Augmented_2021,Photoreceptor Cells,0.10329582376250003,0.23610474002857149,CNTN2;NEFM;SCRT1,3
PanglaoDB_Augmented_2021,Podocytes,0.16264655051196938,0.36432827314681143,MYO1D;PHLDB1;QKI,3
PanglaoDB_Augmented_2021,His Bundle Cells,0.16920121377492525,0.36890711801166676,PHLDB1;TYRO3,2
PanglaoDB_Augmented_2021,Pulmonary Vascular Smooth Muscle Cells,0.17188312509351072,0.36890711801166676,PTN;GNG11,2
PanglaoDB_Augmented_2021,Myofibroblasts,0.1745721183448066,0.36890711801166676,PHLDB1;PTN,2
PanglaoDB_Augmented_2021,Parathyroid Chief Cells,0.19084062246657962,0.39418333162772623,TMEM151A;INPP5J,2
PanglaoDB_Augmented_2021,Ionocytes,0.19357217178147273,0.39418333162772623,TMEM125;MYH14,2
PanglaoDB_Augmented_2021,Crypt Cells,0.20179660023643545,0.4035932004728709,TMEM125;MYH14,2
PanglaoDB_Augmented_2021,Clara Cells,0.2100609483393095,0.41096966213143915,TMEM125;ITGB4,2
PanglaoDB_Augmented_2021,Pancreatic Progenitor Cells,0.2128235750323524,0.41096966213143915,INPP5J;MYH14,2
PanglaoDB_Augmented_2021,Epithelial Cells,0.2276914560648024,0.43222784880098086,ANLN;TMEM125;ITGB4,3
PanglaoDB_Augmented_2021,Glomus Cells,0.24898874151203007,0.4571596565466782,PHLDB1;PTN,2
PanglaoDB_Augmented_2021,Keratinocytes,0.24898874151203007,0.4571596565466782,NGFR;ITGB4,2
PanglaoDB_Augmented_2021,Pulmonary Alveolar Type I Cells,0.26017138057113537,0.45829239596820665,ITGB4;AKAP5,2
PanglaoDB_Augmented_2021,Hepatic Stellate Cells,0.2629684070494025,0.45829239596820665,NGFR;PHLDB1,2
PanglaoDB_Augmented_2021,Melanocytes,0.2657656484537447,0.45829239596820665,PHLDB1;PTN,2
PanglaoDB_Augmented_2021,Mammary Epithelial Cells,0.26856294323416324,0.45829239596820665,TMEM125;ITGB4,2
PanglaoDB_Augmented_2021,Alpha Cells,0.27415705830240933,0.45829239596820665,RGS7BP;RAPGEF4,2
PanglaoDB_Augmented_2021,Ependymal Cells,0.27415705830240933,0.45829239596820665,S100B;PVALB,2
PanglaoDB_Augmented_2021,Enteroendocrine Cells,0.2825447273937359,0.46315908793203997,NCAN;SCRT1,2
PanglaoDB_Augmented_2021,Luminal Epithelial Cells,0.28533908095813176,0.46315908793203997,TMEM125;ITGB4,2
PanglaoDB_Augmented_2021,Mesangial Cells,0.3076457160077916,0.4922331456124666,PHLDB1;PTN,2
PanglaoDB_Augmented_2021,Embryonic Stem Cells,0.3842838061304527,0.606194173050855,LAPTM4B;GJB1,2
PanglaoDB_Augmented_2021,Dendritic Cells,0.4444607455643442,0.6913833819889799,PPP1R14A;S100B,2
PanglaoDB_Augmented_2021,Enterocytes,0.45459954763942756,0.6974677991180258,GJB1;SOX10,2
PanglaoDB_Augmented_2021,Platelets,0.48192886562833565,0.7294058506807243,IL33;GNG11,2
PanglaoDB_Augmented_2021,Hepatocytes,0.49888042557391554,0.7343244903282424,GJB1;KIF13B,2
PanglaoDB_Augmented_2021,Germ Cells,0.5012733019011952,0.7343244903282424,MYO1D;CREB5,2
PanglaoDB_Augmented_2021,Osteocytes,0.5250375751584945,0.7343244903282424,PTN,1
PanglaoDB_Augmented_2021,Airway Smooth Muscle Cells,0.5286411901184255,0.7343244903282424,GNG11,1
PanglaoDB_Augmented_2021,Trichocytes,0.542786060199661,0.7343244903282424,ITGB4,1
PanglaoDB_Augmented_2021,Trophoblast Progenitor Cells,0.542786060199661,0.7343244903282424,LITAF,1
PanglaoDB_Augmented_2021,Kidney Progenitor Cells,0.5496995517538182,0.7343244903282424,LAPTM4B,1
PanglaoDB_Augmented_2021,Spermatozoa,0.5598755428857098,0.7343244903282424,IL33,1
PanglaoDB_Augmented_2021,Motor Neurons,0.5698230625399323,0.7343244903282424,NGFR,1
PanglaoDB_Augmented_2021,Cardiac Stem And Precursor Cells,0.5763303350450902,0.7343244903282424,LAPTM4B,1
PanglaoDB_Augmented_2021,Foveolar Cells,0.5795472068138459,0.7343244903282424,IL33,1
PanglaoDB_Augmented_2021,Hepatoblasts,0.5795472068138459,0.7343244903282424,GJB1,1
PanglaoDB_Augmented_2021,Myoepithelial Cells,0.5827398138872506,0.7343244903282424,NGFR,1
PanglaoDB_Augmented_2021,Choroid Plexus Cells,0.5890529591769486,0.7343244903282424,MYH14,1
PanglaoDB_Augmented_2021,Airway Goblet Cells,0.5921738570448003,0.7343244903282424,TMEM125,1
PanglaoDB_Augmented_2021,Intercalated Cells,0.5921738570448003,0.7343244903282424,ESRRG,1
PanglaoDB_Augmented_2021,Peritubular Myoid Cells,0.5983451921962706,0.7343244903282424,PHLDB1,1
PanglaoDB_Augmented_2021,Acinar Cells,0.6104109155577965,0.7343244903282424,GJB1,1
PanglaoDB_Augmented_2021,Sebocytes,0.6104109155577965,0.7343244903282424,TGFA,1
PanglaoDB_Augmented_2021,Myoblasts,0.616308054382632,0.7343244903282424,PHLDB1,1
PanglaoDB_Augmented_2021,Anterior Pituitary Gland Cells,0.6362583152507988,0.7464293390397788,NEFM,1
PanglaoDB_Augmented_2021,Epsilon Cells,0.6498742522107819,0.7464293390397788,GJB1,1
PanglaoDB_Augmented_2021,Basal Cells,0.6577995105052321,0.7464293390397788,ITGB4,1
PanglaoDB_Augmented_2021,Beta Cells,0.668089963426004,0.7464293390397788,RAPGEF4,1
PanglaoDB_Augmented_2021,Leydig Cells,0.668089963426004,0.7464293390397788,ESRRG,1
PanglaoDB_Augmented_2021,Gamma Delta T Cells,0.6706141745036752,0.7464293390397788,S100B,1
PanglaoDB_Augmented_2021,B Cells Memory,0.6731193146698005,0.7464293390397788,GNG7,1
PanglaoDB_Augmented_2021,Osteoblasts,0.6901332026613769,0.7575032753848788,IL33,1
PanglaoDB_Augmented_2021,Sertoli Cells,0.6994573650236221,0.7575032753848788,CLDN11,1
PanglaoDB_Augmented_2021,Myocytes,0.7107215213831506,0.7575032753848788,MYH14,1
PanglaoDB_Augmented_2021,Proximal Tubule Cells,0.7129235093166064,0.7575032753848788,GJB1,1
PanglaoDB_Augmented_2021,Plasma Cells,0.7172776559642419,0.7575032753848788,GNG7,1
PanglaoDB_Augmented_2021,Smooth Muscle Cells,0.7236861648766254,0.7575032753848788,PHLDB1,1
PanglaoDB_Augmented_2021,Cardiomyocytes,0.7340478923005137,0.7612348512746068,FNDC5,1
PanglaoDB_Augmented_2021,Hematopoietic Stem Cells,0.7420585963528263,0.762482227445106,GJB1,1
PanglaoDB_Augmented_2021,Endothelial Cells (Aorta),0.7555047480651798,0.7692411980300011,ITGB4,1
PanglaoDB_Augmented_2021,Olfactory Epithelial Cells,0.8213830764747092,0.8287829240105173,PDE1C,1
PanglaoDB_Augmented_2021,Fibroblasts,0.8294131685806739,0.8294131685806739,ZEB2,1
WikiPathways_2019_Mouse,Mecp2 and Associated Rett Syndrome WP2910,0.0004326696985912408,0.016315242262660658,MAG;CNP;GAD1;MBP,4
WikiPathways_2019_Mouse,G Protein Signaling Pathways WP232,0.0006659282556188024,0.016315242262660658,PDE1C;GNG7;GNA12;AKAP5;GNG11,5
WikiPathways_2019_Mouse,Neural Crest Differentiation WP2074,0.0010160040439211946,0.01659473271737951,GJB1;MBP;OLIG1;OLIG2;SOX10,5
WikiPathways_2019_Mouse,Calcium Regulation in the Cardiac Cell WP553,0.005198647259808387,0.054629262543785057,GJC2;GJB1;GNG7;ATP2B2;GNG11,5
WikiPathways_2019_Mouse,Alanine and aspartate metabolism WP240,0.005574414545284189,0.054629262543785057,GAD1;ASPA,2
WikiPathways_2019_Mouse,Spinal Cord Injury WP2432,0.006750455560817294,0.055128720413341235,NGFR;MAG;NCAN;MBP,4
WikiPathways_2019_Mouse,Focal Adhesion-PI3K-Akt-mTOR-signaling pathway WP2841,0.011676518981738231,0.08173563287216762,NGFR;PHLPP1;ITGB4;GNG7;LPAR1;GNG11;CREB5,7
WikiPathways_2019_Mouse,ErbB signaling pathway WP1261,0.04721037664098082,0.28916355692600754,GAB1;TGFA,2
WikiPathways_2019_Mouse,Serotonin and anxiety-related events WP2140,0.0938511826416481,0.4129940365674549,ARC,1
WikiPathways_2019_Mouse,Biogenic Amine Synthesis WP522,0.1074915266146443,0.4129940365674549,GAD1,1
WikiPathways_2019_Mouse,"GPCRs, Class C Metabotropic glutamate, pheromone WP327",0.1074915266146443,0.4129940365674549,GRM3,1
WikiPathways_2019_Mouse,Iron Homeostasis WP1596,0.1074915266146443,0.4129940365674549,TRF,1
WikiPathways_2019_Mouse,Myometrial Relaxation and Contraction Pathways WP385,0.10956984643626355,0.4129940365674549,GNG7;LPAR1;GNG11,3
WikiPathways_2019_Mouse,Serotonin and anxiety WP2141,0.1275705121508778,0.4146208505918865,ARC,1
WikiPathways_2019_Mouse,Small Ligand GPCRs WP353,0.1275705121508778,0.4146208505918865,LPAR1,1
WikiPathways_2019_Mouse,BMP Signaling Pathway in Eyelid Development WP3663,0.1407065517297098,0.4146208505918865,TGFA,1
WikiPathways_2019_Mouse,Non-odorant GPCRs WP1396,0.14384805020534838,0.4146208505918865,GRM3;EDNRB;LPAR1;S1PR5,4
WikiPathways_2019_Mouse,Signal Transduction of S1P Receptor WP57,0.15364609461086576,0.4182588131073568,S1PR5,1
WikiPathways_2019_Mouse,MAPK Cascade WP251,0.19131472700324348,0.4933906117452069,MBP,1
WikiPathways_2019_Mouse,Prostaglandin Synthesis and Regulation WP374,0.20951967671006408,0.513323207939657,EDNRB,1
WikiPathways_2019_Mouse,Signaling of Hepatocyte Growth Factor Receptor WP193,0.22731745365507097,0.5304073918618323,GAB1,1
WikiPathways_2019_Mouse,Parkinsons Disease Pathway WP3638,0.2561000693587896,0.5704046999354858,GPR37,1
WikiPathways_2019_Mouse,Striated Muscle Contraction WP216,0.28923645386369046,0.5734071072403963,TMOD1,1
WikiPathways_2019_Mouse,Exercise-induced Circadian Regulation WP544,0.31050850642228905,0.5734071072403963,TUBB4A,1
WikiPathways_2019_Mouse,TGF Beta Signaling Pathway WP113,0.326046403325669,0.5734071072403963,ZEB2,1
WikiPathways_2019_Mouse,One carbon metabolism and related pathways WP1770,0.326046403325669,0.5734071072403963,GAD1,1
WikiPathways_2019_Mouse,"GPCRs, Other WP41",0.32705662604265595,0.5734071072403963,GPR88;S1PR5,2
WikiPathways_2019_Mouse,Insulin Signaling WP65,0.3380865097876175,0.5734071072403963,CAP1;GAB1,2
WikiPathways_2019_Mouse,Lung fibrosis WP3632,0.37060356647251913,0.5734071072403963,TGFA,1
WikiPathways_2019_Mouse,Endochondral Ossification WP1270,0.37537003890449927,0.5734071072403963,ADAMTS4,1
WikiPathways_2019_Mouse,EGFR1 Signaling Pathway WP572,0.38963289050922795,0.5734071072403963,WNK1;GAB1,2
WikiPathways_2019_Mouse,Alpha6-Beta4 Integrin Signaling Pathway WP488,0.3986698354941925,0.5734071072403963,ITGB4,1
WikiPathways_2019_Mouse,Peptide GPCRs WP234,0.4166863490434771,0.5734071072403963,EDNRB,1
WikiPathways_2019_Mouse,Odorant GPCRs WP1397,0.4186725601103661,0.5734071072403963,GPR37;GPR88,2
WikiPathways_2019_Mouse,Primary Focal Segmental Glomerulosclerosis FSGS WP2573,0.4211060485039541,0.5734071072403963,ITGB4,1
WikiPathways_2019_Mouse,Chemokine signaling pathway WP2292,0.4212786910337606,0.5734071072403963,GNG7;GNG11,2
WikiPathways_2019_Mouse,PPAR signaling pathway WP2316,0.4594157705846699,0.6084154799634818,FABP7,1
WikiPathways_2019_Mouse,"GPCRs, Class A Rhodopsin-like WP189",0.5154767392294858,0.6360649885367196,GPR37;EDNRB,2
WikiPathways_2019_Mouse,IL-6 signaling Pathway WP387,0.5286411901184255,0.6360649885367196,GAB1,1
WikiPathways_2019_Mouse,IL-3 Signaling Pathway WP373,0.5322176434695001,0.6360649885367196,GAB1,1
WikiPathways_2019_Mouse,Integrin-mediated Cell Adhesion WP6,0.5322176434695001,0.6360649885367196,ITGB4,1
WikiPathways_2019_Mouse,ESC Pluripotency Pathways WP339,0.5921738570448003,0.6908694998856004,GAB1,1
WikiPathways_2019_Mouse,Regulation of Actin Cytoskeleton WP523,0.6853639258573483,0.7809961015583736,GNA12,1
WikiPathways_2019_Mouse,MAPK signaling pathway WP493,0.7017445197990577,0.7814882152307687,GNA12,1
WikiPathways_2019_Mouse,Purine metabolism WP2185,0.7278781237645406,0.791524072337268,PDE1C,1
WikiPathways_2019_Mouse,Focal Adhesion WP85,0.7555047480651798,0.791524072337268,ITGB4,1
WikiPathways_2019_Mouse,TNF-alpha NF-kB Signaling Pathway WP246,0.7592169673439101,0.791524072337268,GAB1,1
WikiPathways_2019_Mouse,PluriNetWork WP1763,0.8923931810169429,0.9109847056214625,GAB1,1
WikiPathways_2019_Mouse,mRNA processing WP310,0.96991191064853,0.96991191064853,SYNJ2,1
KEGG_2019_Mouse,GABAergic synapse,6.193274062890299e-05,0.0075557943567261645,SLC32A1;GNG7;GAD1;SLC38A3;GNG11;TRAK2,6
KEGG_2019_Mouse,Morphine addiction,0.005217461891578428,0.1735895168356953,SLC32A1;PDE1C;GNG7;GNG11,4
KEGG_2019_Mouse,Phospholipase D signaling pathway,0.005501141276801987,0.1735895168356953,GRM3;GNA12;LPAR1;GAB1;RAPGEF4,5
KEGG_2019_Mouse,PI3K-Akt signaling pathway,0.005822057497071725,0.1735895168356953,NGFR;PHLPP1;ITGB4;GNG7;LPAR1;TGFA;GNG11;CREB5,8
KEGG_2019_Mouse,Amyotrophic lateral sclerosis (ALS),0.007114324460479315,0.1735895168356953,NEFL;NEFM;NEFH,3
KEGG_2019_Mouse,Glutamatergic synapse,0.010975088464695063,0.22316013211546626,GRM3;GNG7;SLC38A3;GNG11,4
KEGG_2019_Mouse,Lysosome,0.01456814986323057,0.25390204047344705,LAPTM4B;SORT1;ARSG;LITAF,4
KEGG_2019_Mouse,Relaxin signaling pathway,0.01747909491535765,0.26154209527714106,EDNRB;GNG7;GNG11;CREB5,4
KEGG_2019_Mouse,Dopaminergic synapse,0.019294088995854667,0.26154209527714106,GNG7;KIF5A;GNG11;CREB5,4
KEGG_2019_Mouse,"Alanine, aspartate and glutamate metabolism",0.03173784321273504,0.35548121125782783,GAD1;ASPA,2
KEGG_2019_Mouse,Ras signaling pathway,0.032051584621607426,0.35548121125782783,NGFR;GNG7;GAB1;TGFA;GNG11,5
KEGG_2019_Mouse,Cell adhesion molecules (CAMs),0.04011998421200525,0.39026069682408676,CLDN11;MAG;NRXN3;CNTN2,4
KEGG_2019_Mouse,cGMP-PKG signaling pathway,0.041585156218960063,0.39026069682408676,EDNRB;GNA12;ATP2B2;CREB5,4
KEGG_2019_Mouse,Ether lipid metabolism,0.04907018332970906,0.41316843176591916,UGT8A;ENPP6,2
KEGG_2019_Mouse,Cocaine addiction,0.050956230608169756,0.41316843176591916,GRM3;CREB5,2
KEGG_2019_Mouse,Cholinergic synapse,0.05418602383815333,0.41316843176591916,GNG7;GNG11;CREB5,3
KEGG_2019_Mouse,Neurotrophin signaling pathway,0.06386160741081415,0.45830094730113685,NGFR;SORT1;GAB1,3
KEGG_2019_Mouse,Lysine degradation,0.0732968268651892,0.47511393023204773,SETD7;PLOD1,2
KEGG_2019_Mouse,cAMP signaling pathway,0.07610086960070053,0.47511393023204773,ATP2B2;HCN2;CREB5;RAPGEF4,4
KEGG_2019_Mouse,Taurine and hypotaurine metabolism,0.0800037743240655,0.47511393023204773,GAD1,1
KEGG_2019_Mouse,Regulation of actin cytoskeleton,0.08238810555996318,0.47511393023204773,ITGB4;GNA12;LPAR1;MYH14,4
KEGG_2019_Mouse,Apelin signaling pathway,0.08682967550259629,0.47511393023204773,GNG7;GNG11;APLN,3
KEGG_2019_Mouse,Amphetamine addiction,0.0934650354554848,0.47511393023204773,ARC;CREB5,2
KEGG_2019_Mouse,Renal cell carcinoma,0.0934650354554848,0.47511393023204773,GAB1;TGFA,2
KEGG_2019_Mouse,Adrenergic signaling in cardiomyocytes,0.10175047054361527,0.4757225581189614,ATP2B2;CREB5;RAPGEF4,3
KEGG_2019_Mouse,Retrograde endocannabinoid signaling,0.10485052401774973,0.4757225581189614,SLC32A1;GNG7;GNG11,3
KEGG_2019_Mouse,Inositol phosphate metabolism,0.10528286122304885,0.4757225581189614,INPP5J;SYNJ2,2
KEGG_2019_Mouse,Neuroactive ligand-receptor interaction,0.12398593530309483,0.5248638934789454,GRM3;EDNRB;LPAR1;S1PR5;APLN,5
KEGG_2019_Mouse,Human cytomegalovirus infection,0.12772778700703277,0.5248638934789454,GNG7;GNA12;GNG11;CREB5,4
KEGG_2019_Mouse,ErbB signaling pathway,0.13255070451446135,0.5248638934789454,GAB1;TGFA,2
KEGG_2019_Mouse,Gap junction,0.13766921796169057,0.5248638934789454,LPAR1;TUBB4A,2
KEGG_2019_Mouse,Insulin secretion,0.13766921796169057,0.5248638934789454,RAPGEF4;CREB5,2
KEGG_2019_Mouse,Proximal tubule bicarbonate reclamation,0.15364609461086576,0.5436650396199049,SLC38A3,1
KEGG_2019_Mouse,Histidine metabolism,0.1663920606653245,0.5436650396199049,ASPA,1
KEGG_2019_Mouse,Prostate cancer,0.16652664529557618,0.5436650396199049,TGFA;CREB5,2
KEGG_2019_Mouse,Phosphatidylinositol signaling system,0.16920121377492525,0.5436650396199049,INPP5J;SYNJ2,2
KEGG_2019_Mouse,Calcium signaling pathway,0.171839735889623,0.5436650396199049,EDNRB;PDE1C;ATP2B2,3
KEGG_2019_Mouse,Circadian entrainment,0.17188312509351072,0.5436650396199049,GNG7;GNG11,2
KEGG_2019_Mouse,Folate biosynthesis,0.17894732668603963,0.5436650396199049,QDPR,1
KEGG_2019_Mouse,Aldosterone synthesis and secretion,0.17997032451744005,0.5436650396199049,ATP2B2;CREB5,2
KEGG_2019_Mouse,Butanoate metabolism,0.18515433456968078,0.5436650396199049,GAD1,1
KEGG_2019_Mouse,Alcoholism,0.1906517552466213,0.5436650396199049,GNG7;GNG11;CREB5,3
KEGG_2019_Mouse,"Parathyroid hormone synthesis, secretion and action",0.19357217178147273,0.5436650396199049,GNA12;CREB5,2
KEGG_2019_Mouse,Fatty acid elongation,0.1974288518264551,0.5436650396199049,ELOVL7,1
KEGG_2019_Mouse,Rap1 signaling pathway,0.20995965057171245,0.5436650396199049,NGFR;LPAR1;RAPGEF4,3
KEGG_2019_Mouse,Biosynthesis of unsaturated fatty acids,0.2154970594920736,0.5436650396199049,ELOVL7,1
KEGG_2019_Mouse,beta-Alanine metabolism,0.2154970594920736,0.5436650396199049,GAD1,1
KEGG_2019_Mouse,Leukocyte transendothelial migration,0.21558976709222097,0.5436650396199049,CLDN11;RAPGEF4,2
KEGG_2019_Mouse,Pathways in cancer,0.21835727001127325,0.5436650396199049,EDNRB;GNG7;GNA12;LPAR1;TGFA;GNG11,6
KEGG_2019_Mouse,Sphingolipid signaling pathway,0.24061230372422984,0.5870940210871208,GNA12;S1PR5,2
KEGG_2019_Mouse,Ferroptosis,0.2617274789361063,0.5941138085190204,TRF,1
KEGG_2019_Mouse,"Glycine, serine and threonine metabolism",0.2617274789361063,0.5941138085190204,GATM,1
KEGG_2019_Mouse,Nicotine addiction,0.2617274789361063,0.5941138085190204,SLC32A1,1
KEGG_2019_Mouse,Serotonergic synapse,0.2629684070494025,0.5941138085190204,GNG7;GNG11,2
KEGG_2019_Mouse,Estrogen signaling pathway,0.26856294323416324,0.5957214377194167,TGFA;CREB5,2
KEGG_2019_Mouse,Vasopressin-regulated water reabsorption,0.2783572273205517,0.6001959978774496,CREB5,1
KEGG_2019_Mouse,Mineral absorption,0.2838173612535816,0.6001959978774496,TRF,1
KEGG_2019_Mouse,Vascular smooth muscle contraction,0.28533908095813176,0.6001959978774496,PPP1R14A;GNA12,2
KEGG_2019_Mouse,Sphingolipid metabolism,0.30525053713523,0.631196025940645,UGT8A,1
KEGG_2019_Mouse,Cholesterol metabolism,0.31050850642228905,0.6313672963919877,SORT1,1
KEGG_2019_Mouse,Arginine and proline metabolism,0.3157269440683073,0.6314538881366146,GATM,1
KEGG_2019_Mouse,Tight junction,0.3599775291346537,0.6902022891260263,CLDN11;MYH14,2
KEGG_2019_Mouse,Cytosolic DNA-sensing pathway,0.37060356647251913,0.6902022891260263,IL33,1
KEGG_2019_Mouse,Long-term depression,0.37060356647251913,0.6902022891260263,GNA12,1
KEGG_2019_Mouse,Hepatocellular carcinoma,0.370825928301877,0.6902022891260263,GAB1;TGFA,2
KEGG_2019_Mouse,MAPK signaling pathway,0.3832041866247893,0.6902022891260263,NGFR;GNA12;TGFA,3
KEGG_2019_Mouse,Non-small cell lung cancer,0.3940800014682162,0.6902022891260263,TGFA,1
KEGG_2019_Mouse,Axon guidance,0.3949615657915926,0.6902022891260263,UNC5B;PLXNB3,2
KEGG_2019_Mouse,Type I diabetes mellitus,0.40774614322530117,0.6902022891260263,GAD1,1
KEGG_2019_Mouse,Cortisol synthesis and secretion,0.40774614322530117,0.6902022891260263,CREB5,1
KEGG_2019_Mouse,Arrhythmogenic right ventricular cardiomyopathy (ARVC),0.4211060485039541,0.6902022891260263,ITGB4,1
KEGG_2019_Mouse,Thyroid hormone synthesis,0.42549248048200894,0.6902022891260263,CREB5,1
KEGG_2019_Mouse,Bacterial invasion of epithelial cells,0.4298458936272268,0.6902022891260263,GAB1,1
KEGG_2019_Mouse,Glioma,0.4341665349339502,0.6902022891260263,TGFA,1
KEGG_2019_Mouse,Pancreatic cancer,0.4341665349339502,0.6902022891260263,TGFA,1
KEGG_2019_Mouse,Renin secretion,0.4384546494313883,0.6902022891260263,PDE1C,1
KEGG_2019_Mouse,Chemokine signaling pathway,0.43935270048987046,0.6902022891260263,GNG7;GNG11,2
KEGG_2019_Mouse,Synaptic vesicle cycle,0.44271048037681293,0.6902022891260263,SLC32A1,1
KEGG_2019_Mouse,Salivary secretion,0.4469342691881646,0.6902022891260263,ATP2B2,1
KEGG_2019_Mouse,ECM-receptor interaction,0.46758090725624996,0.6915154246496226,ITGB4,1
KEGG_2019_Mouse,Peroxisome,0.47161741413261593,0.6915154246496226,PEX5L,1
KEGG_2019_Mouse,PPAR signaling pathway,0.47562351955813886,0.6915154246496226,FABP7,1
KEGG_2019_Mouse,Hypertrophic cardiomyopathy (HCM),0.47959945087722194,0.6915154246496226,ITGB4,1
KEGG_2019_Mouse,Kaposi sarcoma-associated herpesvirus infection,0.48680783123455984,0.6915154246496226,GNG7;GNG11,2
KEGG_2019_Mouse,Taste transduction,0.4874616927857995,0.6915154246496226,PDE1C,1
KEGG_2019_Mouse,Colorectal cancer,0.4874616927857995,0.6915154246496226,TGFA,1
KEGG_2019_Mouse,Dilated cardiomyopathy (DCM),0.49520592598994945,0.6944267008134923,ITGB4,1
KEGG_2019_Mouse,Choline metabolism in cancer,0.5286411901184255,0.7103189996227899,SLC44A1,1
KEGG_2019_Mouse,Melanogenesis,0.5322176434695001,0.7103189996227899,EDNRB,1
KEGG_2019_Mouse,Human immunodeficiency virus 1 infection,0.538552596410173,0.7103189996227899,GNG7;GNG11,2
KEGG_2019_Mouse,Glucagon signaling pathway,0.5392898773606531,0.7103189996227899,CREB5,1
KEGG_2019_Mouse,Longevity regulating pathway,0.5392898773606531,0.7103189996227899,CREB5,1
KEGG_2019_Mouse,HIF-1 signaling pathway,0.5462558858517969,0.7103189996227899,TRF,1
KEGG_2019_Mouse,Pancreatic secretion,0.5496995517538182,0.7103189996227899,ATP2B2,1
KEGG_2019_Mouse,Amoebiasis,0.5531172538046315,0.7103189996227899,SERPINB1A,1
KEGG_2019_Mouse,TNF signaling pathway,0.566532291476303,0.7125457686609172,CREB5,1
KEGG_2019_Mouse,Insulin resistance,0.566532291476303,0.7125457686609172,CREB5,1
KEGG_2019_Mouse,AMPK signaling pathway,0.616308054382632,0.7672406391293991,CREB5,1
KEGG_2019_Mouse,Autophagy,0.6278376107975522,0.7728366432392733,TRP53INP2,1
KEGG_2019_Mouse,FoxO signaling pathway,0.6334726583928469,0.7728366432392733,SETD7,1
KEGG_2019_Mouse,Purine metabolism,0.6444897217133698,0.777218136132768,PDE1C,1
KEGG_2019_Mouse,Cytokine-cytokine receptor interaction,0.6498053269306749,0.777218136132768,NGFR;IL33,2
KEGG_2019_Mouse,Apoptosis,0.6577995105052321,0.7791411677828962,NGFR,1
KEGG_2019_Mouse,Parkinson disease,0.6655465373175126,0.7807372841609282,GPR37,1
KEGG_2019_Mouse,Gastric cancer,0.6805217363957041,0.7907014460978659,GAB1,1
KEGG_2019_Mouse,Cushing syndrome,0.7017445197990577,0.8027079886109183,CREB5,1
KEGG_2019_Mouse,Hepatitis C,0.7040143834538383,0.8027079886109183,CLDN11,1
KEGG_2019_Mouse,Hepatitis B,0.7107215213831506,0.8028520889698553,CREB5,1
KEGG_2019_Mouse,Influenza A,0.7215661927334285,0.8076245459952135,IL33,1
KEGG_2019_Mouse,Necroptosis,0.7380836658886946,0.818601883985643,IL33,1
KEGG_2019_Mouse,Phagosome,0.7459735950605404,0.8188549380199385,TUBB4A,1
KEGG_2019_Mouse,Transcriptional misregulation in cancer,0.7517356808051895,0.8188549380199385,NGFR,1
KEGG_2019_Mouse,Human papillomavirus infection,0.7585400146481078,0.8189547060802579,ITGB4;CREB5,2
KEGG_2019_Mouse,Huntington disease,0.7682543643726918,0.822166951346214,CREB5,1
KEGG_2019_Mouse,Focal adhesion,0.7803432990325966,0.8276730247773337,ITGB4,1
KEGG_2019_Mouse,Proteoglycans in cancer,0.7869677940505796,0.8276730247773337,GAB1,1
KEGG_2019_Mouse,Viral carcinogenesis,0.8254439872934163,0.8561713645442813,CREB5,1
KEGG_2019_Mouse,Thermogenesis,0.828100172264141,0.8561713645442813,CREB5,1
KEGG_2019_Mouse,Human T-cell leukemia virus 1 infection,0.845602262596379,0.8669199666954474,CREB5,1
KEGG_2019_Mouse,Endocytosis,0.8715840441696148,0.886110444905775,KIF5A,1
KEGG_2019_Mouse,MicroRNAs in cancer,0.8828960723874404,0.8901927341427085,ZEB2,1
KEGG_2019_Mouse,Olfactory transduction,0.9985286327974888,0.9985286327974888,PDE1C;GNG7,2
