library,term,p,padj,overlap,n
GO_Biological_Process_2023,Skeletal System Development (GO:0001501),7.582056477110506e-05,0.04780191954895085,COL18A1;ZBTB16;UFD1;COL9A2;BMP7;PKD1;TGM2,7
GO_Biological_Process_2023,Regulation Of Angiogenesis (GO:0045765),8.582032235000152e-05,0.04780191954895085,ECM1;SPARC;COL4A2;ANXA3;NOS3;SERPINE1;ISM1;KLF4,8
GO_Biological_Process_2023,Extracellular Matrix Assembly (GO:0085029),0.00019929076041466353,0.07400330236731172,ELN;MYH11;QSOX1,3
GO_Biological_Process_2023,Negative Regulation Of Angiogenesis (GO:0016525),0.0003128879602378826,0.08467683991019269,SPARC;COL4A2;SERPINE1;ISM1;KLF4,5
GO_Biological_Process_2023,Blood Circulation (GO:0008015),0.00038005762975849497,0.08467683991019269,NOS3;ELN;MYOF;ADCY6,4
GO_Biological_Process_2023,Negative Regulation Of Extrinsic Apoptotic Signaling Pathway Via Death Domain Receptors (GO:1902042),0.0005036583805182618,0.09351257264955727,NOS3;SERPINE1;ICAM1,3
GO_Biological_Process_2023,Regulation Of Atrial Cardiac Muscle Cell Membrane Repolarization (GO:0060372),0.0006862332622619815,0.10142950362420566,FLNA;KCNA5,2
GO_Biological_Process_2023,Negative Regulation Of Endothelial Cell Apoptotic Process (GO:2000352),0.0007283985897609024,0.10142950362420566,TNIP2;SERPINE1;ICAM1,3
GO_Biological_Process_2023,Maintenance Of Blood-Brain Barrier (GO:0035633),0.0010084361637285816,0.10913879174253936,GJB6;PECAM1;MFSD2A,3
GO_Biological_Process_2023,Regulation Of Extrinsic Apoptotic Signaling Pathway Via Death Domain Receptors (GO:1902041),0.0012281995754051841,0.10913879174253936,NOS3;SERPINE1;ICAM1,3
GO_Biological_Process_2023,Dehydroascorbic Acid Transport (GO:0070837),0.0012694971757935126,0.10913879174253936,SLC2A1;SLC2A4,2
GO_Biological_Process_2023,Extracellular Matrix Organization (GO:0030198),0.0013542858154311206,0.10913879174253936,COL18A1;COL4A2;ELN;SMOC1;QSOX1;COL9A2,6
GO_Biological_Process_2023,Positive Regulation Of Angiogenesis (GO:0045766),0.0013708168177081635,0.10913879174253936,ECM1;ANXA3;NOS3;SERPINE1;KLF4,5
GO_Biological_Process_2023,Kidney Development (GO:0001822),0.0014352325409916723,0.10913879174253936,ZBTB16;PKD1;BMP7;AGT,4
GO_Biological_Process_2023,Regulation Of Cell Cycle G1/S Phase Transition (GO:1902806),0.0016729895525109187,0.10913879174253936,CDKN1A;PLK5;GLI1;PKD1,4
GO_Biological_Process_2023,Blood Vessel Diameter Maintenance (GO:0097746),0.001902819385173821,0.10913879174253936,NOS3;ADCY6;AGT,3
GO_Biological_Process_2023,Negative Regulation Of Blood Vessel Morphogenesis (GO:2000181),0.0019368198911982476,0.10913879174253936,SPARC;COL4A2;ISM1;KLF4,4
GO_Biological_Process_2023,Mesonephros Development (GO:0001823),0.002022008909273467,0.10913879174253936,ZBTB16;BMP7,2
GO_Biological_Process_2023,Negative Regulation Of Epithelial Cell Apoptotic Process (GO:1904036),0.0022258949896533445,0.10913879174253936,TNIP2;SERPINE1;ICAM1,3
GO_Biological_Process_2023,Digestive Tract Development (GO:0048565),0.0023993972942811543,0.10913879174253936,NPY;GLI1;PKD1,3
GO_Biological_Process_2023,Regulation Of Endocytic Recycling (GO:2001135),0.0024602719008962578,0.10913879174253936,PLA2G4E;PLA2G3,2
GO_Biological_Process_2023,Vascular Transport (GO:0010232),0.0025483546435713226,0.10913879174253936,SLC6A6;SLC2A1;SLC2A4;MFSD2A,4
GO_Biological_Process_2023,Positive Regulation Of Endothelial Cell Migration (GO:0010595),0.002778564766349544,0.10913879174253936,SPARC;ANXA3;NOS3;AGT,4
GO_Biological_Process_2023,Transport Across Blood-Brain Barrier (GO:0150104),0.002778564766349544,0.10913879174253936,SLC6A6;SLC2A1;SLC2A4;MFSD2A,4
GO_Biological_Process_2023,Regulation Of Tube Diameter (GO:0035296),0.0029391057022227834,0.10913879174253936,NOS3;ADCY6,2
GO_Biological_Process_2023,Defense Response To Tumor Cell (GO:0002357),0.0029391057022227834,0.10913879174253936,PLK5;KLF4,2
GO_Biological_Process_2023,Positive Regulation Of Integrin-Mediated Signaling Pathway (GO:2001046),0.0029391057022227834,0.10913879174253936,LAMB2;FLNA,2
GO_Biological_Process_2023,Glucose Import (GO:0046323),0.0029391057022227834,0.10913879174253936,SLC2A1;SLC2A4,2
GO_Biological_Process_2023,Vascular Process In Circulatory System (GO:0003018),0.0029391057022227834,0.10913879174253936,NOS3;ADCY6,2
GO_Biological_Process_2023,Low-Density Lipoprotein Particle Remodeling (GO:0034374),0.0029391057022227834,0.10913879174253936,PLA2G3;AGT,2
GO_Biological_Process_2023,Regulation Of Endothelial Cell Apoptotic Process (GO:2000351),0.0031761585884371897,0.11006135896659838,TNIP2;SERPINE1;ICAM1,3
GO_Biological_Process_2023,Positive Regulation Of Cell Differentiation (GO:0045597),0.003401661386749882,0.11006135896659838,SLC6A6;LAMB2;ZBTB16;PLA2G3;NBL1;BMP7;AGT,7
GO_Biological_Process_2023,Cellular Modified Amino Acid Catabolic Process (GO:0042219),0.0034579421578374717,0.11006135896659838,CBS;PRODH,2
GO_Biological_Process_2023,Cytoplasmic Sequestering Of Protein (GO:0051220),0.0034579421578374717,0.11006135896659838,FLNA;PKD1,2
GO_Biological_Process_2023,Positive Regulation Of Cardiac Muscle Cell Proliferation (GO:0060045),0.0034579421578374717,0.11006135896659838,TGFBR3;GLI1,2
GO_Biological_Process_2023,Glutamine Family Amino Acid Catabolic Process (GO:0009065),0.004613379248935666,0.14275845786984256,NOS3;PRODH,2
GO_Biological_Process_2023,Positive Regulation Of Cardiac Muscle Tissue Growth (GO:0055023),0.005248872260670303,0.15387483416807152,TGFBR3;GLI1,2
GO_Biological_Process_2023,Mesonephric Tubule Development (GO:0072164),0.005248872260670303,0.15387483416807152,BMP7;PKD1,2
GO_Biological_Process_2023,Positive Regulation Of Inflammatory Response (GO:0050729),0.005711816697118179,0.1590740950147413,SERPINE1;PLA2G3;OSMR;AGT,4
GO_Biological_Process_2023,Positive Regulation Of Vasculature Development (GO:1904018),0.005711816697118179,0.1590740950147413,ECM1;ANXA3;NOS3;SERPINE1,4
GO_Biological_Process_2023,Positive Regulation Of Small GTPase Mediated Signal Transduction (GO:0051057),0.0059221525793566356,0.16062621743046393,NOTCH2;TGM2,2
GO_Biological_Process_2023,Regulation Of G1/S Transition Of Mitotic Cell Cycle (GO:2000045),0.00610668711620904,0.16062621743046393,CDKN1A;PLK5;KLF4;PKD1,4
GO_Biological_Process_2023,Regulation Of Nervous System Process (GO:0031644),0.006632680432496716,0.16062621743046393,NOS3;NPTXR,2
GO_Biological_Process_2023,Positive Regulation Of DNA Replication (GO:0045740),0.006632680432496716,0.16062621743046393,STON1;GLI1,2
GO_Biological_Process_2023,Heart Trabecula Morphogenesis (GO:0061384),0.006632680432496716,0.16062621743046393,TGFBR3;BMP7,2
GO_Biological_Process_2023,Pulmonary Valve Morphogenesis (GO:0003184),0.006632680432496716,0.16062621743046393,NOTCH2;NOS3,2
GO_Biological_Process_2023,Regulation Of Neuron Projection Development (GO:0010975),0.006989501198945399,0.16442465275616033,PLK5;PLA2G3;ADCY6;TSKU;MFSD2A,5
GO_Biological_Process_2023,Regulation Of Integrin-Mediated Signaling Pathway (GO:2001044),0.007379921577924611,0.16442465275616033,LAMB2;FLNA,2
GO_Biological_Process_2023,Cellular Response To Catecholamine Stimulus (GO:0071870),0.007379921577924611,0.16442465275616033,ADCY6;TGM2,2
GO_Biological_Process_2023,Interleukin-1-Mediated Signaling Pathway (GO:0070498),0.007379921577924611,0.16442465275616033,IL1R1;TNIP2,2
GO_Biological_Process_2023,Negative Regulation Of Phosphate Metabolic Process (GO:0045936),0.008163347244468235,0.1684068301914373,CDKN1A;BMP7,2
GO_Biological_Process_2023,Endothelial Cell Development (GO:0001885),0.008163347244468235,0.1684068301914373,PECAM1;ICAM1,2
GO_Biological_Process_2023,Pulmonary Valve Development (GO:0003177),0.008163347244468235,0.1684068301914373,NOTCH2;NOS3,2
GO_Biological_Process_2023,Regulation Of Cardiac Muscle Cell Proliferation (GO:0060043),0.008163347244468235,0.1684068301914373,TGFBR3;GLI1,2
GO_Biological_Process_2023,Positive Regulation Of T Cell Cytokine Production (GO:0002726),0.008982434095061937,0.17868627824819638,FZD5;IL1R1,2
GO_Biological_Process_2023,Negative Regulation Of Biomineral Tissue Development (GO:0070168),0.008982434095061937,0.17868627824819638,ECM1;NOS3,2
GO_Biological_Process_2023,Glucose Transmembrane Transport (GO:1904659),0.00983666417016876,0.18572955738250846,SLC2A1;SLC2A4,2
GO_Biological_Process_2023,Hexose Transmembrane Transport (GO:0008645),0.00983666417016876,0.18572955738250846,SLC2A1;SLC2A4,2
GO_Biological_Process_2023,Regulation Of Cardiac Muscle Cell Membrane Repolarization (GO:0099623),0.00983666417016876,0.18572955738250846,FLNA;KCNA5,2
GO_Biological_Process_2023,Positive Regulation Of Signal Transduction (GO:0009967),0.010112739611234031,0.1877598654485785,VWF;LAMB2;NOS3;FLNA;SLC2A4;GLI1,6
GO_Biological_Process_2023,Regulation Of Extracellular Matrix Organization (GO:1903053),0.010725524840857674,0.1927134624631524,LAMB2;AGT,2
GO_Biological_Process_2023,"Positive Regulation Of mRNA Splicing, Via Spliceosome (GO:0048026)",0.010725524840857674,0.1927134624631524,RBM3;CIRBP,2
GO_Biological_Process_2023,Regulation Of Heterotypic Cell-Cell Adhesion (GO:0034114),0.011648508762921166,0.200601382913663,KLF4;BMP7,2
GO_Biological_Process_2023,Phagocytosis (GO:0006909),0.011854070338801651,0.200601382913663,ANXA3;PECAM1;TGM2,3
GO_Biological_Process_2023,Negative Regulation Of Extrinsic Apoptotic Signaling Pathway (GO:2001237),0.01232388691546625,0.200601382913663,NOS3;SERPINE1;ICAM1,3
GO_Biological_Process_2023,Regulation Of Monocyte Chemotaxis (GO:0090025),0.012605113827608986,0.200601382913663,SERPINE1;NBL1,2
GO_Biological_Process_2023,Cardiac Conduction System Development (GO:0003161),0.012605113827608986,0.200601382913663,NOTCH2;GJB6,2
GO_Biological_Process_2023,Phosphatidylethanolamine Metabolic Process (GO:0046337),0.012605113827608986,0.200601382913663,PLA2G4E;PLA2G3,2
GO_Biological_Process_2023,Metanephros Development (GO:0001656),0.012605113827608986,0.200601382913663,PKD1;BMP7,2
GO_Biological_Process_2023,Regulation Of Biomineral Tissue Development (GO:0070167),0.012605113827608986,0.200601382913663,ECM1;NOS3,2
GO_Biological_Process_2023,Myeloid Cell Development (GO:0061515),0.01461720485208322,0.2293460028904325,ANXA2;FLNA,2
GO_Biological_Process_2023,Regulation Of DNA Replication (GO:0006275),0.01483211449643231,0.22948577151424435,STON1;JADE2;GLI1,3
GO_Biological_Process_2023,Regulation Of Platelet Activation (GO:0010543),0.015671712356157393,0.22974351238915733,NOS3;FLNA,2
GO_Biological_Process_2023,Establishment Of Endothelial Barrier (GO:0061028),0.015671712356157393,0.22974351238915733,PECAM1;ICAM1,2
GO_Biological_Process_2023,Positive Regulation Of mRNA Processing (GO:0050685),0.015671712356157393,0.22974351238915733,RBM3;CIRBP,2
GO_Biological_Process_2023,Negative Regulation Of Cell Population Proliferation (GO:0008285),0.015673704615418275,0.22974351238915733,TGFBR3;COL18A1;CDKN1A;NOS3;WDR6;IGFBP7;TNS2,7
GO_Biological_Process_2023,Embryonic Organ Development (GO:0048568),0.015910215375886796,0.2301815575160765,COL18A1;PKD1;MFSD2A,3
GO_Biological_Process_2023,Regulation Of Cell Population Proliferation (GO:0042127),0.016339852910065598,0.23335353466412592,COL18A1;CDKN1A;NOS3;ELN;WDR6;IGFBP7;SGK3;OSMR;GLI1;AGT;TNS2,11
GO_Biological_Process_2023,Alpha-Amino Acid Catabolic Process (GO:1901606),0.016757883997423763,0.23335353466412592,CBS;PRODH,2
GO_Biological_Process_2023,Peptidyl-Tyrosine Dephosphorylation (GO:0035335),0.016757883997423763,0.23335353466412592,PTPRB;TNS2,2
GO_Biological_Process_2023,Negative Regulation Of Protein Serine/Threonine Kinase Activity (GO:0071901),0.01760809801721754,0.23705977226482508,CDKN1A;BMP7;AGT,3
GO_Biological_Process_2023,Wound Healing (GO:0042060),0.01760809801721754,0.23705977226482508,SFTA3;MYOF;TSKU,3
GO_Biological_Process_2023,Regulation Of Macrophage Derived Foam Cell Differentiation (GO:0010743),0.017875243151028102,0.23705977226482508,PLA2G3;AGT,2
GO_Biological_Process_2023,Negative Regulation Of Blood Coagulation (GO:0030195),0.017875243151028102,0.23705977226482508,NOS3;SERPINE1,2
GO_Biological_Process_2023,Phospholipid Translocation (GO:0045332),0.01902331815568447,0.2408179139253693,ATP10A;MFSD2A,2
GO_Biological_Process_2023,Leukocyte Cell-Cell Adhesion (GO:0007159),0.01902331815568447,0.2408179139253693,PECAM1;ICAM1,2
GO_Biological_Process_2023,Negative Regulation Of DNA Biosynthetic Process (GO:2000279),0.01902331815568447,0.2408179139253693,CDKN1A;STON1,2
GO_Biological_Process_2023,Regulation Of Cell Morphogenesis (GO:0022604),0.01902331815568447,0.2408179139253693,SPARC;MFSD2A,2
GO_Biological_Process_2023,Negative Regulation Of DNA-binding Transcription Factor Activity (GO:0043433),0.01938153407557402,0.24259583101336474,FLNA;KLF4;BMP7;PKD1,4
GO_Biological_Process_2023,Regulation Of Cell Growth (GO:0001558),0.020145112773206166,0.2446155377741607,CDKN1A;SGK3;JADE2;AGT;MFSD2A,5
GO_Biological_Process_2023,Histone Lysine Methylation (GO:0034968),0.02020164225783015,0.2446155377741607,KMT2B;SMYD3,2
GO_Biological_Process_2023,Negative Regulation Of G1/S Transition Of Mitotic Cell Cycle (GO:2000134),0.02020164225783015,0.2446155377741607,CDKN1A;KLF4,2
GO_Biological_Process_2023,Regulation Of Cellular Component Organization (GO:0051128),0.021129183004407578,0.25237999183937604,STON1;SGK3;JADE2;AGT,4
GO_Biological_Process_2023,Regulation Of Mitotic Cell Cycle Phase Transition (GO:1901990),0.02129597776741593,0.25237999183937604,CDKN1A;PLK5;PKD1,3
GO_Biological_Process_2023,Regulation Of Endothelial Cell Migration (GO:0010594),0.02261208003646241,0.25238221014389717,SPARC;ANXA3;AGT,3
GO_Biological_Process_2023,Regulation Of DNA Biosynthetic Process (GO:2000278),0.02264719507488223,0.25238221014389717,CDKN1A;JADE2,2
GO_Biological_Process_2023,Negative Regulation Of Cell Cycle G1/S Phase Transition (GO:1902807),0.023913514468541123,0.25238221014389717,CDKN1A;KLF4,2
GO_Biological_Process_2023,Positive Regulation Of RNA Splicing (GO:0033120),0.02520826423042625,0.25238221014389717,RBM3;CIRBP,2
GO_Biological_Process_2023,Positive Regulation Of Neuron Projection Development (GO:0010976),0.025374593566132694,0.25238221014389717,PLK5;PLA2G3;BMP7,3
GO_Biological_Process_2023,Aortic Valve Morphogenesis (GO:0003180),0.026531001534332275,0.25238221014389717,NOS3;ELN,2
GO_Biological_Process_2023,Regulation Of Ossification (GO:0030278),0.026531001534332275,0.25238221014389717,ECM1;ZBTB16,2
GO_Biological_Process_2023,Positive Regulation Of Epithelial Cell Migration (GO:0010634),0.02756036223448595,0.25238221014389717,SPARC;ANXA3;AGT,3
GO_Biological_Process_2023,Amino Acid Catabolic Process (GO:0009063),0.027881288198832576,0.25238221014389717,CBS;PRODH,2
GO_Biological_Process_2023,Connective Tissue Development (GO:0061448),0.027881288198832576,0.25238221014389717,ZBTB16;PKD1,2
GO_Biological_Process_2023,Regulation Of Protein Metabolic Process (GO:0051246),0.028310599490966263,0.25238221014389717,RBM3;KLF4;AGT,3
GO_Biological_Process_2023,Vitamin Transport (GO:0051180),0.029258690661508067,0.25238221014389717,SLC2A1;SLC2A4,2
GO_Biological_Process_2023,Heart Development (GO:0007507),0.030169557324367807,0.25238221014389717,TGFBR3;CDKN1A;BMP7;PKD1,4
GO_Biological_Process_2023,Negative Regulation Of Mitotic Cell Cycle Phase Transition (GO:1901991),0.03066277991670126,0.25238221014389717,CDKN1A;KLF4,2
GO_Biological_Process_2023,Aortic Valve Development (GO:0003176),0.03066277991670126,0.25238221014389717,NOS3;ELN,2
GO_Biological_Process_2023,Positive Regulation Of Cellular Biosynthetic Process (GO:0031328),0.03186688300245547,0.25238221014389717,RBM3;CIRBP;KLF4;MFSD2A,4
GO_Biological_Process_2023,Regulation Of Dendrite Development (GO:0050773),0.03209313151224259,0.25238221014389717,BMP7;MFSD2A,2
GO_Biological_Process_2023,Positive Regulation Of Ossification (GO:0045778),0.03209313151224259,0.25238221014389717,ZBTB16;BMP7,2
GO_Biological_Process_2023,Hemopoiesis (GO:0030097),0.03222354874196304,0.25238221014389717,NOTCH2;TGFBR3;ZBTB16,3
GO_Biological_Process_2023,Negative Regulation Of Endoplasmic Reticulum Calcium Ion Concentration (GO:0032471),0.03378711383543003,0.25238221014389717,TGM2,1
GO_Biological_Process_2023,Regulation Of Circadian Sleep/Wake Cycle (GO:0042749),0.03378711383543003,0.25238221014389717,PER3,1
GO_Biological_Process_2023,"Regulation Of Circadian Sleep/Wake Cycle, Sleep (GO:0045187)",0.03378711383543003,0.25238221014389717,PER3,1
GO_Biological_Process_2023,L-ascorbic Acid Metabolic Process (GO:0019852),0.03378711383543003,0.25238221014389717,SLC2A1,1
GO_Biological_Process_2023,Negative Regulation Of Monocyte Chemotaxis (GO:0090027),0.03378711383543003,0.25238221014389717,NBL1,1
GO_Biological_Process_2023,Regulation Of Guanylate Cyclase Activity (GO:0031282),0.03378711383543003,0.25238221014389717,NOS3,1
GO_Biological_Process_2023,Neutrophil Extravasation (GO:0072672),0.03378711383543003,0.25238221014389717,PECAM1,1
GO_Biological_Process_2023,Notochord Development (GO:0030903),0.03378711383543003,0.25238221014389717,COL18A1,1
GO_Biological_Process_2023,Regulation Of Plasma Membrane Repair (GO:1905684),0.03378711383543003,0.25238221014389717,ANXA2,1
GO_Biological_Process_2023,Regulation Of pre-miRNA Processing (GO:2000631),0.03378711383543003,0.25238221014389717,TRUB1,1
GO_Biological_Process_2023,Pericardium Morphogenesis (GO:0003344),0.03378711383543003,0.25238221014389717,BMP7,1
GO_Biological_Process_2023,Phosphatidylinositol Acyl-Chain Remodeling (GO:0036149),0.03378711383543003,0.25238221014389717,PLA2G4E,1
GO_Biological_Process_2023,Regulation Of System Process (GO:0044057),0.03378711383543003,0.25238221014389717,NOS3,1
GO_Biological_Process_2023,Positive Regulation Of T-helper 1 Cell Cytokine Production (GO:2000556),0.03378711383543003,0.25238221014389717,IL1R1,1
GO_Biological_Process_2023,Response To Gonadotropin (GO:0034698),0.03378711383543003,0.25238221014389717,TGFBR3,1
GO_Biological_Process_2023,Embryonic Brain Development (GO:1990403),0.03378711383543003,0.25238221014389717,MFSD2A,1
GO_Biological_Process_2023,Positive Regulation Of Gap Junction Assembly (GO:1903598),0.03378711383543003,0.25238221014389717,AGT,1
GO_Biological_Process_2023,Positive Regulation Of Hemoglobin Biosynthetic Process (GO:0046985),0.03378711383543003,0.25238221014389717,KLF4,1
GO_Biological_Process_2023,Toll-Like Receptor 9 Signaling Pathway (GO:0034162),0.03378711383543003,0.25238221014389717,TNIP2,1
GO_Biological_Process_2023,Glomerulus Vasculature Development (GO:0072012),0.03378711383543003,0.25238221014389717,PECAM1,1
GO_Biological_Process_2023,Ventricular Compact Myocardium Morphogenesis (GO:0003223),0.03378711383543003,0.25238221014389717,TGFBR3,1
GO_Biological_Process_2023,Heterocycle Catabolic Process (GO:0046700),0.03378711383543003,0.25238221014389717,PRODH,1
GO_Biological_Process_2023,Intracellular Water Homeostasis (GO:0009992),0.03378711383543003,0.25238221014389717,FLNB,1
GO_Biological_Process_2023,Positive Regulation Of Vesicle Fusion (GO:0031340),0.03378711383543003,0.25238221014389717,ANXA2,1
GO_Biological_Process_2023,Proline Metabolic Process (GO:0006560),0.03378711383543003,0.25238221014389717,PRODH,1
GO_Biological_Process_2023,Mesodermal Cell Fate Commitment (GO:0001710),0.03378711383543003,0.25238221014389717,KLF4,1
GO_Biological_Process_2023,Metanephric Collecting Duct Development (GO:0072205),0.03378711383543003,0.25238221014389717,PKD1,1
GO_Biological_Process_2023,Regulation Of T-helper 1 Cell Cytokine Production (GO:2000554),0.03378711383543003,0.25238221014389717,IL1R1,1
GO_Biological_Process_2023,Regulation Of Basement Membrane Organization (GO:0110011),0.03378711383543003,0.25238221014389717,LAMB2,1
GO_Biological_Process_2023,Positive Regulation Of Receptor-Mediated Endocytosis (GO:0048260),0.03503094623740955,0.25238221014389717,ANXA2;SERPINE1,2
GO_Biological_Process_2023,Extracellular Structure Organization (GO:0043062),0.03904040527630572,0.25238221014389717,COL4A2;SMOC1;COL9A2,3
GO_Biological_Process_2023,External Encapsulating Structure Organization (GO:0045229),0.039940136071190985,0.25238221014389717,COL4A2;SMOC1;COL9A2,3
GO_Biological_Process_2023,Regulation Of Hemoglobin Biosynthetic Process (GO:0046984),0.040407308005575016,0.25238221014389717,KLF4,1
GO_Biological_Process_2023,SA Node Cell Action Potential (GO:0086015),0.040407308005575016,0.25238221014389717,KCNA5,1
GO_Biological_Process_2023,Negative Regulation Of Plasminogen Activation (GO:0010757),0.040407308005575016,0.25238221014389717,SERPINE1,1
GO_Biological_Process_2023,Adult Feeding Behavior (GO:0008343),0.040407308005575016,0.25238221014389717,NPY,1
GO_Biological_Process_2023,Regulation Of Osteoclast Development (GO:2001204),0.040407308005575016,0.25238221014389717,NOTCH2,1
GO_Biological_Process_2023,Regulation Of Prostaglandin Biosynthetic Process (GO:0031392),0.040407308005575016,0.25238221014389717,PLA2G3,1
GO_Biological_Process_2023,Placenta Blood Vessel Development (GO:0060674),0.040407308005575016,0.25238221014389717,PKD1,1
GO_Biological_Process_2023,Regulation Of Systemic Arterial Blood Pressure By Renin-Angiotensin (GO:0003081),0.040407308005575016,0.25238221014389717,AGT,1
GO_Biological_Process_2023,Cellular Response To Laminar Fluid Shear Stress (GO:0071499),0.040407308005575016,0.25238221014389717,KLF4,1
GO_Biological_Process_2023,Cellular Response To Monoamine Stimulus (GO:0071868),0.040407308005575016,0.25238221014389717,TGM2,1
GO_Biological_Process_2023,Regulation Of Transforming Growth Factor Beta1 Production (GO:0032908),0.040407308005575016,0.25238221014389717,TSKU,1
GO_Biological_Process_2023,Response To Cocaine (GO:0042220),0.040407308005575016,0.25238221014389717,TGM2,1
GO_Biological_Process_2023,Definitive Hemopoiesis (GO:0060216),0.040407308005575016,0.25238221014389717,TGFBR3,1
GO_Biological_Process_2023,Elastic Fiber Assembly (GO:0048251),0.040407308005575016,0.25238221014389717,MYH11,1
GO_Biological_Process_2023,Sulfur Amino Acid Catabolic Process (GO:0000098),0.040407308005575016,0.25238221014389717,CBS,1
GO_Biological_Process_2023,Gamma-Aminobutyric Acid Transport (GO:0015812),0.040407308005575016,0.25238221014389717,SLC6A6,1
GO_Biological_Process_2023,Toll-Like Receptor 3 Signaling Pathway (GO:0034138),0.040407308005575016,0.25238221014389717,TNIP2,1
GO_Biological_Process_2023,Gap Junction Assembly (GO:0016264),0.040407308005575016,0.25238221014389717,GJB6,1
GO_Biological_Process_2023,Positive Regulation Of Necrotic Cell Death (GO:0010940),0.040407308005575016,0.25238221014389717,SLC6A6,1
GO_Biological_Process_2023,Heart Trabecula Formation (GO:0060347),0.040407308005575016,0.25238221014389717,TGFBR3,1
GO_Biological_Process_2023,Hemostasis (GO:0007599),0.040407308005575016,0.25238221014389717,VWF,1
GO_Biological_Process_2023,Histone H2A-K119 Monoubiquitination (GO:0036353),0.040407308005575016,0.25238221014389717,PCGF2,1
GO_Biological_Process_2023,Histone H4-K12 Acetylation (GO:0043983),0.040407308005575016,0.25238221014389717,JADE2,1
GO_Biological_Process_2023,Positive Regulation Of Unsaturated Fatty Acid Biosynthetic Process (GO:2001280),0.040407308005575016,0.25238221014389717,PLA2G3,1
GO_Biological_Process_2023,Maintenance Of Protein Location In Extracellular Region (GO:0071694),0.040407308005575016,0.25238221014389717,NBL1,1
GO_Biological_Process_2023,Marginal Zone B Cell Differentiation (GO:0002315),0.040407308005575016,0.25238221014389717,NOTCH2,1
GO_Biological_Process_2023,Metanephric Nephron Tubule Development (GO:0072234),0.040407308005575016,0.25238221014389717,PKD1,1
GO_Biological_Process_2023,Receptor-Mediated Virion Attachment To Host Cell (GO:0046813),0.040407308005575016,0.25238221014389717,ICAM1,1
GO_Biological_Process_2023,Negative Regulation Of RIG-I Signaling Pathway (GO:0039536),0.040407308005575016,0.25238221014389717,UFD1,1
GO_Biological_Process_2023,Regulation Of Anion Channel Activity (GO:0010359),0.040407308005575016,0.25238221014389717,TCAF2,1
GO_Biological_Process_2023,Secondary Alcohol Metabolic Process (GO:1902652),0.04120354031787479,0.25238221014389717,IDH2;TSKU,2
GO_Biological_Process_2023,Epithelial To Mesenchymal Transition (GO:0001837),0.04120354031787479,0.25238221014389717,TGFBR3;BMP7,2
GO_Biological_Process_2023,Positive Regulation Of Cellular Component Organization (GO:0051130),0.042702128384694234,0.25238221014389717,ANXA2;ATP10A;BMP7,3
GO_Biological_Process_2023,Positive Regulation Of Reactive Oxygen Species Metabolic Process (GO:2000379),0.042806215056357025,0.25238221014389717,CDKN1A;AGT,2
GO_Biological_Process_2023,Neuron Projection Development (GO:0031175),0.043213979907550513,0.25238221014389717,NPY;NBL1;BMP7;TSKU,4
GO_Biological_Process_2023,Central Nervous System Development (GO:0007417),0.04544168372619767,0.25238221014389717,ZBTB16;SLC2A1;FLNB;PKD1;MFSD2A,5
GO_Biological_Process_2023,Positive Regulation Of Protein Metabolic Process (GO:0051247),0.04600735811440455,0.25238221014389717,RBM3;CIRBP;KLF4;AGT,4
GO_Biological_Process_2023,"G Protein-Coupled Receptor Signaling Pathway, Coupled To Cyclic Nucleotide Second Messenger (GO:0007187)",0.046080253337353536,0.25238221014389717,NPY;AGT,2
GO_Biological_Process_2023,Plasma Membrane Bounded Cell Projection Morphogenesis (GO:0120039),0.046080253337353536,0.25238221014389717,NBL1;BMP7,2
GO_Biological_Process_2023,Positive Regulation Of Cell Death (GO:0010942),0.046080253337353536,0.25238221014389717,SLC6A6;PRODH,2
GO_Biological_Process_2023,Positive Regulation Of Fat Cell Differentiation (GO:0045600),0.046080253337353536,0.25238221014389717,ZBTB16;BMP7,2
GO_Biological_Process_2023,Negative Regulation Of Cell Projection Organization (GO:0031345),0.046080253337353536,0.25238221014389717,TSKU;ADCY6,2
GO_Biological_Process_2023,Cellular Response To Molecule Of Bacterial Origin (GO:0071219),0.046530066697637935,0.25238221014389717,FZD5;TNIP2;SERPINE1,3
GO_Biological_Process_2023,Negative Regulation Of Fatty Acid Oxidation (GO:0046322),0.04698247325920365,0.25238221014389717,MFSD2A,1
GO_Biological_Process_2023,Negative Regulation Of Striated Muscle Cell Apoptotic Process (GO:0010664),0.04698247325920365,0.25238221014389717,BMP7,1
GO_Biological_Process_2023,Arginine Catabolic Process (GO:0006527),0.04698247325920365,0.25238221014389717,NOS3,1
GO_Biological_Process_2023,Atrial Cardiac Muscle Cell To AV Node Cell Signaling (GO:0086026),0.04698247325920365,0.25238221014389717,KCNA5,1
GO_Biological_Process_2023,"Blood Coagulation, Intrinsic Pathway (GO:0007597)",0.04698247325920365,0.25238221014389717,FLNA,1
GO_Biological_Process_2023,Peptidyl-Tyrosine Dephosphorylation Involved In Inactivation Of Protein Kinase Activity (GO:1990264),0.04698247325920365,0.25238221014389717,PTPRB,1
GO_Biological_Process_2023,Pericardium Development (GO:0060039),0.04698247325920365,0.25238221014389717,BMP7,1
GO_Biological_Process_2023,Regulation Of Vascular Wound Healing (GO:0061043),0.04698247325920365,0.25238221014389717,SERPINE1,1
GO_Biological_Process_2023,Collecting Duct Development (GO:0072044),0.04698247325920365,0.25238221014389717,PKD1,1
GO_Biological_Process_2023,Coronary Vasculature Morphogenesis (GO:0060977),0.04698247325920365,0.25238221014389717,TGFBR3,1
GO_Biological_Process_2023,Positive Regulation Of Endocytic Recycling (GO:2001137),0.04698247325920365,0.25238221014389717,PLA2G4E,1
GO_Biological_Process_2023,Sinoatrial Node Development (GO:0003163),0.04698247325920365,0.25238221014389717,GJB6,1
GO_Biological_Process_2023,Stress-Induced Premature Senescence (GO:0090400),0.04698247325920365,0.25238221014389717,CDKN1A,1
GO_Biological_Process_2023,Regulation Of Apoptotic Cell Clearance (GO:2000425),0.04698247325920365,0.25238221014389717,TGM2,1
GO_Biological_Process_2023,Regulation Of Small GTPase Mediated Signal Transduction (GO:0051056),0.04751275562530024,0.25238221014389717,ARHGAP27;ARHGEF5;TGM2,3
GO_Biological_Process_2023,Negative Regulation Of MAP Kinase Activity (GO:0043407),0.04775084997182041,0.25238221014389717,BMP7;AGT,2
GO_Biological_Process_2023,Adenylate Cyclase-Inhibiting G Protein-Coupled Receptor Signaling Pathway (GO:0007193),0.04944332717711447,0.25238221014389717,FLNA;ADCY6,2
GO_Biological_Process_2023,Cardiac Muscle Tissue Development (GO:0048738),0.04944332717711447,0.25238221014389717,NOTCH2;BMP7,2
GO_Biological_Process_2023,Cartilage Development (GO:0051216),0.04944332717711447,0.25238221014389717,ZBTB16;PKD1,2
GO_Biological_Process_2023,Regulation Of Macromolecule Biosynthetic Process (GO:0010556),0.05115731173617012,0.25238221014389717,RBM3;JADE2,2
GO_Biological_Process_2023,Carboxylic Acid Transport (GO:0046942),0.05115731173617012,0.25238221014389717,SLC6A6;SLC16A11,2
GO_Biological_Process_2023,Positive Regulation Of Macromolecule Biosynthetic Process (GO:0010557),0.05154516674094363,0.25238221014389717,RBM3;CIRBP;KLF4,3
GO_Biological_Process_2023,Receptor-Mediated Endocytosis (GO:0006898),0.05154516674094363,0.25238221014389717,GRK3;STON1;ARHGAP27,3
GO_Biological_Process_2023,Modulation Of Chemical Synaptic Transmission (GO:0050804),0.052578478243929826,0.25238221014389717,MYOF;NPTXR;BAIAP3,3
GO_Biological_Process_2023,Negative Regulation Of Neuron Projection Development (GO:0010977),0.05289243441829148,0.25238221014389717,TSKU;ADCY6,2
GO_Biological_Process_2023,Negative Regulation Of Protein Catabolic Process (GO:0042177),0.05289243441829148,0.25238221014389717,ANXA2;FLNA,2
GO_Biological_Process_2023,Mesenchymal Cell Differentiation (GO:0048762),0.05289243441829148,0.25238221014389717,TGFBR3;BMP7,2
GO_Biological_Process_2023,CD40 Signaling Pathway (GO:0023035),0.05351291321651436,0.25238221014389717,TNIP2,1
GO_Biological_Process_2023,N-acylphosphatidylethanolamine Metabolic Process (GO:0070292),0.05351291321651436,0.25238221014389717,PLA2G4E,1
GO_Biological_Process_2023,Regulation Of Gap Junction Assembly (GO:1903596),0.05351291321651436,0.25238221014389717,AGT,1
GO_Biological_Process_2023,Negative Regulation Of Mitotic Nuclear Division (GO:0045839),0.05351291321651436,0.25238221014389717,BMP7,1
GO_Biological_Process_2023,Regulation Of Necrotic Cell Death (GO:0010939),0.05351291321651436,0.25238221014389717,SLC6A6,1
GO_Biological_Process_2023,Regulation Of Vesicle Fusion (GO:0031338),0.05351291321651436,0.25238221014389717,ANXA2,1
GO_Biological_Process_2023,Embryonic Placenta Development (GO:0001892),0.05351291321651436,0.25238221014389717,PKD1,1
GO_Biological_Process_2023,Skeletal Myofibril Assembly (GO:0014866),0.05351291321651436,0.25238221014389717,MYH11,1
GO_Biological_Process_2023,Positive Regulation Of Mast Cell Degranulation (GO:0043306),0.05351291321651436,0.25238221014389717,PLA2G3,1
GO_Biological_Process_2023,Positive Regulation Of Mitochondrial Calcium Ion Concentration (GO:0051561),0.05351291321651436,0.25238221014389717,TGM2,1
GO_Biological_Process_2023,Tricarboxylic Acid Metabolic Process (GO:0072350),0.05351291321651436,0.25238221014389717,IDH2,1
GO_Biological_Process_2023,Inner Ear Receptor Cell Development (GO:0060119),0.05351291321651436,0.25238221014389717,TSKU,1
GO_Biological_Process_2023,Intestinal Epithelial Cell Differentiation (GO:0060575),0.05351291321651436,0.25238221014389717,NPY,1
GO_Biological_Process_2023,mRNA Pseudouridine Synthesis (GO:1990481),0.05351291321651436,0.25238221014389717,TRUB1,1
GO_Biological_Process_2023,Regulation Of Cell Killing (GO:0031341),0.05351291321651436,0.25238221014389717,ICAM1,1
GO_Biological_Process_2023,Phosphatidylcholine Metabolic Process (GO:0046470),0.05464832999763346,0.25238221014389717,PLA2G3;MFSD2A,2
GO_Biological_Process_2023,Response To Peptide Hormone (GO:0043434),0.05464832999763346,0.25238221014389717,TGFBR3;SLC2A1,2
GO_Biological_Process_2023,Positive Regulation Of Intracellular Protein Transport (GO:0090316),0.05573822629128906,0.25238221014389717,TCAF2;FZD5;FLNA,3
GO_Biological_Process_2023,Regulation Of Reactive Oxygen Species Metabolic Process (GO:2000377),0.05642463718527904,0.25238221014389717,CDKN1A;AGT,2
GO_Biological_Process_2023,Positive Regulation Of Cellular Metabolic Process (GO:0031325),0.05642463718527904,0.25238221014389717,CDKN1A;AGT,2
GO_Biological_Process_2023,Regulation Of GTPase Activity (GO:0043087),0.059795232602665165,0.25238221014389717,DOCK6;ARHGAP27;ARHGEF5;TGM2,4
GO_Biological_Process_2023,Regulation Of Cellular Response To Oxidative Stress (GO:1900407),0.059998929586478865,0.25238221014389717,BMP7,1
GO_Biological_Process_2023,Negative Regulation Of Heterotypic Cell-Cell Adhesion (GO:0034115),0.059998929586478865,0.25238221014389717,KLF4,1
GO_Biological_Process_2023,ER-associated Misfolded Protein Catabolic Process (GO:0071712),0.059998929586478865,0.25238221014389717,UFD1,1
GO_Biological_Process_2023,Negative Regulation Of Muscle Cell Apoptotic Process (GO:0010656),0.059998929586478865,0.25238221014389717,BMP7,1
GO_Biological_Process_2023,Regulation Of Hair Cycle (GO:0042634),0.059998929586478865,0.25238221014389717,TSKU,1
GO_Biological_Process_2023,Regulation Of Leukocyte Mediated Cytotoxicity (GO:0001910),0.059998929586478865,0.25238221014389717,ICAM1,1
GO_Biological_Process_2023,Amine Metabolic Process (GO:0009308),0.059998929586478865,0.25238221014389717,SULT1A1,1
GO_Biological_Process_2023,Negative Regulation Of Transcription By RNA Polymerase I (GO:0016479),0.059998929586478865,0.25238221014389717,FLNA,1
GO_Biological_Process_2023,Negative Regulation Of Transforming Growth Factor Beta Production (GO:0071635),0.059998929586478865,0.25238221014389717,TSKU,1
GO_Biological_Process_2023,Regulation Of Phospholipid Metabolic Process (GO:1903725),0.059998929586478865,0.25238221014389717,MFSD2A,1
GO_Biological_Process_2023,cAMP Biosynthetic Process (GO:0006171),0.059998929586478865,0.25238221014389717,ADCY6,1
GO_Biological_Process_2023,Regulation Of Postsynaptic Neurotransmitter Receptor Activity (GO:0098962),0.059998929586478865,0.25238221014389717,NPTXR,1
GO_Biological_Process_2023,Response To Laminar Fluid Shear Stress (GO:0034616),0.059998929586478865,0.25238221014389717,KLF4,1
GO_Biological_Process_2023,Dopamine Transport (GO:0015872),0.059998929586478865,0.25238221014389717,TGM2,1
GO_Biological_Process_2023,Sequestering Of Extracellular Ligand From Receptor (GO:0035581),0.059998929586478865,0.25238221014389717,NBL1,1
GO_Biological_Process_2023,Serine Family Amino Acid Catabolic Process (GO:0009071),0.059998929586478865,0.25238221014389717,CBS,1
GO_Biological_Process_2023,Histone Methylation (GO:0016571),0.059998929586478865,0.25238221014389717,SMYD3,1
GO_Biological_Process_2023,Homocysteine Metabolic Process (GO:0050667),0.059998929586478865,0.25238221014389717,CBS,1
GO_Biological_Process_2023,Long-Chain Fatty Acid Import Into Cell (GO:0044539),0.059998929586478865,0.25238221014389717,SLC2A1,1
GO_Biological_Process_2023,Primary Alcohol Catabolic Process (GO:0034310),0.059998929586478865,0.25238221014389717,SULT1A1,1
GO_Biological_Process_2023,Lung Epithelium Development (GO:0060428),0.059998929586478865,0.25238221014389717,PKD1,1
GO_Biological_Process_2023,Morphogenesis Of An Epithelial Sheet (GO:0002011),0.059998929586478865,0.25238221014389717,BMP7,1
GO_Biological_Process_2023,Negative Regulation Of Cell Adhesion Mediated By Integrin (GO:0033629),0.059998929586478865,0.25238221014389717,SERPINE1,1
GO_Biological_Process_2023,Regulation Of Cell-Cell Adhesion Involved In Gastrulation (GO:0070587),0.059998929586478865,0.25238221014389717,KLF4,1
GO_Biological_Process_2023,Regulation Of Cellular Extravasation (GO:0002691),0.059998929586478865,0.25238221014389717,ICAM1,1
GO_Biological_Process_2023,Renal System Development (GO:0072001),0.06003706076133998,0.25238221014389717,PKD1;AGT,2
GO_Biological_Process_2023,Eye Development (GO:0001654),0.06003706076133998,0.25238221014389717,SMOC1;TSKU,2
GO_Biological_Process_2023,Positive Regulation Of Type II Interferon Production (GO:0032729),0.06003706076133998,0.25238221014389717,FZD5;IL1R1,2
GO_Biological_Process_2023,Regulation Of Bone Mineralization (GO:0030500),0.06003706076133998,0.25238221014389717,ECM1;BMP7,2
GO_Biological_Process_2023,Phospholipid Transport (GO:0015914),0.06187247398652479,0.2552243995503692,ATP10A;MFSD2A,2
GO_Biological_Process_2023,Chordate Embryonic Development (GO:0043009),0.06187247398652479,0.2552243995503692,PKD1;BMP7,2
GO_Biological_Process_2023,Heart Morphogenesis (GO:0003007),0.06187247398652479,0.2552243995503692,TGFBR3;NOS3,2
GO_Biological_Process_2023,Negative Regulation Of Peptidase Activity (GO:0010466),0.06372689242803448,0.2552243995503692,ECM1;SERPINE1,2
GO_Biological_Process_2023,Homophilic Cell Adhesion Via Plasma Membrane Adhesion Molecules (GO:0007156),0.06372689242803448,0.2552243995503692,PECAM1;PKD1,2
GO_Biological_Process_2023,BMP Signaling Pathway (GO:0030509),0.06559997399271239,0.2552243995503692,TGFBR3;BMP7,2
GO_Biological_Process_2023,Negative Regulation Of Autophagy (GO:0010507),0.06559997399271239,0.2552243995503692,WDR6;QSOX1,2
GO_Biological_Process_2023,Negative Regulation Of Hemostasis (GO:1900047),0.06644082214506918,0.2552243995503692,SERPINE1,1
GO_Biological_Process_2023,L-serine Metabolic Process (GO:0006563),0.06644082214506918,0.2552243995503692,CBS,1
GO_Biological_Process_2023,Notch Signaling Involved In Heart Development (GO:0061314),0.06644082214506918,0.2552243995503692,NOTCH2,1
GO_Biological_Process_2023,Negative Regulation Of Nuclear Division (GO:0051784),0.06644082214506918,0.2552243995503692,BMP7,1
GO_Biological_Process_2023,Acidic Amino Acid Transport (GO:0015800),0.06644082214506918,0.2552243995503692,SLC6A6,1
GO_Biological_Process_2023,Negative Regulation Of Response To Cytokine Stimulus (GO:0060761),0.06644082214506918,0.2552243995503692,KLF4,1
GO_Biological_Process_2023,Arginine Metabolic Process (GO:0006525),0.06644082214506918,0.2552243995503692,NOS3,1
GO_Biological_Process_2023,Atrial Septum Morphogenesis (GO:0060413),0.06644082214506918,0.2552243995503692,NOTCH2,1
GO_Biological_Process_2023,Cellular Response To Forskolin (GO:1904322),0.06644082214506918,0.2552243995503692,ADCY6,1
GO_Biological_Process_2023,Removal Of Superoxide Radicals (GO:0019430),0.06644082214506918,0.2552243995503692,NOS3,1
GO_Biological_Process_2023,Columnar/Cuboidal Epithelial Cell Differentiation (GO:0002065),0.06644082214506918,0.2552243995503692,NPY,1
GO_Biological_Process_2023,Response To Forskolin (GO:1904321),0.06644082214506918,0.2552243995503692,ADCY6,1
GO_Biological_Process_2023,Response To Prostaglandin E (GO:0034695),0.06644082214506918,0.2552243995503692,TGFBR3,1
GO_Biological_Process_2023,Positive Regulation Of Chondrocyte Differentiation (GO:0032332),0.06644082214506918,0.2552243995503692,ZBTB16,1
GO_Biological_Process_2023,Positive Regulation Of Dendrite Development (GO:1900006),0.06644082214506918,0.2552243995503692,BMP7,1
GO_Biological_Process_2023,Signal Release (GO:0023061),0.06644082214506918,0.2552243995503692,TGM2,1
GO_Biological_Process_2023,Steroid Hormone Mediated Signaling Pathway (GO:0043401),0.06644082214506918,0.2552243995503692,BMP7,1
GO_Biological_Process_2023,Very-Low-Density Lipoprotein Particle Assembly (GO:0034379),0.06644082214506918,0.2552243995503692,MFSD2A,1
GO_Biological_Process_2023,Fat Cell Differentiation (GO:0045444),0.06749138031716871,0.25748423860728065,ADGRF5;KLF4,2
GO_Biological_Process_2023,Glycerophospholipid Metabolic Process (GO:0006650),0.06749138031716871,0.25748423860728065,PLA2G4E;PLA2G3,2
GO_Biological_Process_2023,Phosphatidylinositol Metabolic Process (GO:0046488),0.0694007767375199,0.2617500710337135,PLA2G4E;PLA2G3,2
GO_Biological_Process_2023,Positive Regulation Of Intracellular Signal Transduction (GO:1902533),0.06965197356373128,0.2617500710337135,ECM1;VWF;TNIP2;FLNA;BMP7;AGT;TGM2,7
GO_Biological_Process_2023,Cilium Organization (GO:0044782),0.07187615532835698,0.2617500710337135,TTLL3;DZIP1L;FLNA;PLA2G3,4
GO_Biological_Process_2023,Negative Regulation Of Fibrinolysis (GO:0051918),0.07283888870776588,0.2617500710337135,SERPINE1,1
GO_Biological_Process_2023,Negative Regulation Of Leukocyte Chemotaxis (GO:0002689),0.07283888870776588,0.2617500710337135,NBL1,1
GO_Biological_Process_2023,Actin Crosslink Formation (GO:0051764),0.07283888870776588,0.2617500710337135,FLNA,1
GO_Biological_Process_2023,Organic Cyclic Compound Catabolic Process (GO:1901361),0.07283888870776588,0.2617500710337135,PRODH,1
GO_Biological_Process_2023,Cellular Response To Fluid Shear Stress (GO:0071498),0.07283888870776588,0.2617500710337135,KLF4,1
GO_Biological_Process_2023,Cellular Response To Superoxide (GO:0071451),0.07283888870776588,0.2617500710337135,NOS3,1
GO_Biological_Process_2023,Central Nervous System Projection Neuron Axonogenesis (GO:0021952),0.07283888870776588,0.2617500710337135,TSKU,1
GO_Biological_Process_2023,Desensitization Of G Protein-Coupled Receptor Signaling Pathway (GO:0002029),0.07283888870776588,0.2617500710337135,GRK3,1
GO_Biological_Process_2023,Digestive System Development (GO:0055123),0.07283888870776588,0.2617500710337135,PKD1,1
GO_Biological_Process_2023,Positive Regulation Of Coagulation (GO:0050820),0.07283888870776588,0.2617500710337135,SERPINE1,1
GO_Biological_Process_2023,Positive Regulation Of Hemostasis (GO:1900048),0.07283888870776588,0.2617500710337135,SERPINE1,1
GO_Biological_Process_2023,Positive Regulation Of Keratinocyte Proliferation (GO:0010838),0.07283888870776588,0.2617500710337135,NOTCH2,1
GO_Biological_Process_2023,Inner Ear Receptor Cell Stereocilium Organization (GO:0060122),0.07283888870776588,0.2617500710337135,TSKU,1
GO_Biological_Process_2023,Intrinsic Apoptotic Signaling Pathway In Response To Oxidative Stress (GO:0008631),0.07283888870776588,0.2617500710337135,PRODH,1
GO_Biological_Process_2023,Positive Regulation Of Triglyceride Biosynthetic Process (GO:0010867),0.07283888870776588,0.2617500710337135,MFSD2A,1
GO_Biological_Process_2023,Cellular Response To BMP Stimulus (GO:0071773),0.07523361480001642,0.26417860267831406,TGFBR3;BMP7,2
GO_Biological_Process_2023,Negative Regulation Of Cellular Process (GO:0048523),0.0764822337701216,0.26417860267831406,COL18A1;CDKN1A;NOS3;WDR6;IGFBP7;BMP7;TNS2,7
GO_Biological_Process_2023,tRNA Modification (GO:0006400),0.07721169783815038,0.26417860267831406,TRUB1;WDR6,2
GO_Biological_Process_2023,Negative Regulation Of Cellular Catabolic Process (GO:0031330),0.07721169783815038,0.26417860267831406,WDR6;MFSD2A,2
GO_Biological_Process_2023,Positive Regulation Of GTPase Activity (GO:0043547),0.07740838571298711,0.26417860267831406,DOCK6;ARHGAP27;ARHGEF5;TGM2,4
GO_Biological_Process_2023,Nervous System Development (GO:0007399),0.07764780425360167,0.26417860267831406,NOTCH2;FZD5;ZBTB16;SLC2A1;NBL1;PKD1,6
GO_Biological_Process_2023,Regulation Of Chemokine (C-X-C Motif) Ligand 2 Production (GO:2000341),0.07919342514991488,0.26417860267831406,KLF4,1
GO_Biological_Process_2023,Negative Regulation Of Mononuclear Cell Migration (GO:0071676),0.07919342514991488,0.26417860267831406,NBL1,1
GO_Biological_Process_2023,Alanine Transport (GO:0032328),0.07919342514991488,0.26417860267831406,SLC6A6,1
GO_Biological_Process_2023,Atrial Cardiac Muscle Cell Action Potential (GO:0086014),0.07919342514991488,0.26417860267831406,KCNA5,1
GO_Biological_Process_2023,Atrial Cardiac Muscle Tissue Development (GO:0003228),0.07919342514991488,0.26417860267831406,GJB6,1
GO_Biological_Process_2023,Neutrophil Mediated Immunity (GO:0002446),0.07919342514991488,0.26417860267831406,ANXA3,1
GO_Biological_Process_2023,cAMP Metabolic Process (GO:0046058),0.07919342514991488,0.26417860267831406,ADCY6,1
GO_Biological_Process_2023,Positive Regulation Of T-helper 1 Type Immune Response (GO:0002827),0.07919342514991488,0.26417860267831406,IL1R1,1
GO_Biological_Process_2023,Positive Regulation Of Cellular Extravasation (GO:0002693),0.07919342514991488,0.26417860267831406,ICAM1,1
GO_Biological_Process_2023,Endothelium Development (GO:0003158),0.07919342514991488,0.26417860267831406,PECAM1,1
GO_Biological_Process_2023,Spinal Cord Development (GO:0021510),0.07919342514991488,0.26417860267831406,PKD1,1
GO_Biological_Process_2023,Fatty Acid Transmembrane Transport (GO:1902001),0.07919342514991488,0.26417860267831406,SLC2A1,1
GO_Biological_Process_2023,Fibrinolysis (GO:0042730),0.07919342514991488,0.26417860267831406,SERPINE1,1
GO_Biological_Process_2023,Positive Regulation Of Purine Nucleotide Biosynthetic Process (GO:1900373),0.07919342514991488,0.26417860267831406,NOS3,1
GO_Biological_Process_2023,Protein Heterotetramerization (GO:0051290),0.07919342514991488,0.26417860267831406,PKD1,1
GO_Biological_Process_2023,Pseudouridine Synthesis (GO:0001522),0.07919342514991488,0.26417860267831406,TRUB1,1
GO_Biological_Process_2023,Negative Regulation Of Coagulation (GO:0050819),0.07919342514991488,0.26417860267831406,SERPINE1,1
GO_Biological_Process_2023,Neuropeptide Signaling Pathway (GO:0007218),0.07920615196997925,0.26417860267831406,NPY;AGRP,2
GO_Biological_Process_2023,Response To Molecule Of Bacterial Origin (GO:0002237),0.0812166640320031,0.2648580636557077,FZD5;NOS3,2
GO_Biological_Process_2023,Regulation Of Inflammatory Response (GO:0050727),0.08314864944579968,0.2648580636557077,IL1R1;SERPINE1;KLF4;AGT,4
GO_Biological_Process_2023,Negative Regulation Of Epithelial Cell Proliferation (GO:0050680),0.08324292430835176,0.2648580636557077,TGFBR3;SPARC,2
GO_Biological_Process_2023,Sulfur Compound Biosynthetic Process (GO:0044272),0.08324292430835176,0.2648580636557077,CHPF2;CBS,2
GO_Biological_Process_2023,Regulation Of Cellular Biosynthetic Process (GO:0031326),0.08324292430835176,0.2648580636557077,RBM3;JADE2,2
GO_Biological_Process_2023,Regulation Of Hydrolase Activity (GO:0051336),0.08528462653774974,0.2648580636557077,ARHGAP27;ARHGEF5,2
GO_Biological_Process_2023,Synapse Assembly (GO:0007416),0.08528462653774974,0.2648580636557077,FZD5;CBLN4,2
GO_Biological_Process_2023,Negative Regulation Of Cellular Response To Growth Factor Stimulus (GO:0090288),0.08528462653774974,0.2648580636557077,NBL1;AGT,2
GO_Biological_Process_2023,Regulation Of Fatty Acid Beta-Oxidation (GO:0031998),0.08550472536145746,0.2648580636557077,MFSD2A,1
GO_Biological_Process_2023,Negative Regulation Of Receptor Internalization (GO:0002091),0.08550472536145746,0.2648580636557077,ANXA2,1
GO_Biological_Process_2023,Atrial Septum Development (GO:0003283),0.08550472536145746,0.2648580636557077,NOTCH2,1
GO_Biological_Process_2023,Regulation Of Nitrogen Compound Metabolic Process (GO:0051171),0.08550472536145746,0.2648580636557077,MFSD2A,1
GO_Biological_Process_2023,Chondroitin Sulfate Biosynthetic Process (GO:0030206),0.08550472536145746,0.2648580636557077,CHPF2,1
GO_Biological_Process_2023,Cytoplasmic Sequestering Of Transcription Factor (GO:0042994),0.08550472536145746,0.2648580636557077,PKD1,1
GO_Biological_Process_2023,Positive Regulation Of Cyclase Activity (GO:0031281),0.08550472536145746,0.2648580636557077,NOS3,1
GO_Biological_Process_2023,Secondary Palate Development (GO:0062009),0.08550472536145746,0.2648580636557077,TGFBR3,1
GO_Biological_Process_2023,Endolysosomal Toll-Like Receptor Signaling Pathway (GO:0140894),0.08550472536145746,0.2648580636557077,TNIP2,1
GO_Biological_Process_2023,Positive Regulation Of Insulin Secretion Involved In Cellular Response To Glucose Stimulus (GO:0035774),0.08550472536145746,0.2648580636557077,BAIAP3,1
GO_Biological_Process_2023,Mature B Cell Differentiation Involved In Immune Response (GO:0002313),0.08550472536145746,0.2648580636557077,NOTCH2,1
GO_Biological_Process_2023,Purine Ribonucleoside Bisphosphate Metabolic Process (GO:0034035),0.08550472536145746,0.2648580636557077,SULT1A1,1
GO_Biological_Process_2023,Negative Regulation Of Bone Mineralization (GO:0030502),0.08550472536145746,0.2648580636557077,ECM1,1
GO_Biological_Process_2023,Negative Regulation Of Cell Activation (GO:0050866),0.08550472536145746,0.2648580636557077,NOS3,1
GO_Biological_Process_2023,Negative Regulation Of Cell Migration Involved In Sprouting Angiogenesis (GO:0090051),0.08550472536145746,0.2648580636557077,KLF4,1
GO_Biological_Process_2023,Regulation Of Cell Projection Organization (GO:0031344),0.08550472536145746,0.2648580636557077,MFSD2A,1
GO_Biological_Process_2023,Cilium Assembly (GO:0060271),0.08609560823379597,0.2648580636557077,TTLL3;DZIP1L;FLNA;PLA2G3,4
GO_Biological_Process_2023,Regulation Of ERK1 And ERK2 Cascade (GO:0070372),0.08708918482292871,0.2648580636557077,NOTCH2;TGFBR3;ARHGEF5;ICAM1,4
GO_Biological_Process_2023,Positive Regulation Of Secretion By Cell (GO:1903532),0.08941314869819021,0.2648580636557077,ANXA2;BAIAP3,2
GO_Biological_Process_2023,Protein Tetramerization (GO:0051262),0.08941314869819021,0.2648580636557077,PKD1;ACACB,2
GO_Biological_Process_2023,Monocarboxylic Acid Transport (GO:0015718),0.08941314869819021,0.2648580636557077,SLC16A11;MFSD2A,2
GO_Biological_Process_2023,Cellular Response To Growth Factor Stimulus (GO:0071363),0.09065469556010648,0.2648580636557077,PLK5;KLF4;BMP7,3
GO_Biological_Process_2023,2-Oxoglutarate Metabolic Process (GO:0006103),0.09177308130260607,0.2648580636557077,IDH2,1
GO_Biological_Process_2023,Regulation Of Hemopoiesis (GO:1903706),0.09177308130260607,0.2648580636557077,NOTCH2,1
GO_Biological_Process_2023,Negative Regulation Of Smooth Muscle Cell Migration (GO:0014912),0.09177308130260607,0.2648580636557077,SERPINE1,1
GO_Biological_Process_2023,Regulation Of Neuron Projection Arborization (GO:0150011),0.09177308130260607,0.2648580636557077,MFSD2A,1
GO_Biological_Process_2023,"Blood Coagulation, Fibrin Clot Formation (GO:0072378)",0.09177308130260607,0.2648580636557077,FLNA,1
GO_Biological_Process_2023,Cardiac Cell Development (GO:0055006),0.09177308130260607,0.2648580636557077,MYH11,1
GO_Biological_Process_2023,Pathway-Restricted SMAD Protein Phosphorylation (GO:0060389),0.09177308130260607,0.2648580636557077,TGFBR3,1
GO_Biological_Process_2023,Photoreceptor Cell Development (GO:0042461),0.09177308130260607,0.2648580636557077,MFSD2A,1
GO_Biological_Process_2023,Positive Regulation Of Acute Inflammatory Response (GO:0002675),0.09177308130260607,0.2648580636557077,OSMR,1
GO_Biological_Process_2023,Serine Family Amino Acid Metabolic Process (GO:0009069),0.09177308130260607,0.2648580636557077,CBS,1
GO_Biological_Process_2023,Smooth Muscle Contraction (GO:0006939),0.09177308130260607,0.2648580636557077,MYH11,1
GO_Biological_Process_2023,Positive Regulation Of Heterotypic Cell-Cell Adhesion (GO:0034116),0.09177308130260607,0.2648580636557077,BMP7,1
GO_Biological_Process_2023,Striated Muscle Tissue Development (GO:0014706),0.09177308130260607,0.2648580636557077,BMP7,1
GO_Biological_Process_2023,Ethanol Metabolic Process (GO:0006067),0.09177308130260607,0.2648580636557077,SULT1A1,1
GO_Biological_Process_2023,Positive Regulation Of Lyase Activity (GO:0051349),0.09177308130260607,0.2648580636557077,NOS3,1
GO_Biological_Process_2023,Telomere Capping (GO:0016233),0.09177308130260607,0.2648580636557077,STON1,1
GO_Biological_Process_2023,Genitalia Development (GO:0048806),0.09177308130260607,0.2648580636557077,PKD1,1
GO_Biological_Process_2023,Histone H2A Monoubiquitination (GO:0035518),0.09177308130260607,0.2648580636557077,PCGF2,1
GO_Biological_Process_2023,Protein Activation Cascade (GO:0072376),0.09177308130260607,0.2648580636557077,FLNA,1
GO_Biological_Process_2023,Membrane Raft Organization (GO:0031579),0.09177308130260607,0.2648580636557077,ANXA2,1
GO_Biological_Process_2023,Membrane Repolarization During Cardiac Muscle Cell Action Potential (GO:0086013),0.09177308130260607,0.2648580636557077,KCNA5,1
GO_Biological_Process_2023,Negative Regulation Of Blood Pressure (GO:0045776),0.09177308130260607,0.2648580636557077,NOS3,1
GO_Biological_Process_2023,Negative Regulation Of Phosphorylation (GO:0042326),0.09359984778135792,0.2682325411161896,CDKN1A;BMP7,2
GO_Biological_Process_2023,Response To Lipopolysaccharide (GO:0032496),0.09604908818574077,0.2682325411161896,TNIP2;NOS3;SERPINE1,3
GO_Biological_Process_2023,3'-Phosphoadenosine 5'-Phosphosulfate Metabolic Process (GO:0050427),0.09799878297512493,0.2682325411161896,SULT1A1,1
GO_Biological_Process_2023,Negative Regulation Of Platelet Activation (GO:0010544),0.09799878297512493,0.2682325411161896,NOS3,1
GO_Biological_Process_2023,Negative Regulation Of Protein Processing (GO:0010955),0.09799878297512493,0.2682325411161896,SERPINE1,1
GO_Biological_Process_2023,Regulation Of Multicellular Organism Growth (GO:0040014),0.09799878297512493,0.2682325411161896,MFSD2A,1
GO_Biological_Process_2023,Nitric Oxide Biosynthetic Process (GO:0006809),0.09799878297512493,0.2682325411161896,NOS3,1
GO_Biological_Process_2023,Regulation Of Systemic Arterial Blood Pressure By Hormone (GO:0001990),0.09799878297512493,0.2682325411161896,NOS3,1
GO_Biological_Process_2023,Positive Regulation Of Cell Activation (GO:0050867),0.09799878297512493,0.2682325411161896,FLNA,1
GO_Biological_Process_2023,Digestive Tract Morphogenesis (GO:0048546),0.09799878297512493,0.2682325411161896,GLI1,1
GO_Biological_Process_2023,Positive Regulation Of Cyclin-Dependent Protein Serine/Threonine Kinase Activity (GO:0045737),0.09799878297512493,0.2682325411161896,PKD1,1
GO_Biological_Process_2023,Endoplasmic Reticulum To Cytosol Transport (GO:1903513),0.09799878297512493,0.2682325411161896,UFD1,1
GO_Biological_Process_2023,Epiboly Involved In Wound Healing (GO:0090505),0.09799878297512493,0.2682325411161896,FLNA,1
GO_Biological_Process_2023,Positive Regulation Of Muscle Cell Differentiation (GO:0051149),0.09799878297512493,0.2682325411161896,LAMB2,1
GO_Biological_Process_2023,Vasodilation (GO:0042311),0.09799878297512493,0.2682325411161896,NOS3,1
GO_Biological_Process_2023,High-Density Lipoprotein Particle Remodeling (GO:0034375),0.09799878297512493,0.2682325411161896,PLA2G3,1
GO_Biological_Process_2023,Positive Regulation Of Potassium Ion Transport (GO:0043268),0.09799878297512493,0.2682325411161896,FLNA,1
GO_Biological_Process_2023,Histone H4-K5 Acetylation (GO:0043981),0.09799878297512493,0.2682325411161896,JADE2,1
GO_Biological_Process_2023,Histone H4-K8 Acetylation (GO:0043982),0.09799878297512493,0.2682325411161896,JADE2,1
GO_Biological_Process_2023,Positive Regulation Of Secretion (GO:0051047),0.09799878297512493,0.2682325411161896,FLNB,1
GO_Biological_Process_2023,Positive Regulation Of Sprouting Angiogenesis (GO:1903672),0.09799878297512493,0.2682325411161896,KLF4,1
GO_Biological_Process_2023,Regulation Of Cyclin-Dependent Protein Serine/Threonine Kinase Activity (GO:0000079),0.10213850934536563,0.27190318260181373,CDKN1A;PKD1,2
GO_Biological_Process_2023,Regulation Of Neuron Differentiation (GO:0045664),0.10213850934536563,0.27190318260181373,NBL1;BMP7,2
GO_Biological_Process_2023,Response To Insulin (GO:0032868),0.10213850934536563,0.27190318260181373,SLC2A1;SLC2A4,2
GO_Biological_Process_2023,Cellular Component Assembly (GO:0022607),0.10373335012337022,0.27190318260181373,TTLL3;ELN;SLC2A1;QSOX1,4
GO_Biological_Process_2023,Regulation Of Fibrinolysis (GO:0051917),0.10418211846622599,0.27190318260181373,SERPINE1,1
GO_Biological_Process_2023,acetyl-CoA Metabolic Process (GO:0006084),0.10418211846622599,0.27190318260181373,ACACB,1
GO_Biological_Process_2023,Negative Regulation Of Viral-Induced Cytoplasmic Pattern Recognition Receptor Signaling Pathway (GO:0039532),0.10418211846622599,0.27190318260181373,UFD1,1
GO_Biological_Process_2023,Nitric Oxide Metabolic Process (GO:0046209),0.10418211846622599,0.27190318260181373,NOS3,1
GO_Biological_Process_2023,Regulation Of Plasminogen Activation (GO:0010755),0.10418211846622599,0.27190318260181373,SERPINE1,1
GO_Biological_Process_2023,Cell Surface Receptor Signaling Pathway Involved In Heart Development (GO:0061311),0.10418211846622599,0.27190318260181373,NOTCH2,1
GO_Biological_Process_2023,Cell Surface Toll-Like Receptor Signaling Pathway (GO:0140895),0.10418211846622599,0.27190318260181373,TNIP2,1
GO_Biological_Process_2023,Regulation Of Response To Cytokine Stimulus (GO:0060759),0.10418211846622599,0.27190318260181373,KLF4,1
GO_Biological_Process_2023,Pharyngeal System Development (GO:0060037),0.10418211846622599,0.27190318260181373,BMP7,1
GO_Biological_Process_2023,"Regulation Of Synaptic Transmission, GABAergic (GO:0032228)",0.10418211846622599,0.27190318260181373,BAIAP3,1
GO_Biological_Process_2023,Regulation Of Triglyceride Biosynthetic Process (GO:0010866),0.10418211846622599,0.27190318260181373,MFSD2A,1
GO_Biological_Process_2023,Chondroitin Sulfate Metabolic Process (GO:0030204),0.10418211846622599,0.27190318260181373,CHPF2,1
GO_Biological_Process_2023,Sulfation (GO:0051923),0.10418211846622599,0.27190318260181373,SULT1A1,1
GO_Biological_Process_2023,Negative Regulation Of Chemokine Production (GO:0032682),0.10418211846622599,0.27190318260181373,KLF4,1
GO_Biological_Process_2023,Positive Regulation Of Macromolecule Metabolic Process (GO:0010604),0.10539674147368178,0.27190318260181373,ANXA2;NOS3;KLF4;BMP7;AGT,5
GO_Biological_Process_2023,Regulation Of Interleukin-8 Production (GO:0032677),0.10648596701875793,0.27190318260181373,SERPINE1;KLF4,2
GO_Biological_Process_2023,Cellular Response To Interleukin-1 (GO:0071347),0.10648596701875793,0.27190318260181373,IL1R1;TNIP2,2
GO_Biological_Process_2023,Negative Regulation Of NF-kappaB Transcription Factor Activity (GO:0032088),0.10648596701875793,0.27190318260181373,KLF4;BMP7,2
GO_Biological_Process_2023,Regulation Of Phosphorylation (GO:0042325),0.10867826700902473,0.27190318260181373,CDKN1A;BMP7,2
GO_Biological_Process_2023,"DNA Damage Response, Signal Transduction By P53 Class Mediator Resulting In Cell Cycle Arrest (GO:0006977)",0.11032337391025118,0.27190318260181373,CDKN1A,1
GO_Biological_Process_2023,Negative Regulation Of Interleukin-8 Production (GO:0032717),0.11032337391025118,0.27190318260181373,KLF4,1
GO_Biological_Process_2023,Golgi To Vacuole Transport (GO:0006896),0.11032337391025118,0.27190318260181373,AP1G2,1
GO_Biological_Process_2023,Negative Regulation Of Vascular Associated Smooth Muscle Cell Proliferation (GO:1904706),0.11032337391025118,0.27190318260181373,CDKN1A,1
GO_Biological_Process_2023,Neural Tube Development (GO:0021915),0.11032337391025118,0.27190318260181373,PKD1,1
GO_Biological_Process_2023,Nicotinamide Nucleotide Metabolic Process (GO:0046496),0.11032337391025118,0.27190318260181373,IDH2,1
GO_Biological_Process_2023,Carbohydrate Derivative Transport (GO:1901264),0.11032337391025118,0.27190318260181373,MFSD2A,1
GO_Biological_Process_2023,Cellular Response To Alkaloid (GO:0071312),0.11032337391025118,0.27190318260181373,TGM2,1
GO_Biological_Process_2023,Central Nervous System Neuron Development (GO:0021954),0.11032337391025118,0.27190318260181373,NPY,1
GO_Biological_Process_2023,Positive Regulation Of SMAD Protein Signal Transduction (GO:0060391),0.11032337391025118,0.27190318260181373,BMP7,1
GO_Biological_Process_2023,Positive Regulation Of Cartilage Development (GO:0061036),0.11032337391025118,0.27190318260181373,ZBTB16,1
GO_Biological_Process_2023,Positive Regulation Of Cell Cycle Phase Transition (GO:1901989),0.11032337391025118,0.27190318260181373,GLI1,1
GO_Biological_Process_2023,"Retrograde Protein Transport, ER To Cytosol (GO:0030970)",0.11032337391025118,0.27190318260181373,UFD1,1
GO_Biological_Process_2023,Embryonic Axis Specification (GO:0000578),0.11032337391025118,0.27190318260181373,FZD5,1
GO_Biological_Process_2023,Sulfur Amino Acid Metabolic Process (GO:0000096),0.11032337391025118,0.27190318260181373,CBS,1
GO_Biological_Process_2023,Positive Regulation Of Macrophage Activation (GO:0043032),0.11032337391025118,0.27190318260181373,TNIP2,1
GO_Biological_Process_2023,Positive Regulation Of Macrophage Derived Foam Cell Differentiation (GO:0010744),0.11032337391025118,0.27190318260181373,PLA2G3,1
GO_Biological_Process_2023,Positive Regulation Of Potassium Ion Transmembrane Transport (GO:1901381),0.11032337391025118,0.27190318260181373,FLNA,1
GO_Biological_Process_2023,Megakaryocyte Differentiation (GO:0030219),0.11032337391025118,0.27190318260181373,FLNA,1
GO_Biological_Process_2023,Mesenchyme Development (GO:0060485),0.11032337391025118,0.27190318260181373,BMP7,1
GO_Biological_Process_2023,Muscle Tissue Morphogenesis (GO:0060415),0.11032337391025118,0.27190318260181373,TGFBR3,1
GO_Biological_Process_2023,Regulation Of Cartilage Development (GO:0061035),0.11032337391025118,0.27190318260181373,ZBTB16,1
GO_Biological_Process_2023,Phospholipase C-activating G Protein-Coupled Receptor Signaling Pathway (GO:0007200),0.11088259008615824,0.27267815751872027,AGT;TGM2,2
GO_Biological_Process_2023,Positive Regulation Of Gene Expression (GO:0010628),0.11247435241413062,0.273042182322151,RBM3;NOS3;CIRBP;KLF4;BMP7;AGT,6
GO_Biological_Process_2023,Positive Regulation Of Cellular Process (GO:0048522),0.11409870203591457,0.273042182322151,SLC6A6;LAMB2;PRODH;OSMR;GLI1;TGM2;MFSD2A,7
GO_Biological_Process_2023,Cell-Cell Adhesion Via Plasma-Membrane Adhesion Molecules (GO:0098742),0.11444685425846088,0.273042182322151,PECAM1;PKD1;ICAM1,3
GO_Biological_Process_2023,Regulation Of Osteoblast Differentiation (GO:0045667),0.11532625072762334,0.273042182322151,SMOC1;BMP7,2
GO_Biological_Process_2023,Positive Regulation Of Amide Metabolic Process (GO:0034250),0.11532625072762334,0.273042182322151,RBM3;CIRBP,2
GO_Biological_Process_2023,Negative Regulation Of Cell Cycle (GO:0045786),0.11532625072762334,0.273042182322151,CDKN1A;BMP7,2
GO_Biological_Process_2023,Negative Regulation Of Lipid Catabolic Process (GO:0050995),0.11642283357542343,0.273042182322151,MFSD2A,1
GO_Biological_Process_2023,Neuromuscular Synaptic Transmission (GO:0007274),0.11642283357542343,0.273042182322151,TSPOAP1,1
GO_Biological_Process_2023,Nitric Oxide Mediated Signal Transduction (GO:0007263),0.11642283357542343,0.273042182322151,NOS3,1
GO_Biological_Process_2023,Cardiac Atrium Morphogenesis (GO:0003209),0.11642283357542343,0.273042182322151,NOTCH2,1
GO_Biological_Process_2023,Positive Regulation Of Cation Transmembrane Transport (GO:1904064),0.11642283357542343,0.273042182322151,FLNA,1
GO_Biological_Process_2023,Detection Of Mechanical Stimulus (GO:0050982),0.11642283357542343,0.273042182322151,PKD1,1
GO_Biological_Process_2023,Positive Regulation Of Cyclin-Dependent Protein Kinase Activity (GO:1904031),0.11642283357542343,0.273042182322151,PKD1,1
GO_Biological_Process_2023,Energy Reserve Metabolic Process (GO:0006112),0.11642283357542343,0.273042182322151,ADGRF5,1
GO_Biological_Process_2023,Positive Regulation Of Monocyte Chemotaxis (GO:0090026),0.11642283357542343,0.273042182322151,SERPINE1,1
GO_Biological_Process_2023,Glycerolipid Catabolic Process (GO:0046503),0.11642283357542343,0.273042182322151,PLA2G4E,1
GO_Biological_Process_2023,Ureteric Bud Development (GO:0001657),0.11642283357542343,0.273042182322151,BMP7,1
GO_Biological_Process_2023,Positive Regulation Of Triglyceride Metabolic Process (GO:0090208),0.11642283357542343,0.273042182322151,MFSD2A,1
GO_Biological_Process_2023,Mesenchyme Morphogenesis (GO:0072132),0.11642283357542343,0.273042182322151,NOS3,1
GO_Biological_Process_2023,Regulation Of RIG-I Signaling Pathway (GO:0039535),0.11642283357542343,0.273042182322151,UFD1,1
GO_Biological_Process_2023,Regulation Of T Cell Cytokine Production (GO:0002724),0.11642283357542343,0.273042182322151,FZD5,1
GO_Biological_Process_2023,Regulation Of Cell Cycle G2/M Phase Transition (GO:1902749),0.11642283357542343,0.273042182322151,CDKN1A,1
GO_Biological_Process_2023,Positive Regulation Of I-kappaB kinase/NF-kappaB Signaling (GO:0043123),0.11887033652199802,0.27564361356434947,ECM1;TNIP2;FLNA,3
GO_Biological_Process_2023,Regulation Of Type II Interferon Production (GO:0032649),0.119814869307444,0.27564361356434947,FZD5;IL1R1,2
GO_Biological_Process_2023,Positive Regulation Of Hydrolase Activity (GO:0051345),0.12035891428739154,0.27564361356434947,DOCK6;ARHGAP27;TGM2,3
GO_Biological_Process_2023,Plasma Membrane Bounded Cell Projection Assembly (GO:0120031),0.12055832359152914,0.27564361356434947,TTLL3;DZIP1L;FLNA;PLA2G3,4
GO_Biological_Process_2023,Negative Regulation Of Protein Kinase Activity (GO:0006469),0.12207540086239185,0.27564361356434947,CDKN1A;PTPRB,2
GO_Biological_Process_2023,Positive Regulation Of Cell Adhesion (GO:0045785),0.12207540086239185,0.27564361356434947,LAMB2;TGM2,2
GO_Biological_Process_2023,NADP Metabolic Process (GO:0006739),0.12248077981539765,0.27564361356434947,IDH2,1
GO_Biological_Process_2023,Negative Regulation Of Telomere Maintenance Via Telomerase (GO:0032211),0.12248077981539765,0.27564361356434947,STON1,1
GO_Biological_Process_2023,Cardiac Epithelial To Mesenchymal Transition (GO:0060317),0.12248077981539765,0.27564361356434947,TGFBR3,1
GO_Biological_Process_2023,Phosphatidylcholine Biosynthetic Process (GO:0006656),0.12248077981539765,0.27564361356434947,MFSD2A,1
GO_Biological_Process_2023,Regulation Of Smooth Muscle Cell Migration (GO:0014910),0.12248077981539765,0.27564361356434947,SERPINE1,1
GO_Biological_Process_2023,Cellular Response To Misfolded Protein (GO:0071218),0.12248077981539765,0.27564361356434947,UFD1,1
GO_Biological_Process_2023,Chondroitin Sulfate Proteoglycan Biosynthetic Process (GO:0050650),0.12248077981539765,0.27564361356434947,CHPF2,1
GO_Biological_Process_2023,Cyclic Nucleotide Biosynthetic Process (GO:0009190),0.12248077981539765,0.27564361356434947,ADCY6,1
GO_Biological_Process_2023,Positive Regulation Of Hormone Secretion (GO:0046887),0.12248077981539765,0.27564361356434947,PLA2G3,1
GO_Biological_Process_2023,Protein Heterooligomerization (GO:0051291),0.12248077981539765,0.27564361356434947,PKD1,1
GO_Biological_Process_2023,Receptor Clustering (GO:0043113),0.12248077981539765,0.27564361356434947,FLNA,1
GO_Biological_Process_2023,Regulation Of Acute Inflammatory Response (GO:0002673),0.12248077981539765,0.27564361356434947,OSMR,1
GO_Biological_Process_2023,Regulation Of Autophagy Of Mitochondrion (GO:1903146),0.12248077981539765,0.27564361356434947,FZD5,1
GO_Biological_Process_2023,Negative Regulation Of Cyclin-Dependent Protein Serine/Threonine Kinase Activity (GO:0045736),0.12248077981539765,0.27564361356434947,CDKN1A,1
GO_Biological_Process_2023,Organic Anion Transport (GO:0015711),0.12434641340606571,0.278716105702932,SLC2A1;SLC2A4,2
GO_Biological_Process_2023,Regulation Of Vesicle-Mediated Transport (GO:0060627),0.12434641340606571,0.278716105702932,STON1;PLA2G3,2
GO_Biological_Process_2023,Regulation Of Peptidyl-Tyrosine Phosphorylation (GO:0050730),0.12662766012967586,0.28067883776779656,PECAM1;AGT,2
GO_Biological_Process_2023,Ameboidal-Type Cell Migration (GO:0001667),0.1284974930534796,0.28067883776779656,TNS1,1
GO_Biological_Process_2023,Anterior/Posterior Axis Specification (GO:0009948),0.1284974930534796,0.28067883776779656,FZD5,1
GO_Biological_Process_2023,Phosphatidylglycerol Metabolic Process (GO:0046471),0.1284974930534796,0.28067883776779656,PLA2G3,1
GO_Biological_Process_2023,Phosphatidylserine Metabolic Process (GO:0006658),0.1284974930534796,0.28067883776779656,PLA2G3,1
GO_Biological_Process_2023,Response To Ketone (GO:1901654),0.1284974930534796,0.28067883776779656,TGFBR3,1
GO_Biological_Process_2023,Endoplasmic Reticulum Calcium Ion Homeostasis (GO:0032469),0.1284974930534796,0.28067883776779656,TGM2,1
GO_Biological_Process_2023,Positive Regulation Of Leukocyte Activation (GO:0002696),0.1284974930534796,0.28067883776779656,TNIP2,1
GO_Biological_Process_2023,Positive Regulation Of Lipid Catabolic Process (GO:0050996),0.1284974930534796,0.28067883776779656,FLNB,1
GO_Biological_Process_2023,Glutamate Metabolic Process (GO:0006536),0.1284974930534796,0.28067883776779656,PRODH,1
GO_Biological_Process_2023,Positive Regulation Of Protein Processing (GO:0010954),0.1284974930534796,0.28067883776779656,ANXA2,1
GO_Biological_Process_2023,Long-Term Memory (GO:0007616),0.1284974930534796,0.28067883776779656,SLC2A4,1
GO_Biological_Process_2023,Negative Regulation Of Cyclin-Dependent Protein Kinase Activity (GO:1904030),0.1284974930534796,0.28067883776779656,CDKN1A,1
GO_Biological_Process_2023,Regulation Of Actin Cytoskeleton Organization (GO:0032956),0.12891889706243082,0.281048241345495,NOTCH2;ARHGEF5,2
GO_Biological_Process_2023,Regulation Of Endothelial Cell Proliferation (GO:0001936),0.13353037973332157,0.2886381552396133,ECM1;SPARC,2
GO_Biological_Process_2023,Regulation Of Neurotransmitter Transport (GO:0051588),0.13447325185759362,0.2886381552396133,MYOF,1
GO_Biological_Process_2023,Plasma Membrane Repair (GO:0001778),0.13447325185759362,0.2886381552396133,MYOF,1
GO_Biological_Process_2023,Positive Regulation Of Blood Coagulation (GO:0030194),0.13447325185759362,0.2886381552396133,SERPINE1,1
GO_Biological_Process_2023,Endocardial Cushion Morphogenesis (GO:0003203),0.13447325185759362,0.2886381552396133,NOS3,1
GO_Biological_Process_2023,Positive Regulation Of Smoothened Signaling Pathway (GO:0045880),0.13447325185759362,0.2886381552396133,GLI1,1
GO_Biological_Process_2023,Mitochondrial Calcium Ion Homeostasis (GO:0051560),0.13447325185759362,0.2886381552396133,TGM2,1
GO_Biological_Process_2023,Regulation Of Cardiac Conduction (GO:1903779),0.13447325185759362,0.2886381552396133,AGT,1
GO_Biological_Process_2023,Negative Regulation Of Macromolecule Metabolic Process (GO:0010605),0.13561509314304782,0.28991775633713357,NOTCH2;PLA2G3;KLF4,3
GO_Biological_Process_2023,"Regulation Of mRNA Splicing, Via Spliceosome (GO:0048024)",0.13585015153319904,0.28991775633713357,RBM3;CIRBP,2
GO_Biological_Process_2023,Muscle Contraction (GO:0006936),0.13585015153319904,0.28991775633713357,MYOF;MYH11,2
GO_Biological_Process_2023,Endocytosis (GO:0006897),0.14031725158317374,0.2956803080589362,ANXA3;PECAM1;ARHGAP27,3
GO_Biological_Process_2023,Negative Regulation Of Macroautophagy (GO:0016242),0.14040833300105676,0.2956803080589362,QSOX1,1
GO_Biological_Process_2023,Negative Regulation Of Myeloid Cell Differentiation (GO:0045638),0.14040833300105676,0.2956803080589362,ZBTB16,1
GO_Biological_Process_2023,Oxoacid Metabolic Process (GO:0043436),0.14040833300105676,0.2956803080589362,SULT1A1,1
GO_Biological_Process_2023,Peptidyl-Glutamic Acid Modification (GO:0018200),0.14040833300105676,0.2956803080589362,TTLL3,1
GO_Biological_Process_2023,Placenta Development (GO:0001890),0.14040833300105676,0.2956803080589362,PKD1,1
GO_Biological_Process_2023,Negative Regulation Of G Protein-Coupled Receptor Signaling Pathway (GO:0045744),0.14040833300105676,0.2956803080589362,GRK3,1
GO_Biological_Process_2023,Negative Regulation Of Neuron Differentiation (GO:0045665),0.14630301126698295,0.3018176936137389,BMP7,1
GO_Biological_Process_2023,Regulation Of Lipid Catabolic Process (GO:0050994),0.14630301126698295,0.3018176936137389,FLNB,1
GO_Biological_Process_2023,Cell-Cell Signaling By Wnt (GO:0198738),0.14630301126698295,0.3018176936137389,PKD1,1
GO_Biological_Process_2023,Cholesterol Efflux (GO:0033344),0.14630301126698295,0.3018176936137389,TSKU,1
GO_Biological_Process_2023,Response To BMP (GO:0071772),0.14630301126698295,0.3018176936137389,BMP7,1
GO_Biological_Process_2023,Endocardial Cushion Development (GO:0003197),0.14630301126698295,0.3018176936137389,NOS3,1
GO_Biological_Process_2023,Entrainment Of Circadian Clock By Photoperiod (GO:0043153),0.14630301126698295,0.3018176936137389,PER3,1
GO_Biological_Process_2023,Positive Regulation Of Oxidoreductase Activity (GO:0051353),0.14630301126698295,0.3018176936137389,AGT,1
GO_Biological_Process_2023,Hepaticobiliary System Development (GO:0061008),0.14630301126698295,0.3018176936137389,TGFBR3,1
GO_Biological_Process_2023,Positive Regulation Of Protein Targeting To Membrane (GO:0090314),0.14630301126698295,0.3018176936137389,TCAF2,1
GO_Biological_Process_2023,Long-Chain Fatty Acid Transport (GO:0015909),0.14630301126698295,0.3018176936137389,MFSD2A,1
GO_Biological_Process_2023,Regulation Of Cell Differentiation (GO:0045595),0.14667149760036677,0.3020185736170214,SLC6A6;SMOC1;KLF4,3
GO_Biological_Process_2023,Regulation Of Cell Cycle (GO:0051726),0.14845282755425318,0.305122601283096,CDKN1A;JADE2;BMP7;PKD1,4
GO_Biological_Process_2023,Regulation Of Programmed Cell Death (GO:0043067),0.14988372695006247,0.30575593840179793,PLK5;AGT;TGM2,3
GO_Biological_Process_2023,Negative Regulation Of Ion Transmembrane Transporter Activity (GO:0032413),0.15215755971727135,0.30575593840179793,TCAF2,1
GO_Biological_Process_2023,Negative Regulation Of Ossification (GO:0030279),0.15215755971727135,0.30575593840179793,ECM1,1
GO_Biological_Process_2023,Regulation Of Muscle Cell Differentiation (GO:0051147),0.15215755971727135,0.30575593840179793,LAMB2,1
GO_Biological_Process_2023,Regulation Of Proteolysis Involved In Protein Catabolic Process (GO:1903050),0.15215755971727135,0.30575593840179793,PKD1,1
GO_Biological_Process_2023,Photoperiodism (GO:0009648),0.15215755971727135,0.30575593840179793,PER3,1
GO_Biological_Process_2023,Positive Regulation Of ERBB Signaling Pathway (GO:1901186),0.15215755971727135,0.30575593840179793,AGT,1
GO_Biological_Process_2023,Stress Granule Assembly (GO:0034063),0.15215755971727135,0.30575593840179793,CIRBP,1
GO_Biological_Process_2023,Positive Regulation Of Lipid Metabolic Process (GO:0045834),0.15215755971727135,0.30575593840179793,FLNB,1
GO_Biological_Process_2023,Positive Regulation Of Peptidyl-Threonine Phosphorylation (GO:0010800),0.15215755971727135,0.30575593840179793,BMP7,1
GO_Biological_Process_2023,Lipid Translocation (GO:0034204),0.15215755971727135,0.30575593840179793,ATP10A,1
GO_Biological_Process_2023,Protein Exit From Endoplasmic Reticulum (GO:0032527),0.15215755971727135,0.30575593840179793,UFD1,1
GO_Biological_Process_2023,Visual Perception (GO:0007601),0.15232903573877726,0.30575593840179793,COL18A1;GPR179,2
GO_Biological_Process_2023,Sensory Perception Of Light Stimulus (GO:0050953),0.15471485015711253,0.30998622855220026,COL18A1;GPR179,2
GO_Biological_Process_2023,Regulation Of Chondrocyte Differentiation (GO:0032330),0.15797224953081032,0.3103722856742905,ZBTB16,1
GO_Biological_Process_2023,Regulation Of Keratinocyte Proliferation (GO:0010837),0.15797224953081032,0.3103722856742905,NOTCH2,1
GO_Biological_Process_2023,Negative Regulation Of Response To Wounding (GO:1903035),0.15797224953081032,0.3103722856742905,SERPINE1,1
GO_Biological_Process_2023,Negative Regulation Of Smoothened Signaling Pathway (GO:0045879),0.15797224953081032,0.3103722856742905,GLI1,1
GO_Biological_Process_2023,Negative Regulation Of Telomere Maintenance Via Telomere Lengthening (GO:1904357),0.15797224953081032,0.3103722856742905,STON1,1
GO_Biological_Process_2023,Cellular Response To Steroid Hormone Stimulus (GO:0071383),0.15797224953081032,0.3103722856742905,BMP7,1
GO_Biological_Process_2023,Ventricular Cardiac Muscle Tissue Development (GO:0003229),0.15797224953081032,0.3103722856742905,TGFBR3,1
GO_Biological_Process_2023,"Wound Healing, Spreading Of Cells (GO:0044319)",0.15797224953081032,0.3103722856742905,FLNA,1
GO_Biological_Process_2023,Regulation Of B Cell Activation (GO:0050864),0.15797224953081032,0.3103722856742905,TNIP2,1
GO_Biological_Process_2023,Regulation Of Actin Cytoskeleton Reorganization (GO:2000249),0.15797224953081032,0.3103722856742905,NOTCH2,1
GO_Biological_Process_2023,Regulation Of Cell Cycle Phase Transition (GO:1901987),0.15797224953081032,0.3103722856742905,CDKN1A,1
GO_Biological_Process_2023,Intrinsic Apoptotic Signaling Pathway (GO:0097193),0.16191510783845733,0.31387273298544555,CDKN1A;PRODH,2
GO_Biological_Process_2023,Negative Regulation Of MAPK Cascade (GO:0043409),0.16191510783845733,0.31387273298544555,BMP7;AGT,2
GO_Biological_Process_2023,Negative Regulation Of Insulin Receptor Signaling Pathway (GO:0046627),0.16374735008097807,0.31387273298544555,TNS2,1
GO_Biological_Process_2023,DNA-templated Transcription Elongation (GO:0006354),0.16374735008097807,0.31387273298544555,TCEA2,1
GO_Biological_Process_2023,Negative Regulation Of Receptor-Mediated Endocytosis (GO:0048261),0.16374735008097807,0.31387273298544555,ANXA2,1
GO_Biological_Process_2023,Regulation Of Myeloid Cell Differentiation (GO:0045637),0.16374735008097807,0.31387273298544555,ZBTB16,1
GO_Biological_Process_2023,Camera-Type Eye Development (GO:0043010),0.16374735008097807,0.31387273298544555,TSKU,1
GO_Biological_Process_2023,Cardiac Muscle Cell Development (GO:0055013),0.16374735008097807,0.31387273298544555,MYH11,1
GO_Biological_Process_2023,Regulation Of Vasoconstriction (GO:0019229),0.16374735008097807,0.31387273298544555,AGT,1
GO_Biological_Process_2023,Telomere Maintenance Via Telomere Lengthening (GO:0010833),0.16374735008097807,0.31387273298544555,STON1,1
GO_Biological_Process_2023,Histone H3-K4 Methylation (GO:0051568),0.16374735008097807,0.31387273298544555,KMT2B,1
GO_Biological_Process_2023,Protein Export From Nucleus (GO:0006611),0.16374735008097807,0.31387273298544555,PKD1,1
GO_Biological_Process_2023,Protein Localization To Cell Surface (GO:0034394),0.16374735008097807,0.31387273298544555,FLNA,1
GO_Biological_Process_2023,Mitotic G1 DNA Damage Checkpoint Signaling (GO:0031571),0.16374735008097807,0.31387273298544555,CDKN1A,1
GO_Biological_Process_2023,Positive Regulation Of DNA Metabolic Process (GO:0051054),0.16917526840701474,0.31387273298544555,STON1;GLI1,2
GO_Biological_Process_2023,Positive Regulation Of Translation (GO:0045727),0.16917526840701474,0.31387273298544555,RBM3;CIRBP,2
GO_Biological_Process_2023,T Cell Activation Involved In Immune Response (GO:0002286),0.16948312893832804,0.31387273298544555,ICAM1,1
GO_Biological_Process_2023,Regulation Of Insulin Secretion Involved In Cellular Response To Glucose Stimulus (GO:0061178),0.16948312893832804,0.31387273298544555,BAIAP3,1
GO_Biological_Process_2023,Amino Acid Import Across Plasma Membrane (GO:0089718),0.16948312893832804,0.31387273298544555,SLC6A6,1
GO_Biological_Process_2023,Regulation Of Peptidase Activity (GO:0052547),0.16948312893832804,0.31387273298544555,ECM1,1
GO_Biological_Process_2023,Cardiac Muscle Cell Differentiation (GO:0055007),0.16948312893832804,0.31387273298544555,MYH11,1
GO_Biological_Process_2023,Peptide Cross-Linking (GO:0018149),0.16948312893832804,0.31387273298544555,TGM2,1
GO_Biological_Process_2023,Peptidyl-Lysine Methylation (GO:0018022),0.16948312893832804,0.31387273298544555,SMYD3,1
GO_Biological_Process_2023,Clathrin-Dependent Endocytosis (GO:0072583),0.16948312893832804,0.31387273298544555,STON1,1
GO_Biological_Process_2023,Dorsal/Ventral Pattern Formation (GO:0009953),0.16948312893832804,0.31387273298544555,NBL1,1
GO_Biological_Process_2023,Glycerophospholipid Catabolic Process (GO:0046475),0.16948312893832804,0.31387273298544555,PLA2G4E,1
GO_Biological_Process_2023,Positive Regulation Of Nitric Oxide Biosynthetic Process (GO:0045429),0.16948312893832804,0.31387273298544555,KLF4,1
GO_Biological_Process_2023,Ventricular Septum Morphogenesis (GO:0060412),0.16948312893832804,0.31387273298544555,TGFBR3,1
GO_Biological_Process_2023,In Utero Embryonic Development (GO:0001701),0.16948312893832804,0.31387273298544555,PKD1,1
GO_Biological_Process_2023,mRNA Modification (GO:0016556),0.16948312893832804,0.31387273298544555,TRUB1,1
GO_Biological_Process_2023,Protein Quality Control For Misfolded Or Incompletely Synthesized Proteins (GO:0006515),0.16948312893832804,0.31387273298544555,UFD1,1
GO_Biological_Process_2023,Regulation Of SMAD Protein Signal Transduction (GO:0060390),0.16948312893832804,0.31387273298544555,BMP7,1
GO_Biological_Process_2023,Negative Regulation Of NIK/NF-kappaB Signaling (GO:1901223),0.16948312893832804,0.31387273298544555,BMP7,1
GO_Biological_Process_2023,Negative Regulation Of Cellular Response To Insulin Stimulus (GO:1900077),0.16948312893832804,0.31387273298544555,TNS2,1
GO_Biological_Process_2023,Negative Regulation Of Cell Differentiation (GO:0045596),0.16961524708908277,0.31387273298544555,ZBTB16;BMP7;TSKU,3
GO_Biological_Process_2023,Protein Stabilization (GO:0050821),0.17129285166329383,0.3164514705686722,PER3;TNIP2;FLNA,3
GO_Biological_Process_2023,Adenylate Cyclase-Activating G Protein-Coupled Receptor Signaling Pathway (GO:0007189),0.1740459858963565,0.31783445432703405,ADGRF5;ADCY6,2
GO_Biological_Process_2023,Negative Regulation Of Wound Healing (GO:0061045),0.1751798518463186,0.31783445432703405,SERPINE1,1
GO_Biological_Process_2023,Apoptotic Cell Clearance (GO:0043277),0.1751798518463186,0.31783445432703405,TGM2,1
GO_Biological_Process_2023,Regulation Of Protein Targeting To Membrane (GO:0090313),0.1751798518463186,0.31783445432703405,TCAF2,1
GO_Biological_Process_2023,Regulation Of Sodium Ion Transmembrane Transport (GO:1902305),0.1751798518463186,0.31783445432703405,FXYD6,1
GO_Biological_Process_2023,Phospholipid Catabolic Process (GO:0009395),0.1751798518463186,0.31783445432703405,PLA2G4E,1
GO_Biological_Process_2023,Positive Regulation Of Fibroblast Proliferation (GO:0048146),0.1751798518463186,0.31783445432703405,CDKN1A,1
GO_Biological_Process_2023,Positive Regulation Of Nitric Oxide Metabolic Process (GO:1904407),0.1751798518463186,0.31783445432703405,KLF4,1
GO_Biological_Process_2023,Positive Regulation Of Protein Import Into Nucleus (GO:0042307),0.1751798518463186,0.31783445432703405,FLNA,1
GO_Biological_Process_2023,Limb Development (GO:0060173),0.1751798518463186,0.31783445432703405,SMOC1,1
GO_Biological_Process_2023,Regulation Of Calcium Ion-Dependent Exocytosis (GO:0017158),0.1751798518463186,0.31783445432703405,BAIAP3,1
GO_Biological_Process_2023,Positive Regulation Of Cytokine Production (GO:0001819),0.17722990266725205,0.3210310757257216,FZD5;IL1R1;SERPINE1;AGT,4
GO_Biological_Process_2023,Regulation Of Cell Migration (GO:0030334),0.17770683559078443,0.321372426701516,TCAF2;SERPINE1;PECAM1;FLNA;SGK3,5
GO_Biological_Process_2023,Organelle Assembly (GO:0070925),0.1799363667870289,0.32387988753556635,TTLL3;DZIP1L;FLNA;PLA2G3,4
GO_Biological_Process_2023,Regulation Of Developmental Growth (GO:0048638),0.18083778280711155,0.32387988753556635,MFSD2A,1
GO_Biological_Process_2023,RNA Biosynthetic Process (GO:0032774),0.18083778280711155,0.32387988753556635,TCEA2,1
GO_Biological_Process_2023,Alpha-Amino Acid Metabolic Process (GO:1901605),0.18083778280711155,0.32387988753556635,CBS,1
GO_Biological_Process_2023,Response To Alcohol (GO:0097305),0.18083778280711155,0.32387988753556635,TGFBR3,1
GO_Biological_Process_2023,Regulation Of Blood Coagulation (GO:0030193),0.18083778280711155,0.32387988753556635,SERPINE1,1
GO_Biological_Process_2023,Positive Regulation Of Nucleic Acid-Templated Transcription (GO:1903508),0.1835991153730677,0.3282264182328927,ZBTB16;KMT2B;KLF4;GLI1;BMP7;AGT,6
GO_Biological_Process_2023,Regulation Of MAP Kinase Activity (GO:0043405),0.18385393624535462,0.3282264182328927,BMP7;AGT,2
GO_Biological_Process_2023,Regulation Of Potassium Ion Transport (GO:0043266),0.18645718406173262,0.3302278267802387,KCNA5,1
GO_Biological_Process_2023,Cardiac Muscle Cell Action Potential Involved In Contraction (GO:0086002),0.18645718406173262,0.3302278267802387,KCNA5,1
GO_Biological_Process_2023,Positive Regulation Of Protein Targeting To Mitochondrion (GO:1903955),0.18645718406173262,0.3302278267802387,FZD5,1
GO_Biological_Process_2023,Mitotic G2 DNA Damage Checkpoint Signaling (GO:0007095),0.18645718406173262,0.3302278267802387,CDKN1A,1
GO_Biological_Process_2023,Regulation Of Cell Migration Involved In Sprouting Angiogenesis (GO:0090049),0.18645718406173262,0.3302278267802387,KLF4,1
GO_Biological_Process_2023,Negative Regulation Of Developmental Growth (GO:0048640),0.19203831602803864,0.3337452169348441,CDKN1A,1
GO_Biological_Process_2023,acyl-CoA Metabolic Process (GO:0006637),0.19203831602803864,0.3337452169348441,ACACB,1
GO_Biological_Process_2023,Regulation Of Macrophage Activation (GO:0043030),0.19203831602803864,0.3337452169348441,TNIP2,1
GO_Biological_Process_2023,Cardiac Muscle Tissue Morphogenesis (GO:0055008),0.19203831602803864,0.3337452169348441,TGFBR3,1
GO_Biological_Process_2023,Central Nervous System Neuron Differentiation (GO:0021953),0.19203831602803864,0.3337452169348441,NPY,1
GO_Biological_Process_2023,Endodermal Cell Differentiation (GO:0035987),0.19203831602803864,0.3337452169348441,COL4A2,1
GO_Biological_Process_2023,Positive Regulation Of Leukocyte Migration (GO:0002687),0.19203831602803864,0.3337452169348441,ICAM1,1
GO_Biological_Process_2023,Positive Regulation Of Mononuclear Cell Migration (GO:0071677),0.19203831602803864,0.3337452169348441,SERPINE1,1
GO_Biological_Process_2023,Glutamine Family Amino Acid Metabolic Process (GO:0009064),0.19203831602803864,0.3337452169348441,PRODH,1
GO_Biological_Process_2023,Presynaptic Endocytosis (GO:0140238),0.19203831602803864,0.3337452169348441,STON1,1
GO_Biological_Process_2023,Receptor Signaling Pathway Via STAT (GO:0097696),0.19203831602803864,0.3337452169348441,PKD1,1
GO_Biological_Process_2023,Negative Regulation Of Cell-Matrix Adhesion (GO:0001953),0.19203831602803864,0.3337452169348441,SERPINE1,1
GO_Biological_Process_2023,Regulation Of Protein Binding (GO:0043393),0.19374067719359084,0.33565647650646996,CDKN1A;PKD1,2
GO_Biological_Process_2023,Positive Regulation Of Cell Projection Organization (GO:0031346),0.19374067719359084,0.33565647650646996,PLK5;PLA2G3,2
GO_Biological_Process_2023,Cellular Nitrogen Compound Biosynthetic Process (GO:0044271),0.19758143745515003,0.3407209308437107,NOS3,1
GO_Biological_Process_2023,Regulation Of Transcription By RNA Polymerase I (GO:0006356),0.19758143745515003,0.3407209308437107,FLNA,1
GO_Biological_Process_2023,Muscle Cell Development (GO:0055001),0.19758143745515003,0.3407209308437107,MYH11,1
GO_Biological_Process_2023,Regulation Of Potassium Ion Transmembrane Transport (GO:1901379),0.20308680529440165,0.3417503037733587,FLNA,1
GO_Biological_Process_2023,Carboxylic Acid Metabolic Process (GO:0019752),0.20308680529440165,0.3417503037733587,SLC2A1,1
GO_Biological_Process_2023,Phosphatidic Acid Metabolic Process (GO:0046473),0.20308680529440165,0.3417503037733587,PLA2G3,1
GO_Biological_Process_2023,Regulation Of Sprouting Angiogenesis (GO:1903670),0.20308680529440165,0.3417503037733587,KLF4,1
GO_Biological_Process_2023,Positive Regulation Of Notch Signaling Pathway (GO:0045747),0.20308680529440165,0.3417503037733587,NOS3,1
GO_Biological_Process_2023,Positive Regulation Of Cytokine Production Involved In Immune Response (GO:0002720),0.20308680529440165,0.3417503037733587,FZD5,1
GO_Biological_Process_2023,Positive Regulation Of Epidermal Growth Factor Receptor Signaling Pathway (GO:0045742),0.20308680529440165,0.3417503037733587,AGT,1
GO_Biological_Process_2023,Positive Regulation Of Establishment Of Protein Localization To Mitochondrion (GO:1903749),0.20308680529440165,0.3417503037733587,FZD5,1
GO_Biological_Process_2023,Epithelial Tube Morphogenesis (GO:0060562),0.20308680529440165,0.3417503037733587,PKD1,1
GO_Biological_Process_2023,Positive Regulation Of Nitrogen Compound Metabolic Process (GO:0051173),0.20308680529440165,0.3417503037733587,KLF4,1
GO_Biological_Process_2023,Vasculogenesis (GO:0001570),0.20308680529440165,0.3417503037733587,TGFBR3,1
GO_Biological_Process_2023,Ventricular Cardiac Muscle Tissue Morphogenesis (GO:0055010),0.20308680529440165,0.3417503037733587,TGFBR3,1
GO_Biological_Process_2023,Positive Regulation Of Telomerase Activity (GO:0051973),0.20308680529440165,0.3417503037733587,KLF4,1
GO_Biological_Process_2023,Lung Development (GO:0030324),0.20308680529440165,0.3417503037733587,PKD1,1
GO_Biological_Process_2023,Negative Regulation Of Blood Vessel Endothelial Cell Migration (GO:0043537),0.20308680529440165,0.3417503037733587,KLF4,1
GO_Biological_Process_2023,Regulation Of Cell Adhesion Mediated By Integrin (GO:0033628),0.20308680529440165,0.3417503037733587,SERPINE1,1
GO_Biological_Process_2023,Regulation Of Protein Catabolic Process (GO:0042176),0.2036948319593756,0.3418895249567299,FLNA;PKD1,2
GO_Biological_Process_2023,Apoptotic Process (GO:0006915),0.20577118009287543,0.3418895249567299,NOTCH2;ZBTB16;IER3,3
GO_Biological_Process_2023,Cellular Response To Lipid (GO:0071396),0.20577118009287543,0.3418895249567299,TNIP2;SERPINE1;ADCY6,3
GO_Biological_Process_2023,Positive Regulation Of Epithelial Cell Proliferation (GO:0050679),0.20619262359195237,0.3418895249567299,NOTCH2;ECM1,2
GO_Biological_Process_2023,Regulation Of Cell Motility (GO:2000145),0.20619262359195237,0.3418895249567299,FLNA;SGK3,2
GO_Biological_Process_2023,Negative Regulation Of Mitotic Cell Cycle (GO:0045930),0.20855467481700704,0.3418895249567299,BMP7,1
GO_Biological_Process_2023,Regulation Of Metal Ion Transport (GO:0010959),0.20855467481700704,0.3418895249567299,KCNA5,1
GO_Biological_Process_2023,Cellular Response To Amyloid-Beta (GO:1904646),0.20855467481700704,0.3418895249567299,ICAM1,1
GO_Biological_Process_2023,Semaphorin-Plexin Signaling Pathway (GO:0071526),0.20855467481700704,0.3418895249567299,FLNA,1
GO_Biological_Process_2023,Smoothened Signaling Pathway (GO:0007224),0.20855467481700704,0.3418895249567299,GLI1,1
GO_Biological_Process_2023,Superoxide Metabolic Process (GO:0006801),0.20855467481700704,0.3418895249567299,NOS3,1
GO_Biological_Process_2023,Positive Regulation Of Organelle Organization (GO:0010638),0.20855467481700704,0.3418895249567299,ANXA2,1
GO_Biological_Process_2023,Purine Nucleotide Metabolic Process (GO:0006163),0.20855467481700704,0.3418895249567299,IDH2,1
GO_Biological_Process_2023,Regulation Of Blood Circulation (GO:1903522),0.20855467481700704,0.3418895249567299,AGT,1
GO_Biological_Process_2023,Negative Regulation Of Cell Cycle Process (GO:0010948),0.20855467481700704,0.3418895249567299,BMP7,1
GO_Biological_Process_2023,Cellular Response To Lipopolysaccharide (GO:0071222),0.20869378543139708,0.3418895249567299,TNIP2;SERPINE1,2
GO_Biological_Process_2023,Positive Regulation Of Defense Response (GO:0031349),0.20869378543139708,0.3418895249567299,SERPINE1;AGT,2
GO_Biological_Process_2023,Protein Dephosphorylation (GO:0006470),0.20869378543139708,0.3418895249567299,PTPRB;TNS2,2
GO_Biological_Process_2023,Response To Cytokine (GO:0034097),0.2111981556986176,0.3449777477544507,IL1R1;OSMR,2
GO_Biological_Process_2023,Regulation Of I-kappaB kinase/NF-kappaB Signaling (GO:0043122),0.21285312344103657,0.3449777477544507,ECM1;TNIP2;FLNA,3
GO_Biological_Process_2023,Cellular Response To Starvation (GO:0009267),0.21370557451732256,0.3449777477544507,CDKN1A;MFSD2A,2
GO_Biological_Process_2023,Neutral Amino Acid Transport (GO:0015804),0.21398529954966378,0.3449777477544507,SLC6A6,1
GO_Biological_Process_2023,Platelet Aggregation (GO:0070527),0.21398529954966378,0.3449777477544507,FLNA,1
GO_Biological_Process_2023,Response To Nutrient Levels (GO:0031667),0.21398529954966378,0.3449777477544507,FLNB,1
GO_Biological_Process_2023,Positive Regulation Of Cell Development (GO:0010720),0.21398529954966378,0.3449777477544507,TGM2,1
GO_Biological_Process_2023,Endoderm Formation (GO:0001706),0.21398529954966378,0.3449777477544507,COL4A2,1
GO_Biological_Process_2023,Positive Regulation Of Substrate Adhesion-Dependent Cell Spreading (GO:1900026),0.21398529954966378,0.3449777477544507,FLNA,1
GO_Biological_Process_2023,Liver Development (GO:0001889),0.21398529954966378,0.3449777477544507,TGFBR3,1
GO_Biological_Process_2023,Regulation Of G2/M Transition Of Mitotic Cell Cycle (GO:0010389),0.21398529954966378,0.3449777477544507,CDKN1A,1
GO_Biological_Process_2023,Positive Regulation Of Developmental Process (GO:0051094),0.21463201054082215,0.3455203175469304,SLC6A6;ZBTB16;BMP7,3
GO_Biological_Process_2023,"DNA Damage Response, Signal Transduction By P53 Class Mediator (GO:0030330)",0.21937893133793554,0.3501262600436392,CDKN1A,1
GO_Biological_Process_2023,Negative Regulation Of Sequestering Of Calcium Ion (GO:0051283),0.21937893133793554,0.3501262600436392,FLNA,1
GO_Biological_Process_2023,Regulation Of Peptidyl-Threonine Phosphorylation (GO:0010799),0.21937893133793554,0.3501262600436392,BMP7,1
GO_Biological_Process_2023,Regulation Of Receptor Internalization (GO:0002090),0.21937893133793554,0.3501262600436392,ANXA2,1
GO_Biological_Process_2023,tRNA Methylation (GO:0030488),0.21937893133793554,0.3501262600436392,WDR6,1
GO_Biological_Process_2023,Receptor Signaling Pathway Via JAK-STAT (GO:0007259),0.21937893133793554,0.3501262600436392,PKD1,1
GO_Biological_Process_2023,Transmembrane Receptor Protein Serine/Threonine Kinase Signaling Pathway (GO:0007178),0.22376260849304808,0.35410990639825024,TGFBR3;BMP7,2
GO_Biological_Process_2023,Positive Regulation Of Peptidyl-Tyrosine Phosphorylation (GO:0050731),0.22376260849304808,0.35410990639825024,PECAM1;AGT,2
GO_Biological_Process_2023,Negative Regulation Of Endothelial Cell Proliferation (GO:0001937),0.22473582030840478,0.35410990639825024,SPARC,1
GO_Biological_Process_2023,RNA Stabilization (GO:0043489),0.22473582030840478,0.35410990639825024,CIRBP,1
GO_Biological_Process_2023,Negative Regulation Of Smooth Muscle Cell Proliferation (GO:0048662),0.22473582030840478,0.35410990639825024,CDKN1A,1
GO_Biological_Process_2023,Regulation Of Sodium Ion Transmembrane Transporter Activity (GO:2000649),0.22473582030840478,0.35410990639825024,FXYD6,1
GO_Biological_Process_2023,Regulation Of Vascular Associated Smooth Muscle Cell Proliferation (GO:1904705),0.22473582030840478,0.35410990639825024,CDKN1A,1
GO_Biological_Process_2023,Ventricular Septum Development (GO:0003281),0.22473582030840478,0.35410990639825024,TGFBR3,1
GO_Biological_Process_2023,Positive Regulation Of Signaling (GO:0023056),0.22473582030840478,0.35410990639825024,ANXA2,1
GO_Biological_Process_2023,Circulatory System Development (GO:0072359),0.22880540691531276,0.35743741072715157,CDKN1A;PKD1,2
GO_Biological_Process_2023,Regulation Of Intracellular Transport (GO:0032386),0.2300562149832744,0.35743741072715157,PLA2G3,1
GO_Biological_Process_2023,Negative Regulation Of Type I Interferon Production (GO:0032480),0.2300562149832744,0.35743741072715157,UFD1,1
GO_Biological_Process_2023,Regulation Of Neurotransmitter Secretion (GO:0046928),0.2300562149832744,0.35743741072715157,MYOF,1
GO_Biological_Process_2023,Regulation Of Protein Import Into Nucleus (GO:0042306),0.2300562149832744,0.35743741072715157,FLNA,1
GO_Biological_Process_2023,Positive Regulation Of Bone Mineralization (GO:0030501),0.2300562149832744,0.35743741072715157,BMP7,1
GO_Biological_Process_2023,Fatty Acid Transport (GO:0015908),0.2300562149832744,0.35743741072715157,MFSD2A,1
GO_Biological_Process_2023,Positive Regulation Of Protein Tyrosine Kinase Activity (GO:0061098),0.2300562149832744,0.35743741072715157,AGT,1
GO_Biological_Process_2023,Import Into Cell (GO:0098657),0.2300562149832744,0.35743741072715157,SLC6A6,1
GO_Biological_Process_2023,Membrane Assembly (GO:0071709),0.2300562149832744,0.35743741072715157,ANXA2,1
GO_Biological_Process_2023,Regulation Of Nitric Oxide Biosynthetic Process (GO:0045428),0.2353403621082968,0.36161263915674846,KLF4,1
GO_Biological_Process_2023,Regulation Of Protein Targeting To Mitochondrion (GO:1903214),0.2353403621082968,0.36161263915674846,FZD5,1
GO_Biological_Process_2023,Regulation Of Protein Tyrosine Kinase Activity (GO:0061097),0.2353403621082968,0.36161263915674846,AGT,1
GO_Biological_Process_2023,Regulation Of Receptor-Mediated Endocytosis (GO:0048259),0.2353403621082968,0.36161263915674846,SERPINE1,1
GO_Biological_Process_2023,Release Of Sequestered Calcium Ion Into Cytosol (GO:0051209),0.2353403621082968,0.36161263915674846,FLNA,1
GO_Biological_Process_2023,Positive Regulation Of Intracellular Transport (GO:0032388),0.2353403621082968,0.36161263915674846,PLA2G4E,1
GO_Biological_Process_2023,Positive Regulation Of Lipid Biosynthetic Process (GO:0046889),0.2353403621082968,0.36161263915674846,MFSD2A,1
GO_Biological_Process_2023,Histone H4 Acetylation (GO:0043967),0.2353403621082968,0.36161263915674846,JADE2,1
GO_Biological_Process_2023,Negative Regulation Of Apoptotic Process (GO:0043066),0.2356882875865324,0.36164841924434865,NOTCH2;FLNA;PLA2G3;KLF4;IER3,5
GO_Biological_Process_2023,Positive Regulation Of Cell Population Proliferation (GO:0008284),0.23695142923106105,0.36308650916561486,TGFBR3;CDKN1A;OSMR;GLI1;AGT,5
GO_Biological_Process_2023,Positive Regulation Of DNA-binding Transcription Factor Activity (GO:0051091),0.23803032029030932,0.3631647650983752,ANXA3;AGT;ARHGEF5,3
GO_Biological_Process_2023,Notch Signaling Pathway (GO:0007219),0.24058850686050348,0.3631647650983752,NOTCH2,1
GO_Biological_Process_2023,Nucleic Acid-Templated Transcription (GO:0097659),0.24058850686050348,0.3631647650983752,TCEA2,1
GO_Biological_Process_2023,Positive Regulation Of Cell Cycle G1/S Phase Transition (GO:1902808),0.24058850686050348,0.3631647650983752,GLI1,1
GO_Biological_Process_2023,Endothelial Cell Migration (GO:0043542),0.24058850686050348,0.3631647650983752,NOS3,1
GO_Biological_Process_2023,Positive Regulation Of Insulin Secretion (GO:0032024),0.24058850686050348,0.3631647650983752,BAIAP3,1
GO_Biological_Process_2023,Synaptic Vesicle Endocytosis (GO:0048488),0.24058850686050348,0.3631647650983752,STON1,1
GO_Biological_Process_2023,Water-Soluble Vitamin Metabolic Process (GO:0006767),0.24058850686050348,0.3631647650983752,SLC2A1,1
GO_Biological_Process_2023,Positive Regulation Of Wound Healing (GO:0090303),0.24058850686050348,0.3631647650983752,SERPINE1,1
GO_Biological_Process_2023,Protein Deacetylation (GO:0006476),0.24058850686050348,0.3631647650983752,FLNA,1
GO_Biological_Process_2023,Negative Regulation Of Cell-Cell Adhesion (GO:0022408),0.24058850686050348,0.3631647650983752,KLF4,1
GO_Biological_Process_2023,Negative Regulation Of mRNA Catabolic Process (GO:1902373),0.2458008927300703,0.36705388002855005,CIRBP,1
GO_Biological_Process_2023,Regulation Of Heart Rate By Cardiac Conduction (GO:0086091),0.2458008927300703,0.36705388002855005,KCNA5,1
GO_Biological_Process_2023,Negative Regulation Of Proteolysis (GO:0045861),0.2458008927300703,0.36705388002855005,ECM1,1
GO_Biological_Process_2023,Non-Canonical Wnt Signaling Pathway (GO:0035567),0.2458008927300703,0.36705388002855005,FZD5,1
GO_Biological_Process_2023,Axoneme Assembly (GO:0035082),0.2458008927300703,0.36705388002855005,TTLL3,1
GO_Biological_Process_2023,Response To Amino Acid Starvation (GO:1990928),0.2458008927300703,0.36705388002855005,CDKN1A,1
GO_Biological_Process_2023,Visual System Development (GO:0150063),0.2458008927300703,0.36705388002855005,SMOC1,1
GO_Biological_Process_2023,Regulation Of Amide Metabolic Process (GO:0034248),0.2458008927300703,0.36705388002855005,RBM3,1
GO_Biological_Process_2023,Negative Regulation Of Wnt Signaling Pathway (GO:0030178),0.24904469015360103,0.37080799256359714,GLI1;TSKU,2
GO_Biological_Process_2023,Amino Acid Transmembrane Transport (GO:0003333),0.25097776157356577,0.37080799256359714,SLC6A6,1
GO_Biological_Process_2023,Regulation Of Neurotransmitter Receptor Activity (GO:0099601),0.25097776157356577,0.37080799256359714,NPTXR,1
GO_Biological_Process_2023,Branching Morphogenesis Of An Epithelial Tube (GO:0048754),0.25097776157356577,0.37080799256359714,PKD1,1
GO_Biological_Process_2023,Cardiac Ventricle Morphogenesis (GO:0003208),0.25097776157356577,0.37080799256359714,TGFBR3,1
GO_Biological_Process_2023,Cellular Response To Amino Acid Starvation (GO:0034198),0.25097776157356577,0.37080799256359714,CDKN1A,1
GO_Biological_Process_2023,Collagen Fibril Organization (GO:0030199),0.25097776157356577,0.37080799256359714,COL18A1,1
GO_Biological_Process_2023,Positive Regulation Of Neuron Differentiation (GO:0045666),0.25097776157356577,0.37080799256359714,NBL1,1
GO_Biological_Process_2023,Regulation Of Primary Metabolic Process (GO:0080090),0.25611935364957467,0.37394096981078134,ADGRF5,1
GO_Biological_Process_2023,Positive Regulation Of T Cell Mediated Immunity (GO:0002711),0.25611935364957467,0.37394096981078134,FZD5,1
GO_Biological_Process_2023,Response To Amyloid-Beta (GO:1904645),0.25611935364957467,0.37394096981078134,ICAM1,1
GO_Biological_Process_2023,Positive Regulation Of Biomineral Tissue Development (GO:0070169),0.25611935364957467,0.37394096981078134,BMP7,1
GO_Biological_Process_2023,Energy Derivation By Oxidation Of Organic Compounds (GO:0015980),0.25611935364957467,0.37394096981078134,ADGRF5,1
GO_Biological_Process_2023,Positive Regulation Of miRNA Transcription (GO:1902895),0.25611935364957467,0.37394096981078134,KLF4,1
GO_Biological_Process_2023,Positive Regulation Of Stress Fiber Assembly (GO:0051496),0.25611935364957467,0.37394096981078134,ARHGEF5,1
GO_Biological_Process_2023,Regulation Of JUN Kinase Activity (GO:0043506),0.25611935364957467,0.37394096981078134,ARHGEF5,1
GO_Biological_Process_2023,Negative Regulation Of BMP Signaling Pathway (GO:0030514),0.25611935364957467,0.37394096981078134,NBL1,1
GO_Biological_Process_2023,Positive Regulation Of Transferase Activity (GO:0051347),0.25665267767103894,0.3742291661329023,KLF4;AGT,2
GO_Biological_Process_2023,Cytokine-Mediated Signaling Pathway (GO:0019221),0.25815988749616103,0.37500729518554493,IL1R1;TNIP2;OSMR,3
GO_Biological_Process_2023,Protein Phosphorylation (GO:0006468),0.2587049099112584,0.37500729518554493,TGFBR3;GRK3;SGK3;MAP3K6;PKD1,5
GO_Biological_Process_2023,Positive Regulation Of Protein Phosphorylation (GO:0001934),0.25898134562995045,0.37500729518554493,CDKN1A;PECAM1;BMP7;AGT,4
GO_Biological_Process_2023,Regulation Of Cell Adhesion (GO:0030155),0.2591898360301011,0.37500729518554493,LAMB2;TGM2,2
GO_Biological_Process_2023,Regulation Of Insulin Receptor Signaling Pathway (GO:0046626),0.2612259075978302,0.37500729518554493,TNS2,1
GO_Biological_Process_2023,Bone Development (GO:0060348),0.2612259075978302,0.37500729518554493,TGM2,1
GO_Biological_Process_2023,Cellular Response To Ketone (GO:1901655),0.2612259075978302,0.37500729518554493,ADCY6,1
GO_Biological_Process_2023,Synaptic Vesicle Recycling (GO:0036465),0.2612259075978302,0.37500729518554493,STON1,1
GO_Biological_Process_2023,Positive Regulation Of Nucleocytoplasmic Transport (GO:0046824),0.2612259075978302,0.37500729518554493,FLNA,1
GO_Biological_Process_2023,Positive Regulation Of Osteoblast Differentiation (GO:0045669),0.2612259075978302,0.37500729518554493,BMP7,1
GO_Biological_Process_2023,Mitotic Spindle Assembly (GO:0090307),0.2612259075978302,0.37500729518554493,FLNA,1
GO_Biological_Process_2023,Regulation Of DNA-templated Transcription Elongation (GO:0032784),0.2612259075978302,0.37500729518554493,TCEA2,1
GO_Biological_Process_2023,Positive Regulation Of Protein Kinase Activity (GO:0045860),0.2617273661096673,0.3752436111276311,CDKN1A;AGT,2
GO_Biological_Process_2023,Negative Regulation Of Response To External Stimulus (GO:0032102),0.2642651447075489,0.37790933402337545,SERPINE1;KLF4,2
GO_Biological_Process_2023,Neuron Projection Morphogenesis (GO:0048812),0.2642651447075489,0.37790933402337545,NBL1;BMP7,2
GO_Biological_Process_2023,Regulation Of Telomerase Activity (GO:0051972),0.2662976604286021,0.3803276842531573,KLF4,1
GO_Biological_Process_2023,Regulation Of Epidermal Growth Factor Receptor Signaling Pathway (GO:0042058),0.27133484756185794,0.38213276887978476,AGT,1
GO_Biological_Process_2023,Regulation Of Fibroblast Proliferation (GO:0048145),0.27133484756185794,0.38213276887978476,CDKN1A,1
GO_Biological_Process_2023,Amino Acid Transport (GO:0006865),0.27133484756185794,0.38213276887978476,SLC6A6,1
GO_Biological_Process_2023,Cardiac Conduction (GO:0061337),0.27133484756185794,0.38213276887978476,KCNA5,1
GO_Biological_Process_2023,Positive Regulation Of Blood Vessel Endothelial Cell Migration (GO:0043536),0.27133484756185794,0.38213276887978476,NOS3,1
GO_Biological_Process_2023,Positive Regulation Of Cell-Cell Adhesion (GO:0022409),0.27133484756185794,0.38213276887978476,BMP7,1
GO_Biological_Process_2023,Epithelial Cell Migration (GO:0010631),0.27133484756185794,0.38213276887978476,NOS3,1
GO_Biological_Process_2023,Vacuolar Transport (GO:0007034),0.27133484756185794,0.38213276887978476,AP1G2,1
GO_Biological_Process_2023,Positive Regulation Of Peptide Hormone Secretion (GO:0090277),0.27133484756185794,0.38213276887978476,FLNB,1
GO_Biological_Process_2023,Homotypic Cell-Cell Adhesion (GO:0034109),0.27133484756185794,0.38213276887978476,FLNA,1
GO_Biological_Process_2023,Mitotic G2/M Transition Checkpoint (GO:0044818),0.27133484756185794,0.38213276887978476,CDKN1A,1
GO_Biological_Process_2023,Regulation Of Protein Phosphorylation (GO:0001932),0.27294415353165435,0.3839138725180088,CDKN1A;PECAM1;BMP7,3
GO_Biological_Process_2023,Positive Regulation Of Multicellular Organismal Process (GO:0051240),0.2740841533599724,0.38503120661161316,ZBTB16;SERPINE1;AGT;TSKU,4
GO_Biological_Process_2023,Negative Regulation Of Hydrolase Activity (GO:0051346),0.2763377029023164,0.385242685183193,ECM1,1
GO_Biological_Process_2023,Bicellular Tight Junction Assembly (GO:0070830),0.2763377029023164,0.385242685183193,PECAM1,1
GO_Biological_Process_2023,Regulation Of Wound Healing (GO:0061041),0.2763377029023164,0.385242685183193,SERPINE1,1
GO_Biological_Process_2023,Cognition (GO:0050890),0.2763377029023164,0.385242685183193,MFSD2A,1
GO_Biological_Process_2023,Positive Regulation Of Epithelial To Mesenchymal Transition (GO:0010718),0.2763377029023164,0.385242685183193,AGT,1
GO_Biological_Process_2023,Positive Regulation Of Lymphocyte Activation (GO:0051251),0.2763377029023164,0.385242685183193,TNIP2,1
GO_Biological_Process_2023,Negative Regulation Of Signal Transduction (GO:0009968),0.2766554292159375,0.385242685183193,AGT;TSKU;TNS2,3
GO_Biological_Process_2023,Cellular Response To Organic Cyclic Compound (GO:0071407),0.27949034061720723,0.3887044187859786,ADCY6;TGM2,2
GO_Biological_Process_2023,Cellular Response To Radiation (GO:0071478),0.28130645867119686,0.3902557845077376,CDKN1A,1
GO_Biological_Process_2023,Myelination (GO:0042552),0.28130645867119686,0.3902557845077376,MARVELD1,1
GO_Biological_Process_2023,Epithelium Development (GO:0060429),0.2845620703004727,0.3922175387520738,PKD1;MFSD2A,2
GO_Biological_Process_2023,Nuclear Export (GO:0051168),0.286241345606316,0.3922175387520738,PKD1,1
GO_Biological_Process_2023,Erythrocyte Differentiation (GO:0030218),0.286241345606316,0.3922175387520738,TGFBR3,1
GO_Biological_Process_2023,Positive Regulation Of miRNA Metabolic Process (GO:2000630),0.286241345606316,0.3922175387520738,KLF4,1
GO_Biological_Process_2023,Positive Regulation Of Nervous System Development (GO:0051962),0.286241345606316,0.3922175387520738,TGM2,1
GO_Biological_Process_2023,Positive Regulation Of Pathway-Restricted SMAD Protein Phosphorylation (GO:0010862),0.286241345606316,0.3922175387520738,BMP7,1
GO_Biological_Process_2023,Heterophilic Cell-Cell Adhesion Via Plasma Membrane Cell Adhesion Molecules (GO:0007157),0.286241345606316,0.3922175387520738,ICAM1,1
GO_Biological_Process_2023,Negative Regulation Of DNA Metabolic Process (GO:0051053),0.286241345606316,0.3922175387520738,CDKN1A,1
GO_Biological_Process_2023,Regulation Of Cell Communication (GO:0010646),0.286241345606316,0.3922175387520738,IGFBP7,1
GO_Biological_Process_2023,Negative Regulation Of Cysteine-Type Endopeptidase Activity Involved In Apoptotic Process (GO:0043154),0.286241345606316,0.3922175387520738,KLF4,1
GO_Biological_Process_2023,Positive Regulation Of Response To External Stimulus (GO:0032103),0.28709680726894027,0.3929064413975423,SERPINE1;AGT,2
GO_Biological_Process_2023,Regulation Of Mitochondrion Organization (GO:0010821),0.2911425929329805,0.3964949248500492,FZD5,1
GO_Biological_Process_2023,Dicarboxylic Acid Metabolic Process (GO:0043648),0.2911425929329805,0.3964949248500492,IDH2,1
GO_Biological_Process_2023,tRNA Processing (GO:0008033),0.2911425929329805,0.3964949248500492,TRUB1,1
GO_Biological_Process_2023,Positive Regulation Of Transport (GO:0051050),0.2911425929329805,0.3964949248500492,ANXA2,1
GO_Biological_Process_2023,Peptidyl-Serine Phosphorylation (GO:0018105),0.2946952211675288,0.39729592419588294,SGK3;PKD1,2
GO_Biological_Process_2023,RNA Modification (GO:0009451),0.2960104282608464,0.39729592419588294,TRUB1,1
GO_Biological_Process_2023,SMAD Protein Signal Transduction (GO:0060395),0.2960104282608464,0.39729592419588294,BMP7,1
GO_Biological_Process_2023,Regulation Of Smoothened Signaling Pathway (GO:0008589),0.2960104282608464,0.39729592419588294,GLI1,1
GO_Biological_Process_2023,Regulation Of Stress-Activated MAPK Cascade (GO:0032872),0.2960104282608464,0.39729592419588294,TGFBR3,1
GO_Biological_Process_2023,Regulation Of Substrate Adhesion-Dependent Cell Spreading (GO:1900024),0.2960104282608464,0.39729592419588294,FLNA,1
GO_Biological_Process_2023,Regulation Of Telomere Maintenance Via Telomerase (GO:0032210),0.2960104282608464,0.39729592419588294,STON1,1
GO_Biological_Process_2023,Positive Regulation Of Ras Protein Signal Transduction (GO:0046579),0.2960104282608464,0.39729592419588294,NOTCH2,1
GO_Biological_Process_2023,Cholesterol Transport (GO:0030301),0.2960104282608464,0.39729592419588294,TSKU,1
GO_Biological_Process_2023,Positive Regulation Of Actin Filament Bundle Assembly (GO:0032233),0.2960104282608464,0.39729592419588294,ARHGEF5,1
GO_Biological_Process_2023,Microtubule Bundle Formation (GO:0001578),0.2960104282608464,0.39729592419588294,TTLL3,1
GO_Biological_Process_2023,Receptor Internalization (GO:0031623),0.2960104282608464,0.39729592419588294,GRK3,1
GO_Biological_Process_2023,Negative Regulation Of Response To Stimulus (GO:0048585),0.300845077626674,0.40088686181353445,KLF4,1
GO_Biological_Process_2023,Regulation Of Peptide Hormone Secretion (GO:0090276),0.300845077626674,0.40088686181353445,KCNA5,1
GO_Biological_Process_2023,Cell Cycle G1/S Phase Transition (GO:0044843),0.300845077626674,0.40088686181353445,CDKN1A,1
GO_Biological_Process_2023,Cellular Response To Ionizing Radiation (GO:0071479),0.300845077626674,0.40088686181353445,CDKN1A,1
GO_Biological_Process_2023,Positive Regulation Of B Cell Activation (GO:0050871),0.300845077626674,0.40088686181353445,TNIP2,1
GO_Biological_Process_2023,Regulation Of Cell Development (GO:0060284),0.300845077626674,0.40088686181353445,ANXA2,1
GO_Biological_Process_2023,Monoatomic Cation Transmembrane Transport (GO:0098655),0.30275805510189024,0.4019958642476949,SLC6A6;KCNA5;PKD1,3
GO_Biological_Process_2023,Cellular Response To Oxygen-Containing Compound (GO:1901701),0.30316435798702823,0.4019958642476949,TNIP2;SERPINE1;ADCY6;TGM2,4
GO_Biological_Process_2023,Regulation Of Macromolecule Metabolic Process (GO:0060255),0.304809052054486,0.4019958642476949,TSKU;AFF1,2
GO_Biological_Process_2023,Regulation Of Cyclin-Dependent Protein Kinase Activity (GO:1904029),0.3056467657251325,0.4019958642476949,CDKN1A,1
GO_Biological_Process_2023,Actin Cytoskeleton Reorganization (GO:0031532),0.3056467657251325,0.4019958642476949,FLNA,1
GO_Biological_Process_2023,Regulation Of Proteasomal Protein Catabolic Process (GO:0061136),0.3056467657251325,0.4019958642476949,PKD1,1
GO_Biological_Process_2023,Cellular Response To Alcohol (GO:0097306),0.3056467657251325,0.4019958642476949,ADCY6,1
GO_Biological_Process_2023,Tight Junction Assembly (GO:0120192),0.3056467657251325,0.4019958642476949,PECAM1,1
GO_Biological_Process_2023,mRNA Stabilization (GO:0048255),0.3056467657251325,0.4019958642476949,CIRBP,1
GO_Biological_Process_2023,Protein Homotetramerization (GO:0051289),0.3056467657251325,0.4019958642476949,ACACB,1
GO_Biological_Process_2023,Negative Regulation Of Cysteine-Type Endopeptidase Activity (GO:2000117),0.3056467657251325,0.4019958642476949,KLF4,1
GO_Biological_Process_2023,Adenylate Cyclase-Modulating G Protein-Coupled Receptor Signaling Pathway (GO:0007188),0.30733373688424737,0.40373795152010794,ADGRF5;ADCY6,2
GO_Biological_Process_2023,Inorganic Cation Transmembrane Transport (GO:0098662),0.308371541926426,0.40397559248181397,SLC6A6;KCNA5;PKD1,3
GO_Biological_Process_2023,Regulation Of Exocytosis (GO:0017157),0.3104157155874621,0.40397559248181397,ANXA2,1
GO_Biological_Process_2023,Regulation Of Lipid Metabolic Process (GO:0019216),0.3104157155874621,0.40397559248181397,ADGRF5,1
GO_Biological_Process_2023,Apical Junction Assembly (GO:0043297),0.3104157155874621,0.40397559248181397,PECAM1,1
GO_Biological_Process_2023,Regulation Of Smooth Muscle Cell Proliferation (GO:0048660),0.3104157155874621,0.40397559248181397,ELN,1
GO_Biological_Process_2023,Epidermal Cell Differentiation (GO:0009913),0.3104157155874621,0.40397559248181397,GLI1,1
GO_Biological_Process_2023,Positive Regulation Of Leukocyte Chemotaxis (GO:0002690),0.3104157155874621,0.40397559248181397,SERPINE1,1
GO_Biological_Process_2023,Regulation Of Blood Vessel Endothelial Cell Migration (GO:0043535),0.3104157155874621,0.40397559248181397,NOS3,1
GO_Biological_Process_2023,Regulation Of Transcription By RNA Polymerase II (GO:0006357),0.31348912405168,0.40749928143940667,CBX7;FZD5;ANXA2;ZBTB16;PCGF2;JADE2;HIF3A;KLF4;GLI1;PKD1;MYCL;PER3;TNIP2;NDN;ZKSCAN2;NKX2-4,16
GO_Biological_Process_2023,Peptidyl-Serine Modification (GO:0018209),0.31489719478256767,0.4087072104235163,SGK3;PKD1,2
GO_Biological_Process_2023,Purine Ribonucleotide Biosynthetic Process (GO:0009152),0.3151521487915624,0.4087072104235163,ADCY6,1
GO_Biological_Process_2023,Regulation Of Mitotic Nuclear Division (GO:0007088),0.31985628540782685,0.412407293917036,BMP7,1
GO_Biological_Process_2023,Nucleotide-Excision Repair (GO:0006289),0.31985628540782685,0.412407293917036,STON1,1
GO_Biological_Process_2023,Cellular Response To Peptide (GO:1901653),0.31985628540782685,0.412407293917036,ICAM1,1
GO_Biological_Process_2023,post-Golgi Vesicle-Mediated Transport (GO:0006892),0.31985628540782685,0.412407293917036,AP1G2,1
GO_Biological_Process_2023,Mitotic DNA Damage Checkpoint Signaling (GO:0044773),0.31985628540782685,0.412407293917036,CDKN1A,1
GO_Biological_Process_2023,Brain Development (GO:0007420),0.3224428134082451,0.4152616117188266,FLNB;MFSD2A,2
GO_Biological_Process_2023,Positive Regulation Of Interleukin-1 Beta Production (GO:0032731),0.32452834409284537,0.4165029669578683,FZD5,1
GO_Biological_Process_2023,Post-Transcriptional Regulation Of Gene Expression (GO:0010608),0.32452834409284537,0.4165029669578683,RBM3,1
GO_Biological_Process_2023,Myeloid Cell Differentiation (GO:0030099),0.32452834409284537,0.4165029669578683,ZBTB16,1
GO_Biological_Process_2023,Metal Ion Transport (GO:0030001),0.32746212027338223,0.4197845822606994,KCNA5;PKD1,2
GO_Biological_Process_2023,Regulation Of Phagocytosis (GO:0050764),0.3291685419887074,0.42052036212777527,TGM2,1
GO_Biological_Process_2023,Glycosaminoglycan Biosynthetic Process (GO:0006024),0.3291685419887074,0.42052036212777527,CHPF2,1
GO_Biological_Process_2023,Memory (GO:0007613),0.3291685419887074,0.42052036212777527,SLC2A4,1
GO_Biological_Process_2023,Regulation Of Intracellular Signal Transduction (GO:1902531),0.33272878955079543,0.42349394481386843,VWF;ARHGAP27;ARHGEF5,3
GO_Biological_Process_2023,Regulation Of miRNA Transcription (GO:1902893),0.3337770947455803,0.42349394481386843,KLF4,1
GO_Biological_Process_2023,Regulation Of Type I Interferon Production (GO:0032479),0.3337770947455803,0.42349394481386843,UFD1,1
GO_Biological_Process_2023,Cilium Movement (GO:0003341),0.3337770947455803,0.42349394481386843,TTLL3,1
GO_Biological_Process_2023,Positive Regulation Of Protein Binding (GO:0032092),0.3337770947455803,0.42349394481386843,PKD1,1
GO_Biological_Process_2023,Regulation Of Cell Death (GO:0010941),0.3337770947455803,0.42349394481386843,PRODH,1
GO_Biological_Process_2023,Regulation Of Extrinsic Apoptotic Signaling Pathway (GO:2001236),0.33835421663245324,0.42783949753524736,AGT,1
GO_Biological_Process_2023,Response To Light Stimulus (GO:0009416),0.33835421663245324,0.42783949753524736,CIRBP,1
GO_Biological_Process_2023,Sterol Metabolic Process (GO:0016125),0.33835421663245324,0.42783949753524736,TSKU,1
GO_Biological_Process_2023,Regulation Of Pathway-Restricted SMAD Protein Phosphorylation (GO:0060393),0.3429001204094664,0.4321162150861375,BMP7,1
GO_Biological_Process_2023,Positive Regulation Of Cell Junction Assembly (GO:1901890),0.3429001204094664,0.4321162150861375,AGT,1
GO_Biological_Process_2023,Positive Regulation Of Interleukin-8 Production (GO:0032757),0.3429001204094664,0.4321162150861375,SERPINE1,1
GO_Biological_Process_2023,Negative Regulation Of Cytokine Production (GO:0001818),0.3449490445978053,0.43420704596831083,UFD1;KLF4,2
GO_Biological_Process_2023,Positive Regulation Of DNA-templated Transcription (GO:0045893),0.34655850541892463,0.43574060387887364,FZD5;ANXA2;TNIP2;ZBTB16;KMT2B;KLF4;GLI1;BMP7;PKD1;AGT,10
GO_Biological_Process_2023,RNA Methylation (GO:0001510),0.3474150174537504,0.43585984959885393,WDR6,1
GO_Biological_Process_2023,Positive Regulation Of ERK1 And ERK2 Cascade (GO:0070374),0.34743585856712955,0.43585984959885393,NOTCH2;ICAM1,2
GO_Biological_Process_2023,G1/S Transition Of Mitotic Cell Cycle (GO:0000082),0.35189911774784177,0.4404669855855008,CDKN1A,1
GO_Biological_Process_2023,Telomere Organization (GO:0032200),0.35189911774784177,0.4404669855855008,STON1,1
GO_Biological_Process_2023,Regulation Of Apoptotic Process (GO:0042981),0.3534195116207088,0.4418735532496853,NOTCH2;PLK5;FLNA;AGT;TGM2;IER3,6
GO_Biological_Process_2023,Regulation Of Secretion By Cell (GO:1903530),0.35635262977237486,0.44454292224683717,MYOF,1
GO_Biological_Process_2023,Positive Regulation Of Interleukin-1 Production (GO:0032732),0.35635262977237486,0.44454292224683717,FZD5,1
GO_Biological_Process_2023,Phosphate-Containing Compound Metabolic Process (GO:0006796),0.3598225271303262,0.4465602194174655,PTPRB;PLA2G3,2
GO_Biological_Process_2023,Protein Modification Process (GO:0036211),0.3607652271832926,0.4465602194174655,PTPRB;GRK3;SGK3;JADE2;MAP3K6;TGM2,6
GO_Biological_Process_2023,Canonical Wnt Signaling Pathway (GO:0060070),0.3607757607501965,0.4465602194174655,FZD5,1
GO_Biological_Process_2023,Positive Regulation Of DNA Biosynthetic Process (GO:2000573),0.3607757607501965,0.4465602194174655,KLF4,1
GO_Biological_Process_2023,Positive Regulation Of Cell Cycle (GO:0045787),0.3607757607501965,0.4465602194174655,PKD1,1
GO_Biological_Process_2023,Fatty Acid Biosynthetic Process (GO:0006633),0.3607757607501965,0.4465602194174655,ACACB,1
GO_Biological_Process_2023,Monocarboxylic Acid Biosynthetic Process (GO:0072330),0.3607757607501965,0.4465602194174655,ACACB,1
GO_Biological_Process_2023,Negative Regulation Of Endopeptidase Activity (GO:0010951),0.36516871627508624,0.4509955099007163,SERPINE1,1
GO_Biological_Process_2023,Regulation Of Endocytosis (GO:0030100),0.36516871627508624,0.4509955099007163,STON1,1
GO_Biological_Process_2023,Regulation Of Neurogenesis (GO:0050767),0.3695317008446938,0.45537424197012044,TGM2,1
GO_Biological_Process_2023,Cholesterol Metabolic Process (GO:0008203),0.3695317008446938,0.45537424197012044,TSKU,1
GO_Biological_Process_2023,Skin Development (GO:0043588),0.37386491738573735,0.45969703969946074,PKD1,1
GO_Biological_Process_2023,Telomere Maintenance (GO:0000723),0.37386491738573735,0.45969703969946074,STON1,1
GO_Biological_Process_2023,Regulation Of Endopeptidase Activity (GO:0052548),0.37816856748681427,0.4629448177805617,SERPINE1,1
GO_Biological_Process_2023,Regulation Of Heart Contraction (GO:0008016),0.37816856748681427,0.4629448177805617,AGT,1
GO_Biological_Process_2023,Regulation Of Monoatomic Ion Transmembrane Transporter Activity (GO:0032412),0.37816856748681427,0.4629448177805617,FXYD6,1
GO_Biological_Process_2023,Phospholipid Metabolic Process (GO:0006644),0.37816856748681427,0.4629448177805617,PLA2G3,1
GO_Biological_Process_2023,Regulation Of Signal Transduction (GO:0009966),0.3818973867691635,0.4656189469760656,IGFBP7;GLI1,2
GO_Biological_Process_2023,Sensory Organ Development (GO:0007423),0.38244285142109513,0.4656189469760656,SMOC1,1
GO_Biological_Process_2023,Positive Regulation Of Protein Transport (GO:0051222),0.38244285142109513,0.4656189469760656,ARHGEF5,1
GO_Biological_Process_2023,Regulation Of Notch Signaling Pathway (GO:0008593),0.38244285142109513,0.4656189469760656,NOS3,1
GO_Biological_Process_2023,Regulation Of Actin Filament-Based Process (GO:0032970),0.38244285142109513,0.4656189469760656,ARHGEF5,1
GO_Biological_Process_2023,Negative Regulation Of Protein Binding (GO:0032091),0.3866879681857055,0.4687381899443699,CDKN1A,1
GO_Biological_Process_2023,Cell-Cell Junction Assembly (GO:0007043),0.3866879681857055,0.4687381899443699,GJB6,1
GO_Biological_Process_2023,Positive Regulation Of Cell-Substrate Adhesion (GO:0010811),0.3866879681857055,0.4687381899443699,FLNA,1
GO_Biological_Process_2023,Lipid Biosynthetic Process (GO:0008610),0.3866879681857055,0.4687381899443699,ACACB,1
GO_Biological_Process_2023,Regulation Of Cellular Localization (GO:0060341),0.3909041152642434,0.4687483147517407,DZIP1L,1
GO_Biological_Process_2023,Cellular Response To Hypoxia (GO:0071456),0.3909041152642434,0.4687483147517407,BMP7,1
GO_Biological_Process_2023,Plasma Membrane Organization (GO:0007009),0.3909041152642434,0.4687483147517407,MYOF,1
GO_Biological_Process_2023,Cholesterol Homeostasis (GO:0042632),0.3909041152642434,0.4687483147517407,TSKU,1
GO_Biological_Process_2023,Response To Ionizing Radiation (GO:0010212),0.3909041152642434,0.4687483147517407,CDKN1A,1
GO_Biological_Process_2023,Second-Messenger-Mediated Signaling (GO:0019932),0.3909041152642434,0.4687483147517407,NOS3,1
GO_Biological_Process_2023,Transforming Growth Factor Beta Receptor Signaling Pathway (GO:0007179),0.3909041152642434,0.4687483147517407,TGFBR3,1
GO_Biological_Process_2023,Positive Regulation Of Protein Localization To Nucleus (GO:1900182),0.3909041152642434,0.4687483147517407,FLNA,1
GO_Biological_Process_2023,Negative Regulation Of Catabolic Process (GO:0009895),0.3909041152642434,0.4687483147517407,FLNA,1
GO_Biological_Process_2023,Negative Regulation Of Cell Adhesion (GO:0007162),0.3909041152642434,0.4687483147517407,SERPINE1,1
GO_Biological_Process_2023,DNA Replication (GO:0006260),0.395091488951388,0.4717383908808641,STON1,1
GO_Biological_Process_2023,Cellular Response To Decreased Oxygen Levels (GO:0036294),0.395091488951388,0.4717383908808641,BMP7,1
GO_Biological_Process_2023,Sterol Homeostasis (GO:0055092),0.395091488951388,0.4717383908808641,TSKU,1
GO_Biological_Process_2023,Ubiquitin-Dependent ERAD Pathway (GO:0030433),0.395091488951388,0.4717383908808641,UFD1,1
GO_Biological_Process_2023,Negative Regulation Of Neuron Apoptotic Process (GO:0043524),0.3992502841799943,0.47517608608601886,PLA2G3,1
GO_Biological_Process_2023,Regulation Of mRNA Stability (GO:0043488),0.3992502841799943,0.47517608608601886,CIRBP,1
GO_Biological_Process_2023,Gland Development (GO:0048732),0.3992502841799943,0.47517608608601886,TGFBR3,1
GO_Biological_Process_2023,Organic Substance Transport (GO:0071702),0.4012489287185173,0.47684445062915776,PKD1;MFSD2A,2
GO_Biological_Process_2023,Regulation Of Fat Cell Differentiation (GO:0045598),0.4033806945750766,0.47684445062915776,ZBTB16,1
GO_Biological_Process_2023,Regulation Of Stress Fiber Assembly (GO:0051492),0.4033806945750766,0.47684445062915776,ARHGEF5,1
GO_Biological_Process_2023,Defense Response To Gram-negative Bacterium (GO:0050829),0.4033806945750766,0.47684445062915776,SERPINE1,1
GO_Biological_Process_2023,Positive Regulation Of Neurogenesis (GO:0050769),0.4033806945750766,0.47684445062915776,TGM2,1
GO_Biological_Process_2023,Regulation Of BMP Signaling Pathway (GO:0030510),0.4033806945750766,0.47684445062915776,NBL1,1
GO_Biological_Process_2023,Regulation Of Translation (GO:0006417),0.40364839941049885,0.47684445062915776,RBM3;CIRBP,2
GO_Biological_Process_2023,Negative Regulation Of DNA-templated Transcription (GO:0045892),0.4044848270115083,0.4773263742487503,CBX7;PER3;ZBTB16;PCGF2;FLNA;NDN;KLF4;BMP7,8
GO_Biological_Process_2023,Negative Regulation Of Gene Expression (GO:0010629),0.4053204032841693,0.4778062743476874,NOTCH2;PLA2G3;KLF4,3
GO_Biological_Process_2023,Wnt Signaling Pathway (GO:0016055),0.4074829124483796,0.4793410395644085,FZD5,1
GO_Biological_Process_2023,Regulation Of Ras Protein Signal Transduction (GO:0046578),0.4074829124483796,0.4793410395644085,NOTCH2,1
GO_Biological_Process_2023,Defense Response To Bacterium (GO:0042742),0.40843377356864874,0.4794470218708901,ANXA3;SERPINE1,2
GO_Biological_Process_2023,Regulation Of MAPK Cascade (GO:0043408),0.40843377356864874,0.4794470218708901,TGFBR3;ARHGEF5,2
GO_Biological_Process_2023,Actomyosin Structure Organization (GO:0031032),0.41155712879755746,0.48058138519966354,MYH11,1
GO_Biological_Process_2023,Neutrophil Migration (GO:1990266),0.41155712879755746,0.48058138519966354,PECAM1,1
GO_Biological_Process_2023,Cell Morphogenesis Involved In Neuron Differentiation (GO:0048667),0.41155712879755746,0.48058138519966354,MFSD2A,1
GO_Biological_Process_2023,Positive Regulation Of Endothelial Cell Proliferation (GO:0001938),0.41155712879755746,0.48058138519966354,ECM1,1
GO_Biological_Process_2023,Positive Regulation Of Synaptic Transmission (GO:0050806),0.41155712879755746,0.48058138519966354,BAIAP3,1
GO_Biological_Process_2023,Negative Regulation Of Protein Modification Process (GO:0031400),0.41560353342423734,0.4837850953339607,CDKN1A,1
GO_Biological_Process_2023,Cellular Response To Nutrient Levels (GO:0031669),0.41560353342423734,0.4837850953339607,MFSD2A,1
GO_Biological_Process_2023,Positive Regulation Of Tumor Necrosis Factor Production (GO:0032760),0.41560353342423734,0.4837850953339607,FZD5,1
GO_Biological_Process_2023,Cellular Response To UV (GO:0034644),0.4196223147380219,0.48643002977955924,CDKN1A,1
GO_Biological_Process_2023,Positive Regulation Of Catabolic Process (GO:0009896),0.4196223147380219,0.48643002977955924,FLNB,1
GO_Biological_Process_2023,Positive Regulation Of Endocytosis (GO:0045807),0.4196223147380219,0.48643002977955924,SERPINE1,1
GO_Biological_Process_2023,Positive Regulation Of Protein Localization To Membrane (GO:1905477),0.4196223147380219,0.48643002977955924,TCAF2,1
GO_Biological_Process_2023,Calcium Ion Transmembrane Transport (GO:0070588),0.423613659972373,0.49054637963536746,PKD1,1
GO_Biological_Process_2023,Negative Regulation Of Transcription By RNA Polymerase II (GO:0000122),0.4245942445038089,0.4911713274945411,CBX7;PER3;ZBTB16;PCGF2;NDN;KLF4,6
GO_Biological_Process_2023,Spindle Assembly (GO:0051225),0.42757775501876477,0.4930865622059047,FLNA,1
GO_Biological_Process_2023,Positive Regulation Of Growth (GO:0045927),0.42757775501876477,0.4930865622059047,MFSD2A,1
GO_Biological_Process_2023,Histone Modification (GO:0016570),0.42757775501876477,0.4930865622059047,JADE2,1
GO_Biological_Process_2023,Sodium Ion Transmembrane Transport (GO:0035725),0.4315147845641838,0.49659862603770744,SLC6A6,1
GO_Biological_Process_2023,Positive Regulation Of Tumor Necrosis Factor Superfamily Cytokine Production (GO:1903557),0.4315147845641838,0.49659862603770744,FZD5,1
GO_Biological_Process_2023,Regulation Of Epithelial To Mesenchymal Transition (GO:0010717),0.43542493211102146,0.4995503340594005,AGT,1
GO_Biological_Process_2023,Calcium Ion Transmembrane Import Into Cytosol (GO:0097553),0.43542493211102146,0.4995503340594005,FLNA,1
GO_Biological_Process_2023,Regulation Of NIK/NF-kappaB Signaling (GO:1901222),0.43542493211102146,0.4995503340594005,BMP7,1
GO_Biological_Process_2023,Regulation Of Cysteine-Type Endopeptidase Activity Involved In Apoptotic Process (GO:0043281),0.4393083798218873,0.5024533214800642,KLF4,1
GO_Biological_Process_2023,Regulation Of Interleukin-1 Beta Production (GO:0032651),0.4393083798218873,0.5024533214800642,FZD5,1
GO_Biological_Process_2023,Purine Ribonucleotide Metabolic Process (GO:0009150),0.4393083798218873,0.5024533214800642,SULT1A1,1
GO_Biological_Process_2023,Response To Interleukin-1 (GO:0070555),0.44316530874453697,0.5047915684472538,IL1R1,1
GO_Biological_Process_2023,Epidermis Development (GO:0008544),0.44316530874453697,0.5047915684472538,GLI1,1
GO_Biological_Process_2023,Positive Regulation Of Protein Localization (GO:1903829),0.44316530874453697,0.5047915684472538,PECAM1,1
GO_Biological_Process_2023,Mitotic Spindle Organization (GO:0007052),0.44316530874453697,0.5047915684472538,FLNA,1
GO_Biological_Process_2023,Negative Regulation Of Binding (GO:0051100),0.44699589850685556,0.5086347609158705,CDKN1A,1
GO_Biological_Process_2023,Positive Regulation Of Cell Motility (GO:2000147),0.44832842781235377,0.5096304781458797,TCAF2;PECAM1,2
GO_Biological_Process_2023,Regulation Of Insulin Secretion (GO:0050796),0.45080032782898727,0.5113967059078328,KCNA5,1
GO_Biological_Process_2023,Glucose Homeostasis (GO:0042593),0.45080032782898727,0.5113967059078328,SLC2A4,1
GO_Biological_Process_2023,Negative Regulation Of Neuron Death (GO:1901215),0.4545787739505501,0.5151584477934006,PLA2G3,1
GO_Biological_Process_2023,Positive Regulation Of Protein Modification Process (GO:0031401),0.45749873684430004,0.5173061744366284,CDKN1A;PECAM1,2
GO_Biological_Process_2023,ERAD Pathway (GO:0036503),0.4583314130780541,0.5173061744366284,UFD1,1
GO_Biological_Process_2023,Cellular Response To Peptide Hormone Stimulus (GO:0071375),0.4583314130780541,0.5173061744366284,SLC2A4,1
GO_Biological_Process_2023,Sodium Ion Transport (GO:0006814),0.4583314130780541,0.5173061744366284,SLC6A6,1
GO_Biological_Process_2023,Regulation Of Epithelial Cell Proliferation (GO:0050678),0.4657599690423809,0.524097581326477,TGFBR3,1
GO_Biological_Process_2023,Positive Regulation Of MAP Kinase Activity (GO:0043406),0.4657599690423809,0.524097581326477,ARHGEF5,1
GO_Biological_Process_2023,Positive Regulation Of Binding (GO:0051099),0.4657599690423809,0.524097581326477,PKD1,1
GO_Biological_Process_2023,Positive Regulation Of Phosphorylation (GO:0042327),0.4710895870417187,0.5295598385110744,CDKN1A;PECAM1,2
GO_Biological_Process_2023,Positive Regulation Of Cellular Component Biogenesis (GO:0044089),0.4730873814760886,0.5312694989560108,BMP7,1
GO_Biological_Process_2023,"Retrograde Transport, Endosome To Golgi (GO:0042147)",0.4767135867876924,0.5342645228183996,BAIAP3,1
GO_Biological_Process_2023,Vesicle Organization (GO:0016050),0.4767135867876924,0.5342645228183996,ANXA2,1
GO_Biological_Process_2023,Cell Junction Assembly (GO:0034329),0.4803150174866205,0.5366809723972871,FZD5,1
GO_Biological_Process_2023,Positive Regulation Of Transmembrane Receptor Protein Serine/Threonine Kinase Signaling Pathway (GO:0090100),0.4803150174866205,0.5366809723972871,BMP7,1
GO_Biological_Process_2023,Recombinational Repair (GO:0000725),0.4803150174866205,0.5366809723972871,STON1,1
GO_Biological_Process_2023,Regulation Of Macroautophagy (GO:0016241),0.48389184150633274,0.5395951065445993,QSOX1,1
GO_Biological_Process_2023,Cellular Response To Transforming Growth Factor Beta Stimulus (GO:0071560),0.48389184150633274,0.5395951065445993,TGFBR3,1
GO_Biological_Process_2023,Negative Regulation Of Programmed Cell Death (GO:0043069),0.48602176047022083,0.541428241163826,NOTCH2;FLNA;IER3,3
GO_Biological_Process_2023,Regulation Of Defense Response (GO:0031347),0.48744422583266184,0.5419290095584683,IL1R1,1
GO_Biological_Process_2023,Regulation Of Protein Localization (GO:0032880),0.48744422583266184,0.5419290095584683,DZIP1L,1
GO_Biological_Process_2023,Negative Regulation Of Macromolecule Biosynthetic Process (GO:0010558),0.4909723362006207,0.5450455887153428,CDKN1A,1
GO_Biological_Process_2023,DNA Damage Response (GO:0006974),0.49122600634668245,0.5450455887153428,CDKN1A;SUSD6;IER3,3
GO_Biological_Process_2023,Regulation Of Autophagy (GO:0010506),0.49328607376805905,0.5467867524155401,FZD5;WDR6,2
GO_Biological_Process_2023,Cellular Response To Insulin Stimulus (GO:0032869),0.4944763372236363,0.5475612720349213,SLC2A4,1
GO_Biological_Process_2023,Regulation Of Organelle Organization (GO:0033043),0.49795639252529783,0.5503208544376804,ARHGEF5,1
GO_Biological_Process_2023,Response To UV (GO:0009411),0.49795639252529783,0.5503208544376804,CIRBP,1
GO_Biological_Process_2023,Activation Of GTPase Activity (GO:0090630),0.5048453145340125,0.5568293865256336,ARHGEF5,1
GO_Biological_Process_2023,Regulation Of Protein Secretion (GO:0050708),0.5048453145340125,0.5568293865256336,KCNA5,1
GO_Biological_Process_2023,Regulation Of Gene Expression (GO:0010468),0.5106586951338519,0.5626842595243432,NOTCH2;NOS3;PLA2G3;JADE2;KLF4;BMP7;TSKU;AFF1,8
GO_Biological_Process_2023,Positive Regulation Of Kinase Activity (GO:0033674),0.5116403887089291,0.5632088863851256,CDKN1A,1
GO_Biological_Process_2023,Regulation Of Neuron Apoptotic Process (GO:0043523),0.5150031301416665,0.5663509249534221,PLA2G3,1
GO_Biological_Process_2023,Positive Regulation Of Cell Growth (GO:0030307),0.5183428842553988,0.5694615118939983,MFSD2A,1
GO_Biological_Process_2023,Glycerophospholipid Biosynthetic Process (GO:0046474),0.52495405329796,0.5755893852105585,MFSD2A,1
GO_Biological_Process_2023,Lipid Transport (GO:0006869),0.52495405329796,0.5755893852105585,MFSD2A,1
GO_Biological_Process_2023,Negative Regulation Of Developmental Process (GO:0051093),0.5282257770666134,0.576905407502164,NOS3,1
GO_Biological_Process_2023,Cell-Matrix Adhesion (GO:0007160),0.5282257770666134,0.576905407502164,PKD1,1
GO_Biological_Process_2023,Cellular Response To Salt (GO:1902075),0.5282257770666134,0.576905407502164,TGM2,1
GO_Biological_Process_2023,Regulation Of Wnt Signaling Pathway (GO:0030111),0.5282257770666134,0.576905407502164,TSKU,1
GO_Biological_Process_2023,Response To Lipid (GO:0033993),0.5314751312339429,0.5793182937324974,NOS3,1
GO_Biological_Process_2023,Regulation Of JNK Cascade (GO:0046328),0.5314751312339429,0.5793182937324974,TGFBR3,1
GO_Biological_Process_2023,Negative Regulation Of Inflammatory Response (GO:0050728),0.53470226757621,0.5794341693384221,KLF4,1
GO_Biological_Process_2023,RNA Metabolic Process (GO:0016070),0.53470226757621,0.5794341693384221,RBM3,1
GO_Biological_Process_2023,Negative Regulation Of Transmembrane Receptor Protein Serine/Threonine Kinase Signaling Pathway (GO:0090101),0.53470226757621,0.5794341693384221,NBL1,1
GO_Biological_Process_2023,Double-Strand Break Repair Via Homologous Recombination (GO:0000724),0.53470226757621,0.5794341693384221,STON1,1
GO_Biological_Process_2023,Mitotic Cell Cycle Phase Transition (GO:0044772),0.53470226757621,0.5794341693384221,CDKN1A,1
GO_Biological_Process_2023,Mitotic Sister Chromatid Segregation (GO:0000070),0.53470226757621,0.5794341693384221,FLNA,1
GO_Biological_Process_2023,Calcium Ion Transport (GO:0006816),0.5379073369162519,0.5806480361673494,PKD1,1
GO_Biological_Process_2023,Regulation Of Protein Serine/Threonine Kinase Activity (GO:0071900),0.5379073369162519,0.5806480361673494,CDKN1A,1
GO_Biological_Process_2023,Small GTPase Mediated Signal Transduction (GO:0007264),0.5379073369162519,0.5806480361673494,CDKN1A,1
GO_Biological_Process_2023,Negative Regulation Of Defense Response (GO:0031348),0.5379073369162519,0.5806480361673494,KLF4,1
GO_Biological_Process_2023,Regulation Of Cytoskeleton Organization (GO:0051493),0.5442518726297053,0.5863603347287154,ARHGEF5,1
GO_Biological_Process_2023,Negative Regulation Of Canonical Wnt Signaling Pathway (GO:0090090),0.5442518726297053,0.5863603347287154,GLI1,1
GO_Biological_Process_2023,Positive Regulation Of Protein Serine/Threonine Kinase Activity (GO:0071902),0.5536068857376767,0.5947136651029622,PKD1,1
GO_Biological_Process_2023,Protein Maturation (GO:0051604),0.5536068857376767,0.5947136651029622,PCSK4,1
GO_Biological_Process_2023,Protein Processing (GO:0016485),0.5536068857376767,0.5947136651029622,PCSK4,1
GO_Biological_Process_2023,Positive Regulation Of Cell Migration (GO:0030335),0.5582604536697457,0.5991350148247561,TCAF2;PECAM1,2
GO_Biological_Process_2023,Regulation Of Protein Kinase Activity (GO:0045859),0.5597374017306376,0.6001207229547071,CDKN1A,1
GO_Biological_Process_2023,Chemical Synaptic Transmission (GO:0007268),0.5602563302270156,0.6001207229547071,GABRR2;TSPOAP1,2
GO_Biological_Process_2023,Regulation Of DNA-templated Transcription (GO:0006355),0.5618519752532545,0.601251777552474,ZBTB16;KMT2B;JADE2;HIF3A;KLF4;GLI1;BMP7;AGT;MYCL;TNIP2;TCEA2;ZKSCAN2;NKX2-4,13
GO_Biological_Process_2023,Phosphorylation (GO:0016310),0.5659803491614734,0.6050883963204235,GRK3;SGK3;MAP3K6,3
GO_Biological_Process_2023,Fatty Acid Metabolic Process (GO:0006631),0.5687768038180212,0.6063324013906943,ACACB,1
GO_Biological_Process_2023,Potassium Ion Transport (GO:0006813),0.5687768038180212,0.6063324013906943,KCNA5,1
GO_Biological_Process_2023,Protein Localization To Nucleus (GO:0034504),0.5687768038180212,0.6063324013906943,BMP7,1
GO_Biological_Process_2023,Organonitrogen Compound Biosynthetic Process (GO:1901566),0.5717488033733201,0.6089179416423314,MFSD2A,1
GO_Biological_Process_2023,Negative Regulation Of Growth (GO:0045926),0.5747004682453368,0.610311078765782,CDKN1A,1
GO_Biological_Process_2023,Neuron Projection Guidance (GO:0097485),0.5747004682453368,0.610311078765782,NOTCH2,1
GO_Biological_Process_2023,Regulation Of DNA Metabolic Process (GO:0051052),0.5747004682453368,0.610311078765782,JADE2,1
GO_Biological_Process_2023,Negative Regulation Of Cell Growth (GO:0030308),0.5776319366470847,0.6128399784998593,CDKN1A,1
GO_Biological_Process_2023,Protein-Containing Complex Organization (GO:0043933),0.580543345634304,0.615342804031032,SLC2A1,1
GO_Biological_Process_2023,Regulation Of Response To External Stimulus (GO:0032101),0.5834348315231391,0.6160629405846227,IL1R1,1
GO_Biological_Process_2023,Regulation Of Tumor Necrosis Factor Production (GO:0032680),0.5834348315231391,0.6160629405846227,FZD5,1
GO_Biological_Process_2023,Cytosolic Transport (GO:0016482),0.5834348315231391,0.6160629405846227,BAIAP3,1
GO_Biological_Process_2023,Regulation Of Anatomical Structure Morphogenesis (GO:0022603),0.5834348315231391,0.6160629405846227,SPARC,1
GO_Biological_Process_2023,Protein Homooligomerization (GO:0051260),0.5891585743402838,0.6212122900703738,ACACB,1
GO_Biological_Process_2023,DNA Metabolic Process (GO:0006259),0.5894267420147083,0.6212122900703738,CBS;STON1,2
GO_Biological_Process_2023,Synapse Organization (GO:0050808),0.5948042369447535,0.6262872589380486,FZD5,1
GO_Biological_Process_2023,Plasma Membrane Bounded Cell Projection Organization (GO:0120036),0.5975981191383021,0.628041796905725,NPY,1
GO_Biological_Process_2023,Epithelial Cell Differentiation (GO:0030855),0.5975981191383021,0.628041796905725,GLI1,1
GO_Biological_Process_2023,Negative Regulation Of Cell Motility (GO:2000146),0.6003728767370318,0.6303632277898712,SERPINE1,1
GO_Biological_Process_2023,Gene Expression (GO:0010467),0.6043929328771532,0.6339865604756579,RBM3;TGM2,2
GO_Biological_Process_2023,Non-Membrane-Bounded Organelle Assembly (GO:0140694),0.6058655369380359,0.6349334037149313,CIRBP,1
GO_Biological_Process_2023,Negative Regulation Of Nucleic Acid-Templated Transcription (GO:1903507),0.6075265404965445,0.6360757200311566,ZBTB16;KLF4;BMP7,3
GO_Biological_Process_2023,Potassium Ion Transmembrane Transport (GO:0071805),0.6112832466409985,0.6376119258034385,KCNA5,1
GO_Biological_Process_2023,Protein Localization To Organelle (GO:0033365),0.6112832466409985,0.6376119258034385,BMP7,1
GO_Biological_Process_2023,Protein Localization To Plasma Membrane (GO:0072659),0.6112832466409985,0.6376119258034385,FLNA,1
GO_Biological_Process_2023,Negative Regulation Of Cellular Biosynthetic Process (GO:0031327),0.6112832466409985,0.6376119258034385,CDKN1A,1
GO_Biological_Process_2023,Protein Localization To Cell Periphery (GO:1990778),0.624506242115617,0.6507950923449928,FLNA,1
GO_Biological_Process_2023,Positive Regulation Of Transcription By RNA Polymerase II (GO:0045944),0.625797891125159,0.6515316361807731,FZD5;ANXA2;TNIP2;KLF4;GLI1;PKD1,6
GO_Biological_Process_2023,Positive Regulation Of MAPK Cascade (GO:0043410),0.6295926515697048,0.6537295977243086,NOTCH2;ICAM1,2
GO_Biological_Process_2023,Ras Protein Signal Transduction (GO:0007265),0.6296695317398413,0.6537295977243086,CDKN1A,1
GO_Biological_Process_2023,Actin Filament Organization (GO:0007015),0.6296695317398413,0.6537295977243086,FLNA,1
GO_Biological_Process_2023,Negative Regulation Of Protein Metabolic Process (GO:0051248),0.6372826004355368,0.6604026203583143,FLNA,1
GO_Biological_Process_2023,Dephosphorylation (GO:0016311),0.6372826004355368,0.6604026203583143,PTPRB,1
GO_Biological_Process_2023,Supramolecular Fiber Organization (GO:0097435),0.6400077718111957,0.6626102767636357,COL18A1;MYH11,2
GO_Biological_Process_2023,Negative Regulation Of Protein Phosphorylation (GO:0001933),0.6422714576467378,0.6637202261766845,CDKN1A,1
GO_Biological_Process_2023,Axon Guidance (GO:0007411),0.6422714576467378,0.6637202261766845,NOTCH2,1
GO_Biological_Process_2023,Neuron Development (GO:0048666),0.644740281795762,0.6656540073405736,NPY,1
GO_Biological_Process_2023,Positive Regulation Of NF-kappaB Transcription Factor Activity (GO:0051092),0.6496273005956926,0.6700785304292607,AGT,1
GO_Biological_Process_2023,Mitochondrion Organization (GO:0007005),0.6730791648089278,0.6936264473609117,NOS3,1
GO_Biological_Process_2023,Nitrogen Compound Transport (GO:0071705),0.6753368504626223,0.6946678221748487,SLC6A6,1
GO_Biological_Process_2023,Negative Regulation Of Cell Migration (GO:0030336),0.6753368504626223,0.6946678221748487,SERPINE1,1
GO_Biological_Process_2023,Regulation Of Cytokine Production (GO:0001817),0.684213858596233,0.7025016022822153,AGT,1
GO_Biological_Process_2023,Membrane Organization (GO:0061024),0.684213858596233,0.7025016022822153,ANXA2,1
GO_Biological_Process_2023,Double-Strand Break Repair (GO:0006302),0.6863951984137742,0.7040923121850317,STON1,1
GO_Biological_Process_2023,Generation Of Neurons (GO:0048699),0.6949719846934785,0.7122343982967204,FZD5,1
GO_Biological_Process_2023,Protein Localization (GO:0008104),0.6962427217689015,0.7128808750464671,FLNA;NBEAL2,2
GO_Biological_Process_2023,Neuron Differentiation (GO:0030182),0.6970795419682685,0.7130822862742434,FZD5,1
GO_Biological_Process_2023,Endosomal Transport (GO:0016197),0.7114331287253473,0.7270977113761806,BAIAP3,1
GO_Biological_Process_2023,RNA Processing (GO:0006396),0.7173760347751754,0.7324994525568702,RBM3,1
GO_Biological_Process_2023,Axonogenesis (GO:0007409),0.7270120603256971,0.7416588234458118,NOTCH2,1
GO_Biological_Process_2023,Transcription By RNA Polymerase II (GO:0006366),0.7344854673133344,0.7472299640064425,ANXA2,1
GO_Biological_Process_2023,Protein Localization To Membrane (GO:0072657),0.7344854673133344,0.7472299640064425,FLNA,1
GO_Biological_Process_2023,Modification-Dependent Protein Catabolic Process (GO:0019941),0.7344854673133344,0.7472299640064425,UFD1,1
GO_Biological_Process_2023,DNA-templated Transcription (GO:0006351),0.7470784199586605,0.7586557518996789,TCEA2,1
GO_Biological_Process_2023,Anterograde Trans-Synaptic Signaling (GO:0098916),0.7470784199586605,0.7586557518996789,GABRR2,1
GO_Biological_Process_2023,Regulation Of Canonical Wnt Signaling Pathway (GO:0060828),0.7607457356853973,0.7718312837463868,GLI1,1
GO_Biological_Process_2023,Vesicle-Mediated Transport (GO:0016192),0.7757341138068008,0.7863219315566662,ANXA2;AP1G2,2
GO_Biological_Process_2023,Chromatin Remodeling (GO:0006338),0.7932326872415425,0.803328375988253,PCGF2,1
GO_Biological_Process_2023,Negative Regulation Of Intracellular Signal Transduction (GO:1902532),0.7975012228694125,0.8069176769087426,BMP7,1
GO_Biological_Process_2023,Positive Regulation Of Programmed Cell Death (GO:0043068),0.8162926148944976,0.8251814636955266,TGM2,1
GO_Biological_Process_2023,Chromatin Organization (GO:0006325),0.8434779816440423,0.8518898200829221,PCGF2,1
GO_Biological_Process_2023,Positive Regulation Of Apoptotic Process (GO:0043065),0.8456439438186781,0.853303762150369,TGM2,1
GO_Biological_Process_2023,Transmembrane Receptor Protein Tyrosine Kinase Signaling Pathway (GO:0007169),0.8599948199720718,0.8669993026686769,COL4A2,1
GO_Biological_Process_2023,DNA Repair (GO:0006281),0.8666653523317779,0.8729341794734182,STON1,1
GO_Biological_Process_2023,Cellular Response To Cytokine Stimulus (GO:0071345),0.8815804889712728,0.8871550720090317,OSMR,1
GO_Biological_Process_2023,Proteasome-Mediated Ubiquitin-Dependent Protein Catabolic Process (GO:0043161),0.8903362167488669,0.8951575320020196,UFD1,1
GO_Biological_Process_2023,Intracellular Protein Transport (GO:0006886),0.8948379667731252,0.8988724030525352,PKD1,1
GO_Biological_Process_2023,Protein-Containing Complex Assembly (GO:0065003),0.8970195544374969,0.9002520573363707,SLC2A1,1
GO_Biological_Process_2023,Proteolysis (GO:0006508),0.8984489256194971,0.9008749803241402,PCSK4,1
GO_Biological_Process_2023,Ubiquitin-Dependent Protein Catabolic Process (GO:0006511),0.9216076763332315,0.9232652440964207,UFD1,1
GO_Biological_Process_2023,Organelle Organization (GO:0006996),0.9451746743525736,0.9460238878964662,NOS3,1
GO_Biological_Process_2023,Regulation Of Nucleic Acid-Templated Transcription (GO:1903506),0.9568253621751709,0.9568253621751709,JADE2,1
PanglaoDB_Augmented_2021,Pericytes,1.1532944465343487e-07,8.263796285481221e-06,ECM1;SPARC;COL4A2;ELN;ADGRF5;PECAM1;GLI1;TNS2;ICAM1;TNS1,10
PanglaoDB_Augmented_2021,Endothelial Cells,1.3117136961081303e-07,8.263796285481221e-06,PTPRB;SPARC;VWF;NOS3;ADGRF5;SLC2A1;PECAM1;IGFBP7;TNS2;ICAM1;TNS1;MFSD2A,12
PanglaoDB_Augmented_2021,Endothelial Cells (Aorta),5.973245365362202e-07,2.5087630534521248e-05,SULT1A1;PER3;COL4A2;LAMB2;MARVELD1;NOS3;SMOC1;ADGRF5;IGFBP7;TNS2,10
PanglaoDB_Augmented_2021,Peritubular Myoid Cells,1.7408553057906279e-06,4.767446570341875e-05,COL4A2;LAMC3;LAMB2;ELN;ADGRF5;MYH11;TNS2;TNS1,8
PanglaoDB_Augmented_2021,Adipocytes,1.8918438771197917e-06,4.767446570341875e-05,SULT1A1;IL1R1;ZBTB16;ADGRF5;IGFBP7;SLC2A4;LBP;AGT;TNS2;TNS1,10
PanglaoDB_Augmented_2021,Loop Of Henle Cells,7.907363943961733e-06,0.0001660546428231964,KCNT1;VWF;COL4A2;LAMB2;ADGRF5;IGFBP7;TNS2;TNS1,8
PanglaoDB_Augmented_2021,Osteoblasts,1.1121054087191739e-05,0.0002001789735694513,MRC2;SLC6A6;SPARC;COL4A2;LAMB2;IGFBP7;OSMR;TNS2,8
PanglaoDB_Augmented_2021,Sertoli Cells,1.3407878675194691e-05,0.0002111740891343164,DOCK6;NOTCH2;COL18A1;LAMB2;AGT;ADCY6;TNS2;TNS1,8
PanglaoDB_Augmented_2021,Stromal Cells,2.3453033931847567e-05,0.00032834247504586595,SPARC;COL4A2;ELN;PECAM1;IGFBP7;ICAM1;TNS1,7
PanglaoDB_Augmented_2021,Myofibroblasts,6.508419032181117e-05,0.000806077418023286,SPARC;COL4A2;LAMB2;ELN;TNS2;TNS1,6
PanglaoDB_Augmented_2021,Mesangial Cells,7.266877803620252e-05,0.000806077418023286,ECM1;SPARC;PER3;COL4A2;FLNA;TNS2;TNS1,7
PanglaoDB_Augmented_2021,Juxtaglomerular Cells,7.676927790697962e-05,0.000806077418023286,COL4A2;LAMB2;ELN;MYH11;TNS2;TNS1,6
PanglaoDB_Augmented_2021,Smooth Muscle Cells,0.0001663396479761123,0.0016122150496146268,COL4A2;LAMB2;ELN;SMOC1;MYH11;TNS2;TNS1,7
PanglaoDB_Augmented_2021,Fibroblasts,0.00020118617160344628,0.0018106755444310164,ITIH5;SPARC;COL4A2;IL1R1;ELN;IGFBP7;KLF4;TNS1,8
PanglaoDB_Augmented_2021,Microfold Cells,0.0002325786296546274,0.00195366048909887,IL1R1;SUSD6;ARHGAP27;KLF4;ICAM1;IER3,6
PanglaoDB_Augmented_2021,Trophoblast Cells,0.00027539806716351747,0.0021687597789127,ANXA2;IL1R1;ANXA3;SERPINE1;KLF4;IER3,6
PanglaoDB_Augmented_2021,Myoepithelial Cells,0.0011772739511043784,0.008359170588155983,COL4A2;LAMB2;MYOF;MYH11;OSMR,5
PanglaoDB_Augmented_2021,Mast Cells,0.0011941672268794262,0.008359170588155983,ABCA1;SPARC;VWF;IL1R1;ADGRF5;IGFBP7;TNS1,7
PanglaoDB_Augmented_2021,Hepatic Stellate Cells,0.002163379313863147,0.014085052801037643,SPARC;COL4A2;LAMB2;IGFBP7;TNS2,5
PanglaoDB_Augmented_2021,Melanocytes,0.002235722666831372,0.014085052801037643,ECM1;COL4A2;LAMB2;OSMR;TNS2,5
PanglaoDB_Augmented_2021,Mesothelial Cells,0.0031522761188384056,0.018053945044256323,COL4A2;LAMB2;ADGRF5;OSMR;TNS2,5
PanglaoDB_Augmented_2021,Osteoclasts,0.0031522761188384056,0.018053945044256323,ABCA1;VWF;IL1R1;SLC2A1;TNS1,5
PanglaoDB_Augmented_2021,Pulmonary Vascular Smooth Muscle Cells,0.004800102483209151,0.026296213603667525,SPARC;ELN;IGFBP7;TNS1,4
PanglaoDB_Augmented_2021,Vascular Smooth Muscle Cells,0.005520936678178659,0.02898491756043796,SPARC;COL4A2;ELN;MYH11,4
PanglaoDB_Augmented_2021,Embryonic Stem Cells,0.007326039588640865,0.03522866629471515,FZD5;COL4A2;PCGF2;PECAM1;KLF4,5
PanglaoDB_Augmented_2021,Granulosa Cells,0.007399210018185866,0.03522866629471515,COL4A2;LAMB2;PCGF2;ADCY6,4
PanglaoDB_Augmented_2021,Cardiac Stem And Precursor Cells,0.00763079716944924,0.03522866629471515,COL4A2;LAMB2;PCGF2;ADCY6,4
PanglaoDB_Augmented_2021,Satellite Glial Cells,0.007867109313508912,0.03522866629471515,VWF;FXYD6;CBLN4;TNS1,4
PanglaoDB_Augmented_2021,Meningeal Cells,0.008108185099577295,0.03522866629471515,COL4A2;LAMB2;BMP7;TNS2,4
PanglaoDB_Augmented_2021,Podocytes,0.008785581204308049,0.036899441058093806,COL4A2;LAMB2;SLC2A4;ADCY6;TNS2,5
PanglaoDB_Augmented_2021,Chromaffin Cells,0.009932240229259945,0.0403697506092501,NPY;SERPINE1;AGRP;MAPK4,4
PanglaoDB_Augmented_2021,Myoblasts,0.011084975422223902,0.04364709072500662,COL4A2;LAMB2;ZBTB16;TNS2,4
PanglaoDB_Augmented_2021,Pulmonary Alveolar Type I Cells,0.012642854216942726,0.04827271610105405,LAMB2;OSMR;ADCY6;ICAM1,4
PanglaoDB_Augmented_2021,Pulmonary Alveolar Type II Cells,0.013985142795587475,0.05182729388953006,SFTA3;IL1R1;ADGRF5;KLF4,4
PanglaoDB_Augmented_2021,Schwann Cells,0.015049063817330078,0.05395160776781185,NPY;AGT;TNS2;MAPK4,4
PanglaoDB_Augmented_2021,Satellite Cells,0.015414745076517671,0.05395160776781185,COL4A2;LAMB2;ADCY6;TNS2,4
PanglaoDB_Augmented_2021,Leydig Cells,0.01772653188723178,0.0601207953376371,COL4A2;LAMB2;ADGRF5;TNS2,4
PanglaoDB_Augmented_2021,Chondrocytes,0.018131668435160394,0.0601207953376371,SPARC;COL4A2;ELN;IGFBP7,4
PanglaoDB_Augmented_2021,Astrocytes,0.021580716804323306,0.06972231582935222,ITIH3;GJB6;AGT;MAPK4,4
PanglaoDB_Augmented_2021,Oxyphil Cells,0.02682094173253279,0.08448596645747829,HIF3A;SLC2A4;ACACB,3
PanglaoDB_Augmented_2021,Airway Smooth Muscle Cells,0.030626079419718732,0.09411917089962342,MRC2;COL4A2;IGFBP7,3
PanglaoDB_Augmented_2021,Hematopoietic Stem Cells,0.03421582327266962,0.10264746981800887,NOTCH2;VWF;PECAM1;TNS1,4
PanglaoDB_Augmented_2021,Urothelial Cells,0.03640444042130974,0.10667347658337273,AP1G2;NBEAL2;ARHGAP27,3
PanglaoDB_Augmented_2021,Pancreatic Progenitor Cells,0.04364361668492182,0.12486728772200643,PCGF2;BMP7;MAPK4,3
PanglaoDB_Augmented_2021,Adipocyte Progenitor Cells,0.04459545990071659,0.12486728772200643,COL4A2;LAMB2;GLI1,3
PanglaoDB_Augmented_2021,Choroid Plexus Cells,0.046530066697637935,0.12745192182396478,LAMB2;ADCY6;AGT,3
PanglaoDB_Augmented_2021,Transient Cells,0.04950871082203687,0.13272548007609883,COL18A1;LAMB2;ADCY6,3
PanglaoDB_Augmented_2021,Luteal Cells,0.054675052432495826,0.14352201263530154,LAMB2;ADCY6;FKBP5,3
PanglaoDB_Augmented_2021,Glomus Cells,0.05681126410747399,0.14608610770493313,COL4A2;IL1R1;CBS,3
PanglaoDB_Augmented_2021,Platelets,0.059795232602665165,0.15068398615871623,SPARC;VWF;SERPINE1;PECAM1,4
PanglaoDB_Augmented_2021,Delta Cells,0.061201116232082825,0.1512027577498517,MAPK4;AGT;BAIAP3,3
PanglaoDB_Augmented_2021,Basal Cells,0.07284224970282215,0.1765023742799152,ANXA2;MYOF;BMP7,3
PanglaoDB_Augmented_2021,Beta Cells,0.07775644929302997,0.1838844093423818,TGFBR3;NPY;MAPK4,3
PanglaoDB_Augmented_2021,Neuroblasts,0.07900731992553184,0.1838844093423818,IGDCC3;MAPK4;B4GALNT4,3
PanglaoDB_Augmented_2021,Müller Cells,0.0802670040780238,0.1838844093423818,SPARC;COL4A2;AGT,3
PanglaoDB_Augmented_2021,Neurons,0.13725195753994268,0.30881690446487103,NPY;NDN;AGRP;MIAT,4
PanglaoDB_Augmented_2021,Glycinergic Neurons,0.14995070808433184,0.33146998629168095,NGB;B4GALNT4,2
PanglaoDB_Augmented_2021,Trophoblast Progenitor Cells,0.15710793948054458,0.34130345473359686,NBEAL2;ARHGAP27,2
PanglaoDB_Augmented_2021,Spermatozoa,0.16917526840701474,0.342118967177164,ABCA1;IL1R1,2
PanglaoDB_Augmented_2021,Enterochromaffin Cells,0.17160769676349288,0.342118967177164,ITIH5;AGT,2
PanglaoDB_Augmented_2021,Epiblast Cells,0.17160769676349288,0.342118967177164,IGDCC3;BMP7,2
PanglaoDB_Augmented_2021,Crypt Cells,0.1740459858963565,0.342118967177164,FXYD6;BMP7,2
PanglaoDB_Augmented_2021,Enteric Glia Cells,0.17648994338504492,0.342118967177164,FXYD6;MAPK4,2
PanglaoDB_Augmented_2021,Pancreatic Stellate Cells,0.17648994338504492,0.342118967177164,SPARC;COL4A2,2
PanglaoDB_Augmented_2021,Parietal Cells,0.17648994338504492,0.342118967177164,MAPK4;BAIAP3,2
PanglaoDB_Augmented_2021,GABAergic Neurons,0.18139410523814836,0.3457551636852938,CBLN4;MAPK4,2
PanglaoDB_Augmented_2021,Peri-islet Schwann Cells,0.18385393624535462,0.3457551636852938,COL4A2;ADCY6,2
PanglaoDB_Augmented_2021,Olfactory Epithelial Cells,0.20225123345752619,0.3747596384654162,TTLL3;SLC16A11;KCNA5,3
PanglaoDB_Augmented_2021,Sebocytes,0.20869378543139708,0.38109299948342074,ANXA3;KLF4,2
PanglaoDB_Augmented_2021,Gamma (PP) Cells,0.2187289284803308,0.39371207126459545,MAPK4;AGT,2
PanglaoDB_Augmented_2021,Bergmann Glia,0.22880540691531276,0.40604903199055503,ITIH3;GJB6,2
PanglaoDB_Augmented_2021,Megakaryocytes,0.25665267767103894,0.44914218592431815,VWF;PECAM1,2
PanglaoDB_Augmented_2021,Neural Stem/Precursor Cells,0.27949034061720723,0.48240798517490563,RBM3;MAPK4,2
PanglaoDB_Augmented_2021,Microglia,0.2946952211675288,0.5017783495555219,MRC2;PECAM1,2
PanglaoDB_Augmented_2021,Monocytes,0.3399665349541441,0.5689858808252831,PECAM1;ICAM1,2
PanglaoDB_Augmented_2021,Oligodendrocytes,0.3449490445978053,0.5689858808252831,SGK3;MAPK4,2
PanglaoDB_Augmented_2021,Interneurons,0.347713593837673,0.5689858808252831,NPY;NPTXR;MAPK4,3
PanglaoDB_Augmented_2021,Epithelial Cells,0.44139462244721006,0.6785061611849613,IL1R1;ICAM1,2
PanglaoDB_Augmented_2021,Hepatocytes,0.44832842781235377,0.6785061611849613,SULT1A1;LBP,2
PanglaoDB_Augmented_2021,His Bundle Cells,0.4909723362006207,0.6785061611849613,COL4A2,1
PanglaoDB_Augmented_2021,Osteocytes,0.4909723362006207,0.6785061611849613,COL4A2,1
PanglaoDB_Augmented_2021,Cholinergic Neurons,0.5048453145340125,0.6785061611849613,IGDCC3,1
PanglaoDB_Augmented_2021,Purkinje Fiber Cells,0.5048453145340125,0.6785061611849613,MAPK4,1
PanglaoDB_Augmented_2021,Kidney Progenitor Cells,0.5150031301416665,0.6785061611849613,PCGF2,1
PanglaoDB_Augmented_2021,Salivary Mucous Cells,0.5150031301416665,0.6785061611849613,MYH11,1
PanglaoDB_Augmented_2021,Adrenergic Neurons,0.5183428842553988,0.6785061611849613,FXYD6,1
PanglaoDB_Augmented_2021,Parathyroid Chief Cells,0.5183428842553988,0.6785061611849613,PCGF2,1
PanglaoDB_Augmented_2021,Spermatocytes,0.5183428842553988,0.6785061611849613,ACR,1
PanglaoDB_Augmented_2021,Pinealocytes,0.5216598069580667,0.6785061611849613,SLC6A6,1
PanglaoDB_Augmented_2021,Gastric Chief Cells,0.5282257770666134,0.6785061611849613,ARHGEF5,1
PanglaoDB_Augmented_2021,Follicular Cells,0.5314751312339429,0.6785061611849613,SLC16A11,1
PanglaoDB_Augmented_2021,Motor Neurons,0.53470226757621,0.6785061611849613,PCGF2,1
PanglaoDB_Augmented_2021,Myeloid-derived Suppressor Cells,0.5379073369162519,0.6785061611849613,ICAM1,1
PanglaoDB_Augmented_2021,Retinal Progenitor Cells,0.5379073369162519,0.6785061611849613,MAPK4,1
PanglaoDB_Augmented_2021,Hepatoblasts,0.5442518726297053,0.6785061611849613,FZD5,1
PanglaoDB_Augmented_2021,Radial Glia Cells,0.5442518726297053,0.6785061611849613,MAPK4,1
PanglaoDB_Augmented_2021,Taste Receptor Cells,0.5473916355948805,0.6785061611849613,KCNT1,1
PanglaoDB_Augmented_2021,T Regulatory Cells,0.5536068857376767,0.6785061611849613,IL1R1,1
PanglaoDB_Augmented_2021,Airway Goblet Cells,0.5566826634363009,0.6785061611849613,QSOX1,1
PanglaoDB_Augmented_2021,Intercalated Cells,0.5566826634363009,0.6785061611849613,ADGRF5,1
PanglaoDB_Augmented_2021,Natural Killer T Cells,0.5566826634363009,0.6785061611849613,ZBTB16,1
PanglaoDB_Augmented_2021,Dopaminergic Neurons,0.5597374017306376,0.6785061611849613,MAPK4,1
PanglaoDB_Augmented_2021,Tanycytes,0.5657843304955164,0.6785061611849613,MAPK4,1
PanglaoDB_Augmented_2021,Neuroendocrine Cells,0.5717488033733201,0.6785061611849613,NPY,1
PanglaoDB_Augmented_2021,Oligodendrocyte Progenitor Cells,0.5776319366470847,0.6785061611849613,MAPK4,1
PanglaoDB_Augmented_2021,Keratinocytes,0.5834348315231391,0.6785061611849613,ICAM1,1
PanglaoDB_Augmented_2021,Pyramidal Cells,0.5919910992339527,0.6785061611849613,NGB,1
PanglaoDB_Augmented_2021,Mammary Epithelial Cells,0.6031286396282238,0.6785061611849613,ARHGEF5,1
PanglaoDB_Augmented_2021,Alpha Cells,0.608583696776782,0.6785061611849613,AGT,1
PanglaoDB_Augmented_2021,Ependymal Cells,0.608583696776782,0.6785061611849613,CFAP44,1
PanglaoDB_Augmented_2021,Immature Neurons,0.608583696776782,0.6785061611849613,MAPK4,1
PanglaoDB_Augmented_2021,Distal Tubule Cells,0.6112832466409985,0.6785061611849613,ADGRF5,1
PanglaoDB_Augmented_2021,Epsilon Cells,0.6139643128765275,0.6785061611849613,AGT,1
PanglaoDB_Augmented_2021,Enteroendocrine Cells,0.6166270211658448,0.6785061611849613,NPY,1
PanglaoDB_Augmented_2021,Luminal Epithelial Cells,0.6192714963196077,0.6785061611849613,ARHGEF5,1
PanglaoDB_Augmented_2021,Trigeminal Neurons,0.6296695317398413,0.6839513879243104,MAPK4,1
PanglaoDB_Augmented_2021,Photoreceptor Cells,0.6422714576467378,0.6910696278579052,GPR179,1
PanglaoDB_Augmented_2021,Neutrophils,0.6471921911685143,0.6910696278579052,PECAM1,1
PanglaoDB_Augmented_2021,NK Cells,0.661554822747425,0.6986520295538182,ZBTB16,1
PanglaoDB_Augmented_2021,Proximal Tubule Cells,0.6775790576880698,0.6986520295538182,LBP,1
PanglaoDB_Augmented_2021,Retinal Ganglion Cells,0.6775790576880698,0.6986520295538182,MAPK4,1
PanglaoDB_Augmented_2021,Enteric Neurons,0.6820174574215845,0.6986520295538182,MAPK4,1
PanglaoDB_Augmented_2021,Plasma Cells,0.6820174574215845,0.6986520295538182,KLF4,1
PanglaoDB_Augmented_2021,Basophils,0.6885615794114822,0.6996674113374739,IGFBP7,1
PanglaoDB_Augmented_2021,Cajal-Retzius Cells,0.6991726429357337,0.7047660240792195,MAPK4,1
PanglaoDB_Augmented_2021,Enterocytes,0.7540062867300713,0.7540062867300713,COL18A1,1
WikiPathways_2019_Mouse,Focal Adhesion-PI3K-Akt-mTOR-signaling pathway WP2841,8.084600317196447e-05,0.005659220222037513,CDKN1A;VWF;COL4A2;LAMB2;LAMC3;NOS3;SLC2A1;SLC2A4;HIF3A;OSMR,10
WikiPathways_2019_Mouse,ACE Inhibitor Pathway WP396,0.0016248907120127863,0.040421739220077434,NOS3;AGT,2
WikiPathways_2019_Mouse,Focal Adhesion WP85,0.0017451268753849668,0.040421739220077434,VWF;COL4A2;LAMB2;LAMC3;FLNA;MAPK4,6
WikiPathways_2019_Mouse,Adipogenesis genes WP447,0.0023098136697187106,0.040421739220077434,SERPINE1;NDN;AGRP;SLC2A4;AGT,5
WikiPathways_2019_Mouse,Insulin Signaling WP65,0.004802347743186207,0.0672328684046069,SLC2A1;SGK3;SLC2A4;MAP3K6;MAPK4,5
WikiPathways_2019_Mouse,Orphan GPCRs WP1398,0.007379921577924611,0.08163347244468236,ADGRF5;GPR179,2
WikiPathways_2019_Mouse,Blood Clotting Cascade WP460,0.008163347244468235,0.08163347244468236,VWF;SERPINE1,2
WikiPathways_2019_Mouse,Nuclear receptors in lipid metabolism and toxicity WP431,0.017875243151028102,0.14795914121087922,ABCA1;ABCB1A,2
WikiPathways_2019_Mouse,Prostaglandin Synthesis and Regulation WP374,0.01902331815568447,0.14795914121087922,ANXA2;ANXA3,2
WikiPathways_2019_Mouse,MAPK signaling pathway WP493,0.023926992579281686,0.1674889480549718,IL1R1;FLNA;MAP3K6;MAPK4,4
WikiPathways_2019_Mouse,Glycolysis and Gluconeogenesis WP157,0.04775084997182041,0.2884194085331677,SLC2A1;SLC2A4,2
WikiPathways_2019_Mouse,TGF Beta Signaling Pathway WP113,0.04944332717711447,0.2884194085331677,TGFBR3;SERPINE1,2
WikiPathways_2019_Mouse,Lung fibrosis WP3632,0.06559997399271239,0.33745690158584357,ELN;BMP7,2
WikiPathways_2019_Mouse,Complement and Coagulation Cascades WP449,0.06749138031716871,0.33745690158584357,VWF;SERPINE1,2
WikiPathways_2019_Mouse,Alpha6-Beta4 Integrin Signaling Pathway WP488,0.07721169783815038,0.3378011780419079,CDKN1A;LAMB2,2
WikiPathways_2019_Mouse,p53 signaling WP2902,0.07721169783815038,0.3378011780419079,CDKN1A;SERPINE1,2
WikiPathways_2019_Mouse,Primary Focal Segmental Glomerulosclerosis FSGS WP2573,0.08734146782854477,0.35543441672381365,CDKN1A;LAMB2,2
WikiPathways_2019_Mouse,Estrogen metabolism WP1264,0.09177308130260607,0.35543441672381365,SULT1A1,1
WikiPathways_2019_Mouse,MicroRNAs in Cardiomyocyte Hypertrophy WP1560,0.10867826700902473,0.35543441672381365,MAPK4;AGT,2
WikiPathways_2019_Mouse,EDA Signalling in Hair Follicle Development WP3652,0.11642283357542343,0.35543441672381365,GLI1,1
WikiPathways_2019_Mouse,Statin Pathway WP1,0.12248077981539765,0.35543441672381365,ABCA1,1
WikiPathways_2019_Mouse,Hypertrophy Model WP202,0.1284974930534796,0.35543441672381365,IL1R1,1
WikiPathways_2019_Mouse,TNF-alpha NF-kB Signaling Pathway WP246,0.13717629645492194,0.35543441672381365,TNIP2;FLNA;FKBP5,3
WikiPathways_2019_Mouse,Amino Acid metabolism WP662,0.13817896559538081,0.35543441672381365,CBS;PRODH,2
WikiPathways_2019_Mouse,Fatty Acid Biosynthesis WP336,0.14040833300105676,0.35543441672381365,ACACB,1
WikiPathways_2019_Mouse,Hedgehog Signaling Pathway WP116,0.14040833300105676,0.35543441672381365,GLI1,1
WikiPathways_2019_Mouse,Folic Acid Network WP1273,0.14630301126698295,0.35543441672381365,CBS,1
WikiPathways_2019_Mouse,Spinal Cord Injury WP2432,0.1475800815835904,0.35543441672381365,IL1R1;ICAM1,2
WikiPathways_2019_Mouse,Integrin-mediated Cell Adhesion WP6,0.14995070808433184,0.35543441672381365,MAPK4;TNS1,2
WikiPathways_2019_Mouse,Neural Crest Differentiation WP2074,0.15232903573877726,0.35543441672381365,NOTCH2;BMP7,2
WikiPathways_2019_Mouse,Dysregulated miRNA Targeting in Insulin/PI3K-AKT Signaling WP3855,0.16374735008097807,0.36396580583843424,COL4A2,1
WikiPathways_2019_Mouse,Dopaminergic Neurogenesis WP1498,0.18645718406173262,0.36396580583843424,GLI1,1
WikiPathways_2019_Mouse,Inflammatory Response Pathway WP458,0.18645718406173262,0.36396580583843424,LAMB2,1
WikiPathways_2019_Mouse,TCA Cycle WP434,0.19203831602803864,0.36396580583843424,IDH2,1
WikiPathways_2019_Mouse,Factors and pathways affecting insulin-like growth factor (IGF1)-Akt signaling WP3675,0.19203831602803864,0.36396580583843424,IGFBP7,1
WikiPathways_2019_Mouse,Glutathione and one carbon metabolism WP730,0.19203831602803864,0.36396580583843424,CBS,1
WikiPathways_2019_Mouse,ESC Pluripotency Pathways WP339,0.19374067719359084,0.36396580583843424,FZD5;MAPK4,2
WikiPathways_2019_Mouse,White fat cell differentiation WP2872,0.19758143745515003,0.36396580583843424,KLF4,1
WikiPathways_2019_Mouse,Type II interferon signaling (IFNG) WP1253,0.20855467481700704,0.374328903517705,ICAM1,1
WikiPathways_2019_Mouse,Wnt Signaling in Kidney Disease WP3857,0.22473582030840478,0.38369530296556914,FZD5,1
WikiPathways_2019_Mouse,IL-1 Signaling Pathway WP37,0.22473582030840478,0.38369530296556914,IL1R1,1
WikiPathways_2019_Mouse,Retinol metabolism WP1259,0.2353403621082968,0.39223393684716135,SULT1A1,1
WikiPathways_2019_Mouse,Splicing factor NOVA regulated synaptic proteins WP1983,0.25097776157356577,0.3992828025034001,MAPK4,1
WikiPathways_2019_Mouse,Oxidative Damage WP1496,0.25097776157356577,0.3992828025034001,CDKN1A,1
WikiPathways_2019_Mouse,Calcium Regulation in the Cardiac Cell WP553,0.26680305024822065,0.40073788384884235,GJB6;ADCY6,2
WikiPathways_2019_Mouse,ErbB signaling pathway WP1261,0.27133484756185794,0.40073788384884235,CDKN1A,1
WikiPathways_2019_Mouse,Notch Signaling Pathway WP29,0.27133484756185794,0.40073788384884235,NOTCH2,1
WikiPathways_2019_Mouse,Mecp2 and Associated Rett Syndrome WP2910,0.2763377029023164,0.40073788384884235,GABRR2,1
WikiPathways_2019_Mouse,Myometrial Relaxation and Contraction Pathways WP385,0.2820265450999854,0.40073788384884235,NOS3;ADCY6,2
WikiPathways_2019_Mouse,Cholesterol metabolism (includes both Bloch and Kandutsch-Russell pathways) WP4346,0.286241345606316,0.40073788384884235,ABCA1,1
WikiPathways_2019_Mouse,One carbon metabolism and related pathways WP1770,0.300845077626674,0.4129246163503369,CBS,1
WikiPathways_2019_Mouse,PluriNetWork WP1763,0.3233578065984195,0.435289355036334,CDKN1A;KLF4;ICAM1,3
WikiPathways_2019_Mouse,Wnt Signaling Pathway WP403,0.33835421663245324,0.4421645676684096,FZD5,1
WikiPathways_2019_Mouse,G1 to S cell cycle control WP413,0.3429001204094664,0.4421645676684096,CDKN1A,1
WikiPathways_2019_Mouse,Endochondral Ossification WP1270,0.3474150174537504,0.4421645676684096,BMP7,1
WikiPathways_2019_Mouse,Odorant GPCRs WP1397,0.37212367419474945,0.46149124030882116,ADGRF5;GPR179,2
WikiPathways_2019_Mouse,IL-5 Signaling Pathway WP151,0.37816856748681427,0.46149124030882116,ICAM1,1
WikiPathways_2019_Mouse,mRNA processing WP310,0.3823784562558804,0.46149124030882116,RBM3;CIRBP;ZFP740;SUGP1,4
WikiPathways_2019_Mouse,IL-2 Signaling Pathway WP450,0.4074829124483796,0.48345430290485714,ICAM1,1
WikiPathways_2019_Mouse,Delta-Notch Signaling Pathway WP265,0.43542493211102146,0.507995754129525,NOTCH2,1
WikiPathways_2019_Mouse,G Protein Signaling Pathways WP232,0.46943623234925846,0.5386973158106244,ADCY6,1
WikiPathways_2019_Mouse,Wnt Signaling Pathway and Pluripotency WP723,0.48744422583266184,0.5503402549723602,FZD5,1
WikiPathways_2019_Mouse,IL-3 Signaling Pathway WP373,0.49795639252529783,0.5532848805836643,SLC2A1,1
WikiPathways_2019_Mouse,Wnt Signaling Pathway NetPath WP539,0.52495405329796,0.5741684957946437,FZD5,1
WikiPathways_2019_Mouse,Metapathway biotransformation WP1251,0.6218978622703296,0.6697361593680472,SULT1A1,1
WikiPathways_2019_Mouse,Regulation of Actin Cytoskeleton WP523,0.6496273005956926,0.6862434002161809,MAPK4,1
WikiPathways_2019_Mouse,"GPCRs, Other WP41",0.6568329687783446,0.6862434002161809,FZD5,1
WikiPathways_2019_Mouse,Purine metabolism WP2185,0.6928498717824442,0.7132278091878101,ADCY6,1
WikiPathways_2019_Mouse,Chemokine signaling pathway WP2292,0.7307745052017036,0.7413654400596994,ADCY6,1
WikiPathways_2019_Mouse,Non-odorant GPCRs WP1396,0.8423837132288838,0.8423837132288838,FZD5,1
KEGG_2019_Mouse,Adipocytokine signaling pathway,0.00012696973991843134,0.022219704485725484,NPY;SLC2A1;AGRP;SLC2A4;ACACB,5
KEGG_2019_Mouse,ECM-receptor interaction,0.00026516173305157813,0.023201651642013085,VWF;COL4A2;LAMC3;LAMB2;COL9A2,5
KEGG_2019_Mouse,Focal adhesion,0.00044926449515762633,0.026207095550861537,VWF;COL4A2;LAMB2;LAMC3;FLNA;FLNB;COL9A2,7
KEGG_2019_Mouse,AGE-RAGE signaling pathway in diabetic complications,0.0006557142962510522,0.028137826649080464,COL4A2;NOS3;SERPINE1;AGT;ICAM1,5
KEGG_2019_Mouse,PI3K-Akt signaling pathway,0.0008040206706530314,0.028137826649080464,CDKN1A;VWF;COL4A2;LAMB2;LAMC3;NOS3;SGK3;COL9A2;OSMR,9
KEGG_2019_Mouse,Insulin resistance,0.0009647254851113302,0.028137826649080464,NOS3;SLC2A1;SLC2A4;ACACB;AGT,5
KEGG_2019_Mouse,Pathways in cancer,0.0011549056905629002,0.028872642264072504,NOTCH2;CDKN1A;FZD5;COL4A2;LAMB2;LAMC3;ZBTB16;SLC2A1;GLI1;AGT;ADCY6,11
KEGG_2019_Mouse,Bile secretion,0.0015116759296353768,0.03306791096077387,SLCO1A4;SLC2A1;ABCB1A;ADCY6,4
KEGG_2019_Mouse,Vascular smooth muscle contraction,0.002792441882366642,0.05390077918437801,PLA2G4E;PLA2G3;MYH11;AGT;ADCY6,5
KEGG_2019_Mouse,Human papillomavirus infection,0.0034123456895310267,0.05390077918437801,NOTCH2;CDKN1A;FZD5;VWF;COL4A2;LAMB2;LAMC3;COL9A2,8
KEGG_2019_Mouse,Protein digestion and absorption,0.0034155983339853586,0.05390077918437801,COL18A1;COL4A2;ELN;COL9A2,4
KEGG_2019_Mouse,Small cell lung cancer,0.0036960534297859203,0.05390077918437801,CDKN1A;COL4A2;LAMC3;LAMB2,4
KEGG_2019_Mouse,HIF-1 signaling pathway,0.005711816697118179,0.076333588952613,CDKN1A;NOS3;SERPINE1;SLC2A1,4
KEGG_2019_Mouse,Amoebiasis,0.00610668711620904,0.076333588952613,COL4A2;IL1R1;LAMC3;LAMB2,4
KEGG_2019_Mouse,Basal cell carcinoma,0.00925486088534575,0.1079733769957004,CDKN1A;FZD5;GLI1,3
KEGG_2019_Mouse,Platelet activation,0.010789091230277017,0.11800568533115487,VWF;PLA2G4E;NOS3;ADCY6,4
KEGG_2019_Mouse,alpha-Linolenic acid metabolism,0.012605113827608986,0.12975852469597488,PLA2G4E;PLA2G3,2
KEGG_2019_Mouse,Salmonella infection,0.01646539315225992,0.15596512089720843,FLNA;FLNB;LBP,3
KEGG_2019_Mouse,Fluid shear stress and atherosclerosis,0.016933355983125484,0.15596512089720843,IL1R1;NOS3;PECAM1;ICAM1,4
KEGG_2019_Mouse,Oxytocin signaling pathway,0.021580716804323306,0.18883127203782893,CDKN1A;PLA2G4E;NOS3;ADCY6,4
KEGG_2019_Mouse,Cushing syndrome,0.023926992579281686,0.1993916048273474,CDKN1A;FZD5;AGT;ADCY6,4
KEGG_2019_Mouse,Morphine addiction,0.025374593566132694,0.20184335791241914,GABRR2;GRK3;ADCY6,3
KEGG_2019_Mouse,Human T-cell leukemia virus 1 infection,0.02688907572362675,0.20459079354933396,CDKN1A;IL1R1;SLC2A1;ADCY6;ICAM1,5
KEGG_2019_Mouse,Fat digestion and absorption,0.03066277991670126,0.2235827702259467,ABCA1;PLA2G3,2
KEGG_2019_Mouse,NF-kappa B signaling pathway,0.0330383736909044,0.2312686158363308,IL1R1;LBP;ICAM1,3
KEGG_2019_Mouse,Hedgehog signaling pathway,0.03653758271108665,0.24169762893287491,GRK3;GLI1,2
KEGG_2019_Mouse,Transcriptional misregulation in cancer,0.03729049132107213,0.24169762893287491,CDKN1A;ZBTB16;AFF1;BAIAP3,4
KEGG_2019_Mouse,Ether lipid metabolism,0.04120354031787479,0.24436497981929903,PLA2G4E;PLA2G3,2
KEGG_2019_Mouse,ABC transporters,0.042806215056357025,0.24436497981929903,ABCA1;ABCB1A,2
KEGG_2019_Mouse,Glutamatergic synapse,0.04364361668492182,0.24436497981929903,GRK3;PLA2G4E;ADCY6,3
KEGG_2019_Mouse,Malaria,0.04443191457135611,0.24436497981929903,PECAM1;ICAM1,2
KEGG_2019_Mouse,Arginine and proline metabolism,0.046080253337353536,0.24436497981929903,NOS3;PRODH,2
KEGG_2019_Mouse,Linoleic acid metabolism,0.046080253337353536,0.24436497981929903,PLA2G4E;PLA2G3,2
KEGG_2019_Mouse,Proteoglycans in cancer,0.051133270214752696,0.25975146294221857,CDKN1A;FZD5;FLNA;FLNB,4
KEGG_2019_Mouse,MAPK signaling pathway,0.05195029258844371,0.25975146294221857,IL1R1;PLA2G4E;FLNA;FLNB;MAP3K6,5
KEGG_2019_Mouse,Regulation of lipolysis in adipocytes,0.05642463718527904,0.26601179514803835,NPY;ADCY6,2
KEGG_2019_Mouse,Inflammatory mediator regulation of TRP channels,0.05681126410747399,0.26601179514803835,IL1R1;PLA2G4E;ADCY6,3
KEGG_2019_Mouse,Ovarian steroidogenesis,0.058220998601404145,0.26601179514803835,PLA2G4E;ADCY6,2
KEGG_2019_Mouse,VEGF signaling pathway,0.06003706076133998,0.26601179514803835,PLA2G4E;NOS3,2
KEGG_2019_Mouse,Relaxin signaling pathway,0.061201116232082825,0.26601179514803835,COL4A2;NOS3;ADCY6,3
KEGG_2019_Mouse,FoxO signaling pathway,0.062322763434683265,0.26601179514803835,CDKN1A;SGK3;SLC2A4,3
KEGG_2019_Mouse,Estrogen signaling pathway,0.06459473162369894,0.2691447150987456,NOS3;ADCY6;FKBP5,3
KEGG_2019_Mouse,Signaling pathways regulating pluripotency of stem cells,0.06807359962189972,0.27543378788297085,FZD5;PCGF2;KLF4,3
KEGG_2019_Mouse,Apelin signaling pathway,0.06925192381057553,0.27543378788297085,NOS3;SERPINE1;ADCY6,3
KEGG_2019_Mouse,Renal cell carcinoma,0.07920615196997925,0.2984961928821241,CDKN1A;SLC2A1,2
KEGG_2019_Mouse,Breast cancer,0.0802670040780238,0.2984961928821241,NOTCH2;CDKN1A;FZD5,3
KEGG_2019_Mouse,Cortisol synthesis and secretion,0.0812166640320031,0.2984961928821241,ADCY6;AGT,2
KEGG_2019_Mouse,Phospholipase D signaling pathway,0.08281257977912758,0.2984961928821241,PLA2G4E;AGT;ADCY6,3
KEGG_2019_Mouse,Gastric cancer,0.08409835368725252,0.2984961928821241,CDKN1A;FZD5;ABCB1A,3
KEGG_2019_Mouse,p53 signaling pathway,0.08528462653774974,0.2984961928821241,CDKN1A;SERPINE1,2
KEGG_2019_Mouse,Fatty acid biosynthesis,0.09177308130260607,0.3149076319207071,ACACB,1
KEGG_2019_Mouse,Renin secretion,0.09571428355567489,0.31714321570763465,ADCY6;AGT,2
KEGG_2019_Mouse,Hippo signaling pathway,0.09604908818574077,0.31714321570763465,FZD5;SERPINE1;BMP7,3
KEGG_2019_Mouse,Insulin secretion,0.11756506839470834,0.36933067537822123,SLC2A1;ADCY6,2
KEGG_2019_Mouse,Complement and coagulation cascades,0.12207540086239185,0.36933067537822123,VWF;SERPINE1,2
KEGG_2019_Mouse,Arginine biosynthesis,0.12248077981539765,0.36933067537822123,NOS3,1
KEGG_2019_Mouse,Arachidonic acid metabolism,0.12434641340606571,0.36933067537822123,PLA2G4E;PLA2G3,2
KEGG_2019_Mouse,Dilated cardiomyopathy (DCM),0.12662766012967586,0.36933067537822123,ADCY6;AGT,2
KEGG_2019_Mouse,GABAergic synapse,0.12662766012967586,0.36933067537822123,GABRR2;ADCY6,2
KEGG_2019_Mouse,GnRH signaling pathway,0.12662766012967586,0.36933067537822123,PLA2G4E;ADCY6,2
KEGG_2019_Mouse,TGF-beta signaling pathway,0.12891889706243082,0.3698492948512359,NBL1;BMP7,2
KEGG_2019_Mouse,Glycerophospholipid metabolism,0.14286280257367737,0.40324178145796036,PLA2G4E;PLA2G3,2
KEGG_2019_Mouse,Circadian entrainment,0.1475800815835904,0.4099446710655289,PER3;ADCY6,2
KEGG_2019_Mouse,Melanogenesis,0.14995070808433184,0.41002146741809486,FZD5;ADCY6,2
KEGG_2019_Mouse,Aldosterone synthesis and secretion,0.15471485015711253,0.4102287693559802,ADCY6;AGT,2
KEGG_2019_Mouse,Glucagon signaling pathway,0.15471485015711253,0.4102287693559802,SLC2A1;ACACB,2
KEGG_2019_Mouse,Pancreatic secretion,0.16191510783845733,0.4229125951004483,PLA2G3;ADCY6,2
KEGG_2019_Mouse,"Parathyroid hormone synthesis, secretion and action",0.16674889563595052,0.42906770972793595,CDKN1A;ADCY6,2
KEGG_2019_Mouse,Toxoplasmosis,0.16917526840701474,0.42906770972793595,LAMC3;LAMB2,2
KEGG_2019_Mouse,cAMP signaling pathway,0.17635431959269676,0.4408857989817419,NPY;GLI1;ADCY6,3
KEGG_2019_Mouse,Thyroid hormone signaling pathway,0.18631868889112638,0.4469864001479891,NOTCH2;SLC2A1,2
KEGG_2019_Mouse,Leukocyte transendothelial migration,0.18631868889112638,0.4469864001479891,PECAM1;ICAM1,2
KEGG_2019_Mouse,Circadian rhythm,0.18645718406173262,0.4469864001479891,PER3,1
KEGG_2019_Mouse,Propanoate metabolism,0.19203831602803864,0.4541446662825238,ACACB,1
KEGG_2019_Mouse,Citrate cycle (TCA cycle),0.19758143745515003,0.4610233540620168,IDH2,1
KEGG_2019_Mouse,AMPK signaling pathway,0.21370557451732256,0.492085204480677,SLC2A4;ACACB,2
KEGG_2019_Mouse,Renin-angiotensin system,0.21937893133793554,0.4985884803134899,AGT,1
KEGG_2019_Mouse,Thyroid cancer,0.22473582030840478,0.5032479702759127,CDKN1A,1
KEGG_2019_Mouse,Serotonergic synapse,0.22880540691531276,0.5032479702759127,CYP2D22;PLA2G4E,2
KEGG_2019_Mouse,Pyruvate metabolism,0.2300562149832744,0.5032479702759127,ACACB,1
KEGG_2019_Mouse,African trypanosomiasis,0.2353403621082968,0.5072649241034712,ICAM1,1
KEGG_2019_Mouse,"Glycine, serine and threonine metabolism",0.24058850686050348,0.5072649241034712,CBS,1
KEGG_2019_Mouse,Nicotine addiction,0.24058850686050348,0.5072649241034712,GABRR2,1
KEGG_2019_Mouse,Bladder cancer,0.2458008927300703,0.5075211736145343,CDKN1A,1
KEGG_2019_Mouse,Insulin signaling pathway,0.24651028432705957,0.5075211736145343,SLC2A4;ACACB,2
KEGG_2019_Mouse,Human cytomegalovirus infection,0.254481185569762,0.5151826079158112,CDKN1A;IL1R1;ADCY6,3
KEGG_2019_Mouse,Vasopressin-regulated water reabsorption,0.25611935364957467,0.5151826079158112,ADCY6,1
KEGG_2019_Mouse,Adrenergic signaling in cardiomyocytes,0.2693409628138483,0.5356212328684483,AGT;ADCY6,2
KEGG_2019_Mouse,Retrograde endocannabinoid signaling,0.2744163372926703,0.5395826856878349,GABRR2;ADCY6,2
KEGG_2019_Mouse,Type II diabetes mellitus,0.28130645867119686,0.5444808204467967,SLC2A4,1
KEGG_2019_Mouse,Cholesterol metabolism,0.286241345606316,0.5444808204467967,ABCA1,1
KEGG_2019_Mouse,Notch signaling pathway,0.286241345606316,0.5444808204467967,NOTCH2,1
KEGG_2019_Mouse,Cysteine and methionine metabolism,0.2911425929329805,0.5478489651964688,CBS,1
KEGG_2019_Mouse,MicroRNAs in cancer,0.30275805510189024,0.5630335158094546,NOTCH2;CDKN1A;ABCB1A,3
KEGG_2019_Mouse,Glycosaminoglycan biosynthesis,0.3056467657251325,0.5630335158094546,CHPF2,1
KEGG_2019_Mouse,JAK-STAT signaling pathway,0.3098567184676487,0.5648429763733179,CDKN1A;OSMR,2
KEGG_2019_Mouse,Endocrine and other factor-regulated calcium reabsorption,0.3151521487915624,0.5661218808655216,ADCY6,1
KEGG_2019_Mouse,Cytokine-cytokine receptor interaction,0.3233578065984195,0.5661218808655216,IL1R1;OSMR;BMP7,3
KEGG_2019_Mouse,Cell adhesion molecules (CAMs),0.32495363563226565,0.5661218808655216,PECAM1;ICAM1,2
KEGG_2019_Mouse,Hepatocellular carcinoma,0.32746212027338223,0.5661218808655216,CDKN1A;FZD5,2
KEGG_2019_Mouse,Endometrial cancer,0.3291685419887074,0.5661218808655216,CDKN1A,1
KEGG_2019_Mouse,cGMP-PKG signaling pathway,0.32996818199018974,0.5661218808655216,NOS3;ADCY6,2
KEGG_2019_Mouse,Lysine degradation,0.3337770947455803,0.5670970056356947,KMT2B,1
KEGG_2019_Mouse,Long-term depression,0.3429001204094664,0.5749150743296755,PLA2G4E,1
KEGG_2019_Mouse,Tuberculosis,0.3449490445978053,0.5749150743296755,MRC2;LBP,2
KEGG_2019_Mouse,Central carbon metabolism in cancer,0.35635262977237486,0.5828197215903328,SLC2A1,1
KEGG_2019_Mouse,Glutathione metabolism,0.35635262977237486,0.5828197215903328,IDH2,1
KEGG_2019_Mouse,Cellular senescence,0.36228987497089654,0.5862800490655053,CDKN1A;SERPINE1,2
KEGG_2019_Mouse,Non-small cell lung cancer,0.36516871627508624,0.5862800490655053,CDKN1A,1
KEGG_2019_Mouse,Fc epsilon RI signaling pathway,0.37386491738573735,0.5947850958409457,PLA2G4E,1
KEGG_2019_Mouse,Acute myeloid leukemia,0.37816856748681427,0.5958919834846155,ZBTB16,1
KEGG_2019_Mouse,Adherens junction,0.3909041152642434,0.5958919834846155,PTPRB,1
KEGG_2019_Mouse,Melanoma,0.3909041152642434,0.5958919834846155,CDKN1A,1
KEGG_2019_Mouse,Chemokine signaling pathway,0.39160704286048637,0.5958919834846155,GRK3;ADCY6,2
KEGG_2019_Mouse,Thyroid hormone synthesis,0.395091488951388,0.5958919834846155,ADCY6,1
KEGG_2019_Mouse,Gastric acid secretion,0.3992502841799943,0.5958919834846155,ADCY6,1
KEGG_2019_Mouse,Glioma,0.4033806945750766,0.5958919834846155,CDKN1A,1
KEGG_2019_Mouse,Pancreatic cancer,0.4033806945750766,0.5958919834846155,CDKN1A,1
KEGG_2019_Mouse,Chronic myeloid leukemia,0.4074829124483796,0.5958919834846155,CDKN1A,1
KEGG_2019_Mouse,Salivary secretion,0.41560353342423734,0.5958919834846155,ADCY6,1
KEGG_2019_Mouse,Neuroactive ligand-receptor interaction,0.42726497317208617,0.5958919834846155,GABRR2;NPY;AGT,3
KEGG_2019_Mouse,Kaposi sarcoma-associated herpesvirus infection,0.4367459327730491,0.5958919834846155,CDKN1A;ICAM1,2
KEGG_2019_Mouse,ErbB signaling pathway,0.4393083798218873,0.5958919834846155,CDKN1A,1
KEGG_2019_Mouse,Peroxisome,0.4393083798218873,0.5958919834846155,IDH2,1
KEGG_2019_Mouse,Rheumatoid arthritis,0.4393083798218873,0.5958919834846155,ICAM1,1
KEGG_2019_Mouse,PPAR signaling pathway,0.44316530874453697,0.5958919834846155,PLIN4,1
KEGG_2019_Mouse,Gap junction,0.44699589850685556,0.5958919834846155,ADCY6,1
KEGG_2019_Mouse,Hypertrophic cardiomyopathy (HCM),0.44699589850685556,0.5958919834846155,AGT,1
KEGG_2019_Mouse,Th1 and Th2 cell differentiation,0.45080032782898727,0.5958919834846155,NOTCH2,1
KEGG_2019_Mouse,Viral myocarditis,0.45080032782898727,0.5958919834846155,ICAM1,1
KEGG_2019_Mouse,Fc gamma R-mediated phagocytosis,0.45080032782898727,0.5958919834846155,PLA2G4E,1
KEGG_2019_Mouse,Taste transduction,0.4545787739505501,0.5958919834846155,ADCY6,1
KEGG_2019_Mouse,Colorectal cancer,0.4545787739505501,0.5958919834846155,CDKN1A,1
KEGG_2019_Mouse,Steroid hormone biosynthesis,0.4583314130780541,0.5958919834846155,CYP2D22,1
KEGG_2019_Mouse,Progesterone-mediated oocyte maturation,0.4620584201871795,0.5958919834846155,ADCY6,1
KEGG_2019_Mouse,IL-17 signaling pathway,0.4657599690423809,0.5958919834846155,MAPK4,1
KEGG_2019_Mouse,Epstein-Barr virus infection,0.46658159272776534,0.5958919834846155,CDKN1A;ICAM1,2
KEGG_2019_Mouse,Ras signaling pathway,0.4755749734460439,0.5958919834846155,PLA2G4E;PLA2G3,2
KEGG_2019_Mouse,Chemical carcinogenesis,0.4767135867876924,0.5958919834846155,SULT1A1,1
KEGG_2019_Mouse,Hematopoietic cell lineage,0.4767135867876924,0.5958919834846155,IL1R1,1
KEGG_2019_Mouse,Staphylococcus aureus infection,0.4803150174866205,0.5961356600011246,ICAM1,1
KEGG_2019_Mouse,Prostate cancer,0.48744422583266184,0.6007235177515198,CDKN1A,1
KEGG_2019_Mouse,Toll-like receptor signaling pathway,0.4944763372236363,0.6009261042648357,LBP,1
KEGG_2019_Mouse,Choline metabolism in cancer,0.4944763372236363,0.6009261042648357,PLA2G4E,1
KEGG_2019_Mouse,Th17 cell differentiation,0.5048453145340125,0.6050648843729024,IL1R1,1
KEGG_2019_Mouse,Longevity regulating pathway,0.5048453145340125,0.6050648843729024,ADCY6,1
KEGG_2019_Mouse,Chagas disease (American trypanosomiasis),0.508254502873238,0.6050648843729024,SERPINE1,1
KEGG_2019_Mouse,TNF signaling pathway,0.5314751312339429,0.6284334322022973,ICAM1,1
KEGG_2019_Mouse,Cholinergic synapse,0.5410904890151278,0.6355089636083715,ADCY6,1
KEGG_2019_Mouse,Oocyte meiosis,0.5505099247008397,0.6422615788176463,ADCY6,1
KEGG_2019_Mouse,Natural killer cell mediated cytotoxicity,0.5566826634363009,0.6451620271612758,ICAM1,1
KEGG_2019_Mouse,Cell cycle,0.5717488033733201,0.6530687139151555,CDKN1A,1
KEGG_2019_Mouse,Lysosome,0.5747004682453368,0.6530687139151555,AP1G2,1
KEGG_2019_Mouse,Sphingolipid signaling pathway,0.5747004682453368,0.6530687139151555,NOS3,1
KEGG_2019_Mouse,Osteoclast differentiation,0.5863065295986527,0.661958985030737,IL1R1,1
KEGG_2019_Mouse,Purine metabolism,0.608583696776782,0.6827060701021593,ADCY6,1
KEGG_2019_Mouse,mTOR signaling pathway,0.6544475763026085,0.7294797825029076,FZD5,1
KEGG_2019_Mouse,Wnt signaling pathway,0.6685169333077012,0.7340617939811112,FZD5,1
KEGG_2019_Mouse,Hepatitis C,0.6685169333077012,0.7340617939811112,CDKN1A,1
KEGG_2019_Mouse,Hepatitis B,0.6753368504626223,0.7340617939811112,CDKN1A,1
KEGG_2019_Mouse,Protein processing in endoplasmic reticulum,0.6753368504626223,0.7340617939811112,UFD1,1
KEGG_2019_Mouse,Tight junction,0.684213858596233,0.736927360260187,MYH11,1
KEGG_2019_Mouse,Influenza A,0.6863951984137742,0.736927360260187,ICAM1,1
KEGG_2019_Mouse,Necroptosis,0.703315868389424,0.7500048043791312,PLA2G4E,1
KEGG_2019_Mouse,Axon guidance,0.7114331287253473,0.7500048043791312,BMP7,1
KEGG_2019_Mouse,Phagosome,0.7114331287253473,0.7500048043791312,MRC2,1
KEGG_2019_Mouse,Calcium signaling pathway,0.7288997621664047,0.7638171160426397,NOS3,1
KEGG_2019_Mouse,Huntington disease,0.7344854673133344,0.76508902845139,TGM2,1
KEGG_2019_Mouse,Alcoholism,0.7470784199586605,0.7736019141583763,NPY,1
KEGG_2019_Mouse,Rap1 signaling pathway,0.7640463987758364,0.7865183516810079,ADCY6,1
KEGG_2019_Mouse,Viral carcinogenesis,0.7946653651311292,0.8114111279194605,CDKN1A,1
KEGG_2019_Mouse,Thermogenesis,0.7975012228694125,0.8114111279194605,ADCY6,1
KEGG_2019_Mouse,Human immunodeficiency virus 1 infection,0.8071239678696196,0.8164548807929679,AP1G2,1
KEGG_2019_Mouse,Endocytosis,0.8445647079593331,0.8494185281200191,GRK3,1
KEGG_2019_Mouse,Olfactory transduction,0.9996674382432317,0.9996674382432317,GRK3,1
