library,term,p,padj,overlap,n
GO_Biological_Process_2023,Monoatomic Anion Transmembrane Transport (GO:0098656),6.484490784715821e-05,0.05173113295989298,SLC12A2;GABRB2;GABRA1;LRRC8B;ANO3,5
GO_Biological_Process_2023,Inhibitory Synapse Assembly (GO:1904862),0.00012810400343397582,0.05173113295989298,GABRA1;GABRB2;HAPLN4,3
GO_Biological_Process_2023,Glial Cell Differentiation (GO:0010001),0.00014106526591739987,0.05173113295989298,METRN;SOX8;TPPP;HAPLN4,4
GO_Biological_Process_2023,"Synaptic Transmission, GABAergic (GO:0051932)",0.00016210336230958723,0.05173113295989298,GABRA1;GABRB2;HAPLN4,3
GO_Biological_Process_2023,Mesonephric Tubule Development (GO:0072164),0.0002465295818874848,0.05173113295989298,SALL1;OXSR1;FGFR2,3
GO_Biological_Process_2023,Long-Chain fatty-acyl-CoA Biosynthetic Process (GO:0035338),0.000297636613330785,0.05173113295989298,ELOVL5;ELOVL6;HSD17B12,3
GO_Biological_Process_2023,Positive Regulation Of Neurogenesis (GO:0050769),0.0003100426021145311,0.05173113295989298,PTPRD;METRN;SOX8;HAPLN4;VEGFA,5
GO_Biological_Process_2023,Sphingolipid Biosynthetic Process (GO:0030148),0.0003504882453251573,0.05173113295989298,ELOVL5;PRKD3;FUT9;ELOVL6;SGPP2,5
GO_Biological_Process_2023,Ureteric Bud Development (GO:0001657),0.0003551116108604761,0.05173113295989298,SALL1;OXSR1;FGFR2,3
GO_Biological_Process_2023,Oligodendrocyte Differentiation (GO:0048709),0.0004192727274730579,0.05173113295989298,SOX8;TPPP;SOX6,3
GO_Biological_Process_2023,Gamma-Aminobutyric Acid Signaling Pathway (GO:0007214),0.0004904295941369473,0.05173113295989298,SLC12A2;GABRA1;GABRB2,3
GO_Biological_Process_2023,Chloride Transmembrane Transport (GO:1902476),0.0005435016166990108,0.05173113295989298,SLC12A2;GABRB2;GABRA1;ANO3,4
GO_Biological_Process_2023,Negative Regulation Of Nervous System Process (GO:0031645),0.0006028772063270436,0.05173113295989298,TMEM98;JAM2,2
GO_Biological_Process_2023,Venous Blood Vessel Morphogenesis (GO:0048845),0.0006028772063270436,0.05173113295989298,PROX1;VEGFA,2
GO_Biological_Process_2023,Long-Chain fatty-acyl-CoA Metabolic Process (GO:0035336),0.0007488460252438567,0.05173113295989298,ELOVL5;ELOVL6;HSD17B12,3
GO_Biological_Process_2023,Regulation Of Axon Extension Involved In Axon Guidance (GO:0048841),0.0007488460252438567,0.05173113295989298,SEMA6D;SEMA3E;VEGFA,3
GO_Biological_Process_2023,Ear Morphogenesis (GO:0042471),0.0008509164987106108,0.05173113295989298,MYO6;OXSR1;FGFR2,3
GO_Biological_Process_2023,"Substrate-Dependent Cell Migration, Cell Extension (GO:0006930)",0.0008996540357874079,0.05173113295989298,P2RY12;SHTN1,2
GO_Biological_Process_2023,"Fatty Acid Elongation, Monounsaturated Fatty Acid (GO:0034625)",0.0008996540357874079,0.05173113295989298,ELOVL5;ELOVL6,2
GO_Biological_Process_2023,"Fatty Acid Elongation, Polyunsaturated Fatty Acid (GO:0034626)",0.0008996540357874079,0.05173113295989298,ELOVL5;ELOVL6,2
GO_Biological_Process_2023,"Fatty Acid Elongation, Saturated Fatty Acid (GO:0019367)",0.0008996540357874079,0.05173113295989298,ELOVL5;ELOVL6,2
GO_Biological_Process_2023,"Fatty Acid Elongation, Unsaturated Fatty Acid (GO:0019368)",0.0008996540357874079,0.05173113295989298,ELOVL5;ELOVL6,2
GO_Biological_Process_2023,Ureter Development (GO:0072189),0.0008996540357874079,0.05173113295989298,SOX8;OXSR1,2
GO_Biological_Process_2023,Regulation Of Myelination (GO:0031641),0.0009614077605126643,0.05173113295989298,TMEM98;TPPP;JAM2,3
GO_Biological_Process_2023,fatty-acyl-CoA Biosynthetic Process (GO:0046949),0.0009614077605126643,0.05173113295989298,ELOVL5;ELOVL6;HSD17B12,3
GO_Biological_Process_2023,Regulation Of Biomineral Tissue Development (GO:0070167),0.0009614077605126643,0.05173113295989298,S1PR1;BMP2K;ENPP1,3
GO_Biological_Process_2023,Membrane Lipid Biosynthetic Process (GO:0046467),0.0010446542626098383,0.0541285671626357,ELOVL5;PRKD3;ELOVL6;SGPP2,4
GO_Biological_Process_2023,Regulation Of Bone Mineralization (GO:0030500),0.001115250304119272,0.05454702177426446,BMP2K;S1PR1;ENPP1;OXSR1,4
GO_Biological_Process_2023,Chordate Embryonic Development (GO:0043009),0.0011891258906862395,0.05454702177426446,SOX8;PROX1;FGFR2;VEGFA,4
GO_Biological_Process_2023,Respiratory Tube Development (GO:0030323),0.0012086902609022144,0.05454702177426446,PROX1;FGFR2;VEGFA,3
GO_Biological_Process_2023,In Utero Embryonic Development (GO:0001701),0.0012086902609022144,0.05454702177426446,SOX8;FGFR2;VEGFA,3
GO_Biological_Process_2023,Kidney Epithelium Development (GO:0072073),0.001253026082463561,0.0547807340427038,SALL1;OXSR1,2
GO_Biological_Process_2023,Epithelium Development (GO:0060429),0.0013747586311817117,0.058281434091612565,SALL1;SOX8;OXSR1;PROX1;FGFR2;VEGFA,6
GO_Biological_Process_2023,Positive Regulation Of Neural Precursor Cell Proliferation (GO:2000179),0.0014926934644368904,0.06071819938434319,PROX1;HAPLN4;VEGFA,3
GO_Biological_Process_2023,Inorganic Anion Transmembrane Transport (GO:0098661),0.0015190400131894295,0.06071819938434319,SLC12A2;GABRB2;GABRA1;ANO3,4
GO_Biological_Process_2023,Central Nervous System Development (GO:0007417),0.001810271447102494,0.06683168819862333,NFASC;MAL;SOX8;PAX6;TPPP;PROX1;SOX6;EML1,8
GO_Biological_Process_2023,Regulation Of Protein Autophosphorylation (GO:0031952),0.0018152996079683246,0.06683168819862333,RASSF2;ENPP1;VEGFA,3
GO_Biological_Process_2023,Cardiac Muscle Tissue Morphogenesis (GO:0055008),0.0018152996079683246,0.06683168819862333,S1PR1;PROX1;FGFR2,3
GO_Biological_Process_2023,Respiratory System Development (GO:0060541),0.0019916357487281882,0.06916865985424653,PROX1;FGFR2;VEGFA,3
GO_Biological_Process_2023,Mesenchymal Cell Migration (GO:0090497),0.0019916357487281882,0.06916865985424653,SEMA6D;SEMA3E;SOX8,3
GO_Biological_Process_2023,Negative Regulation Of Potassium Ion Transmembrane Transporter Activity (GO:1901017),0.0021259845416244467,0.06916865985424653,KCNAB1;OXSR1,2
GO_Biological_Process_2023,Apical Protein Localization (GO:0045176),0.0021259845416244467,0.06916865985424653,INSC;MAL,2
GO_Biological_Process_2023,Cell Differentiation Involved In Metanephros Development (GO:0072202),0.0021259845416244467,0.06916865985424653,SALL1;OXSR1,2
GO_Biological_Process_2023,Lung Development (GO:0030324),0.0021782770848212847,0.0692593100378404,PROX1;FGFR2;VEGFA,3
GO_Biological_Process_2023,Synapse Assembly (GO:0007416),0.0023607099611053944,0.07179637468666189,PTPRD;GABRB2;GABRA1;HAPLN4,4
GO_Biological_Process_2023,Kidney Development (GO:0001822),0.0023607099611053944,0.07179637468666189,SALL1;OXSR1;PROX1;VEGFA,4
GO_Biological_Process_2023,Establishment Of Spindle Orientation (GO:0051294),0.0025832842002658386,0.07548350784303641,UBXN2B;INSC;MAP4,3
GO_Biological_Process_2023,Cellular Response To Forskolin (GO:1904322),0.0026438112110856215,0.07548350784303641,CREB1;GNAI1,2
GO_Biological_Process_2023,Response To Forskolin (GO:1904321),0.0026438112110856215,0.07548350784303641,CREB1;GNAI1,2
GO_Biological_Process_2023,Neural Crest Cell Migration (GO:0001755),0.002802037893024288,0.07840102024681958,SEMA6D;SEMA3E;SOX8,3
GO_Biological_Process_2023,Regulation Of Ossification (GO:0030278),0.003031872829456727,0.08316843310607766,S1PR1;BMP2K;ENPP1,3
GO_Biological_Process_2023,Chloride Transport (GO:0006821),0.0031708943640701196,0.08485630295855645,SLC12A2;GABRB2;GABRA1;ANO3,4
GO_Biological_Process_2023,Positive Regulation Of Branching Involved In Ureteric Bud Morphogenesis (GO:0090190),0.0032147134072934183,0.08485630295855645,SOX8;VEGFA,2
GO_Biological_Process_2023,Negative Regulation Of Cellular Component Organization (GO:0051129),0.0034783057244686636,0.08967569595624121,TMEFF2;CRYAB;SVIP;VEGFA,4
GO_Biological_Process_2023,Vesicle Cytoskeletal Trafficking (GO:0099518),0.0035254919782653797,0.08967569595624121,MYO1E;KIF5B;MYO6,3
GO_Biological_Process_2023,Axonogenesis (GO:0007409),0.003729919889596535,0.09100226335967658,SHTN1;NFASC;KIF5B;SEMA6D;SEMA3E;FGFR2,6
GO_Biological_Process_2023,Cyclic-Nucleotide-Mediated Signaling (GO:0019935),0.0037896135393282867,0.09100226335967658,GUCY1A1;CREB1;NUDT4,3
GO_Biological_Process_2023,Fatty Acid Elongation (GO:0030497),0.003837836696369491,0.09100226335967658,ELOVL5;ELOVL6,2
GO_Biological_Process_2023,Very Long-Chain Fatty Acid Biosynthetic Process (GO:0042761),0.003837836696369491,0.09100226335967658,ELOVL5;ELOVL6,2
GO_Biological_Process_2023,Branching Morphogenesis Of An Epithelial Tube (GO:0048754),0.004353278838876604,0.09564786296296836,SALL1;SEMA3E;VEGFA,3
GO_Biological_Process_2023,Positive Regulation Of Neuron Differentiation (GO:0045666),0.004353278838876604,0.09564786296296836,DLX1;GPRC5B;PROX1,3
GO_Biological_Process_2023,Lipid Modification (GO:0030258),0.004353278838876604,0.09564786296296836,MBOAT1;PLA2G7;SGPP2,3
GO_Biological_Process_2023,Branching Involved In Blood Vessel Morphogenesis (GO:0001569),0.004512336637280852,0.09564786296296836,SEMA3E;VEGFA,2
GO_Biological_Process_2023,Response To Chemokine (GO:1990868),0.004512336637280852,0.09564786296296836,SLC12A2;OXSR1,2
GO_Biological_Process_2023,Substrate-Dependent Cell Migration (GO:0006929),0.004512336637280852,0.09564786296296836,P2RY12;SHTN1,2
GO_Biological_Process_2023,Lipid Oxidation (GO:0034440),0.004512336637280852,0.09564786296296836,PLA2G7;PPARGC1A,2
GO_Biological_Process_2023,Negative Regulation Of BMP Signaling Pathway (GO:0030514),0.004653124228679633,0.09716001187944488,DLX1;GPR155;HIPK2,3
GO_Biological_Process_2023,Neural Crest Cell Development (GO:0014032),0.00496516965262929,0.10215106388277025,SEMA6D;SEMA3E;SOX8,3
GO_Biological_Process_2023,Regulation Of Branching Involved In Ureteric Bud Morphogenesis (GO:0090189),0.005237378676849023,0.10618975027408381,SOX8;VEGFA,2
GO_Biological_Process_2023,Regulation Of Epithelial Cell Proliferation (GO:0050678),0.005755685685649696,0.11503148963177035,OXSR1;SGPP2;FGFR2;VEGFA,4
GO_Biological_Process_2023,Golgi To Endosome Transport (GO:0006895),0.006012138049846984,0.117982337641256,GBF1;EPS15,2
GO_Biological_Process_2023,Protein Stabilization (GO:0050821),0.0060720002217086715,0.117982337641256,PYURF;CREB1;RASSF2;PPARGC1A;CRYAB;GOLGA7,6
GO_Biological_Process_2023,Myelination (GO:0042552),0.00633800253603061,0.1206718437265067,NFASC;MAL;TPPP,3
GO_Biological_Process_2023,Sphingolipid Metabolic Process (GO:0006665),0.006449783253640544,0.1206718437265067,ELOVL5;PRKD3;ELOVL6;SGPP2,4
GO_Biological_Process_2023,Axon Guidance (GO:0007411),0.006469183902421732,0.1206718437265067,NFASC;KIF5B;SEMA6D;SEMA3E;VEGFA,5
GO_Biological_Process_2023,Regulation Of Osteoblast Proliferation (GO:0033688),0.006835799681695933,0.12419849032068325,SOX8;FGFR2,2
GO_Biological_Process_2023,Endoplasmic Reticulum Tubular Network Organization (GO:0071786),0.006835799681695933,0.12419849032068325,TMEM33;REEP3,2
GO_Biological_Process_2023,T Cell Migration (GO:0072678),0.007707558082937685,0.13312189824728174,SLC12A2;S1PR1,2
GO_Biological_Process_2023,Embryonic Digit Morphogenesis (GO:0042733),0.007707558082937685,0.13312189824728174,SALL1;OXSR1,2
GO_Biological_Process_2023,Positive Regulation Of Fatty Acid Metabolic Process (GO:0045923),0.007707558082937685,0.13312189824728174,ELOVL5;PPARGC1A,2
GO_Biological_Process_2023,Positive Regulation Of Peptidyl-Lysine Acetylation (GO:2000758),0.007707558082937685,0.13312189824728174,DIP2A;PPARGC1A,2
GO_Biological_Process_2023,Adenylate Cyclase-Inhibiting G Protein-Coupled Receptor Signaling Pathway (GO:0007193),0.007916000216086991,0.13505468661348416,P2RY12;GPR37L1;GNAI1,3
GO_Biological_Process_2023,Protein Homotetramerization (GO:0051289),0.008343354825232413,0.13964626842046213,ME1;AQP4;PKD2L1,3
GO_Biological_Process_2023,Positive Regulation Of Focal Adhesion Assembly (GO:0051894),0.00862661725942039,0.13964626842046213,VEGFA;MAP4K4,2
GO_Biological_Process_2023,Positive Regulation Of Neuroblast Proliferation (GO:0002052),0.00862661725942039,0.13964626842046213,HAPLN4;VEGFA,2
GO_Biological_Process_2023,Vesicle Transport Along Actin Filament (GO:0030050),0.00862661725942039,0.13964626842046213,MYO1E;MYO6,2
GO_Biological_Process_2023,Organelle Disassembly (GO:1903008),0.008784039757684537,0.13964626842046213,KIF5B;GBF1;MAP4,3
GO_Biological_Process_2023,Endoplasmic Reticulum Organization (GO:0007029),0.008784039757684537,0.13964626842046213,SHTN1;TMEM33;REEP3,3
GO_Biological_Process_2023,Positive Regulation Of Stress-Activated MAPK Cascade (GO:0032874),0.009464272108813966,0.1458638549558019,RASSF2;PLCB1;HIPK2;VEGFA,4
GO_Biological_Process_2023,Positive Regulation Of Axon Extension (GO:0045773),0.009592190604670318,0.1458638549558019,SHTN1;VEGFA,2
GO_Biological_Process_2023,Embryonic Digestive Tract Development (GO:0048566),0.009592190604670318,0.1458638549558019,SALL1;FGFR2,2
GO_Biological_Process_2023,Negative Regulation Of Axon Extension Involved In Axon Guidance (GO:0048843),0.009592190604670318,0.1458638549558019,SEMA6D;SEMA3E,2
GO_Biological_Process_2023,post-Golgi Vesicle-Mediated Transport (GO:0006892),0.009705739411077765,0.1460035423236322,GBF1;GOLGA7;EPS15,3
GO_Biological_Process_2023,Actin Filament-Based Transport (GO:0099515),0.010603500811000064,0.15044469301624824,MYO1E;MYO6,2
GO_Biological_Process_2023,Cell Projection Organization (GO:0030030),0.010603500811000064,0.15044469301624824,P2RY12;PACSIN2,2
GO_Biological_Process_2023,Peripheral Nervous System Development (GO:0007422),0.010603500811000064,0.15044469301624824,NFASC;SOX8,2
GO_Biological_Process_2023,Response To ATP (GO:0033198),0.010603500811000064,0.15044469301624824,P2RY12;ENPP1,2
GO_Biological_Process_2023,Positive Regulation Of Embryonic Development (GO:0040019),0.010603500811000064,0.15044469301624824,OXSR1;PLCB1,2
GO_Biological_Process_2023,Renal System Development (GO:0072001),0.010681731432151353,0.15044469301624824,SALL1;PROX1;VEGFA,3
GO_Biological_Process_2023,Positive Regulation Of Wnt Signaling Pathway (GO:0030177),0.01075373073740159,0.15044469301624824,GPRC5B;SALL1;FAM53B;FGFR2,4
GO_Biological_Process_2023,Regulation Of JNK Cascade (GO:0046328),0.011092915732975732,0.1536533575290401,RASSF2;PLCB1;MAP4K4;HIPK2,4
GO_Biological_Process_2023,Neuron Differentiation (GO:0030182),0.011876834669509992,0.16289893826122037,PTPRD;SALL1;FUT9;PAX6;VEGFA,5
GO_Biological_Process_2023,Positive Regulation Of Cell Junction Assembly (GO:1901890),0.012248727246046084,0.16636863511862593,PTPRD;MAP4K4;VEGFA,3
GO_Biological_Process_2023,Positive Regulation Of Protein Autophosphorylation (GO:0031954),0.012760268487644343,0.17052837969949494,RASSF2;VEGFA,2
GO_Biological_Process_2023,Cell Junction Organization (GO:0034330),0.01279877045635952,0.17052837969949494,GRM5;SEMA3E;ELFN1,3
GO_Biological_Process_2023,Protein Polymerization (GO:0051258),0.013362758396087323,0.17636319807666193,MAP4;TPPP;FHDC1,3
GO_Biological_Process_2023,Nuclear Membrane Reassembly (GO:0031468),0.013904216963832688,0.17845871130643973,UBXN2B;REEP3,2
GO_Biological_Process_2023,Positive Regulation Of Cell-Substrate Junction Organization (GO:0150117),0.013904216963832688,0.17845871130643973,VEGFA;MAP4K4,2
GO_Biological_Process_2023,Positive Regulation Of Morphogenesis Of An Epithelium (GO:1905332),0.013904216963832688,0.17845871130643973,SOX8;VEGFA,2
GO_Biological_Process_2023,Regulation Of Protein-Containing Complex Assembly (GO:0043254),0.01445841152252408,0.18388470654555628,TPPP;CRYAB;SVIP;VEGFA,4
GO_Biological_Process_2023,Regulation Of Neuroblast Proliferation (GO:1902692),0.015090884132425786,0.1868331584182626,HAPLN4;VEGFA,2
GO_Biological_Process_2023,Response To Purine-Containing Compound (GO:0014074),0.015090884132425786,0.1868331584182626,CREB1;ENPP1,2
GO_Biological_Process_2023,Gliogenesis (GO:0042063),0.015090884132425786,0.1868331584182626,METRN;HAPLN4,2
GO_Biological_Process_2023,Potassium Ion Transport (GO:0006813),0.015708810678345758,0.1918574227482684,KCNG4;KCNJ10;PKD2L1;KCNAB1,4
GO_Biological_Process_2023,Organonitrogen Compound Biosynthetic Process (GO:1901566),0.01614024929294918,0.1918574227482684,PRKD3;ELOVL5;ELOVL6;SGPP2,4
GO_Biological_Process_2023,Positive Regulation Of Epithelial Cell Proliferation (GO:0050679),0.01614024929294918,0.1918574227482684,OXSR1;PROX1;FGFR2;VEGFA,4
GO_Biological_Process_2023,Ventricular Cardiac Muscle Tissue Development (GO:0003229),0.016319537746278725,0.1918574227482684,PROX1;FGFR2,2
GO_Biological_Process_2023,Inner Ear Morphogenesis (GO:0042472),0.016319537746278725,0.1918574227482684,MYO6;FGFR2,2
GO_Biological_Process_2023,Lamellipodium Assembly (GO:0030032),0.016319537746278725,0.1918574227482684,P2RY12;S1PR1,2
GO_Biological_Process_2023,Neuron Projection Guidance (GO:0097485),0.01657906995354414,0.19328432387506878,NFASC;KIF5B;SEMA6D;SEMA3E,4
GO_Biological_Process_2023,Negative Regulation Of Insulin Receptor Signaling Pathway (GO:0046627),0.017589454291401452,0.20006216710301325,ENPP1;PIP4K2A,2
GO_Biological_Process_2023,Nucleic Acid Phosphodiester Bond Hydrolysis (GO:0090305),0.017589454291401452,0.20006216710301325,EXD2;ENPP1,2
GO_Biological_Process_2023,Regulation Of Potassium Ion Transmembrane Transporter Activity (GO:1901016),0.017589454291401452,0.20006216710301325,KCNAB1;OXSR1,2
GO_Biological_Process_2023,Negative Regulation Of Cellular Response To Growth Factor Stimulus (GO:0090288),0.018381576471105374,0.20684328645049727,DLX1;GPR155;HIPK2,3
GO_Biological_Process_2023,Protein Homooligomerization (GO:0051260),0.01888513732400464,0.20684328645049727,PRMT8;ME1;AQP4;PKD2L1,4
GO_Biological_Process_2023,Microtubule Polymerization Or Depolymerization (GO:0031109),0.018899918906429607,0.20684328645049727,MAP4;TPPP,2
GO_Biological_Process_2023,Negative Regulation Of Cellular Response To Insulin Stimulus (GO:1900077),0.018899918906429607,0.20684328645049727,ENPP1;PIP4K2A,2
GO_Biological_Process_2023,Cellular Response To Hypoxia (GO:0071456),0.019072754790646282,0.20684328645049727,ADO;HIPK2;VEGFA,3
GO_Biological_Process_2023,Second-Messenger-Mediated Signaling (GO:0019932),0.019072754790646282,0.20684328645049727,P2RY12;GUCY1A1;NUDT4,3
GO_Biological_Process_2023,Cellular Response To Decreased Oxygen Levels (GO:0036294),0.01977818722365566,0.2104904978872573,ADO;HIPK2;VEGFA,3
GO_Biological_Process_2023,Protein Tetramerization (GO:0051262),0.01977818722365566,0.2104904978872573,ME1;AQP4;PKD2L1,3
GO_Biological_Process_2023,Synapse Organization (GO:0050808),0.019860432967203693,0.2104904978872573,PTPRD;GRM5;SEMA3E;ELFN1,4
GO_Biological_Process_2023,Gland Development (GO:0048732),0.020497885761493518,0.21561309910022128,SALL1;PROX1;FGFR2,3
GO_Biological_Process_2023,Nervous System Development (GO:0007399),0.021214497546413812,0.21624218642340332,NFASC;MAL;SOX8;PAX6;PROX1;SOX6;FGF12;VEGFA,8
GO_Biological_Process_2023,Regulation Of BMP Signaling Pathway (GO:0030510),0.02123185923198782,0.21624218642340332,DLX1;GPR155;HIPK2,3
GO_Biological_Process_2023,Plasma Membrane Bounded Cell Projection Assembly (GO:0120031),0.021624528367863983,0.21624218642340332,P2RY12;SHTN1;GBF1;S1PR1;FHDC1;MAP4K4,6
GO_Biological_Process_2023,Chondrocyte Differentiation (GO:0002062),0.02163967555344994,0.21624218642340332,OXSR1;SOX6,2
GO_Biological_Process_2023,Establishment Of Mitotic Spindle Orientation (GO:0000132),0.02163967555344994,0.21624218642340332,UBXN2B;INSC,2
GO_Biological_Process_2023,Maintenance Of Blood-Brain Barrier (GO:0035633),0.02163967555344994,0.21624218642340332,SLC12A2;JAM2,2
GO_Biological_Process_2023,Morphogenesis Of An Epithelium (GO:0002009),0.02163967555344994,0.21624218642340332,SOX8;FGFR2,2
GO_Biological_Process_2023,Positive Regulation Of JNK Cascade (GO:0046330),0.022742650758871715,0.2195343183695013,RASSF2;PLCB1;HIPK2,3
GO_Biological_Process_2023,Potassium Ion Transmembrane Transport (GO:0071805),0.02297069494587853,0.2195343183695013,SLC12A2;KCNG4;KCNJ10;PKD2L1,4
GO_Biological_Process_2023,Nucleic Acid Metabolic Process (GO:0090304),0.023067580271848957,0.2195343183695013,EXD2;ENPP1,2
GO_Biological_Process_2023,Regulation Of Potassium Ion Transport (GO:0043266),0.023067580271848957,0.2195343183695013,KIF5B;KCNAB1,2
GO_Biological_Process_2023,Embryonic Skeletal System Morphogenesis (GO:0048704),0.023067580271848957,0.2195343183695013,OXSR1;FGFR2,2
GO_Biological_Process_2023,Lamellipodium Organization (GO:0097581),0.023067580271848957,0.2195343183695013,P2RY12;S1PR1,2
GO_Biological_Process_2023,Negative Regulation Of Axon Extension (GO:0030517),0.023067580271848957,0.2195343183695013,SEMA6D;SEMA3E,2
GO_Biological_Process_2023,Positive Regulation Of Mononuclear Cell Migration (GO:0071677),0.024533258251978718,0.22465280531952178,PLA2G7;JAM2,2
GO_Biological_Process_2023,Negative Chemotaxis (GO:0050919),0.024533258251978718,0.22465280531952178,SEMA6D;SEMA3E,2
GO_Biological_Process_2023,Negative Regulation Of Cell-Matrix Adhesion (GO:0001953),0.024533258251978718,0.22465280531952178,SEMA3E;MAP4K4,2
GO_Biological_Process_2023,Negative Regulation Of Chemotaxis (GO:0050922),0.024533258251978718,0.22465280531952178,SEMA6D;SEMA3E,2
GO_Biological_Process_2023,Very Long-Chain Fatty Acid Metabolic Process (GO:0000038),0.02603603652222158,0.22465280531952178,ELOVL5;ELOVL6,2
GO_Biological_Process_2023,Positive Regulation Of Protein Kinase Activity (GO:0045860),0.02755541553270411,0.22465280531952178,GRM5;GPRC5B;RASSF2;VEGFA,4
GO_Biological_Process_2023,Ventricular Cardiac Muscle Tissue Morphogenesis (GO:0055010),0.027575250221998384,0.22465280531952178,PROX1;FGFR2,2
GO_Biological_Process_2023,Positive Regulation Of Reproductive Process (GO:2000243),0.027575250221998384,0.22465280531952178,PLCB1;VEGFA,2
GO_Biological_Process_2023,Phospholipase C-activating G Protein-Coupled Receptor Signaling Pathway (GO:0007200),0.027617605734614893,0.22465280531952178,P2RY12;GPR17;GRM5,3
GO_Biological_Process_2023,Neuron Projection Morphogenesis (GO:0048812),0.028164156385214908,0.22465280531952178,SHTN1;DIP2A;FGFR2;MAP4K4,4
GO_Biological_Process_2023,Dephosphorylation (GO:0016311),0.02878087853267329,0.22465280531952178,PTPRD;DUSP15;PPM1E;SGPP2,4
GO_Biological_Process_2023,Semaphorin-Plexin Signaling Pathway (GO:0071526),0.029150242539553697,0.22465280531952178,SEMA6D;SEMA3E,2
GO_Biological_Process_2023,Embryonic Limb Morphogenesis (GO:0030326),0.029150242539553697,0.22465280531952178,SALL1;OXSR1,2
GO_Biological_Process_2023,Smoothened Signaling Pathway (GO:0007224),0.029150242539553697,0.22465280531952178,PKD2L1;HIPK2,2
GO_Biological_Process_2023,Establishment Of Mitotic Spindle Localization (GO:0040001),0.029150242539553697,0.22465280531952178,UBXN2B;INSC,2
GO_Biological_Process_2023,Microtubule Polymerization (GO:0046785),0.029150242539553697,0.22465280531952178,MAP4;TPPP,2
GO_Biological_Process_2023,Calcium-Mediated Signaling (GO:0019722),0.02935651249215344,0.22465280531952178,P2RY12;GRM5;NUDT4,3
GO_Biological_Process_2023,Cellular Respiration (GO:0045333),0.02935651249215344,0.22465280531952178,NDUFS8;CYCS;PPARGC1A,3
GO_Biological_Process_2023,Positive Regulation Of Canonical Wnt Signaling Pathway (GO:0090263),0.02935651249215344,0.22465280531952178,GPRC5B;FAM53B;FGFR2,3
GO_Biological_Process_2023,Regulation Of Intracellular Signal Transduction (GO:1902531),0.030015368405005582,0.22465280531952178,RASSF2;ARHGAP5;GNAI1;HIPK2;VEGFA;MAP4K4,6
GO_Biological_Process_2023,Glutamate Receptor Signaling Pathway (GO:0007215),0.030760364600994478,0.22465280531952178,GRM5;PLCB1,2
GO_Biological_Process_2023,Cellular Response To Organic Cyclic Compound (GO:0071407),0.03198471170532028,0.22465280531952178,P2RY12;GABRB2;CREB1;GNAI1,4
GO_Biological_Process_2023,"DNA Damage Response, Signal Transduction By P53 Class Mediator (GO:0030330)",0.032404975405546634,0.22465280531952178,MYO6;HIPK2,2
GO_Biological_Process_2023,Regulation Of Sodium Ion Transmembrane Transporter Activity (GO:2000649),0.03408344173073296,0.22465280531952178,OXSR1;FGF12,2
GO_Biological_Process_2023,Ventricular Septum Development (GO:0003281),0.03408344173073296,0.22465280531952178,SALL1;PROX1,2
GO_Biological_Process_2023,Connective Tissue Development (GO:0061448),0.03579513807553937,0.22465280531952178,SOX8;SOX6,2
GO_Biological_Process_2023,Positive Regulation Of Axonogenesis (GO:0050772),0.03579513807553937,0.22465280531952178,SHTN1;METRN,2
GO_Biological_Process_2023,Response To Peptide (GO:1901652),0.03579513807553937,0.22465280531952178,ERBIN;GNAI1,2
GO_Biological_Process_2023,Response To Transforming Growth Factor Beta (GO:0071559),0.03579513807553937,0.22465280531952178,DLX1;SOX6,2
GO_Biological_Process_2023,Positive Regulation Of Protein Tyrosine Kinase Activity (GO:0061098),0.03579513807553937,0.22465280531952178,GRM5;GPRC5B,2
GO_Biological_Process_2023,Membrane Assembly (GO:0071709),0.03579513807553937,0.22465280531952178,PTPRD;UBXN2B,2
GO_Biological_Process_2023,Negative Regulation Of Apoptotic Process (GO:0043066),0.03671529515957582,0.22465280531952178,TMBIM1;SOX8;SEMA3E;OXSR1;PPARGC1A;CRYAB;VEGFA;MAP4K4,8
GO_Biological_Process_2023,Positive Regulation Of Developmental Process (GO:0051094),0.036960413736046235,0.22465280531952178,DLX1;SOX8;SOX6;PLCB1;VEGFA,5
GO_Biological_Process_2023,Regulation Of Monoatomic Cation Transmembrane Transport (GO:1904062),0.03753944653324592,0.22465280531952178,KCNAB1;FGF12,2
GO_Biological_Process_2023,Odontogenesis (GO:0042476),0.03753944653324592,0.22465280531952178,OXSR1;FGFR2,2
GO_Biological_Process_2023,Regulation Of Protein Tyrosine Kinase Activity (GO:0061097),0.03753944653324592,0.22465280531952178,GRM5;GPRC5B,2
GO_Biological_Process_2023,Digestive Tract Development (GO:0048565),0.03753944653324592,0.22465280531952178,SALL1;FGFR2,2
GO_Biological_Process_2023,Positive Regulation Of Lipid Biosynthetic Process (GO:0046889),0.03753944653324592,0.22465280531952178,CREB1;ELOVL5,2
GO_Biological_Process_2023,Negative Regulation Of Cell-Substrate Adhesion (GO:0010812),0.03753944653324592,0.22465280531952178,SEMA3E;MAP4K4,2
GO_Biological_Process_2023,COPI Coating Of Golgi Vesicle (GO:0048205),0.03864218727302653,0.22465280531952178,GBF1,1
GO_Biological_Process_2023,COPI-coated Vesicle Budding (GO:0035964),0.03864218727302653,0.22465280531952178,GBF1,1
GO_Biological_Process_2023,Regulation Of Endoplasmic Reticulum Tubular Network Organization (GO:1903371),0.03864218727302653,0.22465280531952178,TMEM33,1
GO_Biological_Process_2023,Golgi Disassembly (GO:0090166),0.03864218727302653,0.22465280531952178,GBF1,1
GO_Biological_Process_2023,Golgi Transport Vesicle Coating (GO:0048200),0.03864218727302653,0.22465280531952178,GBF1,1
GO_Biological_Process_2023,Regulation Of Focal Adhesion Disassembly (GO:0120182),0.03864218727302653,0.22465280531952178,MAP4K4,1
GO_Biological_Process_2023,PML Body Organization (GO:0030578),0.03864218727302653,0.22465280531952178,HIPK2,1
GO_Biological_Process_2023,Regulation Of Histone Deacetylase Activity (GO:1901725),0.03864218727302653,0.22465280531952178,VEGFA,1
GO_Biological_Process_2023,T-helper 1 Cell Differentiation (GO:0045063),0.03864218727302653,0.22465280531952178,TMEM98,1
GO_Biological_Process_2023,Activation Of Cysteine-Type Endopeptidase Activity Involved In Apoptotic Process By Cytochrome C (GO:0008635),0.03864218727302653,0.22465280531952178,CYCS,1
GO_Biological_Process_2023,Regulation Of Mast Cell Chemotaxis (GO:0060753),0.03864218727302653,0.22465280531952178,VEGFA,1
GO_Biological_Process_2023,Nephron Tubule Development (GO:0072080),0.03864218727302653,0.22465280531952178,OXSR1,1
GO_Biological_Process_2023,Regulation Of Morphogenesis Of A Branching Structure (GO:0060688),0.03864218727302653,0.22465280531952178,FGFR2,1
GO_Biological_Process_2023,Neuroblast Proliferation (GO:0007405),0.03864218727302653,0.22465280531952178,EML1,1
GO_Biological_Process_2023,Regulation Of Nitric Oxide Mediated Signal Transduction (GO:0010749),0.03864218727302653,0.22465280531952178,VEGFA,1
GO_Biological_Process_2023,Regulation Of Non-Motile Cilium Assembly (GO:1902855),0.03864218727302653,0.22465280531952178,MAP4,1
GO_Biological_Process_2023,Osmosensory Signaling Pathway (GO:0007231),0.03864218727302653,0.22465280531952178,OXSR1,1
GO_Biological_Process_2023,Regulation Of Retinal Ganglion Cell Axon Guidance (GO:0090259),0.03864218727302653,0.22465280531952178,VEGFA,1
GO_Biological_Process_2023,Regulation Of Sarcomere Organization (GO:0060297),0.03864218727302653,0.22465280531952178,PROX1,1
GO_Biological_Process_2023,Plasma Membrane Raft Assembly (GO:0044854),0.03864218727302653,0.22465280531952178,PACSIN2,1
GO_Biological_Process_2023,Regulation Of Transmission Of Nerve Impulse (GO:0051969),0.03864218727302653,0.22465280531952178,FGF12,1
GO_Biological_Process_2023,Regulation Of Type B Pancreatic Cell Proliferation (GO:0061469),0.03864218727302653,0.22465280531952178,SGPP2,1
GO_Biological_Process_2023,Chemokine (C-X-C Motif) Ligand 12 Signaling Pathway (GO:0038146),0.03864218727302653,0.22465280531952178,OXSR1,1
GO_Biological_Process_2023,Regulation Of Voltage-Gated Sodium Channel Activity (GO:1905150),0.03864218727302653,0.22465280531952178,FGF12,1
GO_Biological_Process_2023,Cilium Disassembly (GO:0061523),0.03864218727302653,0.22465280531952178,MAP4,1
GO_Biological_Process_2023,Embryonic Hindlimb Morphogenesis (GO:0035116),0.03864218727302653,0.22465280531952178,OXSR1,1
GO_Biological_Process_2023,Embryonic Skeletal Joint Development (GO:0072498),0.03864218727302653,0.22465280531952178,OXSR1,1
GO_Biological_Process_2023,Positive Regulation Of Focal Adhesion Disassembly (GO:0120183),0.03864218727302653,0.22465280531952178,MAP4K4,1
GO_Biological_Process_2023,Epithelial Tube Branching Involved In Lung Morphogenesis (GO:0060441),0.03864218727302653,0.22465280531952178,FGFR2,1
GO_Biological_Process_2023,Epithelial Tube Formation (GO:0072175),0.03864218727302653,0.22465280531952178,FGFR2,1
GO_Biological_Process_2023,Positive Regulation Of Microglial Cell Migration (GO:1904141),0.03864218727302653,0.22465280531952178,P2RY12,1
GO_Biological_Process_2023,Glomerulus Vasculature Development (GO:0072012),0.03864218727302653,0.22465280531952178,OXSR1,1
GO_Biological_Process_2023,Transmembrane Receptor Protein Tyrosine Phosphatase Signaling Pathway (GO:0007185),0.03864218727302653,0.22465280531952178,PTPRD,1
GO_Biological_Process_2023,Vascular Endothelial Growth Factor Receptor-2 Signaling Pathway (GO:0036324),0.03864218727302653,0.22465280531952178,VEGFA,1
GO_Biological_Process_2023,Ventricular Cardiac Muscle Cell Development (GO:0055015),0.03864218727302653,0.22465280531952178,PROX1,1
GO_Biological_Process_2023,Positive Regulation Of Osteoblast Proliferation (GO:0033690),0.03864218727302653,0.22465280531952178,SOX8,1
GO_Biological_Process_2023,Hepatocyte Differentiation (GO:0070365),0.03864218727302653,0.22465280531952178,PROX1,1
GO_Biological_Process_2023,Inner Ear Auditory Receptor Cell Differentiation (GO:0042491),0.03864218727302653,0.22465280531952178,MYO6,1
GO_Biological_Process_2023,Intracellular Water Homeostasis (GO:0009992),0.03864218727302653,0.22465280531952178,AQP4,1
GO_Biological_Process_2023,Pronephros Development (GO:0048793),0.03864218727302653,0.22465280531952178,OXSR1,1
GO_Biological_Process_2023,Protein C-linked Glycosylation Via 2'-alpha-mannosyl-L-tryptophan (GO:0018406),0.03864218727302653,0.22465280531952178,DPY19L1,1
GO_Biological_Process_2023,Protein C-linked Glycosylation Via Tryptophan (GO:0018317),0.03864218727302653,0.22465280531952178,DPY19L1,1
GO_Biological_Process_2023,Mesenchymal To Epithelial Transition Involved In Metanephros Morphogenesis (GO:0003337),0.03864218727302653,0.22465280531952178,SALL1,1
GO_Biological_Process_2023,Protein Modification By Small Protein Conjugation Or Removal (GO:0070647),0.03864218727302653,0.22465280531952178,DESI1,1
GO_Biological_Process_2023,Regulation Of NK T Cell Activation (GO:0051133),0.03864218727302653,0.22465280531952178,HSPH1,1
GO_Biological_Process_2023,Negative Regulation Of ERAD Pathway (GO:1904293),0.03864218727302653,0.22465280531952178,SVIP,1
GO_Biological_Process_2023,Regulation Of Blood Vessel Remodeling (GO:0060312),0.03864218727302653,0.22465280531952178,TMBIM1,1
GO_Biological_Process_2023,Negative Regulation Of Cardiac Muscle Cell Differentiation (GO:2000726),0.03864218727302653,0.22465280531952178,SOX6,1
GO_Biological_Process_2023,Negative Regulation Of Cellular Extravasation (GO:0002692),0.03864218727302653,0.22465280531952178,PLCB1,1
GO_Biological_Process_2023,Positive Regulation Of Epithelial Cell Migration (GO:0010634),0.038897159366424995,0.22465280531952178,PROX1;MAP4K4;VEGFA,3
GO_Biological_Process_2023,Regulation Of Microtubule Cytoskeleton Organization (GO:0070507),0.039315756772272954,0.22465280531952178,TRIM36;TPPP,2
GO_Biological_Process_2023,Regulation Of Microtubule-Based Process (GO:0032886),0.04112346590010692,0.22465280531952178,TRIM36;TPPP,2
GO_Biological_Process_2023,Stem Cell Differentiation (GO:0048863),0.04112346590010692,0.22465280531952178,OXSR1;FGFR2,2
GO_Biological_Process_2023,Visual System Development (GO:0150063),0.04112346590010692,0.22465280531952178,PAX6;HIPK2,2
GO_Biological_Process_2023,Positive Regulation Of Cold-Induced Thermogenesis (GO:0120162),0.04203090232020413,0.22465280531952178,ELOVL6;PPARGC1A;VEGFA,3
GO_Biological_Process_2023,Cardiac Ventricle Morphogenesis (GO:0003208),0.04296197843089609,0.22465280531952178,PROX1;FGFR2,2
GO_Biological_Process_2023,Regulation Of Ubiquitin-Dependent Protein Catabolic Process (GO:2000058),0.04296197843089609,0.22465280531952178,DESI1;HIPK2,2
GO_Biological_Process_2023,Potassium Ion Import Across Plasma Membrane (GO:1990573),0.04296197843089609,0.22465280531952178,SLC12A2;KCNJ10,2
GO_Biological_Process_2023,Brain Development (GO:0007420),0.04438980772090918,0.22465280531952178,NFASC;PROX1;SOX6;EML1,4
GO_Biological_Process_2023,Positive Regulation Of Cell-Matrix Adhesion (GO:0001954),0.04483070616892571,0.22465280531952178,MAP4K4;VEGFA,2
GO_Biological_Process_2023,Energy Derivation By Oxidation Of Organic Compounds (GO:0015980),0.04483070616892571,0.22465280531952178,CYCS;PPARGC1A,2
GO_Biological_Process_2023,Glycolipid Biosynthetic Process (GO:0009247),0.04483070616892571,0.22465280531952178,FUT9;PIGQ,2
GO_Biological_Process_2023,Heart Development (GO:0007507),0.046003489235458946,0.22465280531952178,SALL1;OXSR1;FGF12;VEGFA,4
GO_Biological_Process_2023,Negative Regulation Of Oligodendrocyte Differentiation (GO:0048715),0.046190713120766676,0.22465280531952178,TMEM98,1
GO_Biological_Process_2023,Negative Regulation Of Response To Reactive Oxygen Species (GO:1901032),0.046190713120766676,0.22465280531952178,GPR37L1,1
GO_Biological_Process_2023,Regulation Of Microglial Cell Migration (GO:1904139),0.046190713120766676,0.22465280531952178,P2RY12,1
GO_Biological_Process_2023,Anterograde Dendritic Transport (GO:0098937),0.046190713120766676,0.22465280531952178,KIF5B,1
GO_Biological_Process_2023,Nose Development (GO:0043584),0.046190713120766676,0.22465280531952178,PROX1,1
GO_Biological_Process_2023,Peptidyl-Arginine Modification (GO:0018195),0.046190713120766676,0.22465280531952178,PRMT8,1
GO_Biological_Process_2023,Regulation Of Smooth Muscle Cell Differentiation (GO:0051150),0.046190713120766676,0.22465280531952178,FGFR2,1
GO_Biological_Process_2023,Cellular Response To Histamine (GO:0071420),0.046190713120766676,0.22465280531952178,GABRB2,1
GO_Biological_Process_2023,Pituitary Gland Development (GO:0021983),0.046190713120766676,0.22465280531952178,SALL1,1
GO_Biological_Process_2023,Podocyte Development (GO:0072015),0.046190713120766676,0.22465280531952178,MYO1E,1
GO_Biological_Process_2023,Positive Regulation Of IRE1-mediated Unfolded Protein Response (GO:1903896),0.046190713120766676,0.22465280531952178,TMEM33,1
GO_Biological_Process_2023,Dense Core Granule Cytoskeletal Transport (GO:0099519),0.046190713120766676,0.22465280531952178,KIF5B,1
GO_Biological_Process_2023,Retinal Rod Cell Differentiation (GO:0060221),0.046190713120766676,0.22465280531952178,SOX8,1
GO_Biological_Process_2023,Positive Regulation Of Deacetylase Activity (GO:0090045),0.046190713120766676,0.22465280531952178,VEGFA,1
GO_Biological_Process_2023,Skeletal Muscle Thin Filament Assembly (GO:0030240),0.046190713120766676,0.22465280531952178,PROX1,1
GO_Biological_Process_2023,Enteric Nervous System Development (GO:0048484),0.046190713120766676,0.22465280531952178,SOX8,1
GO_Biological_Process_2023,Positive Regulation Of Gastrulation (GO:2000543),0.046190713120766676,0.22465280531952178,OXSR1,1
GO_Biological_Process_2023,Positive Regulation Of Gliogenesis (GO:0014015),0.046190713120766676,0.22465280531952178,SOX8,1
GO_Biological_Process_2023,Epithelial Cell Differentiation Involved In Kidney Development (GO:0035850),0.046190713120766676,0.22465280531952178,SALL1,1
GO_Biological_Process_2023,Exocrine System Development (GO:0035272),0.046190713120766676,0.22465280531952178,FGFR2,1
GO_Biological_Process_2023,Positive Regulation Of Kidney Development (GO:0090184),0.046190713120766676,0.22465280531952178,SOX8,1
GO_Biological_Process_2023,Forebrain Neuron Development (GO:0021884),0.046190713120766676,0.22465280531952178,FGFR2,1
GO_Biological_Process_2023,Gland Morphogenesis (GO:0022612),0.046190713120766676,0.22465280531952178,FGFR2,1
GO_Biological_Process_2023,Glandular Epithelial Cell Development (GO:0002068),0.046190713120766676,0.22465280531952178,PAX6,1
GO_Biological_Process_2023,Glomerular Epithelial Cell Development (GO:0072310),0.046190713120766676,0.22465280531952178,MYO1E,1
GO_Biological_Process_2023,Transepithelial Chloride Transport (GO:0030321),0.046190713120766676,0.22465280531952178,SLC12A2,1
GO_Biological_Process_2023,Vascular Associated Smooth Muscle Cell Development (GO:0097084),0.046190713120766676,0.22465280531952178,VEGFA,1
GO_Biological_Process_2023,Vascular Wound Healing (GO:0061042),0.046190713120766676,0.22465280531952178,VEGFA,1
GO_Biological_Process_2023,Hemostasis (GO:0007599),0.046190713120766676,0.22465280531952178,P2RY12,1
GO_Biological_Process_2023,Hindlimb Morphogenesis (GO:0035137),0.046190713120766676,0.22465280531952178,OXSR1,1
GO_Biological_Process_2023,Inner Ear Receptor Cell Differentiation (GO:0060113),0.046190713120766676,0.22465280531952178,MYO6,1
GO_Biological_Process_2023,Positive Regulation Of Trophoblast Cell Migration (GO:1901165),0.046190713120766676,0.22465280531952178,VEGFA,1
GO_Biological_Process_2023,Protein Localization To Endoplasmic Reticulum Exit Site (GO:0070973),0.046190713120766676,0.22465280531952178,GBF1,1
GO_Biological_Process_2023,Regulation Of MHC Class I Biosynthetic Process (GO:0045343),0.046190713120766676,0.22465280531952178,HSPH1,1
GO_Biological_Process_2023,Regulation Of Anion Channel Activity (GO:0010359),0.046190713120766676,0.22465280531952178,GRM5,1
GO_Biological_Process_2023,Regulation Of Axon Guidance (GO:1902667),0.046190713120766676,0.22465280531952178,VEGFA,1
GO_Biological_Process_2023,Regulation Of Blood-Brain Barrier Permeability (GO:1905603),0.046190713120766676,0.22465280531952178,VEGFA,1
GO_Biological_Process_2023,Negative Regulation Of Cardiocyte Differentiation (GO:1905208),0.046190713120766676,0.22465280531952178,SOX6,1
GO_Biological_Process_2023,Regulation Of Insulin Receptor Signaling Pathway (GO:0046626),0.046729068154382304,0.22465280531952178,ENPP1;PIP4K2A,2
GO_Biological_Process_2023,Phosphatidylinositol Phosphate Biosynthetic Process (GO:0046854),0.046729068154382304,0.22465280531952178,PIP4K2A;PIK3C2B,2
GO_Biological_Process_2023,Cellular Response To Ketone (GO:1901655),0.046729068154382304,0.22465280531952178,CREB1;GNAI1,2
GO_Biological_Process_2023,Positive Regulation Of Chemotaxis (GO:0050921),0.046729068154382304,0.22465280531952178,P2RY12;VEGFA,2
GO_Biological_Process_2023,Cognition (GO:0050890),0.05259625694907402,0.22757757898202535,GRM5;GPR155,2
GO_Biological_Process_2023,Response To Organonitrogen Compound (GO:0010243),0.05259625694907402,0.22757757898202535,CREB1;RNF5,2
GO_Biological_Process_2023,Positive Regulation Of Metabolic Process (GO:0009893),0.05335802683204815,0.22757757898202535,ELOVL6;PPARGC1A;VEGFA,3
GO_Biological_Process_2023,Regulation Of Chemokine-Mediated Signaling Pathway (GO:0070099),0.05368034480058644,0.22757757898202535,PADI2,1
GO_Biological_Process_2023,Negative Regulation Of Glucose Import (GO:0046325),0.05368034480058644,0.22757757898202535,ENPP1,1
GO_Biological_Process_2023,Negative Regulation Of Intracellular Transport (GO:0032387),0.05368034480058644,0.22757757898202535,CRYAB,1
GO_Biological_Process_2023,Negative Regulation Of Keratinocyte Proliferation (GO:0010839),0.05368034480058644,0.22757757898202535,FGFR2,1
GO_Biological_Process_2023,Negative Regulation Of Lipid Kinase Activity (GO:0090219),0.05368034480058644,0.22757757898202535,PIP4K2A,1
GO_Biological_Process_2023,NADH Metabolic Process (GO:0006734),0.05368034480058644,0.22757757898202535,ME1,1
GO_Biological_Process_2023,Regulation Of Hydrogen Peroxide-Induced Cell Death (GO:1903205),0.05368034480058644,0.22757757898202535,GPR37L1,1
GO_Biological_Process_2023,Regulation Of Mesenchymal Stem Cell Differentiation (GO:2000739),0.05368034480058644,0.22757757898202535,SOX6,1
GO_Biological_Process_2023,Anterograde Axonal Protein Transport (GO:0099641),0.05368034480058644,0.22757757898202535,KIF5B,1
GO_Biological_Process_2023,Axo-Dendritic Protein Transport (GO:0099640),0.05368034480058644,0.22757757898202535,KIF5B,1
GO_Biological_Process_2023,Regulation Of Positive Chemotaxis (GO:0050926),0.05368034480058644,0.22757757898202535,VEGFA,1
GO_Biological_Process_2023,Regulation Of Protein Localization To Cell Cortex (GO:1904776),0.05368034480058644,0.22757757898202535,GNAI1,1
GO_Biological_Process_2023,Phosphatidylserine Acyl-Chain Remodeling (GO:0036150),0.05368034480058644,0.22757757898202535,MBOAT1,1
GO_Biological_Process_2023,Platelet Activating Factor Metabolic Process (GO:0046469),0.05368034480058644,0.22757757898202535,PLA2G7,1
GO_Biological_Process_2023,Regulation Of Transcription From RNA Polymerase II Promoter In Response To Hypoxia (GO:0061418),0.05368034480058644,0.22757757898202535,VEGFA,1
GO_Biological_Process_2023,Cellular Response To Potassium Ion (GO:0035865),0.05368034480058644,0.22757757898202535,SLC12A2,1
GO_Biological_Process_2023,Regulation Of Vascular Wound Healing (GO:0061043),0.05368034480058644,0.22757757898202535,SLC12A2,1
GO_Biological_Process_2023,Coronary Vasculature Morphogenesis (GO:0060977),0.05368034480058644,0.22757757898202535,VEGFA,1
GO_Biological_Process_2023,Response To Potassium Ion (GO:0035864),0.05368034480058644,0.22757757898202535,SLC12A2,1
GO_Biological_Process_2023,Positive Regulation Of Cell Migration By Vascular Endothelial Growth Factor Signaling Pathway (GO:0038089),0.05368034480058644,0.22757757898202535,VEGFA,1
GO_Biological_Process_2023,Positive Regulation Of Glial Cell Migration (GO:1903977),0.05368034480058644,0.22757757898202535,P2RY12,1
GO_Biological_Process_2023,Positive Regulation Of Gluconeogenesis (GO:0045722),0.05368034480058644,0.22757757898202535,PPARGC1A,1
GO_Biological_Process_2023,Hair Cell Differentiation (GO:0035315),0.05368034480058644,0.22757757898202535,MYO6,1
GO_Biological_Process_2023,Venous Blood Vessel Development (GO:0060841),0.05368034480058644,0.22757757898202535,PROX1,1
GO_Biological_Process_2023,Kidney Mesenchyme Development (GO:0072074),0.05368034480058644,0.22757757898202535,OXSR1,1
GO_Biological_Process_2023,Lens Fiber Cell Development (GO:0070307),0.05368034480058644,0.22757757898202535,PROX1,1
GO_Biological_Process_2023,Positive Regulation Of Vascular Endothelial Growth Factor Signaling Pathway (GO:1900748),0.05368034480058644,0.22757757898202535,VEGFA,1
GO_Biological_Process_2023,Leukocyte Aggregation (GO:0070486),0.05368034480058644,0.22757757898202535,JAM2,1
GO_Biological_Process_2023,Lymphatic Endothelial Cell Differentiation (GO:0060836),0.05368034480058644,0.22757757898202535,PROX1,1
GO_Biological_Process_2023,Malate Metabolic Process (GO:0006108),0.05368034480058644,0.22757757898202535,ME1,1
GO_Biological_Process_2023,Protein Localization To Presynapse (GO:1905383),0.05368034480058644,0.22757757898202535,KIF5B,1
GO_Biological_Process_2023,protein-RNA Complex Disassembly (GO:0032988),0.05368034480058644,0.22757757898202535,KIF5B,1
GO_Biological_Process_2023,Regulation Of Wnt Signaling Pathway (GO:0030111),0.05456381022665481,0.22757757898202535,SALL1;FAM53B;FGFR2,3
GO_Biological_Process_2023,Erythrocyte Differentiation (GO:0030218),0.0566455550909882,0.22757757898202535,HIPK2;VEGFA,2
GO_Biological_Process_2023,Negative Regulation Of Transmembrane Receptor Protein Serine/Threonine Kinase Signaling Pathway (GO:0090101),0.05701439246061676,0.22757757898202535,DLX1;GPR155;HIPK2,3
GO_Biological_Process_2023,Plasma Membrane Bounded Cell Projection Morphogenesis (GO:0120039),0.05870991797905501,0.22757757898202535,SHTN1;MAP4K4,2
GO_Biological_Process_2023,Positive Regulation Of Developmental Growth (GO:0048639),0.05870991797905501,0.22757757898202535,SHTN1;PLCB1,2
GO_Biological_Process_2023,Response To Endoplasmic Reticulum Stress (GO:0034976),0.060786749355572996,0.22757757898202535,TMEM33;RNF5;PDIA4,3
GO_Biological_Process_2023,Positive Regulation Of Ras Protein Signal Transduction (GO:0046579),0.060800044609341464,0.22757757898202535,GPR17;MAP4K4,2
GO_Biological_Process_2023,Positive Regulation Of Protein Localization To Cell Periphery (GO:1904377),0.060800044609341464,0.22757757898202535,KIF5B;GNAI1,2
GO_Biological_Process_2023,Cdc42 Protein Signal Transduction (GO:0032488),0.06111153843461084,0.22757757898202535,SHTN1,1
GO_Biological_Process_2023,Negative Regulation Of Glial Cell Differentiation (GO:0045686),0.06111153843461084,0.22757757898202535,TMEM98,1
GO_Biological_Process_2023,"DNA Damage Response, Signal Transduction By P53 Class Mediator Resulting In Transcription Of P21 Class Mediator (GO:0006978)",0.06111153843461084,0.22757757898202535,HIPK2,1
GO_Biological_Process_2023,L-fucose Catabolic Process (GO:0042355),0.06111153843461084,0.22757757898202535,FUT9,1
GO_Biological_Process_2023,L-fucose Metabolic Process (GO:0042354),0.06111153843461084,0.22757757898202535,FUT9,1
GO_Biological_Process_2023,Regulation Of Fertilization (GO:0080154),0.06111153843461084,0.22757757898202535,PLCB1,1
GO_Biological_Process_2023,RISC Complex Assembly (GO:0070922),0.06111153843461084,0.22757757898202535,AGO3,1
GO_Biological_Process_2023,RNA Secondary Structure Unwinding (GO:0010501),0.06111153843461084,0.22757757898202535,AGO3,1
GO_Biological_Process_2023,"Negative Regulation Of Retrograde Protein Transport, ER To Cytosol (GO:1904153)",0.06111153843461084,0.22757757898202535,SVIP,1
GO_Biological_Process_2023,Regulation Of Macrophage Migration (GO:1905521),0.06111153843461084,0.22757757898202535,P2RY12,1
GO_Biological_Process_2023,Negative Regulation Of Systemic Arterial Blood Pressure (GO:0003085),0.06111153843461084,0.22757757898202535,GPR37L1,1
GO_Biological_Process_2023,Negative Regulation Of Transporter Activity (GO:0032410),0.06111153843461084,0.22757757898202535,OXSR1,1
GO_Biological_Process_2023,Regulation Of Mitotic Centrosome Separation (GO:0046602),0.06111153843461084,0.22757757898202535,UBXN2B,1
GO_Biological_Process_2023,Astral Microtubule Organization (GO:0030953),0.06111153843461084,0.22757757898202535,TPPP,1
GO_Biological_Process_2023,Regulation Of Nephron Tubule Epithelial Cell Differentiation (GO:0072182),0.06111153843461084,0.22757757898202535,OXSR1,1
GO_Biological_Process_2023,Autophagosome-Lysosome Fusion (GO:0061909),0.06111153843461084,0.22757757898202535,PIP4K2A,1
GO_Biological_Process_2023,Brown Fat Cell Differentiation (GO:0050873),0.06111153843461084,0.22757757898202535,PPARGC1A,1
GO_Biological_Process_2023,Positive Regulation Of ATP Biosynthetic Process (GO:2001171),0.06111153843461084,0.22757757898202535,PPARGC1A,1
GO_Biological_Process_2023,Commissural Neuron Axon Guidance (GO:0071679),0.06111153843461084,0.22757757898202535,VEGFA,1
GO_Biological_Process_2023,Positive Regulation Of Blood Vessel Endothelial Cell Proliferation Involved In Sprouting Angiogenesis (GO:1903589),0.06111153843461084,0.22757757898202535,VEGFA,1
GO_Biological_Process_2023,Embryonic Forelimb Morphogenesis (GO:0035115),0.06111153843461084,0.22757757898202535,OXSR1,1
GO_Biological_Process_2023,Sensory Perception Of Sour Taste (GO:0050915),0.06111153843461084,0.22757757898202535,PKD2L1,1
GO_Biological_Process_2023,Skeletal Myofibril Assembly (GO:0014866),0.06111153843461084,0.22757757898202535,PROX1,1
GO_Biological_Process_2023,Endothelial Cell Chemotaxis (GO:0035767),0.06111153843461084,0.22757757898202535,VEGFA,1
GO_Biological_Process_2023,Sphingosine-1-Phosphate Receptor Signaling Pathway (GO:0003376),0.06111153843461084,0.22757757898202535,S1PR1,1
GO_Biological_Process_2023,Positive Regulation Of Macrophage Cytokine Production (GO:0060907),0.06111153843461084,0.22757757898202535,GPRC5B,1
GO_Biological_Process_2023,Fucose Catabolic Process (GO:0019317),0.06111153843461084,0.22757757898202535,FUT9,1
GO_Biological_Process_2023,Positive Regulation Of Protein Kinase C Signaling (GO:0090037),0.06111153843461084,0.22757757898202535,VEGFA,1
GO_Biological_Process_2023,Interleukin-12-Mediated Signaling Pathway (GO:0035722),0.06111153843461084,0.22757757898202535,PLCB1,1
GO_Biological_Process_2023,Lactation (GO:0007595),0.06111153843461084,0.22757757898202535,VEGFA,1
GO_Biological_Process_2023,Presynaptic Membrane Assembly (GO:0097105),0.06111153843461084,0.22757757898202535,PTPRD,1
GO_Biological_Process_2023,Regulation Of ER-associated Ubiquitin-Dependent Protein Catabolic Process (GO:1903069),0.06111153843461084,0.22757757898202535,SVIP,1
GO_Biological_Process_2023,Endocytosis (GO:0006897),0.06197910459830957,0.22757757898202535,MYO1E;MYO6;PACSIN2;EPS15,4
GO_Biological_Process_2023,Rho Protein Signal Transduction (GO:0007266),0.06291540919143297,0.22757757898202535,SHTN1;ARHGAP5,2
GO_Biological_Process_2023,Cartilage Development (GO:0051216),0.06291540919143297,0.22757757898202535,OXSR1;SOX6,2
GO_Biological_Process_2023,Sprouting Angiogenesis (GO:0002040),0.06291540919143297,0.22757757898202535,SEMA3E;VEGFA,2
GO_Biological_Process_2023,Positive Regulation Of Cell Migration (GO:0030335),0.06361523277167457,0.22757757898202535,SHTN1;SEMA6D;SEMA3E;VEGFA;MAP4K4,5
GO_Biological_Process_2023,Neuron Projection Development (GO:0031175),0.06489318487796221,0.22757757898202535,SHTN1;DIP2A;MAP4;MAP4K4,4
GO_Biological_Process_2023,Blood Vessel Morphogenesis (GO:0048514),0.06505549253040047,0.22757757898202535,PROX1;VEGFA,2
GO_Biological_Process_2023,Cellular Response To Alcohol (GO:0097306),0.06505549253040047,0.22757757898202535,CREB1;GNAI1,2
GO_Biological_Process_2023,Gonad Development (GO:0008406),0.06505549253040047,0.22757757898202535,SALL1;SOX8,2
GO_Biological_Process_2023,Positive Regulation Of Transcription By RNA Polymerase II (GO:0045944),0.06596252493124179,0.22757757898202535,DLX1;CREB1;SALL1;SOX8;PAX6;PROX1;OXSR1;PPARGC1A;FGFR2;ETV5;HIPK2;VEGFA,12
GO_Biological_Process_2023,Positive Regulation Of Cell Projection Organization (GO:0031346),0.06599357547354189,0.22757757898202535,PTPRD;FUT9;METRN,3
GO_Biological_Process_2023,Regulation Of Focal Adhesion Assembly (GO:0051893),0.06721978190807623,0.22757757898202535,MAP4K4;VEGFA,2
GO_Biological_Process_2023,Regulation Of Myoblast Differentiation (GO:0045661),0.06721978190807623,0.22757757898202535,SOX8;PLCB1,2
GO_Biological_Process_2023,Positive Regulation Of Leukocyte Chemotaxis (GO:0002690),0.06721978190807623,0.22757757898202535,PLA2G7;VEGFA,2
GO_Biological_Process_2023,Protein K63-linked Ubiquitination (GO:0070534),0.06721978190807623,0.22757757898202535,ZFP91;RNF5,2
GO_Biological_Process_2023,"DNA Damage Response, Signal Transduction Resulting In Transcription (GO:0042772)",0.06848474678444079,0.22757757898202535,HIPK2,1
GO_Biological_Process_2023,ER-associated Misfolded Protein Catabolic Process (GO:0071712),0.06848474678444079,0.22757757898202535,RNF5,1
GO_Biological_Process_2023,Golgi Inheritance (GO:0048313),0.06848474678444079,0.22757757898202535,GBF1,1
GO_Biological_Process_2023,T-helper 1 Type Immune Response (GO:0042088),0.06848474678444079,0.22757757898202535,TMEM98,1
GO_Biological_Process_2023,Negative Regulation Of Protein Autophosphorylation (GO:0031953),0.06848474678444079,0.22757757898202535,ENPP1,1
GO_Biological_Process_2023,Negative Regulation Of Protein Exit From Endoplasmic Reticulum (GO:0070862),0.06848474678444079,0.22757757898202535,SVIP,1
GO_Biological_Process_2023,Adrenal Gland Development (GO:0030325),0.06848474678444079,0.22757757898202535,SALL1,1
GO_Biological_Process_2023,Negative Regulation Of Sodium Ion Transmembrane Transport (GO:1902306),0.06848474678444079,0.22757757898202535,OXSR1,1
GO_Biological_Process_2023,Alpha-Linolenic Acid Metabolic Process (GO:0036109),0.06848474678444079,0.22757757898202535,ELOVL5,1
GO_Biological_Process_2023,Negative Regulation Of Transcription By Competitive Promoter Binding (GO:0010944),0.06848474678444079,0.22757757898202535,CREB1,1
GO_Biological_Process_2023,Camera-Type Eye Morphogenesis (GO:0048593),0.06848474678444079,0.22757757898202535,VEGFA,1
GO_Biological_Process_2023,Regulation Of Protein Lipidation (GO:1903059),0.06848474678444079,0.22757757898202535,SVIP,1
GO_Biological_Process_2023,Regulation Of Protein Localization To Centrosome (GO:1904779),0.06848474678444079,0.22757757898202535,UBXN2B,1
GO_Biological_Process_2023,Cell Differentiation In Spinal Cord (GO:0021515),0.06848474678444079,0.22757757898202535,SOX6,1
GO_Biological_Process_2023,Phosphatidylcholine Catabolic Process (GO:0034638),0.06848474678444079,0.22757757898202535,PLA2G7,1
GO_Biological_Process_2023,Phosphatidylethanolamine Acyl-Chain Remodeling (GO:0036152),0.06848474678444079,0.22757757898202535,MBOAT1,1
GO_Biological_Process_2023,Positive Regulation Of ATP Metabolic Process (GO:1903580),0.06848474678444079,0.22757757898202535,PPARGC1A,1
GO_Biological_Process_2023,Chloride Ion Homeostasis (GO:0055064),0.06848474678444079,0.22757757898202535,SLC12A2,1
GO_Biological_Process_2023,Positive Regulation Of Acrosome Reaction (GO:2000344),0.06848474678444079,0.22757757898202535,PLCB1,1
GO_Biological_Process_2023,Response To Histamine (GO:0034776),0.06848474678444079,0.22757757898202535,GABRB2,1
GO_Biological_Process_2023,Smooth Muscle Tissue Development (GO:0048745),0.06848474678444079,0.22757757898202535,PROX1,1
GO_Biological_Process_2023,Positive Regulation Of Keratinocyte Migration (GO:0051549),0.06848474678444079,0.22757757898202535,MAP4K4,1
GO_Biological_Process_2023,Positive Regulation Of Lipase Activity (GO:0060193),0.06848474678444079,0.22757757898202535,FGFR2,1
GO_Biological_Process_2023,Forelimb Morphogenesis (GO:0035136),0.06848474678444079,0.22757757898202535,OXSR1,1
GO_Biological_Process_2023,Positive Regulation Of Mesenchymal Cell Proliferation (GO:0002053),0.06848474678444079,0.22757757898202535,FGFR2,1
GO_Biological_Process_2023,Positive Regulation Of Protein Acetylation (GO:1901985),0.06848474678444079,0.22757757898202535,DIP2A,1
GO_Biological_Process_2023,Positive Regulation Of Tissue Remodeling (GO:0034105),0.06848474678444079,0.22757757898202535,TMBIM1,1
GO_Biological_Process_2023,Presynaptic Membrane Organization (GO:0097090),0.06848474678444079,0.22757757898202535,PTPRD,1
GO_Biological_Process_2023,Protein Insertion Into ER Membrane By Stop-Transfer Membrane-Anchor Sequence (GO:0045050),0.06848474678444079,0.22757757898202535,MMGT1,1
GO_Biological_Process_2023,Mesenchymal To Epithelial Transition (GO:0060231),0.06848474678444079,0.22757757898202535,SALL1,1
GO_Biological_Process_2023,Mitotic Nuclear Membrane Organization (GO:0101024),0.06848474678444079,0.22757757898202535,REEP3,1
GO_Biological_Process_2023,Mitotic Nuclear Membrane Reassembly (GO:0007084),0.06848474678444079,0.22757757898202535,REEP3,1
GO_Biological_Process_2023,Monoatomic Anion Homeostasis (GO:0055081),0.06848474678444079,0.22757757898202535,SLC12A2,1
GO_Biological_Process_2023,Myelin Assembly (GO:0032288),0.06848474678444079,0.22757757898202535,TPPP,1
GO_Biological_Process_2023,Regulation Of PERK-mediated Unfolded Protein Response (GO:1903897),0.06848474678444079,0.22757757898202535,TMEM33,1
GO_Biological_Process_2023,Regulation Of Bile Acid Biosynthetic Process (GO:0070857),0.06848474678444079,0.22757757898202535,PROX1,1
GO_Biological_Process_2023,Regulation Of Cardiac Muscle Cell Differentiation (GO:2000725),0.06848474678444079,0.22757757898202535,SOX6,1
GO_Biological_Process_2023,Negative Regulation Of Cell-Cell Adhesion Mediated By Cadherin (GO:2000048),0.06848474678444079,0.22757757898202535,VEGFA,1
GO_Biological_Process_2023,Negative Regulation Of Delayed Rectifier Potassium Channel Activity (GO:1902260),0.06848474678444079,0.22757757898202535,KCNAB1,1
GO_Biological_Process_2023,Regulation Of Cellular Extravasation (GO:0002691),0.06848474678444079,0.22757757898202535,FUT9,1
GO_Biological_Process_2023,Neuron Migration (GO:0001764),0.06940777105619764,0.22901290497080307,SEMA3E;VEGFA,2
GO_Biological_Process_2023,Phosphatidylcholine Metabolic Process (GO:0046470),0.06940777105619764,0.22901290497080307,MBOAT1;PLA2G7,2
GO_Biological_Process_2023,Response To Peptide Hormone (GO:0043434),0.06940777105619764,0.22901290497080307,CREB1;GNAI1,2
GO_Biological_Process_2023,Peptide Metabolic Process (GO:0006518),0.07161896006736296,0.23299004002355259,CPD;SEC11C,2
GO_Biological_Process_2023,Regulation Of Cation Channel Activity (GO:2001257),0.07161896006736296,0.23299004002355259,KCNAB1;FGF12,2
GO_Biological_Process_2023,Positive Regulation Of Cell Differentiation (GO:0045597),0.072678708509759,0.23299004002355259,DLX1;GPRC5B;CREB1;SOX6;PLCB1,5
GO_Biological_Process_2023,Positive Regulation Of Nucleic Acid-Templated Transcription (GO:1903508),0.07282772980089684,0.23299004002355259,CREB1;SALL1;TMEM98;SOX8;PAX6;PLCB1;PPARGC1A;HIPK2,8
GO_Biological_Process_2023,Negative Regulation Of Hydrogen Peroxide-Induced Cell Death (GO:1903206),0.07580041919374052,0.23299004002355259,GPR37L1,1
GO_Biological_Process_2023,Negative Regulation Of Lymphocyte Migration (GO:2000402),0.07580041919374052,0.23299004002355259,PADI2,1
GO_Biological_Process_2023,T Cell Chemotaxis (GO:0010818),0.07580041919374052,0.23299004002355259,SLC12A2,1
GO_Biological_Process_2023,Negative Regulation Of Sodium Ion Transmembrane Transporter Activity (GO:2000650),0.07580041919374052,0.23299004002355259,OXSR1,1
GO_Biological_Process_2023,Negative Regulation Of Steroid Biosynthetic Process (GO:0010894),0.07580041919374052,0.23299004002355259,PROX1,1
GO_Biological_Process_2023,Ammonium Transmembrane Transport (GO:0072488),0.07580041919374052,0.23299004002355259,SLC12A2,1
GO_Biological_Process_2023,Angiogenesis Involved In Wound Healing (GO:0060055),0.07580041919374052,0.23299004002355259,VEGFA,1
GO_Biological_Process_2023,Regulation Of Phospholipase Activity (GO:0010517),0.07580041919374052,0.23299004002355259,FGFR2,1
GO_Biological_Process_2023,Nucleoside Triphosphate Metabolic Process (GO:0009141),0.07580041919374052,0.23299004002355259,ENPP1,1
GO_Biological_Process_2023,Cellular Response To Interleukin-12 (GO:0071349),0.07580041919374052,0.23299004002355259,PLCB1,1
GO_Biological_Process_2023,Cellular Response To Interleukin-15 (GO:0071350),0.07580041919374052,0.23299004002355259,PLCB1,1
GO_Biological_Process_2023,Diol Metabolic Process (GO:0034311),0.07580041919374052,0.23299004002355259,SGPP2,1
GO_Biological_Process_2023,Positive Regulation Of Chondrocyte Differentiation (GO:0032332),0.07580041919374052,0.23299004002355259,SOX6,1
GO_Biological_Process_2023,Positive Regulation Of Integrin Activation (GO:0033625),0.07580041919374052,0.23299004002355259,P2RY12,1
GO_Biological_Process_2023,Surfactant Homeostasis (GO:0043129),0.07580041919374052,0.23299004002355259,VEGFA,1
GO_Biological_Process_2023,Synaptic Vesicle Transport (GO:0048489),0.07580041919374052,0.23299004002355259,KIF5B,1
GO_Biological_Process_2023,tRNA Threonylcarbamoyladenosine Metabolic Process (GO:0070525),0.07580041919374052,0.23299004002355259,TPRKB,1
GO_Biological_Process_2023,Urogenital System Development (GO:0001655),0.07580041919374052,0.23299004002355259,OXSR1,1
GO_Biological_Process_2023,Induction Of Positive Chemotaxis (GO:0050930),0.07580041919374052,0.23299004002355259,VEGFA,1
GO_Biological_Process_2023,Insulin-Like Growth Factor Receptor Signaling Pathway (GO:0048009),0.07580041919374052,0.23299004002355259,PLCB1,1
GO_Biological_Process_2023,Interleukin-15-Mediated Signaling Pathway (GO:0035723),0.07580041919374052,0.23299004002355259,PLCB1,1
GO_Biological_Process_2023,Protein Kinase C-activating G Protein-Coupled Receptor Signaling Pathway (GO:0007205),0.07580041919374052,0.23299004002355259,PRKD3,1
GO_Biological_Process_2023,Protein Localization To Endosome (GO:0036010),0.07580041919374052,0.23299004002355259,PACSIN2,1
GO_Biological_Process_2023,Mesonephros Development (GO:0001823),0.07580041919374052,0.23299004002355259,OXSR1,1
GO_Biological_Process_2023,Metanephric Mesenchyme Development (GO:0072075),0.07580041919374052,0.23299004002355259,OXSR1,1
GO_Biological_Process_2023,Receptor-Mediated Endocytosis Of Virus By Host Cell (GO:0019065),0.07580041919374052,0.23299004002355259,EPS15,1
GO_Biological_Process_2023,Monocyte Differentiation (GO:0030224),0.07580041919374052,0.23299004002355259,VEGFA,1
GO_Biological_Process_2023,Peptidyl-Threonine Phosphorylation (GO:0018107),0.07610896947159652,0.23299004002355259,OXSR1;HIPK2,2
GO_Biological_Process_2023,Eye Development (GO:0001654),0.07610896947159652,0.23299004002355259,PAX6;HIPK2,2
GO_Biological_Process_2023,Negative Regulation Of Protein-Containing Complex Assembly (GO:0031333),0.07838682127269364,0.23714192504170087,CRYAB;SVIP,2
GO_Biological_Process_2023,Cellular Response To Chemokine (GO:1990869),0.07838682127269364,0.23714192504170087,SLC12A2;OXSR1,2
GO_Biological_Process_2023,Microtubule Cytoskeleton Organization Involved In Mitosis (GO:1902850),0.07838682127269364,0.23714192504170087,MAP4;EML1,2
GO_Biological_Process_2023,Cytosolic Transport (GO:0016482),0.07842411542920148,0.23714192504170087,GBF1;PIP4K2A;EPS15,3
GO_Biological_Process_2023,Golgi Organization (GO:0007030),0.08277969824262726,0.23714192504170087,UBXN2B;GBF1;FHDC1,3
GO_Biological_Process_2023,Positive Regulation Of Peptidyl-Tyrosine Phosphorylation (GO:0050731),0.08277969824262726,0.23714192504170087,GRM5;GPRC5B;VEGFA,3
GO_Biological_Process_2023,Negative Regulation Of Glucose Transmembrane Transport (GO:0010829),0.08305900162289738,0.23714192504170087,ENPP1,1
GO_Biological_Process_2023,Negative Regulation Of Leukocyte Chemotaxis (GO:0002689),0.08305900162289738,0.23714192504170087,PADI2,1
GO_Biological_Process_2023,Negative Regulation Of Potassium Ion Transmembrane Transport (GO:1901380),0.08305900162289738,0.23714192504170087,OXSR1,1
GO_Biological_Process_2023,Regulation Of Keratinocyte Migration (GO:0051547),0.08305900162289738,0.23714192504170087,MAP4K4,1
GO_Biological_Process_2023,Regulation Of Leukocyte Cell-Cell Adhesion (GO:1903037),0.08305900162289738,0.23714192504170087,FUT9,1
GO_Biological_Process_2023,Regulation Of Leukocyte Tethering Or Rolling (GO:1903236),0.08305900162289738,0.23714192504170087,FUT9,1
GO_Biological_Process_2023,Regulation Of Mesenchymal Cell Proliferation (GO:0010464),0.08305900162289738,0.23714192504170087,FGFR2,1
GO_Biological_Process_2023,Negative Regulation Of Vascular Permeability (GO:0043116),0.08305900162289738,0.23714192504170087,VEGFA,1
GO_Biological_Process_2023,Negative Regulation Of Voltage-Gated Potassium Channel Activity (GO:1903817),0.08305900162289738,0.23714192504170087,KCNAB1,1
GO_Biological_Process_2023,Nucleoside Phosphate Biosynthetic Process (GO:1901293),0.08305900162289738,0.23714192504170087,ME1,1
GO_Biological_Process_2023,Nucleoside Phosphate Catabolic Process (GO:1901292),0.08305900162289738,0.23714192504170087,ENPP1,1
GO_Biological_Process_2023,Regulation Of Pseudopodium Assembly (GO:0031272),0.08305900162289738,0.23714192504170087,CDC42EP1,1
GO_Biological_Process_2023,Cell Differentiation In Hindbrain (GO:0021533),0.08305900162289738,0.23714192504170087,PROX1,1
GO_Biological_Process_2023,Cell Part Morphogenesis (GO:0032990),0.08305900162289738,0.23714192504170087,PACSIN2,1
GO_Biological_Process_2023,Phosphatidylinositol-3-Phosphate Biosynthetic Process (GO:0036092),0.08305900162289738,0.23714192504170087,PIK3C2B,1
GO_Biological_Process_2023,Podocyte Differentiation (GO:0072112),0.08305900162289738,0.23714192504170087,MYO1E,1
GO_Biological_Process_2023,Digestive System Development (GO:0055123),0.08305900162289738,0.23714192504170087,FGFR2,1
GO_Biological_Process_2023,Positive Regulation Of Endoplasmic Reticulum Unfolded Protein Response (GO:1900103),0.08305900162289738,0.23714192504170087,TMEM33,1
GO_Biological_Process_2023,Sphingoid Metabolic Process (GO:0046519),0.08305900162289738,0.23714192504170087,SGPP2,1
GO_Biological_Process_2023,Positive Regulation Of Myelination (GO:0031643),0.08305900162289738,0.23714192504170087,TPPP,1
GO_Biological_Process_2023,Positive Regulation Of Pseudopodium Assembly (GO:0031274),0.08305900162289738,0.23714192504170087,CDC42EP1,1
GO_Biological_Process_2023,Positive Regulation Of Vascular Permeability (GO:0043117),0.08305900162289738,0.23714192504170087,VEGFA,1
GO_Biological_Process_2023,Presynapse Organization (GO:0099172),0.08305900162289738,0.23714192504170087,PTPRD,1
GO_Biological_Process_2023,Magnesium Ion Transport (GO:0015693),0.08305900162289738,0.23714192504170087,MMGT1,1
GO_Biological_Process_2023,Melanocyte Differentiation (GO:0030318),0.08305900162289738,0.23714192504170087,ENPP1,1
GO_Biological_Process_2023,Protein Polyglutamylation (GO:0018095),0.08305900162289738,0.23714192504170087,TTLL7,1
GO_Biological_Process_2023,Negative Regulation Of Amyloid Fibril Formation (GO:1905907),0.08305900162289738,0.23714192504170087,CRYAB,1
GO_Biological_Process_2023,Positive Regulation Of Multicellular Organismal Process (GO:0051240),0.08500540583283127,0.24169872102606613,SOX8;ELOVL6;SOX6;PLCB1;PPARGC1A;VEGFA,6
GO_Biological_Process_2023,Phosphatidylinositol-Mediated Signaling (GO:0048015),0.08534608162035502,0.24169872102606613,PLCB1;PIK3C2B,2
GO_Biological_Process_2023,Fat Cell Differentiation (GO:0045444),0.08534608162035502,0.24169872102606613,SOX8;PPARGC1A,2
GO_Biological_Process_2023,Glycerophospholipid Metabolic Process (GO:0006650),0.08534608162035502,0.24169872102606613,PLCB1;PLA2G7,2
GO_Biological_Process_2023,Circulatory System Development (GO:0072359),0.08574029738180154,0.24183604039746043,SALL1;OXSR1;FGF12,3
GO_Biological_Process_2023,Epithelial Cell Differentiation (GO:0030855),0.08574029738180154,0.24183604039746043,PROX1;FGFR2;VEGFA,3
GO_Biological_Process_2023,G Protein-Coupled Glutamate Receptor Signaling Pathway (GO:0007216),0.09026093661991268,0.24190622668823342,GRM5,1
GO_Biological_Process_2023,Negative Regulation Of Mononuclear Cell Migration (GO:0071676),0.09026093661991268,0.24190622668823342,PLCB1,1
GO_Biological_Process_2023,acetyl-CoA Biosynthetic Process (GO:0006085),0.09026093661991268,0.24190622668823342,DIP2A,1
GO_Biological_Process_2023,Regulation Of Leukocyte Adhesion To Vascular Endothelial Cell (GO:1904994),0.09026093661991268,0.24190622668823342,FUT9,1
GO_Biological_Process_2023,Regulation Of Lymphocyte Migration (GO:2000401),0.09026093661991268,0.24190622668823342,JAM2,1
GO_Biological_Process_2023,Adipose Tissue Development (GO:0060612),0.09026093661991268,0.24190622668823342,SOX8,1
GO_Biological_Process_2023,Atrial Cardiac Muscle Tissue Development (GO:0003228),0.09026093661991268,0.24190622668823342,PROX1,1
GO_Biological_Process_2023,Nuclear Body Organization (GO:0030575),0.09026093661991268,0.24190622668823342,HIPK2,1
GO_Biological_Process_2023,Nucleotide Metabolic Process (GO:0009117),0.09026093661991268,0.24190622668823342,ME1,1
GO_Biological_Process_2023,"Regulation Of Retrograde Protein Transport, ER To Cytosol (GO:1904152)",0.09026093661991268,0.24190622668823342,SVIP,1
GO_Biological_Process_2023,Phosphate Ion Homeostasis (GO:0055062),0.09026093661991268,0.24190622668823342,ENPP1,1
GO_Biological_Process_2023,Cellular Response To Acidic pH (GO:0071468),0.09026093661991268,0.24190622668823342,PKD2L1,1
GO_Biological_Process_2023,Polysaccharide Biosynthetic Process (GO:0000271),0.09026093661991268,0.24190622668823342,FUT9,1
GO_Biological_Process_2023,Positive Regulation Of T Cell Chemotaxis (GO:0010820),0.09026093661991268,0.24190622668823342,OXSR1,1
GO_Biological_Process_2023,Response To Muramyl Dipeptide (GO:0032495),0.09026093661991268,0.24190622668823342,ERBIN,1
GO_Biological_Process_2023,Positive Regulation Of Cell Morphogenesis Involved In Differentiation (GO:0010770),0.09026093661991268,0.24190622668823342,PTPRD,1
GO_Biological_Process_2023,Positive Regulation Of Fatty Acid Oxidation (GO:0046321),0.09026093661991268,0.24190622668823342,PPARGC1A,1
GO_Biological_Process_2023,Synaptic Membrane Adhesion (GO:0099560),0.09026093661991268,0.24190622668823342,PTPRD,1
GO_Biological_Process_2023,Eye Photoreceptor Cell Differentiation (GO:0001754),0.09026093661991268,0.24190622668823342,VEGFA,1
GO_Biological_Process_2023,Positive Regulation Of Neuron Migration (GO:2001224),0.09026093661991268,0.24190622668823342,SHTN1,1
GO_Biological_Process_2023,Positive Regulation Of Purine Nucleotide Biosynthetic Process (GO:1900373),0.09026093661991268,0.24190622668823342,PPARGC1A,1
GO_Biological_Process_2023,Positive Regulation Of Ruffle Assembly (GO:1900029),0.09026093661991268,0.24190622668823342,P2RY12,1
GO_Biological_Process_2023,pre-miRNA Processing (GO:0031054),0.09026093661991268,0.24190622668823342,AGO3,1
GO_Biological_Process_2023,Low-Density Lipoprotein Particle Remodeling (GO:0034374),0.09026093661991268,0.24190622668823342,PLA2G7,1
GO_Biological_Process_2023,"Mitochondrial Electron Transport, Ubiquinol To Cytochrome C (GO:0006122)",0.09026093661991268,0.24190622668823342,CYCS,1
GO_Biological_Process_2023,Regulation Of Acrosome Reaction (GO:0060046),0.09026093661991268,0.24190622668823342,PLCB1,1
GO_Biological_Process_2023,Positive Regulation Of Cell Cycle (GO:0045787),0.0924842353863167,0.2455349946577612,PROX1;FGFR2,2
GO_Biological_Process_2023,Fatty Acid Biosynthetic Process (GO:0006633),0.0924842353863167,0.2455349946577612,ELOVL5;ELOVL6,2
GO_Biological_Process_2023,Regulation Of Cell-Matrix Adhesion (GO:0001952),0.0924842353863167,0.2455349946577612,SEMA3E;MAP4K4,2
GO_Biological_Process_2023,Peptidyl-Threonine Modification (GO:0018210),0.09490128104831266,0.2455349946577612,OXSR1;HIPK2,2
GO_Biological_Process_2023,Positive Regulation Of Cell Motility (GO:2000147),0.0966171999214876,0.2455349946577612,SEMA6D;SEMA3E;VEGFA;MAP4K4,4
GO_Biological_Process_2023,Regulation Of Gastrulation (GO:0010470),0.09740666335600963,0.2455349946577612,OXSR1,1
GO_Biological_Process_2023,Negative Regulation Of Myoblast Differentiation (GO:0045662),0.09740666335600963,0.2455349946577612,SOX8,1
GO_Biological_Process_2023,Regulation Of Leukocyte Migration (GO:0002685),0.09740666335600963,0.2455349946577612,VEGFA,1
GO_Biological_Process_2023,acyl-CoA Biosynthetic Process (GO:0071616),0.09740666335600963,0.2455349946577612,DIP2A,1
GO_Biological_Process_2023,Regulation Of Macrophage Cytokine Production (GO:0010935),0.09740666335600963,0.2455349946577612,GPRC5B,1
GO_Biological_Process_2023,Body Fluid Secretion (GO:0007589),0.09740666335600963,0.2455349946577612,VEGFA,1
GO_Biological_Process_2023,Plasma Membrane Tubulation (GO:0097320),0.09740666335600963,0.2455349946577612,PACSIN2,1
GO_Biological_Process_2023,Regulation Of Trophoblast Cell Migration (GO:1901163),0.09740666335600963,0.2455349946577612,VEGFA,1
GO_Biological_Process_2023,Chondroitin Sulfate Biosynthetic Process (GO:0030206),0.09740666335600963,0.2455349946577612,CHST3,1
GO_Biological_Process_2023,Clathrin Coat Assembly (GO:0048268),0.09740666335600963,0.2455349946577612,EPS15,1
GO_Biological_Process_2023,Cranial Nerve Development (GO:0021545),0.09740666335600963,0.2455349946577612,SALL1,1
GO_Biological_Process_2023,Positive Regulation Of Cardiac Muscle Cell Proliferation (GO:0060045),0.09740666335600963,0.2455349946577612,FGFR2,1
GO_Biological_Process_2023,Signal Peptide Processing (GO:0006465),0.09740666335600963,0.2455349946577612,SEC11C,1
GO_Biological_Process_2023,Endoplasmic Reticulum Mannose Trimming (GO:1904380),0.09740666335600963,0.2455349946577612,RNF5,1
GO_Biological_Process_2023,Endothelial Cell Differentiation (GO:0045446),0.09740666335600963,0.2455349946577612,PROX1,1
GO_Biological_Process_2023,Positive Regulation Of Fatty Acid Biosynthetic Process (GO:0045723),0.09740666335600963,0.2455349946577612,ELOVL5,1
GO_Biological_Process_2023,Positive Regulation Of Glycoprotein Biosynthetic Process (GO:0010560),0.09740666335600963,0.2455349946577612,PLCB1,1
GO_Biological_Process_2023,Positive Regulation Of Histone Deacetylation (GO:0031065),0.09740666335600963,0.2455349946577612,VEGFA,1
GO_Biological_Process_2023,Ether Lipid Metabolic Process (GO:0046485),0.09740666335600963,0.2455349946577612,PLA2G7,1
GO_Biological_Process_2023,Eye Photoreceptor Cell Development (GO:0042462),0.09740666335600963,0.2455349946577612,VEGFA,1
GO_Biological_Process_2023,Synaptic Vesicle Localization (GO:0097479),0.09740666335600963,0.2455349946577612,KIF5B,1
GO_Biological_Process_2023,Glomerular Filtration (GO:0003094),0.09740666335600963,0.2455349946577612,MYO1E,1
GO_Biological_Process_2023,Intracellular Potassium Ion Homeostasis (GO:0030007),0.09740666335600963,0.2455349946577612,SLC12A2,1
GO_Biological_Process_2023,Microvillus Organization (GO:0032528),0.09740666335600963,0.2455349946577612,MAP4K4,1
GO_Biological_Process_2023,Purine Ribonucleoside Bisphosphate Metabolic Process (GO:0034035),0.09740666335600963,0.2455349946577612,ENPP1,1
GO_Biological_Process_2023,Regulation Of IRE1-mediated Unfolded Protein Response (GO:1903894),0.09740666335600963,0.2455349946577612,TMEM33,1
GO_Biological_Process_2023,Regulation Of T Cell Chemotaxis (GO:0010819),0.09740666335600963,0.2455349946577612,OXSR1,1
GO_Biological_Process_2023,Negative Regulation Of Bone Mineralization (GO:0030502),0.09740666335600963,0.2455349946577612,ENPP1,1
GO_Biological_Process_2023,Aerobic Electron Transport Chain (GO:0019646),0.09978925013891618,0.25006820959957804,NDUFS8;CYCS,2
GO_Biological_Process_2023,Ras Protein Signal Transduction (GO:0007265),0.10441587247287124,0.25006820959957804,SHTN1;ARHGAP5;RASGRP3,3
GO_Biological_Process_2023,Actin Filament Organization (GO:0007015),0.10441587247287124,0.25006820959957804,MYO1E;MYO6;PROX1,3
GO_Biological_Process_2023,Bone Morphogenesis (GO:0060349),0.10449661767090834,0.25006820959957804,FGFR2,1
GO_Biological_Process_2023,Cardiac Cell Development (GO:0055006),0.10449661767090834,0.25006820959957804,VEGFA,1
GO_Biological_Process_2023,Pancreas Development (GO:0031016),0.10449661767090834,0.25006820959957804,PROX1,1
GO_Biological_Process_2023,Cellular Response To ATP (GO:0071318),0.10449661767090834,0.25006820959957804,P2RY12,1
GO_Biological_Process_2023,Photoreceptor Cell Development (GO:0042461),0.10449661767090834,0.25006820959957804,VEGFA,1
GO_Biological_Process_2023,Renal Water Homeostasis (GO:0003091),0.10449661767090834,0.25006820959957804,AQP4,1
GO_Biological_Process_2023,Respiratory Electron Transport Chain (GO:0022904),0.10449661767090834,0.25006820959957804,PPARGC1A,1
GO_Biological_Process_2023,Contractile Actin Filament Bundle Assembly (GO:0030038),0.10449661767090834,0.25006820959957804,FHDC1,1
GO_Biological_Process_2023,Electron Transport Chain (GO:0022900),0.10449661767090834,0.25006820959957804,PPARGC1A,1
GO_Biological_Process_2023,Embryonic Cranial Skeleton Morphogenesis (GO:0048701),0.10449661767090834,0.25006820959957804,FGFR2,1
GO_Biological_Process_2023,Positive Regulation Of Endothelial Cell Chemotaxis (GO:2001028),0.10449661767090834,0.25006820959957804,VEGFA,1
GO_Biological_Process_2023,Positive Regulation Of Histone Acetylation (GO:0035066),0.10449661767090834,0.25006820959957804,PPARGC1A,1
GO_Biological_Process_2023,Stress Fiber Assembly (GO:0043149),0.10449661767090834,0.25006820959957804,FHDC1,1
GO_Biological_Process_2023,Establishment Of Spindle Localization (GO:0051293),0.10449661767090834,0.25006820959957804,MAP4,1
GO_Biological_Process_2023,Positive Regulation Of Membrane Protein Ectodomain Proteolysis (GO:0051044),0.10449661767090834,0.25006820959957804,SH3D19,1
GO_Biological_Process_2023,Glucosamine-Containing Compound Metabolic Process (GO:1901071),0.10449661767090834,0.25006820959957804,CHST3,1
GO_Biological_Process_2023,Vascular Endothelial Growth Factor Signaling Pathway (GO:0038084),0.10449661767090834,0.25006820959957804,VEGFA,1
GO_Biological_Process_2023,Positive Regulation Of Transcription From RNA Polymerase II Promoter Involved In Cellular Response To Chemical Stimulus (GO:1901522),0.10449661767090834,0.25006820959957804,VEGFA,1
GO_Biological_Process_2023,Positive Regulation Of Transporter Activity (GO:0032411),0.10449661767090834,0.25006820959957804,PPARGC1A,1
GO_Biological_Process_2023,miRNA-mediated Gene Silencing By Inhibition Of Translation (GO:0035278),0.10449661767090834,0.25006820959957804,AGO3,1
GO_Biological_Process_2023,Microvillus Assembly (GO:0030033),0.10449661767090834,0.25006820959957804,MAP4K4,1
GO_Biological_Process_2023,Regulation Of ATP Biosynthetic Process (GO:2001169),0.10449661767090834,0.25006820959957804,PPARGC1A,1
GO_Biological_Process_2023,Negative Regulation Of Blood Pressure (GO:0045776),0.10449661767090834,0.25006820959957804,GPR37L1,1
GO_Biological_Process_2023,Regulation Of Bone Remodeling (GO:0046850),0.10449661767090834,0.25006820959957804,S1PR1,1
GO_Biological_Process_2023,Negative Regulation Of Cilium Assembly (GO:1902018),0.10449661767090834,0.25006820959957804,MAP4,1
GO_Biological_Process_2023,Sensory Organ Development (GO:0007423),0.10474622646558453,0.25006820959957804,PAX6;HIPK2,2
GO_Biological_Process_2023,Positive Regulation Of Protein Polymerization (GO:0032273),0.10474622646558453,0.25006820959957804,CDC42EP1;TPPP,2
GO_Biological_Process_2023,Mitochondrial ATP Synthesis Coupled Electron Transport (GO:0042775),0.10474622646558453,0.25006820959957804,NDUFS8;CYCS,2
GO_Biological_Process_2023,Regulation Of Cold-Induced Thermogenesis (GO:0120161),0.10767343944535794,0.2557904812352638,ELOVL6;PPARGC1A;VEGFA,3
GO_Biological_Process_2023,Negative Regulation Of DNA-templated Transcription (GO:0045892),0.10870216521238951,0.2557904812352638,DLX1;CREB1;SALL1;SOX8;PAX6;PROX1;OXSR1;PLCB1;CRYAB;FGFR2;ETV5;VEGFA,12
GO_Biological_Process_2023,Positive Regulation Of DNA-templated Transcription (GO:0045893),0.11058470278481151,0.2557904812352638,DLX1;PAX6;PROX1;OXSR1;ETV5;HIPK2;VEGFA;CREB1;SALL1;TMEM98;SOX8;PLCB1;PPARGC1A;FGFR2,14
GO_Biological_Process_2023,Regulation Of Cellular Response To Heat (GO:1900034),0.11153123198964328,0.2557904812352638,CHORDC1,1
GO_Biological_Process_2023,3'-Phosphoadenosine 5'-Phosphosulfate Metabolic Process (GO:0050427),0.11153123198964328,0.2557904812352638,ENPP1,1
GO_Biological_Process_2023,Negative Regulation Of Epithelial Cell Differentiation (GO:0030857),0.11153123198964328,0.2557904812352638,OXSR1,1
GO_Biological_Process_2023,Regulation Of Clathrin-Dependent Endocytosis (GO:2000369),0.11153123198964328,0.2557904812352638,BMP2K,1
GO_Biological_Process_2023,DNA Double-Strand Break Processing (GO:0000729),0.11153123198964328,0.2557904812352638,EXD2,1
GO_Biological_Process_2023,N-acetylglucosamine Metabolic Process (GO:0006044),0.11153123198964328,0.2557904812352638,CHST3,1
GO_Biological_Process_2023,Activation Of NF-kappaB-inducing Kinase Activity (GO:0007250),0.11153123198964328,0.2557904812352638,ZFP91,1
GO_Biological_Process_2023,Cardiac Myofibril Assembly (GO:0055003),0.11153123198964328,0.2557904812352638,PROX1,1
GO_Biological_Process_2023,Regulation Of Systemic Arterial Blood Pressure (GO:0003073),0.11153123198964328,0.2557904812352638,GPR37L1,1
GO_Biological_Process_2023,Renal Filtration (GO:0097205),0.11153123198964328,0.2557904812352638,MYO1E,1
GO_Biological_Process_2023,Dendritic Spine Morphogenesis (GO:0060997),0.11153123198964328,0.2557904812352638,DIP2A,1
GO_Biological_Process_2023,Retrograde Axonal Transport (GO:0008090),0.11153123198964328,0.2557904812352638,KIF5B,1
GO_Biological_Process_2023,Digestive Tract Morphogenesis (GO:0048546),0.11153123198964328,0.2557904812352638,FGFR2,1
GO_Biological_Process_2023,Positive Regulation Of Cyclin-Dependent Protein Serine/Threonine Kinase Activity (GO:0045737),0.11153123198964328,0.2557904812352638,PROX1,1
GO_Biological_Process_2023,Epiboly Involved In Wound Healing (GO:0090505),0.11153123198964328,0.2557904812352638,TMEFF2,1
GO_Biological_Process_2023,Positive Regulation Of Glucose Metabolic Process (GO:0010907),0.11153123198964328,0.2557904812352638,PPARGC1A,1
GO_Biological_Process_2023,Stem Cell Development (GO:0048864),0.11153123198964328,0.2557904812352638,SOX8,1
GO_Biological_Process_2023,Positive Regulation Of Potassium Ion Transport (GO:0043268),0.11153123198964328,0.2557904812352638,KIF5B,1
GO_Biological_Process_2023,Positive Regulation Of Sprouting Angiogenesis (GO:1903672),0.11153123198964328,0.2557904812352638,VEGFA,1
GO_Biological_Process_2023,Presynapse Assembly (GO:0099054),0.11153123198964328,0.2557904812352638,PTPRD,1
GO_Biological_Process_2023,Regulation Of Amyloid Fibril Formation (GO:1905906),0.11153123198964328,0.2557904812352638,CRYAB,1
GO_Biological_Process_2023,Organelle Organization (GO:0006996),0.11189811635092153,0.2562118899753506,UBXN2B;GBF1;PACSIN2;PPARGC1A;EPS15;SH3D19,6
GO_Biological_Process_2023,Negative Regulation Of Protein Phosphorylation (GO:0001933),0.11263336499276226,0.2574739830471804,RASSF2;ENPP1;PPM1E,3
GO_Biological_Process_2023,Negative Regulation Of Neuron Apoptotic Process (GO:0043524),0.11485400948328232,0.25986959057121817,SEMA3E;PPARGC1A,2
GO_Biological_Process_2023,Regulation Of Fat Cell Differentiation (GO:0045598),0.11741900179025401,0.25986959057121817,CREB1;ENPP1,2
GO_Biological_Process_2023,Regulation Of Stress Fiber Assembly (GO:0051492),0.11741900179025401,0.25986959057121817,TMEFF2;PPM1E,2
GO_Biological_Process_2023,Regulation Of Establishment Of Endothelial Barrier (GO:1903140),0.11851093551425104,0.25986959057121817,VEGFA,1
GO_Biological_Process_2023,Regulation Of Fatty Acid Oxidation (GO:0046320),0.11851093551425104,0.25986959057121817,PPARGC1A,1
GO_Biological_Process_2023,acetyl-CoA Metabolic Process (GO:0006084),0.11851093551425104,0.25986959057121817,DIP2A,1
GO_Biological_Process_2023,Activation Of Cysteine-Type Endopeptidase Activity (GO:0097202),0.11851093551425104,0.25986959057121817,CYCS,1
GO_Biological_Process_2023,Autonomic Nervous System Development (GO:0048483),0.11851093551425104,0.25986959057121817,SOX8,1
GO_Biological_Process_2023,Oligodendrocyte Development (GO:0014003),0.11851093551425104,0.25986959057121817,TPPP,1
GO_Biological_Process_2023,Regulation Of Protein Kinase C Signaling (GO:0090036),0.11851093551425104,0.25986959057121817,VEGFA,1
GO_Biological_Process_2023,Regulation Of Secretion (GO:0051046),0.11851093551425104,0.25986959057121817,MYO6,1
GO_Biological_Process_2023,Regulation Of Stem Cell Proliferation (GO:0072091),0.11851093551425104,0.25986959057121817,AGO3,1
GO_Biological_Process_2023,Cellular Response To Gamma Radiation (GO:0071480),0.11851093551425104,0.25986959057121817,CRYAB,1
GO_Biological_Process_2023,Chondroitin Sulfate Metabolic Process (GO:0030204),0.11851093551425104,0.25986959057121817,CHST3,1
GO_Biological_Process_2023,Positive Regulation Of Autophagosome Assembly (GO:2000786),0.11851093551425104,0.25986959057121817,PIP4K2A,1
GO_Biological_Process_2023,Positive Regulation Of Cardiac Muscle Tissue Growth (GO:0055023),0.11851093551425104,0.25986959057121817,FGFR2,1
GO_Biological_Process_2023,Positive Regulation Of Cell Migration Involved In Sprouting Angiogenesis (GO:0090050),0.11851093551425104,0.25986959057121817,VEGFA,1
GO_Biological_Process_2023,Positive Regulation Of Lymphocyte Migration (GO:2000403),0.11851093551425104,0.25986959057121817,JAM2,1
GO_Biological_Process_2023,Tail-Anchored Membrane Protein Insertion Into ER Membrane (GO:0071816),0.11851093551425104,0.25986959057121817,MMGT1,1
GO_Biological_Process_2023,Positive Regulation Of Myeloid Leukocyte Cytokine Production Involved In Immune Response (GO:0061081),0.11851093551425104,0.25986959057121817,GPRC5B,1
GO_Biological_Process_2023,Positive Regulation Of Positive Chemotaxis (GO:0050927),0.11851093551425104,0.25986959057121817,VEGFA,1
GO_Biological_Process_2023,Intracellular Cholesterol Transport (GO:0032367),0.11851093551425104,0.25986959057121817,PIP4K2A,1
GO_Biological_Process_2023,"Protein Alpha-1,2-Demannosylation (GO:0036508)",0.11851093551425104,0.25986959057121817,RNF5,1
GO_Biological_Process_2023,Protein Localization To Endoplasmic Reticulum (GO:0070972),0.11851093551425104,0.25986959057121817,GBF1,1
GO_Biological_Process_2023,"Mitochondrial Electron Transport, Cytochrome C To Oxygen (GO:0006123)",0.11851093551425104,0.25986959057121817,CYCS,1
GO_Biological_Process_2023,Regulation Of Blood Vessel Endothelial Cell Proliferation Involved In Sprouting Angiogenesis (GO:1903587),0.11851093551425104,0.25986959057121817,VEGFA,1
GO_Biological_Process_2023,Cell Morphogenesis Involved In Neuron Differentiation (GO:0048667),0.12259192238209199,0.26113865996111696,SHTN1;FGFR2,2
GO_Biological_Process_2023,Embryonic Organ Development (GO:0048568),0.12259192238209199,0.26113865996111696,SALL1;FGFR2,2
GO_Biological_Process_2023,Positive Regulation Of Endothelial Cell Proliferation (GO:0001938),0.12259192238209199,0.26113865996111696,PROX1;VEGFA,2
GO_Biological_Process_2023,Cellular Response To Growth Factor Stimulus (GO:0071363),0.12280837398086278,0.26113865996111696,DLX1;SOX6;VEGFA,3
GO_Biological_Process_2023,Positive Regulation Of Response To External Stimulus (GO:0032103),0.12280837398086278,0.26113865996111696,P2RY12;GPRC5B;PLA2G7,3
GO_Biological_Process_2023,Organonitrogen Compound Catabolic Process (GO:1901565),0.12519909392170567,0.26113865996111696,PLA2G7;RNF5,2
GO_Biological_Process_2023,Long-Chain Fatty Acid Metabolic Process (GO:0001676),0.12519909392170567,0.26113865996111696,ELOVL5;ELOVL6,2
GO_Biological_Process_2023,Regulation Of Delayed Rectifier Potassium Channel Activity (GO:1902259),0.12543615403421773,0.26113865996111696,KCNAB1,1
GO_Biological_Process_2023,G Protein-Coupled Acetylcholine Receptor Signaling Pathway (GO:0007213),0.12543615403421773,0.26113865996111696,PLCB1,1
GO_Biological_Process_2023,Regulation Of Establishment Of Cell Polarity (GO:2000114),0.12543615403421773,0.26113865996111696,SHTN1,1
GO_Biological_Process_2023,Negative Regulation Of Striated Muscle Cell Differentiation (GO:0051154),0.12543615403421773,0.26113865996111696,SOX6,1
GO_Biological_Process_2023,Aorta Morphogenesis (GO:0035909),0.12543615403421773,0.26113865996111696,PROX1,1
GO_Biological_Process_2023,Neural Tube Development (GO:0021915),0.12543615403421773,0.26113865996111696,PROX1,1
GO_Biological_Process_2023,Nicotinamide Nucleotide Metabolic Process (GO:0046496),0.12543615403421773,0.26113865996111696,ME1,1
GO_Biological_Process_2023,Nuclear Envelope Organization (GO:0006998),0.12543615403421773,0.26113865996111696,REEP3,1
GO_Biological_Process_2023,cGMP-mediated Signaling (GO:0019934),0.12543615403421773,0.26113865996111696,GUCY1A1,1
GO_Biological_Process_2023,Cell Migration Involved In Sprouting Angiogenesis (GO:0002042),0.12543615403421773,0.26113865996111696,VEGFA,1
GO_Biological_Process_2023,Peptidyl-Threonine Dephosphorylation (GO:0035970),0.12543615403421773,0.26113865996111696,PPM1E,1
GO_Biological_Process_2023,Positive Chemotaxis (GO:0050918),0.12543615403421773,0.26113865996111696,VEGFA,1
GO_Biological_Process_2023,Regulation Of Tubulin Deacetylation (GO:0090043),0.12543615403421773,0.26113865996111696,TPPP,1
GO_Biological_Process_2023,Response To Acidic pH (GO:0010447),0.12543615403421773,0.26113865996111696,PKD2L1,1
GO_Biological_Process_2023,Positive Regulation Of Cartilage Development (GO:0061036),0.12543615403421773,0.26113865996111696,SOX6,1
GO_Biological_Process_2023,Positive Regulation Of Cell Adhesion Mediated By Integrin (GO:0033630),0.12543615403421773,0.26113865996111696,P2RY12,1
GO_Biological_Process_2023,Positive Regulation Of Dendrite Morphogenesis (GO:0050775),0.12543615403421773,0.26113865996111696,PTPRD,1
GO_Biological_Process_2023,Sensory Perception Of Taste (GO:0050909),0.12543615403421773,0.26113865996111696,PKD2L1,1
GO_Biological_Process_2023,Positive Regulation Of Lymphocyte Chemotaxis (GO:0140131),0.12543615403421773,0.26113865996111696,OXSR1,1
GO_Biological_Process_2023,Transepithelial Transport (GO:0070633),0.12543615403421773,0.26113865996111696,SLC12A2,1
GO_Biological_Process_2023,Positive Regulation Of Stem Cell Differentiation (GO:2000738),0.12543615403421773,0.26113865996111696,SOX6,1
GO_Biological_Process_2023,Intracellular Estrogen Receptor Signaling Pathway (GO:0030520),0.12543615403421773,0.26113865996111696,PADI2,1
GO_Biological_Process_2023,Positive Regulation Of Transcription From RNA Polymerase II Promoter In Response To Stress (GO:0036003),0.12543615403421773,0.26113865996111696,VEGFA,1
GO_Biological_Process_2023,Leukocyte Tethering Or Rolling (GO:0050901),0.12543615403421773,0.26113865996111696,JAM2,1
GO_Biological_Process_2023,Mesenchyme Development (GO:0060485),0.12543615403421773,0.26113865996111696,FGFR2,1
GO_Biological_Process_2023,Muscle Tissue Morphogenesis (GO:0060415),0.12543615403421773,0.26113865996111696,PROX1,1
GO_Biological_Process_2023,Regulation Of Cartilage Development (GO:0061035),0.12543615403421773,0.26113865996111696,SOX6,1
GO_Biological_Process_2023,Positive Regulation Of Cytoskeleton Organization (GO:0051495),0.12781957676540337,0.2644256099515638,CDC42EP1;PROX1,2
GO_Biological_Process_2023,Regulation Of Protein Localization To Plasma Membrane (GO:1903076),0.1304530049073859,0.2644256099515638,KIF5B;TMBIM1,2
GO_Biological_Process_2023,Regulation Of Epithelial Cell Differentiation (GO:0030856),0.13230731019735142,0.2644256099515638,OXSR1,1
GO_Biological_Process_2023,Regulation Of Establishment Or Maintenance Of Cell Polarity (GO:0032878),0.13230731019735142,0.2644256099515638,SHTN1,1
GO_Biological_Process_2023,Negative Regulation Of Nervous System Development (GO:0051961),0.13230731019735142,0.2644256099515638,PAX6,1
GO_Biological_Process_2023,T-helper Cell Differentiation (GO:0042093),0.13230731019735142,0.2644256099515638,TMEM98,1
GO_Biological_Process_2023,Neural Crest Cell Differentiation (GO:0014033),0.13230731019735142,0.2644256099515638,SOX8,1
GO_Biological_Process_2023,Neuron Fate Commitment (GO:0048663),0.13230731019735142,0.2644256099515638,PAX6,1
GO_Biological_Process_2023,Nitric Oxide Mediated Signal Transduction (GO:0007263),0.13230731019735142,0.2644256099515638,GUCY1A1,1
GO_Biological_Process_2023,Regulation Of Oligodendrocyte Differentiation (GO:0048713),0.13230731019735142,0.2644256099515638,TMEM98,1
GO_Biological_Process_2023,Branching Involved In Ureteric Bud Morphogenesis (GO:0001658),0.13230731019735142,0.2644256099515638,SALL1,1
GO_Biological_Process_2023,Cardiac Atrium Morphogenesis (GO:0003209),0.13230731019735142,0.2644256099515638,PROX1,1
GO_Biological_Process_2023,Cardiac Muscle Cell Contraction (GO:0086003),0.13230731019735142,0.2644256099515638,FGF12,1
GO_Biological_Process_2023,Positive Regulation Of CREB Transcription Factor Activity (GO:0032793),0.13230731019735142,0.2644256099515638,VEGFA,1
GO_Biological_Process_2023,Response To Axon Injury (GO:0048678),0.13230731019735142,0.2644256099515638,P2RY12,1
GO_Biological_Process_2023,Response To Organophosphorus (GO:0046683),0.13230731019735142,0.2644256099515638,ENPP1,1
GO_Biological_Process_2023,Detection Of Mechanical Stimulus (GO:0050982),0.13230731019735142,0.2644256099515638,PKD2L1,1
GO_Biological_Process_2023,Positive Regulation Of Cyclin-Dependent Protein Kinase Activity (GO:1904031),0.13230731019735142,0.2644256099515638,PROX1,1
GO_Biological_Process_2023,Establishment Of Vesicle Localization (GO:0051650),0.13230731019735142,0.2644256099515638,KIF5B,1
GO_Biological_Process_2023,Positive Regulation Of Macrophage Migration (GO:1905523),0.13230731019735142,0.2644256099515638,P2RY12,1
GO_Biological_Process_2023,Positive Regulation Of Monocyte Chemotaxis (GO:0090026),0.13230731019735142,0.2644256099515638,PLA2G7,1
GO_Biological_Process_2023,Positive Regulation Of Nervous System Process (GO:0031646),0.13230731019735142,0.2644256099515638,TPPP,1
GO_Biological_Process_2023,Ureteric Bud Morphogenesis (GO:0060675),0.13230731019735142,0.2644256099515638,SALL1,1
GO_Biological_Process_2023,Heart Trabecula Morphogenesis (GO:0061384),0.13230731019735142,0.2644256099515638,S1PR1,1
GO_Biological_Process_2023,Intracellular Sodium Ion Homeostasis (GO:0006883),0.13230731019735142,0.2644256099515638,SLC12A2,1
GO_Biological_Process_2023,Myoblast Fusion (GO:0007520),0.13230731019735142,0.2644256099515638,JAM2,1
GO_Biological_Process_2023,Regulation Of cAMP-mediated Signaling (GO:0043949),0.13230731019735142,0.2644256099515638,GNAI1,1
GO_Biological_Process_2023,Regulation Of Cell-Cell Adhesion Mediated By Cadherin (GO:2000047),0.13230731019735142,0.2644256099515638,VEGFA,1
GO_Biological_Process_2023,Activation Of Protein Kinase Activity (GO:0032147),0.13309901722535994,0.26562842382065416,ZFP91;VEGFA,2
GO_Biological_Process_2023,Sodium Ion Transmembrane Transport (GO:0035725),0.13575725738642613,0.26809315119445515,SLC12A2;PKD2L1,2
GO_Biological_Process_2023,Adenylate Cyclase-Modulating G Protein-Coupled Receptor Signaling Pathway (GO:0007188),0.1368728167358882,0.26809315119445515,P2RY12;GPR37L1;GNAI1,3
GO_Biological_Process_2023,Vesicle-Mediated Transport To The Plasma Membrane (GO:0098876),0.1384273738227052,0.26809315119445515,GOLGA7;EPS15,2
GO_Biological_Process_2023,Regulation Of Cell Division (GO:0051302),0.1384273738227052,0.26809315119445515,INSC;FGFR2,2
GO_Biological_Process_2023,NADP Metabolic Process (GO:0006739),0.13912482327889525,0.26809315119445515,ME1,1
GO_Biological_Process_2023,Negative Regulation Of Peptidyl-Serine Phosphorylation (GO:0033137),0.13912482327889525,0.26809315119445515,RASSF2,1
GO_Biological_Process_2023,Nucleotide Biosynthetic Process (GO:0009165),0.13912482327889525,0.26809315119445515,ME1,1
GO_Biological_Process_2023,Cardiac Ventricle Development (GO:0003231),0.13912482327889525,0.26809315119445515,SALL1,1
GO_Biological_Process_2023,Cellular Response To Misfolded Protein (GO:0071218),0.13912482327889525,0.26809315119445515,RNF5,1
GO_Biological_Process_2023,Regulation Of Vascular Endothelial Growth Factor Signaling Pathway (GO:1900746),0.13912482327889525,0.26809315119445515,VEGFA,1
GO_Biological_Process_2023,Chondroitin Sulfate Proteoglycan Biosynthetic Process (GO:0050650),0.13912482327889525,0.26809315119445515,CHST3,1
GO_Biological_Process_2023,Positive Regulation Of Alpha-Beta T Cell Activation (GO:0046635),0.13912482327889525,0.26809315119445515,HSPH1,1
GO_Biological_Process_2023,Cyclic Nucleotide Biosynthetic Process (GO:0009190),0.13912482327889525,0.26809315119445515,GUCY1A1,1
GO_Biological_Process_2023,Dopaminergic Neuron Differentiation (GO:0071542),0.13912482327889525,0.26809315119445515,VEGFA,1
GO_Biological_Process_2023,Sphingosine Metabolic Process (GO:0006670),0.13912482327889525,0.26809315119445515,SGPP2,1
GO_Biological_Process_2023,Eye Morphogenesis (GO:0048592),0.13912482327889525,0.26809315119445515,VEGFA,1
GO_Biological_Process_2023,Fluid Transport (GO:0042044),0.13912482327889525,0.26809315119445515,AQP4,1
GO_Biological_Process_2023,Glycosphingolipid Biosynthetic Process (GO:0006688),0.13912482327889525,0.26809315119445515,FUT9,1
GO_Biological_Process_2023,Water Transport (GO:0006833),0.13912482327889525,0.26809315119445515,AQP4,1
GO_Biological_Process_2023,Interleukin-1-Mediated Signaling Pathway (GO:0070498),0.13912482327889525,0.26809315119445515,PLCB1,1
GO_Biological_Process_2023,Intrinsic Apoptotic Signaling Pathway In Response To DNA Damage By P53 Class Mediator (GO:0042771),0.13912482327889525,0.26809315119445515,HIPK2,1
GO_Biological_Process_2023,Leukocyte Adhesion To Vascular Endothelial Cell (GO:0061756),0.13912482327889525,0.26809315119445515,JAM2,1
GO_Biological_Process_2023,Linoleic Acid Metabolic Process (GO:0043651),0.13912482327889525,0.26809315119445515,ELOVL5,1
GO_Biological_Process_2023,Mesoderm Development (GO:0007498),0.13912482327889525,0.26809315119445515,VEGFA,1
GO_Biological_Process_2023,Multicellular Organismal-Level Water Homeostasis (GO:0050891),0.13912482327889525,0.26809315119445515,AQP4,1
GO_Biological_Process_2023,Regulation Of Cysteine-Type Endopeptidase Activity Involved In Apoptotic Process (GO:0043281),0.14110901964500278,0.2715426664145239,CYCS;VEGFA,2
GO_Biological_Process_2023,Positive Regulation Of Endothelial Cell Migration (GO:0010595),0.14380185264316336,0.27558738609285693,PROX1;VEGFA,2
GO_Biological_Process_2023,mRNA Metabolic Process (GO:0016071),0.14380185264316336,0.27558738609285693,AGO3;PPARGC1A,2
GO_Biological_Process_2023,Mitotic Spindle Organization (GO:0007052),0.14380185264316336,0.27558738609285693,MAP4;EML1,2
GO_Biological_Process_2023,Membrane Organization (GO:0061024),0.14410399357473952,0.2757886279221075,UBXN2B;TMEM33;REEP3,3
GO_Biological_Process_2023,Negative Regulation Of Protein Localization To Cell Periphery (GO:1904376),0.14588910939450966,0.27580927573367436,TMBIM1,1
GO_Biological_Process_2023,Negative Regulation Of Protein Localization To Plasma Membrane (GO:1903077),0.14588910939450966,0.27580927573367436,TMBIM1,1
GO_Biological_Process_2023,Calcium-Mediated Signaling Using Intracellular Calcium Source (GO:0035584),0.14588910939450966,0.27580927573367436,GRM5,1
GO_Biological_Process_2023,Regulation Of Spindle Organization (GO:0090224),0.14588910939450966,0.27580927573367436,GNAI1,1
GO_Biological_Process_2023,Phosphatidylserine Metabolic Process (GO:0006658),0.14588910939450966,0.27580927573367436,MBOAT1,1
GO_Biological_Process_2023,Cellular Response To pH (GO:0071467),0.14588910939450966,0.27580927573367436,PKD2L1,1
GO_Biological_Process_2023,Epithelial Cilium Movement Involved In Extracellular Fluid Movement (GO:0003351),0.14588910939450966,0.27580927573367436,AQP4,1
GO_Biological_Process_2023,Positive Regulation Of Phospholipase Activity (GO:0010518),0.14588910939450966,0.27580927573367436,FGFR2,1
GO_Biological_Process_2023,Regulation Of Cardiac Muscle Cell Proliferation (GO:0060043),0.14588910939450966,0.27580927573367436,FGFR2,1
GO_Biological_Process_2023,Negative Regulation Of Angiogenesis (GO:0016525),0.14650553519014695,0.27660086873281453,SLC12A2;SEMA3E,2
GO_Biological_Process_2023,Negative Regulation Of Transcription By RNA Polymerase II (GO:0000122),0.14679587538317795,0.2767755116725956,DLX1;SALL1;SOX8;PAX6;PROX1;OXSR1;FGFR2;ETV5;VEGFA,9
GO_Biological_Process_2023,Glucose Homeostasis (GO:0042593),0.14921973420878873,0.2809669019624434,PAX6;PPARGC1A,2
GO_Biological_Process_2023,Metal Ion Transport (GO:0030001),0.1514592664927531,0.2827658456519538,KCNJ10;MMGT1;KCNAB1,3
GO_Biological_Process_2023,Regulation Of Endothelial Cell Migration (GO:0010594),0.1519441211291376,0.2827658456519538,PROX1;VEGFA,2
GO_Biological_Process_2023,Negative Regulation Of Neuron Death (GO:1901215),0.1519441211291376,0.2827658456519538,SEMA3E;PPARGC1A,2
GO_Biological_Process_2023,Positive Regulation Of Cell Adhesion (GO:0045785),0.1519441211291376,0.2827658456519538,P2RY12;VEGFA,2
GO_Biological_Process_2023,Positive Regulation Of Plasma Membrane Bounded Cell Projection Assembly (GO:0120034),0.1519441211291376,0.2827658456519538,P2RY12;CDC42EP1,2
GO_Biological_Process_2023,Regulation Of Membrane Protein Ectodomain Proteolysis (GO:0051043),0.1526005814633489,0.2827658456519538,SH3D19,1
GO_Biological_Process_2023,Sodium Ion Import Across Plasma Membrane (GO:0098719),0.1526005814633489,0.2827658456519538,SLC12A2,1
GO_Biological_Process_2023,Positive Regulation Of Transcription Regulatory Region DNA Binding (GO:2000679),0.1526005814633489,0.2827658456519538,PAX6,1
GO_Biological_Process_2023,Positive Regulation Of Vacuole Organization (GO:0044090),0.1526005814633489,0.2827658456519538,PIP4K2A,1
GO_Biological_Process_2023,Macrophage Differentiation (GO:0030225),0.1526005814633489,0.2827658456519538,VEGFA,1
GO_Biological_Process_2023,Protein Mannosylation (GO:0035268),0.1526005814633489,0.2827658456519538,DPY19L1,1
GO_Biological_Process_2023,Negative Regulation Of Biomineral Tissue Development (GO:0070168),0.1526005814633489,0.2827658456519538,ENPP1,1
GO_Biological_Process_2023,Generation Of Neurons (GO:0048699),0.1533167246128898,0.2837170604939588,PTPRD;FUT9;EML1,3
GO_Biological_Process_2023,Cellular Response To Chemical Stress (GO:0062197),0.1546783717772012,0.2854815859054149,PPARGC1A;ETV5,2
GO_Biological_Process_2023,Sodium Ion Transport (GO:0006814),0.1546783717772012,0.2854815859054149,SLC12A2;PKD2L1,2
GO_Biological_Process_2023,Positive Regulation Of Signal Transduction (GO:0009967),0.1572695501230766,0.2867493554328164,SALL1;BMP2K;FGFR2;VEGFA,4
GO_Biological_Process_2023,NAD Metabolic Process (GO:0019674),0.1592596491574684,0.2867493554328164,ME1,1
GO_Biological_Process_2023,Regulation Of Histone Acetylation (GO:0035065),0.1592596491574684,0.2867493554328164,PPARGC1A,1
GO_Biological_Process_2023,Acetylcholine Receptor Signaling Pathway (GO:0095500),0.1592596491574684,0.2867493554328164,PLCB1,1
GO_Biological_Process_2023,Regulation Of Neural Precursor Cell Proliferation (GO:2000177),0.1592596491574684,0.2867493554328164,PROX1,1
GO_Biological_Process_2023,Blood Vessel Endothelial Cell Migration (GO:0043534),0.1592596491574684,0.2867493554328164,VEGFA,1
GO_Biological_Process_2023,Oligosaccharide Biosynthetic Process (GO:0009312),0.1592596491574684,0.2867493554328164,FUT9,1
GO_Biological_Process_2023,Oxoacid Metabolic Process (GO:0043436),0.1592596491574684,0.2867493554328164,ENPP1,1
GO_Biological_Process_2023,peptidyl-L-cysteine S-palmitoylation (GO:0018230),0.1592596491574684,0.2867493554328164,GOLGA7,1
GO_Biological_Process_2023,peptidyl-S-diacylglycerol-L-cysteine Biosynthetic Process From Peptidyl-Cysteine (GO:0018231),0.1592596491574684,0.2867493554328164,GOLGA7,1
GO_Biological_Process_2023,Peptidyl-Glutamic Acid Modification (GO:0018200),0.1592596491574684,0.2867493554328164,TTLL7,1
GO_Biological_Process_2023,Response To Gamma Radiation (GO:0010332),0.1592596491574684,0.2867493554328164,CRYAB,1
GO_Biological_Process_2023,tRNA Aminoacylation (GO:0043039),0.1592596491574684,0.2867493554328164,LARS2,1
GO_Biological_Process_2023,Vesicle Transport Along Microtubule (GO:0047496),0.1592596491574684,0.2867493554328164,KIF5B,1
GO_Biological_Process_2023,Positive Regulation Of Receptor Internalization (GO:0002092),0.1592596491574684,0.2867493554328164,VEGFA,1
GO_Biological_Process_2023,Inositol Phosphate Metabolic Process (GO:0043647),0.1592596491574684,0.2867493554328164,NUDT4,1
GO_Biological_Process_2023,Mammary Gland Development (GO:0030879),0.1592596491574684,0.2867493554328164,VEGFA,1
GO_Biological_Process_2023,Natural Killer Cell Mediated Immunity (GO:0002228),0.1592596491574684,0.2867493554328164,KIF5B,1
GO_Biological_Process_2023,Negative Regulation Of Cell Development (GO:0010721),0.1592596491574684,0.2867493554328164,PAX6,1
GO_Biological_Process_2023,Regulation Of Endothelial Cell Proliferation (GO:0001936),0.16570768249128862,0.2929893181923727,PROX1;VEGFA,2
GO_Biological_Process_2023,Regulation Of Peptidyl-Serine Phosphorylation (GO:0033135),0.16570768249128862,0.2929893181923727,RASSF2;VEGFA,2
GO_Biological_Process_2023,Positive Regulation Of Cellular Component Biogenesis (GO:0044089),0.16570768249128862,0.2929893181923727,TPPP;VEGFA,2
GO_Biological_Process_2023,Regulation Of Cellular Response To Transforming Growth Factor Beta Stimulus (GO:1903844),0.16586671909103587,0.2929893181923727,DLX1,1
GO_Biological_Process_2023,Negative Regulation Of Extrinsic Apoptotic Signaling Pathway Via Death Domain Receptors (GO:1902042),0.16586671909103587,0.2929893181923727,TMBIM1,1
GO_Biological_Process_2023,Negative Regulation Of Neuron Differentiation (GO:0045665),0.16586671909103587,0.2929893181923727,DLX1,1
GO_Biological_Process_2023,Negative Regulation Of Oxidative Stress-Induced Cell Death (GO:1903202),0.16586671909103587,0.2929893181923727,GPR37L1,1
GO_Biological_Process_2023,Artery Development (GO:0060840),0.16586671909103587,0.2929893181923727,VEGFA,1
GO_Biological_Process_2023,Response To BMP (GO:0071772),0.16586671909103587,0.2929893181923727,DLX1,1
GO_Biological_Process_2023,Endocrine System Development (GO:0035270),0.16586671909103587,0.2929893181923727,SALL1,1
GO_Biological_Process_2023,Glial Cell Development (GO:0021782),0.16586671909103587,0.2929893181923727,TPPP,1
GO_Biological_Process_2023,Hepaticobiliary System Development (GO:0061008),0.16586671909103587,0.2929893181923727,PROX1,1
GO_Biological_Process_2023,Potassium Ion Homeostasis (GO:0055075),0.16586671909103587,0.2929893181923727,SLC12A2,1
GO_Biological_Process_2023,Protein Alkylation (GO:0008213),0.16586671909103587,0.2929893181923727,PRMT8,1
GO_Biological_Process_2023,Microtubule Nucleation (GO:0007020),0.16586671909103587,0.2929893181923727,TPPP,1
GO_Biological_Process_2023,Negative Regulation Of Ion Transmembrane Transporter Activity (GO:0032413),0.17242219465587208,0.300023196919857,OXSR1,1
GO_Biological_Process_2023,Negative Regulation Of Ossification (GO:0030279),0.17242219465587208,0.300023196919857,ENPP1,1
GO_Biological_Process_2023,Regulation Of Muscle Cell Differentiation (GO:0051147),0.17242219465587208,0.300023196919857,FGFR2,1
GO_Biological_Process_2023,Outflow Tract Septum Morphogenesis (GO:0003148),0.17242219465587208,0.300023196919857,FGFR2,1
GO_Biological_Process_2023,Cell Morphogenesis Involved In Differentiation (GO:0000904),0.17242219465587208,0.300023196919857,PROX1,1
GO_Biological_Process_2023,Regulation Of Ruffle Assembly (GO:1900027),0.17242219465587208,0.300023196919857,P2RY12,1
GO_Biological_Process_2023,Positive Regulation Of Cellular Response To Transforming Growth Factor Beta Stimulus (GO:1903846),0.17242219465587208,0.300023196919857,HIPK2,1
GO_Biological_Process_2023,Positive Regulation Of Lipid Metabolic Process (GO:0045834),0.17242219465587208,0.300023196919857,CREB1,1
GO_Biological_Process_2023,Positive Regulation Of p38MAPK Cascade (GO:1900745),0.17242219465587208,0.300023196919857,VEGFA,1
GO_Biological_Process_2023,Positive Regulation Of Transforming Growth Factor Beta Receptor Signaling Pathway (GO:0030511),0.17242219465587208,0.300023196919857,HIPK2,1
GO_Biological_Process_2023,Mononuclear Cell Differentiation (GO:1903131),0.17242219465587208,0.300023196919857,VEGFA,1
GO_Biological_Process_2023,Natural Killer Cell Mediated Cytotoxicity (GO:0042267),0.17242219465587208,0.300023196919857,KIF5B,1
GO_Biological_Process_2023,Cellular Response To Transforming Growth Factor Beta Stimulus (GO:0071560),0.17406799694364936,0.30213539419871643,DLX1;SOX6,2
GO_Biological_Process_2023,Positive Regulation Of Supramolecular Fiber Organization (GO:1902905),0.17406799694364936,0.30213539419871643,CDC42EP1;PROX1,2
GO_Biological_Process_2023,Phosphate-Containing Compound Metabolic Process (GO:0006796),0.17614379539395666,0.30268215258767633,PTPRD;ENPP1;DUSP15,3
GO_Biological_Process_2023,Regulation Of Chondrocyte Differentiation (GO:0032330),0.17892647619014176,0.30268215258767633,SOX6,1
GO_Biological_Process_2023,Regulation Of Glycogen Biosynthetic Process (GO:0005979),0.17892647619014176,0.30268215258767633,ENPP1,1
GO_Biological_Process_2023,Negative Regulation Of Protein Localization To Membrane (GO:1905476),0.17892647619014176,0.30268215258767633,TMBIM1,1
GO_Biological_Process_2023,Regulation Of Keratinocyte Proliferation (GO:0010837),0.17892647619014176,0.30268215258767633,FGFR2,1
GO_Biological_Process_2023,Negative Regulation Of Proteolysis Involved In Protein Catabolic Process (GO:1903051),0.17892647619014176,0.30268215258767633,HIPK2,1
GO_Biological_Process_2023,Negative Regulation Of Smoothened Signaling Pathway (GO:0045879),0.17892647619014176,0.30268215258767633,ENPP1,1
GO_Biological_Process_2023,Negative Regulation Of Stress Fiber Assembly (GO:0051497),0.17892647619014176,0.30268215258767633,TMEFF2,1
GO_Biological_Process_2023,Regulation Of Monocyte Chemotaxis (GO:0090025),0.17892647619014176,0.30268215258767633,PLA2G7,1
GO_Biological_Process_2023,Carbohydrate Biosynthetic Process (GO:0016051),0.17892647619014176,0.30268215258767633,FUT9,1
GO_Biological_Process_2023,Positive Regulation Of T Cell Migration (GO:2000406),0.17892647619014176,0.30268215258767633,OXSR1,1
GO_Biological_Process_2023,Sodium Ion Homeostasis (GO:0055078),0.17892647619014176,0.30268215258767633,SLC12A2,1
GO_Biological_Process_2023,"Wound Healing, Spreading Of Cells (GO:0044319)",0.17892647619014176,0.30268215258767633,TMEFF2,1
GO_Biological_Process_2023,Positive Regulation Of Striated Muscle Cell Differentiation (GO:0051155),0.17892647619014176,0.30268215258767633,PROX1,1
GO_Biological_Process_2023,Long-Chain Fatty Acid Biosynthetic Process (GO:0042759),0.17892647619014176,0.30268215258767633,ELOVL6,1
GO_Biological_Process_2023,Metanephros Development (GO:0001656),0.17892647619014176,0.30268215258767633,OXSR1,1
GO_Biological_Process_2023,Mismatch Repair (GO:0006298),0.17892647619014176,0.30268215258767633,MLH3,1
GO_Biological_Process_2023,Purine Ribonucleotide Catabolic Process (GO:0009154),0.17892647619014176,0.30268215258767633,NUDT4,1
GO_Biological_Process_2023,Myotube Differentiation (GO:0014902),0.17892647619014176,0.30268215258767633,JAM2,1
GO_Biological_Process_2023,Regulation Of Actin Cytoskeleton Reorganization (GO:2000249),0.17892647619014176,0.30268215258767633,SEMA3E,1
GO_Biological_Process_2023,Regulation Of Cell Size (GO:0008361),0.17892647619014176,0.30268215258767633,ARHGAP5,1
GO_Biological_Process_2023,Negative Regulation Of Macromolecule Biosynthetic Process (GO:0010558),0.17967915614796248,0.3028567945192765,TMEFF2;ENPP1,2
GO_Biological_Process_2023,MAPK Cascade (GO:0000165),0.17967915614796248,0.3028567945192765,RASGRP3;MAP4K4,2
GO_Biological_Process_2023,Positive Regulation Of Protein-Containing Complex Assembly (GO:0031334),0.17967915614796248,0.3028567945192765,TPPP;VEGFA,2
GO_Biological_Process_2023,Negative Regulation Of Programmed Cell Death (GO:0043069),0.18087931176009736,0.30451282449142747,SOX8;OXSR1;CRYAB;VEGFA;MAP4K4,5
GO_Biological_Process_2023,Axon Development (GO:0061564),0.1824951618938117,0.3068638599632723,SHTN1;FGFR2,2
GO_Biological_Process_2023,Regulation Of Fatty Acid Biosynthetic Process (GO:0042304),0.18537996093957662,0.3069190122538079,ELOVL5,1
GO_Biological_Process_2023,Nuclear Membrane Organization (GO:0071763),0.18537996093957662,0.3069190122538079,UBXN2B,1
GO_Biological_Process_2023,cAMP-mediated Signaling (GO:0019933),0.18537996093957662,0.3069190122538079,CREB1,1
GO_Biological_Process_2023,Camera-Type Eye Development (GO:0043010),0.18537996093957662,0.3069190122538079,VEGFA,1
GO_Biological_Process_2023,Cardiac Muscle Cell Development (GO:0055013),0.18537996093957662,0.3069190122538079,VEGFA,1
GO_Biological_Process_2023,Cell-Cell Adhesion Mediated By Cadherin (GO:0044331),0.18537996093957662,0.3069190122538079,CDH10,1
GO_Biological_Process_2023,Cellular Response To Xenobiotic Stimulus (GO:0071466),0.18537996093957662,0.3069190122538079,PPM1E,1
GO_Biological_Process_2023,Dendritic Spine Organization (GO:0097061),0.18537996093957662,0.3069190122538079,DIP2A,1
GO_Biological_Process_2023,Establishment Or Maintenance Of Apical/Basal Cell Polarity (GO:0035088),0.18537996093957662,0.3069190122538079,ERBIN,1
GO_Biological_Process_2023,Positive Regulation Of Phosphatidylinositol 3-Kinase Activity (GO:0043552),0.18537996093957662,0.3069190122538079,P2RY12,1
GO_Biological_Process_2023,Protein Export From Nucleus (GO:0006611),0.18537996093957662,0.3069190122538079,DESI1,1
GO_Biological_Process_2023,miRNA-mediated Gene Silencing (GO:0035195),0.18537996093957662,0.3069190122538079,AGO3,1
GO_Biological_Process_2023,Negative Regulation Of Catalytic Activity (GO:0043086),0.18537996093957662,0.3069190122538079,TMBIM1,1
GO_Biological_Process_2023,GPI Anchor Metabolic Process (GO:0006505),0.19178304307148739,0.3127091809522271,PIGQ,1
GO_Biological_Process_2023,Negative Regulation Of Neurogenesis (GO:0050768),0.19178304307148739,0.3127091809522271,PAX6,1
GO_Biological_Process_2023,Activation Of Phospholipase C Activity (GO:0007202),0.19178304307148739,0.3127091809522271,P2RY12,1
GO_Biological_Process_2023,Cardiac Muscle Cell Differentiation (GO:0055007),0.19178304307148739,0.3127091809522271,VEGFA,1
GO_Biological_Process_2023,Cellular Response To Acid Chemical (GO:0071229),0.19178304307148739,0.3127091809522271,VEGFA,1
GO_Biological_Process_2023,Phospholipid Biosynthetic Process (GO:0008654),0.19178304307148739,0.3127091809522271,MBOAT1,1
GO_Biological_Process_2023,Positive Regulation Of Cytosolic Calcium Ion Concentration Involved In Phospholipase C-activating G Protein-Coupled Signaling Pathway (GO:0051482),0.19178304307148739,0.3127091809522271,GPR17,1
GO_Biological_Process_2023,Positive Regulation Of Immune System Process (GO:0002684),0.19178304307148739,0.3127091809522271,VEGFA,1
GO_Biological_Process_2023,Glycerophospholipid Catabolic Process (GO:0046475),0.19178304307148739,0.3127091809522271,PLA2G7,1
GO_Biological_Process_2023,Ventricular Septum Morphogenesis (GO:0060412),0.19178304307148739,0.3127091809522271,PROX1,1
GO_Biological_Process_2023,Protein Quality Control For Misfolded Or Incompletely Synthesized Proteins (GO:0006515),0.19178304307148739,0.3127091809522271,RNF5,1
GO_Biological_Process_2023,Monoubiquitinated Histone H2A Deubiquitination (GO:0035522),0.19178304307148739,0.3127091809522271,TMEM98,1
GO_Biological_Process_2023,Monoubiquitinated Histone Deubiquitination (GO:0035521),0.19178304307148739,0.3127091809522271,TMEM98,1
GO_Biological_Process_2023,Inorganic Cation Import Across Plasma Membrane (GO:0098659),0.1938222436497079,0.31566626177641605,SLC12A2;KCNJ10,2
GO_Biological_Process_2023,Protein Modification Process (GO:0036211),0.19665995893785795,0.31570891013898655,PTPRD;CREB1;MMP15;FUT9;OXSR1;PPM1E;HIPK2;MAP4K4,8
GO_Biological_Process_2023,Positive Regulation Of Inflammatory Response (GO:0050729),0.19666843540420736,0.31570891013898655,GPRC5B;PLA2G7,2
GO_Biological_Process_2023,Positive Regulation Of Kinase Activity (GO:0033674),0.19666843540420736,0.31570891013898655,RASSF2;FGFR2,2
GO_Biological_Process_2023,Positive Regulation Of Vasculature Development (GO:1904018),0.19666843540420736,0.31570891013898655,HIPK2;VEGFA,2
GO_Biological_Process_2023,Regulation Of Chemotaxis (GO:0050920),0.1981361137255398,0.31570891013898655,P2RY12,1
GO_Biological_Process_2023,Golgi To Plasma Membrane Protein Transport (GO:0043001),0.1981361137255398,0.31570891013898655,GOLGA7,1
GO_Biological_Process_2023,Regulation Of Lipid Biosynthetic Process (GO:0046890),0.1981361137255398,0.31570891013898655,CREB1,1
GO_Biological_Process_2023,Negative Regulation Of Wound Healing (GO:0061045),0.1981361137255398,0.31570891013898655,SLC12A2,1
GO_Biological_Process_2023,Regulation Of Monoatomic Ion Transport (GO:0043269),0.1981361137255398,0.31570891013898655,KCNJ10,1
GO_Biological_Process_2023,Regulation Of Plasma Membrane Bounded Cell Projection Organization (GO:0120035),0.1981361137255398,0.31570891013898655,MBOAT1,1
GO_Biological_Process_2023,Regulation Of Sodium Ion Transmembrane Transport (GO:1902305),0.1981361137255398,0.31570891013898655,FGF12,1
GO_Biological_Process_2023,Cellular Response To Osmotic Stress (GO:0071470),0.1981361137255398,0.31570891013898655,OXSR1,1
GO_Biological_Process_2023,Vascular Endothelial Growth Factor Receptor Signaling Pathway (GO:0048010),0.1981361137255398,0.31570891013898655,VEGFA,1
GO_Biological_Process_2023,Limb Development (GO:0060173),0.1981361137255398,0.31570891013898655,SALL1,1
GO_Biological_Process_2023,Protein Localization To Golgi Apparatus (GO:0034067),0.1981361137255398,0.31570891013898655,GBF1,1
GO_Biological_Process_2023,Membrane Fusion (GO:0061025),0.1981361137255398,0.31570891013898655,UBXN2B,1
GO_Biological_Process_2023,Negative Regulation Of Actin Filament Bundle Assembly (GO:0032232),0.1981361137255398,0.31570891013898655,TMEFF2,1
GO_Biological_Process_2023,Regulation Of Bone Resorption (GO:0045124),0.1981361137255398,0.31570891013898655,S1PR1,1
GO_Biological_Process_2023,Negative Regulation Of Cation Channel Activity (GO:2001258),0.1981361137255398,0.31570891013898655,KCNAB1,1
GO_Biological_Process_2023,Regulation Of Neuron Apoptotic Process (GO:0043523),0.19951987159109333,0.316831214932962,SEMA3E;PPARGC1A,2
GO_Biological_Process_2023,Cellular Response To Organonitrogen Compound (GO:0071417),0.19951987159109333,0.316831214932962,P2RY12;GABRB2,2
GO_Biological_Process_2023,Intrinsic Apoptotic Signaling Pathway (GO:0097193),0.19951987159109333,0.316831214932962,CYCS;HIPK2,2
GO_Biological_Process_2023,Endomembrane System Organization (GO:0010256),0.19984534225630785,0.31698824695756767,UBXN2B;REEP3;GBF1,3
GO_Biological_Process_2023,Regulation Of Developmental Growth (GO:0048638),0.20443956101839184,0.32208439849631776,PLCB1,1
GO_Biological_Process_2023,RNA-mediated Gene Silencing (GO:0031047),0.20443956101839184,0.32208439849631776,AGO3,1
GO_Biological_Process_2023,Regulation Of Monoatomic Ion Transmembrane Transport (GO:0034765),0.20443956101839184,0.32208439849631776,KCNJ10,1
GO_Biological_Process_2023,Regulation Of Neuron Migration (GO:2001222),0.20443956101839184,0.32208439849631776,SHTN1,1
GO_Biological_Process_2023,Cardiac Muscle Cell Action Potential (GO:0086001),0.20443956101839184,0.32208439849631776,FGF12,1
GO_Biological_Process_2023,Protein Insertion Into ER Membrane (GO:0045048),0.20443956101839184,0.32208439849631776,MMGT1,1
GO_Biological_Process_2023,Regulation Of Cellular Response To Stress (GO:0080135),0.20523745840177549,0.3226148362967235,TMEM98;CHORDC1,2
GO_Biological_Process_2023,Monoatomic Ion Transport (GO:0006811),0.20523745840177549,0.3226148362967235,SLC12A2;PKD2L1,2
GO_Biological_Process_2023,Regulation Of Cell Cycle (GO:0051726),0.20710864532194226,0.32519079102738185,GBF1;PROX1;FGFR2;HIPK2,4
GO_Biological_Process_2023,GPI Anchor Biosynthetic Process (GO:0006506),0.21069377008058823,0.32787606712207223,PIGQ,1
GO_Biological_Process_2023,Artery Morphogenesis (GO:0048844),0.21069377008058823,0.32787606712207223,VEGFA,1
GO_Biological_Process_2023,Cardiac Muscle Cell Action Potential Involved In Contraction (GO:0086002),0.21069377008058823,0.32787606712207223,FGF12,1
GO_Biological_Process_2023,Phospholipid Dephosphorylation (GO:0046839),0.21069377008058823,0.32787606712207223,SGPP2,1
GO_Biological_Process_2023,Positive Regulation Of Lipid Kinase Activity (GO:0090218),0.21069377008058823,0.32787606712207223,P2RY12,1
GO_Biological_Process_2023,Positive Regulation Of Locomotion (GO:0040017),0.21069377008058823,0.32787606712207223,P2RY12,1
GO_Biological_Process_2023,Protein Palmitoylation (GO:0018345),0.21069377008058823,0.32787606712207223,GOLGA7,1
GO_Biological_Process_2023,Regulation Of Cell Migration Involved In Sprouting Angiogenesis (GO:0090049),0.21069377008058823,0.32787606712207223,VEGFA,1
GO_Biological_Process_2023,Cellular Response To Salt (GO:1902075),0.2109730029206887,0.32794581231782616,P2RY12;SLC12A2,2
GO_Biological_Process_2023,Regulation Of MAPK Cascade (GO:0043408),0.21605000665283003,0.33199329669558214,GPR37L1;FGFR2;MAP4K4,3
GO_Biological_Process_2023,Cytoskeleton Organization (GO:0007010),0.21672456085861402,0.33199329669558214,PACSIN2;SH3D19,2
GO_Biological_Process_2023,Regulation Of Dendrite Morphogenesis (GO:0048814),0.21689912307345394,0.33199329669558214,PTPRD,1
GO_Biological_Process_2023,Regulation Of Extrinsic Apoptotic Signaling Pathway Via Death Domain Receptors (GO:1902041),0.21689912307345394,0.33199329669558214,TMBIM1,1
GO_Biological_Process_2023,Regulation Of Gluconeogenesis (GO:0006111),0.21689912307345394,0.33199329669558214,PPARGC1A,1
GO_Biological_Process_2023,Actin Filament Polymerization (GO:0030041),0.21689912307345394,0.33199329669558214,FHDC1,1
GO_Biological_Process_2023,Regulation Of Protein Localization To Cell Surface (GO:2000008),0.21689912307345394,0.33199329669558214,GBF1,1
GO_Biological_Process_2023,Positive Regulation Of G1/S Transition Of Mitotic Cell Cycle (GO:1900087),0.21689912307345394,0.33199329669558214,PLCB1,1
GO_Biological_Process_2023,Central Nervous System Neuron Differentiation (GO:0021953),0.21689912307345394,0.33199329669558214,PROX1,1
GO_Biological_Process_2023,Positive Regulation Of Rho Protein Signal Transduction (GO:0035025),0.21689912307345394,0.33199329669558214,GPR17,1
GO_Biological_Process_2023,Endodermal Cell Differentiation (GO:0035987),0.21689912307345394,0.33199329669558214,MMP15,1
GO_Biological_Process_2023,Positive Regulation Of Leukocyte Migration (GO:0002687),0.21689912307345394,0.33199329669558214,VEGFA,1
GO_Biological_Process_2023,Leukocyte Cell-Cell Adhesion (GO:0007159),0.21689912307345394,0.33199329669558214,JAM2,1
GO_Biological_Process_2023,Regulation Of Cell Morphogenesis (GO:0022604),0.21689912307345394,0.33199329669558214,SH3D19,1
GO_Biological_Process_2023,Regulation Of Angiogenesis (GO:0045765),0.2180953380562576,0.3334594294433928,SEMA3E;HIPK2;VEGFA,3
GO_Biological_Process_2023,Small GTPase Mediated Signal Transduction (GO:0007264),0.2196057525464302,0.33482332933900677,SHTN1;RASGRP3,2
GO_Biological_Process_2023,Protein Deubiquitination (GO:0016579),0.2196057525464302,0.33482332933900677,USP31;DESI1,2
GO_Biological_Process_2023,Vesicle-Mediated Transport (GO:0016192),0.22207389954473122,0.33482332933900677,MYO1E;MYO6;PIP4K2A;EPS15;SYTL2,5
GO_Biological_Process_2023,Regulation Of Canonical Wnt Signaling Pathway (GO:0060828),0.2221981564783652,0.33482332933900677,GPRC5B;FAM53B;FGFR2,3
GO_Biological_Process_2023,Negative Regulation Of Cell Differentiation (GO:0045596),0.2221981564783652,0.33482332933900677,ENPP1;SOX8;OXSR1,3
GO_Biological_Process_2023,Positive Regulation Of Cellular Component Organization (GO:0051130),0.22249024364510683,0.33482332933900677,TPPP;VEGFA,2
GO_Biological_Process_2023,Negative Regulation Of Fat Cell Differentiation (GO:0045599),0.22305599924514247,0.33482332933900677,ENPP1,1
GO_Biological_Process_2023,NIK/NF-kappaB Signaling (GO:0038061),0.22305599924514247,0.33482332933900677,ZFP91,1
GO_Biological_Process_2023,Negative Regulation Of Proteasomal Ubiquitin-Dependent Protein Catabolic Process (GO:0032435),0.22305599924514247,0.33482332933900677,SVIP,1
GO_Biological_Process_2023,Phosphatidylinositol 3-Kinase Signaling (GO:0014065),0.22305599924514247,0.33482332933900677,PIK3C2B,1
GO_Biological_Process_2023,Regulation Of Transmembrane Transport (GO:0034762),0.22305599924514247,0.33482332933900677,KCNJ10,1
GO_Biological_Process_2023,Gluconeogenesis (GO:0006094),0.22305599924514247,0.33482332933900677,PPARGC1A,1
GO_Biological_Process_2023,Glycosphingolipid Metabolic Process (GO:0006687),0.22305599924514247,0.33482332933900677,FUT9,1
GO_Biological_Process_2023,Positive Regulation Of Synapse Assembly (GO:0051965),0.22305599924514247,0.33482332933900677,PTPRD,1
GO_Biological_Process_2023,miRNA Processing (GO:0035196),0.22305599924514247,0.33482332933900677,AGO3,1
GO_Biological_Process_2023,Purine Ribonucleoside Triphosphate Metabolic Process (GO:0009205),0.22305599924514247,0.33482332933900677,ENPP1,1
GO_Biological_Process_2023,Muscle Cell Development (GO:0055001),0.22305599924514247,0.33482332933900677,VEGFA,1
GO_Biological_Process_2023,Cellular Response To Cytokine Stimulus (GO:0071345),0.223548886350538,0.3352035284077199,SLC12A2;ERBIN;AQP4;OXSR1,4
GO_Biological_Process_2023,Regulation Of Cytoskeleton Organization (GO:0051493),0.22537780661069237,0.3372230496773889,TRIM36;TPPP,2
GO_Biological_Process_2023,Protein Modification By Small Protein Removal (GO:0070646),0.22537780661069237,0.3372230496773889,USP31;DESI1,2
GO_Biological_Process_2023,Regulation Of Potassium Ion Transmembrane Transport (GO:1901379),0.22916477485572526,0.33926086774937525,KCNAB1,1
GO_Biological_Process_2023,Regulation Of Protein Polymerization (GO:0032271),0.22916477485572526,0.33926086774937525,TPPP,1
GO_Biological_Process_2023,Regulation Of Sprouting Angiogenesis (GO:1903670),0.22916477485572526,0.33926086774937525,VEGFA,1
GO_Biological_Process_2023,Positive Regulation Of Notch Signaling Pathway (GO:0045747),0.22916477485572526,0.33926086774937525,BMP2K,1
GO_Biological_Process_2023,Signal Transduction By P53 Class Mediator (GO:0072331),0.22916477485572526,0.33926086774937525,MYO6,1
GO_Biological_Process_2023,Positive Regulation Of Interleukin-12 Production (GO:0032735),0.22916477485572526,0.33926086774937525,PLCB1,1
GO_Biological_Process_2023,Vasculogenesis (GO:0001570),0.22916477485572526,0.33926086774937525,VEGFA,1
GO_Biological_Process_2023,Inositol Lipid-Mediated Signaling (GO:0048017),0.22916477485572526,0.33926086774937525,PLCB1,1
GO_Biological_Process_2023,Monoubiquitinated Protein Deubiquitination (GO:0035520),0.22916477485572526,0.33926086774937525,TMEM98,1
GO_Biological_Process_2023,Regulation Of Cell Adhesion Mediated By Integrin (GO:0033628),0.22916477485572526,0.33926086774937525,P2RY12,1
GO_Biological_Process_2023,Positive Regulation Of Intracellular Signal Transduction (GO:1902533),0.23161382711064665,0.3425240424183876,P2RY12;GPRC5B;SEMA3E;GPR37L1;FGFR2;VEGFA,6
GO_Biological_Process_2023,Cellular Response To Oxidative Stress (GO:0034599),0.23405670044755097,0.34279263209969396,PPARGC1A;ETV5,2
GO_Biological_Process_2023,Positive Regulation Of Protein Serine/Threonine Kinase Activity (GO:0071902),0.23405670044755097,0.34279263209969396,PROX1;VEGFA,2
GO_Biological_Process_2023,Protein Processing (GO:0016485),0.23405670044755097,0.34279263209969396,CPD;SEC11C,2
GO_Biological_Process_2023,ATP Metabolic Process (GO:0046034),0.23522582331358557,0.34279263209969396,ENPP1,1
GO_Biological_Process_2023,Regulation Of Phosphatidylinositol 3-Kinase Activity (GO:0043551),0.23522582331358557,0.34279263209969396,P2RY12,1
GO_Biological_Process_2023,Organophosphate Biosynthetic Process (GO:0090407),0.23522582331358557,0.34279263209969396,MBOAT1,1
GO_Biological_Process_2023,Cellular Response To Amyloid-Beta (GO:1904646),0.23522582331358557,0.34279263209969396,GRM5,1
GO_Biological_Process_2023,Cellular Response To Vascular Endothelial Growth Factor Stimulus (GO:0035924),0.23522582331358557,0.34279263209969396,VEGFA,1
GO_Biological_Process_2023,Embryonic Skeletal System Development (GO:0048706),0.23522582331358557,0.34279263209969396,OXSR1,1
GO_Biological_Process_2023,Transcription Initiation-Coupled Chromatin Remodeling (GO:0045815),0.23522582331358557,0.34279263209969396,PADI2,1
GO_Biological_Process_2023,Positive Regulation Of Organelle Organization (GO:0010638),0.23522582331358557,0.34279263209969396,PPARGC1A,1
GO_Biological_Process_2023,Histone Deubiquitination (GO:0016578),0.23522582331358557,0.34279263209969396,TMEM98,1
GO_Biological_Process_2023,"Mitochondrial Electron Transport, NADH To Ubiquinone (GO:0006120)",0.23522582331358557,0.34279263209969396,NDUFS8,1
GO_Biological_Process_2023,Purine Nucleotide Metabolic Process (GO:0006163),0.23522582331358557,0.34279263209969396,ME1,1
GO_Biological_Process_2023,Supramolecular Fiber Organization (GO:0097435),0.23694115677132827,0.34459368295257337,MYO1E;MYO6;MAP4;TPPP,4
GO_Biological_Process_2023,Regulation Of Protein Binding (GO:0043393),0.23695434095809548,0.34459368295257337,PRMT8;HIPK2,2
GO_Biological_Process_2023,Regulation Of Protein Kinase Activity (GO:0045859),0.2398539645720365,0.34543918287098874,RASSF2;PPM1E,2
GO_Biological_Process_2023,Positive Regulation Of Angiogenesis (GO:0045766),0.2398539645720365,0.34543918287098874,HIPK2;VEGFA,2
GO_Biological_Process_2023,Adherens Junction Organization (GO:0034332),0.24123951512863184,0.34543918287098874,CDH10,1
GO_Biological_Process_2023,Regulation Of Postsynaptic Membrane Potential (GO:0060078),0.24123951512863184,0.34543918287098874,GABRA1,1
GO_Biological_Process_2023,Regulation Of Sodium Ion Transport (GO:0002028),0.24123951512863184,0.34543918287098874,FGF12,1
GO_Biological_Process_2023,Platelet Aggregation (GO:0070527),0.24123951512863184,0.34543918287098874,P2RY12,1
GO_Biological_Process_2023,Regulatory ncRNA Processing (GO:0070918),0.24123951512863184,0.34543918287098874,AGO3,1
GO_Biological_Process_2023,Dendrite Morphogenesis (GO:0048813),0.24123951512863184,0.34543918287098874,DIP2A,1
GO_Biological_Process_2023,Endoderm Formation (GO:0001706),0.24123951512863184,0.34543918287098874,MMP15,1
GO_Biological_Process_2023,tRNA Aminoacylation For Protein Translation (GO:0006418),0.24123951512863184,0.34543918287098874,LARS2,1
GO_Biological_Process_2023,Hexose Biosynthetic Process (GO:0019319),0.24123951512863184,0.34543918287098874,PPARGC1A,1
GO_Biological_Process_2023,Intrinsic Apoptotic Signaling Pathway By P53 Class Mediator (GO:0072332),0.24123951512863184,0.34543918287098874,HIPK2,1
GO_Biological_Process_2023,Liver Development (GO:0001889),0.24123951512863184,0.34543918287098874,PROX1,1
GO_Biological_Process_2023,Protein Methylation (GO:0006479),0.24123951512863184,0.34543918287098874,PRMT8,1
GO_Biological_Process_2023,Regulation Of Axon Extension (GO:0030516),0.24123951512863184,0.34543918287098874,SHTN1,1
GO_Biological_Process_2023,Regulation Of Glucose Import (GO:0046324),0.24720621794739253,0.35218075245254804,ENPP1,1
GO_Biological_Process_2023,Negative Regulation Of Sequestering Of Calcium Ion (GO:0051283),0.24720621794739253,0.35218075245254804,PLCB1,1
GO_Biological_Process_2023,Regulation Of Receptor Internalization (GO:0002090),0.24720621794739253,0.35218075245254804,VEGFA,1
GO_Biological_Process_2023,Positive Regulation Of Phospholipase C Activity (GO:0010863),0.24720621794739253,0.35218075245254804,P2RY12,1
GO_Biological_Process_2023,Histone H3 Acetylation (GO:0043966),0.24720621794739253,0.35218075245254804,TMEM98,1
GO_Biological_Process_2023,Modulation Of Chemical Synaptic Transmission (GO:0050804),0.25146817295360857,0.35788807117202276,SLC12A2;GRM5,2
GO_Biological_Process_2023,Negative Regulation Of Smooth Muscle Cell Proliferation (GO:0048662),0.25312629653250535,0.35951643537967004,PPARGC1A,1
GO_Biological_Process_2023,Regulation Of p38MAPK Cascade (GO:1900744),0.25312629653250535,0.35951643537967004,VEGFA,1
GO_Biological_Process_2023,Positive Regulation Of Defense Response (GO:0031349),0.25437465097569467,0.36019244606781053,GPRC5B;PLA2G7,2
GO_Biological_Process_2023,Enzyme-Linked Receptor Protein Signaling Pathway (GO:0007167),0.25437465097569467,0.36019244606781053,PTPRD;FGFR2,2
GO_Biological_Process_2023,Protein Dephosphorylation (GO:0006470),0.25437465097569467,0.36019244606781053,PTPRD;PPM1E,2
GO_Biological_Process_2023,Regulation Of Cell Migration (GO:0030334),0.2554186145916627,0.3613049967782974,TMEFF2;SEMA6D;SEMA3E;VEGFA;MAP4K4,5
GO_Biological_Process_2023,G2/M Transition Of Mitotic Cell Cycle (GO:0000086),0.2590001129877013,0.36379634344356837,PLCB1,1
GO_Biological_Process_2023,Regulation Of Intracellular Transport (GO:0032386),0.2590001129877013,0.36379634344356837,CRYAB,1
GO_Biological_Process_2023,Calcium-Dependent Cell-Cell Adhesion Via Plasma Membrane Cell Adhesion Molecules (GO:0016339),0.2590001129877013,0.36379634344356837,CDH10,1
GO_Biological_Process_2023,Positive Regulation Of Bone Mineralization (GO:0030501),0.2590001129877013,0.36379634344356837,OXSR1,1
GO_Biological_Process_2023,Establishment Of Protein Localization To Plasma Membrane (GO:0061951),0.2590001129877013,0.36379634344356837,GOLGA7,1
GO_Biological_Process_2023,Positive Regulation Of Myoblast Differentiation (GO:0045663),0.2590001129877013,0.36379634344356837,PLCB1,1
GO_Biological_Process_2023,mRNA Transcription By RNA Polymerase II (GO:0042789),0.2590001129877013,0.36379634344356837,CREB1,1
GO_Biological_Process_2023,Regulation Of Anatomical Structure Morphogenesis (GO:0022603),0.26309800722212984,0.36865115324490505,FGFR2;SH3D19,2
GO_Biological_Process_2023,Negative Regulation Of Transport (GO:0051051),0.26482802645541786,0.36865115324490505,CRYAB,1
GO_Biological_Process_2023,Anterograde Axonal Transport (GO:0008089),0.26482802645541786,0.36865115324490505,KIF5B,1
GO_Biological_Process_2023,Negative Regulation Of Ubiquitin-Dependent Protein Catabolic Process (GO:2000059),0.26482802645541786,0.36865115324490505,HIPK2,1
GO_Biological_Process_2023,Regulation Of Mitotic Spindle Organization (GO:0060236),0.26482802645541786,0.36865115324490505,GNAI1,1
GO_Biological_Process_2023,Organelle Transport Along Microtubule (GO:0072384),0.26482802645541786,0.36865115324490505,KIF5B,1
GO_Biological_Process_2023,Regulation Of Receptor-Mediated Endocytosis (GO:0048259),0.26482802645541786,0.36865115324490505,BMP2K,1
GO_Biological_Process_2023,Release Of Sequestered Calcium Ion Into Cytosol (GO:0051209),0.26482802645541786,0.36865115324490505,PLCB1,1
GO_Biological_Process_2023,Fibroblast Growth Factor Receptor Signaling Pathway (GO:0008543),0.26482802645541786,0.36865115324490505,FGFR2,1
GO_Biological_Process_2023,Cellular Response To Lipid (GO:0071396),0.2660850878916619,0.3696653802983466,CREB1;PPM1E;GNAI1,3
GO_Biological_Process_2023,Cilium Organization (GO:0044782),0.2660850878916619,0.3696653802983466,GBF1;MAP4;FHDC1,3
GO_Biological_Process_2023,Negative Regulation Of Protein Localization (GO:1903828),0.2706103934030746,0.3729891038136959,UBXN2B,1
GO_Biological_Process_2023,Cell Cycle G2/M Phase Transition (GO:0044839),0.2706103934030746,0.3729891038136959,PLCB1,1
GO_Biological_Process_2023,Positive Regulation Of Cell Cycle G1/S Phase Transition (GO:1902808),0.2706103934030746,0.3729891038136959,PLCB1,1
GO_Biological_Process_2023,Endothelial Cell Migration (GO:0043542),0.2706103934030746,0.3729891038136959,VEGFA,1
GO_Biological_Process_2023,Establishment Or Maintenance Of Epithelial Cell Apical/Basal Polarity (GO:0045197),0.2706103934030746,0.3729891038136959,ERBIN,1
GO_Biological_Process_2023,Positive Regulation Of Monoatomic Ion Transport (GO:0043270),0.2706103934030746,0.3729891038136959,KIF5B,1
GO_Biological_Process_2023,Regulation Of Autophagosome Assembly (GO:2000785),0.2706103934030746,0.3729891038136959,PIP4K2A,1
GO_Biological_Process_2023,Negative Regulation Of Cell-Cell Adhesion (GO:0022408),0.2706103934030746,0.3729891038136959,VEGFA,1
GO_Biological_Process_2023,Cellular Response To Retinoic Acid (GO:0071300),0.2763475675370193,0.37902965390616666,CREB1,1
GO_Biological_Process_2023,Positive Regulation Of Actin Filament Polymerization (GO:0030838),0.2763475675370193,0.37902965390616666,CDC42EP1,1
GO_Biological_Process_2023,Positive Regulation Of Ossification (GO:0045778),0.2763475675370193,0.37902965390616666,OXSR1,1
GO_Biological_Process_2023,Lymphocyte Migration (GO:0072676),0.2763475675370193,0.37902965390616666,S1PR1,1
GO_Biological_Process_2023,Regulation Of Amide Metabolic Process (GO:0034248),0.2763475675370193,0.37902965390616666,GRM5,1
GO_Biological_Process_2023,Regulation Of Neurotransmitter Receptor Activity (GO:0099601),0.2820398997721022,0.38495006807919124,LYNX1,1
GO_Biological_Process_2023,Substantia Nigra Development (GO:0021762),0.2820398997721022,0.38495006807919124,PADI2,1
GO_Biological_Process_2023,Lysosome Localization (GO:0032418),0.2820398997721022,0.38495006807919124,KIF5B,1
GO_Biological_Process_2023,Monoatomic Cation Transport (GO:0006812),0.2820398997721022,0.38495006807919124,PKD2L1,1
GO_Biological_Process_2023,Regulation Of Axonogenesis (GO:0050770),0.2820398997721022,0.38495006807919124,METRN,1
GO_Biological_Process_2023,DNA-templated DNA Replication Maintenance Of Fidelity (GO:0045005),0.28768773838965744,0.38736780173929813,EXD2,1
GO_Biological_Process_2023,Response To Amyloid-Beta (GO:1904645),0.28768773838965744,0.38736780173929813,GRM5,1
GO_Biological_Process_2023,Positive Regulation Of Biomineral Tissue Development (GO:0070169),0.28768773838965744,0.38736780173929813,OXSR1,1
GO_Biological_Process_2023,Positive Regulation Of Cell Division (GO:0051781),0.28768773838965744,0.38736780173929813,FGFR2,1
GO_Biological_Process_2023,Skeletal System Morphogenesis (GO:0048705),0.28768773838965744,0.38736780173929813,FGFR2,1
GO_Biological_Process_2023,Positive Regulation Of Receptor-Mediated Endocytosis (GO:0048260),0.28768773838965744,0.38736780173929813,VEGFA,1
GO_Biological_Process_2023,Positive Regulation Of Stress Fiber Assembly (GO:0051496),0.28768773838965744,0.38736780173929813,PPM1E,1
GO_Biological_Process_2023,Intracellular Glucose Homeostasis (GO:0001678),0.28768773838965744,0.38736780173929813,PPARGC1A,1
GO_Biological_Process_2023,Intracellular Steroid Hormone Receptor Signaling Pathway (GO:0030518),0.28768773838965744,0.38736780173929813,PADI2,1
GO_Biological_Process_2023,mRNA Catabolic Process (GO:0006402),0.28768773838965744,0.38736780173929813,AGO3,1
GO_Biological_Process_2023,mRNA Destabilization (GO:0061157),0.28768773838965744,0.38736780173929813,AGO3,1
GO_Biological_Process_2023,mRNA Transcription (GO:0009299),0.28768773838965744,0.38736780173929813,CREB1,1
GO_Biological_Process_2023,Regulation Of Cell-Cell Adhesion (GO:0022407),0.28768773838965744,0.38736780173929813,FUT9,1
GO_Biological_Process_2023,Regulation Of Cellular Component Size (GO:0032535),0.28768773838965744,0.38736780173929813,ARHGAP5,1
GO_Biological_Process_2023,Negative Regulation Of Nucleic Acid-Templated Transcription (GO:1903507),0.2883863844815075,0.3879351460477202,SALL1;SOX8;PROX1;PLCB1;CRYAB,5
GO_Biological_Process_2023,Protein Localization To Organelle (GO:0033365),0.2921634879240577,0.39114843576688557,GBF1;PACSIN2,2
GO_Biological_Process_2023,Bone Development (GO:0060348),0.2932914289631615,0.39114843576688557,FGFR2,1
GO_Biological_Process_2023,Nucleus Organization (GO:0006997),0.2932914289631615,0.39114843576688557,REEP3,1
GO_Biological_Process_2023,Regulation Of Transport (GO:0051049),0.2932914289631615,0.39114843576688557,MYO6,1
GO_Biological_Process_2023,Positive Regulation Of Biosynthetic Process (GO:0009891),0.2932914289631615,0.39114843576688557,CREB1,1
GO_Biological_Process_2023,Response To Unfolded Protein (GO:0006986),0.2932914289631615,0.39114843576688557,HSPH1,1
GO_Biological_Process_2023,Embryonic Organ Morphogenesis (GO:0048562),0.2932914289631615,0.39114843576688557,FGFR2,1
GO_Biological_Process_2023,Extracellular Matrix Disassembly (GO:0022617),0.2932914289631615,0.39114843576688557,MMP15,1
GO_Biological_Process_2023,Lymphocyte Chemotaxis (GO:0048247),0.2932914289631615,0.39114843576688557,SLC12A2,1
GO_Biological_Process_2023,Protein Localization (GO:0008104),0.2974237004352668,0.39592139089632883,INSC;MYO6;ERBIN;MAL,4
GO_Biological_Process_2023,Regulation Of Protein Modification Process (GO:0031399),0.2988513143577722,0.39592139089632883,GRM5,1
GO_Biological_Process_2023,Detection Of Chemical Stimulus Involved In Sensory Perception Of Taste (GO:0050912),0.2988513143577722,0.39592139089632883,PKD2L1,1
GO_Biological_Process_2023,Epidermal Growth Factor Receptor Signaling Pathway (GO:0007173),0.2988513143577722,0.39592139089632883,ERBIN,1
GO_Biological_Process_2023,Establishment Of Protein Localization To Extracellular Region (GO:0035592),0.2988513143577722,0.39592139089632883,PDIA4,1
GO_Biological_Process_2023,Zymogen Activation (GO:0031638),0.2988513143577722,0.39592139089632883,CYCS,1
GO_Biological_Process_2023,Regulation Of Apoptotic Signaling Pathway (GO:2001233),0.2988513143577722,0.39592139089632883,TMBIM1,1
GO_Biological_Process_2023,Cellular Component Disassembly (GO:0022411),0.3043677348593961,0.40071312485817506,MMP15,1
GO_Biological_Process_2023,Replication Fork Processing (GO:0031297),0.3043677348593961,0.40071312485817506,EXD2,1
GO_Biological_Process_2023,Positive Regulation Of Blood Vessel Endothelial Cell Migration (GO:0043536),0.3043677348593961,0.40071312485817506,VEGFA,1
GO_Biological_Process_2023,Development Of Primary Male Sexual Characteristics (GO:0046546),0.3043677348593961,0.40071312485817506,SOX8,1
GO_Biological_Process_2023,Homotypic Cell-Cell Adhesion (GO:0034109),0.3043677348593961,0.40071312485817506,P2RY12,1
GO_Biological_Process_2023,Male Gonad Development (GO:0008584),0.3043677348593961,0.40071312485817506,SOX8,1
GO_Biological_Process_2023,Positive Regulation Of DNA-binding Transcription Factor Activity (GO:0051091),0.3044732321116798,0.40071312485817506,PPARGC1A;HIPK2;VEGFA,3
GO_Biological_Process_2023,Golgi To Plasma Membrane Transport (GO:0006893),0.3098410281080939,0.4070118294114773,GOLGA7,1
GO_Biological_Process_2023,Regulation Of Signal Transduction By P53 Class Mediator (GO:1901796),0.3098410281080939,0.4070118294114773,HIPK2,1
GO_Biological_Process_2023,Oligosaccharide Metabolic Process (GO:0009311),0.3152715291100682,0.4129820872893122,FUT9,1
GO_Biological_Process_2023,Cytoplasmic Microtubule Organization (GO:0031122),0.3152715291100682,0.4129820872893122,TPPP,1
GO_Biological_Process_2023,"Retrograde Vesicle-Mediated Transport, Golgi To Endoplasmic Reticulum (GO:0006890)",0.3152715291100682,0.4129820872893122,GBF1,1
GO_Biological_Process_2023,Positive Regulation Of Cellular Catabolic Process (GO:0031331),0.31820245166438393,0.4164314591940815,SVIP;SH3D19,2
GO_Biological_Process_2023,Positive Regulation Of Macromolecule Metabolic Process (GO:0010604),0.32041122995700205,0.4169170435222662,PAX6;OXSR1;PPARGC1A;VEGFA,4
GO_Biological_Process_2023,Nuclear Export (GO:0051168),0.3206595702858888,0.4169170435222662,DESI1,1
GO_Biological_Process_2023,Positive Regulation Of Nervous System Development (GO:0051962),0.3206595702858888,0.4169170435222662,PTPRD,1
GO_Biological_Process_2023,Unsaturated Fatty Acid Metabolic Process (GO:0033559),0.3206595702858888,0.4169170435222662,ELOVL5,1
GO_Biological_Process_2023,Heterophilic Cell-Cell Adhesion Via Plasma Membrane Cell Adhesion Molecules (GO:0007157),0.3206595702858888,0.4169170435222662,PTPRD,1
GO_Biological_Process_2023,Intrinsic Apoptotic Signaling Pathway In Response To DNA Damage (GO:0008630),0.3206595702858888,0.4169170435222662,HIPK2,1
GO_Biological_Process_2023,Negative Regulation Of Cysteine-Type Endopeptidase Activity Involved In Apoptotic Process (GO:0043154),0.3206595702858888,0.4169170435222662,VEGFA,1
GO_Biological_Process_2023,Positive Regulation Of Gene Expression (GO:0010628),0.32518188503697876,0.42073954672290015,PADI2;PAX6;OXSR1;PPARGC1A;VEGFA,5
GO_Biological_Process_2023,Regulation Of Interleukin-12 Production (GO:0032655),0.3260054815208176,0.42073954672290015,PLCB1,1
GO_Biological_Process_2023,Regulation Of Mitochondrion Organization (GO:0010821),0.3260054815208176,0.42073954672290015,PPARGC1A,1
GO_Biological_Process_2023,Blood Circulation (GO:0008015),0.3260054815208176,0.42073954672290015,GUCY1A1,1
GO_Biological_Process_2023,Cell Chemotaxis (GO:0060326),0.3260054815208176,0.42073954672290015,VEGFA,1
GO_Biological_Process_2023,Dicarboxylic Acid Metabolic Process (GO:0043648),0.3260054815208176,0.42073954672290015,ME1,1
GO_Biological_Process_2023,Positive Regulation Of Fat Cell Differentiation (GO:0045600),0.3260054815208176,0.42073954672290015,CREB1,1
GO_Biological_Process_2023,Pyruvate Metabolic Process (GO:0006090),0.3260054815208176,0.42073954672290015,ME1,1
GO_Biological_Process_2023,Skeletal System Development (GO:0001501),0.32683711086326406,0.42103602034779597,SOX6;FGFR2,2
GO_Biological_Process_2023,Negative Regulation Of DNA-binding Transcription Factor Activity (GO:0043433),0.32683711086326406,0.42103602034779597,ERBIN;PROX1,2
GO_Biological_Process_2023,Positive Regulation Of Cell Population Proliferation (GO:0008284),0.32982364066458447,0.4236765234223071,SOX8;PROX1;OXSR1;FGFR2;VEGFA,5
GO_Biological_Process_2023,SMAD Protein Signal Transduction (GO:0060395),0.33130959015296924,0.4236765234223071,HIPK2,1
GO_Biological_Process_2023,Regulation Of Smoothened Signaling Pathway (GO:0008589),0.33130959015296924,0.4236765234223071,FGFR2,1
GO_Biological_Process_2023,Regulation Of Stress-Activated MAPK Cascade (GO:0032872),0.33130959015296924,0.4236765234223071,MAP4K4,1
GO_Biological_Process_2023,Regulation Of Synapse Assembly (GO:0051963),0.33130959015296924,0.4236765234223071,PTPRD,1
GO_Biological_Process_2023,Positive Regulation Of Actin Filament Bundle Assembly (GO:0032233),0.33130959015296924,0.4236765234223071,PPM1E,1
GO_Biological_Process_2023,Positive Regulation Of Protein Localization To Plasma Membrane (GO:1903078),0.33130959015296924,0.4236765234223071,KIF5B,1
GO_Biological_Process_2023,Microtubule Bundle Formation (GO:0001578),0.33130959015296924,0.4236765234223071,TPPP,1
GO_Biological_Process_2023,Cellular Response To Ionizing Radiation (GO:0071479),0.3365722208975025,0.42962092795219525,CRYAB,1
GO_Biological_Process_2023,Fatty Acid Oxidation (GO:0019395),0.3365722208975025,0.42962092795219525,PPARGC1A,1
GO_Biological_Process_2023,NADH Dehydrogenase Complex Assembly (GO:0010257),0.3417936961730519,0.43234121242866147,NDUFS8,1
GO_Biological_Process_2023,Actin Cytoskeleton Reorganization (GO:0031532),0.3417936961730519,0.43234121242866147,S1PR1,1
GO_Biological_Process_2023,Actin Polymerization Or Depolymerization (GO:0008154),0.3417936961730519,0.43234121242866147,FHDC1,1
GO_Biological_Process_2023,Regulation Of Macromolecule Biosynthetic Process (GO:0010556),0.3417936961730519,0.43234121242866147,GRM5,1
GO_Biological_Process_2023,Negative Regulation Of Viral Genome Replication (GO:0045071),0.3417936961730519,0.43234121242866147,PROX1,1
GO_Biological_Process_2023,Regulation Of Proteasomal Protein Catabolic Process (GO:0061136),0.3417936961730519,0.43234121242866147,DESI1,1
GO_Biological_Process_2023,Spermatid Development (GO:0007286),0.3417936961730519,0.43234121242866147,JAM2,1
GO_Biological_Process_2023,Proton Motive Force-Driven Mitochondrial ATP Synthesis (GO:0042776),0.3417936961730519,0.43234121242866147,NDUFS8,1
GO_Biological_Process_2023,Mitochondrial Respiratory Chain Complex I Assembly (GO:0032981),0.3417936961730519,0.43234121242866147,NDUFS8,1
GO_Biological_Process_2023,Negative Regulation Of Cysteine-Type Endopeptidase Activity (GO:2000117),0.3417936961730519,0.43234121242866147,VEGFA,1
GO_Biological_Process_2023,ERBB Signaling Pathway (GO:0038127),0.3469743356882705,0.43691907797289875,ERBIN,1
GO_Biological_Process_2023,Peptidyl-Tyrosine Modification (GO:0018212),0.3469743356882705,0.43691907797289875,FGFR2,1
GO_Biological_Process_2023,Regulation Of Smooth Muscle Cell Proliferation (GO:0048660),0.3469743356882705,0.43691907797289875,PPARGC1A,1
GO_Biological_Process_2023,Mesenchymal Cell Differentiation (GO:0048762),0.3469743356882705,0.43691907797289875,FGFR2,1
GO_Biological_Process_2023,Regulation Of Blood Vessel Endothelial Cell Migration (GO:0043535),0.3469743356882705,0.43691907797289875,VEGFA,1
GO_Biological_Process_2023,Negative Regulation Of Signal Transduction (GO:0009968),0.3495322788153317,0.43974429681892907,TMBIM1;PIP4K2A;ENPP1,3
GO_Biological_Process_2023,Cellular Response To Fibroblast Growth Factor Stimulus (GO:0044344),0.35211445682454806,0.4414051300157193,FGFR2,1
GO_Biological_Process_2023,"Regulation Of Synaptic Transmission, Glutamatergic (GO:0051966)",0.35211445682454806,0.4414051300157193,GRM5,1
GO_Biological_Process_2023,Positive Regulation Of Tyrosine Phosphorylation Of STAT Protein (GO:0042531),0.35211445682454806,0.4414051300157193,VEGFA,1
GO_Biological_Process_2023,Purine Ribonucleotide Biosynthetic Process (GO:0009152),0.35211445682454806,0.4414051300157193,GUCY1A1,1
GO_Biological_Process_2023,Response To Lipopolysaccharide (GO:0032496),0.355394448864476,0.44511802503258907,ERBIN;PPM1E,2
GO_Biological_Process_2023,Protein Phosphorylation (GO:0006468),0.35623670746167935,0.44577384055356833,CREB1;OXSR1;FGFR2;HIPK2;MAP4K4,5
GO_Biological_Process_2023,Cellular Response To Peptide (GO:1901653),0.35721437448551463,0.4465977747142404,GRM5,1
GO_Biological_Process_2023,Chemokine-Mediated Signaling Pathway (GO:0070098),0.3622744010346281,0.4506364922836309,OXSR1,1
GO_Biological_Process_2023,Signal Transduction In Response To DNA Damage (GO:0042770),0.3622744010346281,0.4506364922836309,MYO6,1
GO_Biological_Process_2023,Post-Transcriptional Regulation Of Gene Expression (GO:0010608),0.3622744010346281,0.4506364922836309,GRM5,1
GO_Biological_Process_2023,Monoatomic Anion Transport (GO:0006820),0.3622744010346281,0.4506364922836309,LRRC8B,1
GO_Biological_Process_2023,Myeloid Cell Differentiation (GO:0030099),0.3622744010346281,0.4506364922836309,HIPK2,1
GO_Biological_Process_2023,Chemical Synaptic Transmission (GO:0007268),0.3623774509071371,0.4506364922836309,GABRA1;GABRB2;HAPLN4,3
GO_Biological_Process_2023,Protein Autophosphorylation (GO:0046777),0.36388197873815953,0.45210558459563516,OXSR1;FGFR2,2
GO_Biological_Process_2023,Nitrogen Compound Transport (GO:0071705),0.3667019677981965,0.45352646983530204,SLC12A2;SFXN5,2
GO_Biological_Process_2023,Response To Organic Cyclic Compound (GO:0014070),0.36729484654996225,0.45352646983530204,CREB1,1
GO_Biological_Process_2023,Positive Regulation Of Mitochondrion Organization (GO:0010822),0.36729484654996225,0.45352646983530204,PPARGC1A,1
GO_Biological_Process_2023,Glycosaminoglycan Biosynthetic Process (GO:0006024),0.36729484654996225,0.45352646983530204,CHST3,1
GO_Biological_Process_2023,Inorganic Anion Transport (GO:0015698),0.36729484654996225,0.45352646983530204,ENPP1,1
GO_Biological_Process_2023,Memory (GO:0007613),0.36729484654996225,0.45352646983530204,PLCB1,1
GO_Biological_Process_2023,Muscle Organ Development (GO:0007517),0.36729484654996225,0.45352646983530204,SOX6,1
GO_Biological_Process_2023,DNA-templated Transcription Initiation (GO:0006352),0.372276018711798,0.4560544222222464,PPARGC1A,1
GO_Biological_Process_2023,Aerobic Respiration (GO:0009060),0.372276018711798,0.4560544222222464,NDUFS8,1
GO_Biological_Process_2023,Glucose Metabolic Process (GO:0006006),0.372276018711798,0.4560544222222464,PPARGC1A,1
GO_Biological_Process_2023,Heart Morphogenesis (GO:0003007),0.372276018711798,0.4560544222222464,VEGFA,1
GO_Biological_Process_2023,Positive Regulation Of Protein Binding (GO:0032092),0.372276018711798,0.4560544222222464,HIPK2,1
GO_Biological_Process_2023,Positive Regulation Of Proteolysis (GO:0045862),0.372276018711798,0.4560544222222464,SH3D19,1
GO_Biological_Process_2023,Mitotic Cytokinesis (GO:0000281),0.372276018711798,0.4560544222222464,TRIM36,1
GO_Biological_Process_2023,Regulation Of Cell Death (GO:0010941),0.372276018711798,0.4560544222222464,CRYAB,1
GO_Biological_Process_2023,Negative Regulation Of Cytokine-Mediated Signaling Pathway (GO:0001960),0.372276018711798,0.4560544222222464,PADI2,1
GO_Biological_Process_2023,Response To Retinoic Acid (GO:0032526),0.3772182227315091,0.46089807301430674,CREB1,1
GO_Biological_Process_2023,Histone Acetylation (GO:0016573),0.3772182227315091,0.46089807301430674,TMEM98,1
GO_Biological_Process_2023,Proton Motive Force-Driven ATP Synthesis (GO:0015986),0.3772182227315091,0.46089807301430674,NDUFS8,1
GO_Biological_Process_2023,Monoatomic Cation Transmembrane Transport (GO:0098655),0.3794443204560237,0.46321344181324364,SLC12A2;KCNG4;PKD2L1,3
GO_Biological_Process_2023,Negative Regulation Of Viral Process (GO:0048525),0.38212176158239286,0.4652640073575001,PROX1,1
GO_Biological_Process_2023,Autophagosome Organization (GO:1905037),0.38212176158239286,0.4652640073575001,UBXN2B,1
GO_Biological_Process_2023,Positive Regulation Of Organelle Assembly (GO:1902117),0.38212176158239286,0.4652640073575001,PIP4K2A,1
GO_Biological_Process_2023,Transmembrane Receptor Protein Tyrosine Kinase Signaling Pathway (GO:0007169),0.38582142712757717,0.46895236885445735,PLCB1;FGFR2;VEGFA,3
GO_Biological_Process_2023,Inorganic Cation Transmembrane Transport (GO:0098662),0.38582142712757717,0.46895236885445735,SLC12A2;KCNG4;PKD2L1,3
GO_Biological_Process_2023,Regulation Of Embryonic Development (GO:0045995),0.3869869357532937,0.46914620720871564,PLCB1,1
GO_Biological_Process_2023,Negative Regulation Of Kinase Activity (GO:0033673),0.3869869357532937,0.46914620720871564,PPM1E,1
GO_Biological_Process_2023,Protein Lipidation (GO:0006497),0.3869869357532937,0.46914620720871564,PIGQ,1
GO_Biological_Process_2023,Oxidative Phosphorylation (GO:0006119),0.39181404362269207,0.47299965732473015,NDUFS8,1
GO_Biological_Process_2023,Phosphatidylinositol Metabolic Process (GO:0046488),0.39181404362269207,0.47299965732473015,PLCB1,1
GO_Biological_Process_2023,Positive Regulation Of Mitotic Cell Cycle Phase Transition (GO:1901992),0.39181404362269207,0.47299965732473015,PLCB1,1
GO_Biological_Process_2023,Regulation Of Cellular Catabolic Process (GO:0031329),0.39181404362269207,0.47299965732473015,PIP4K2A,1
GO_Biological_Process_2023,Cell-Cell Adhesion Via Plasma-Membrane Adhesion Molecules (GO:0098742),0.3918560420581574,0.47299965732473015,PTPRD;CDH10,2
GO_Biological_Process_2023,Cellular Response To Oxygen-Containing Compound (GO:1901701),0.39517577788822006,0.4762644893081772,SLC12A2;P2RY12;CREB1;PPM1E,4
GO_Biological_Process_2023,Cellular Response To Virus (GO:0098586),0.39660338101788883,0.4762644893081772,GBF1,1
GO_Biological_Process_2023,Positive Regulation Of Cysteine-Type Endopeptidase Activity (GO:2001056),0.39660338101788883,0.4762644893081772,CYCS,1
GO_Biological_Process_2023,Endocytic Recycling (GO:0032456),0.39660338101788883,0.4762644893081772,EPS15,1
GO_Biological_Process_2023,Positive Regulation Of Macroautophagy (GO:0016239),0.39660338101788883,0.4762644893081772,PIP4K2A,1
GO_Biological_Process_2023,Protein N-linked Glycosylation (GO:0006487),0.39660338101788883,0.4762644893081772,FUT9,1
GO_Biological_Process_2023,Regulation Of Neuron Projection Development (GO:0010975),0.39738661651387003,0.47638721208475077,FUT9;MBOAT1,2
GO_Biological_Process_2023,Positive Regulation Of Cellular Biosynthetic Process (GO:0031328),0.39738661651387003,0.47638721208475077,ELOVL5;PPARGC1A,2
GO_Biological_Process_2023,Autophagosome Assembly (GO:0000045),0.40135524165851494,0.480321627955742,UBXN2B,1
GO_Biological_Process_2023,Regulation Of Tyrosine Phosphorylation Of STAT Protein (GO:0042509),0.40135524165851494,0.480321627955742,VEGFA,1
GO_Biological_Process_2023,Positive Regulation Of Hydrolase Activity (GO:0051345),0.4028941773874822,0.4817512428761432,RASGRP3;MAP4K4,2
GO_Biological_Process_2023,Regulation Of Endocytosis (GO:0030100),0.4060699168814017,0.4843067465618764,PACSIN2,1
GO_Biological_Process_2023,Cellular Response To BMP Stimulus (GO:0071773),0.4060699168814017,0.4843067465618764,DLX1,1
GO_Biological_Process_2023,Cellular Response To Type II Interferon (GO:0071346),0.4060699168814017,0.4843067465618764,AQP4,1
GO_Biological_Process_2023,Activation Of Cysteine-Type Endopeptidase Activity Involved In Apoptotic Process (GO:0006919),0.41074769588954557,0.48739272820142004,CYCS,1
GO_Biological_Process_2023,Regulation Of Neurogenesis (GO:0050767),0.41074769588954557,0.48739272820142004,PAX6,1
GO_Biological_Process_2023,Peptidyl-Tyrosine Phosphorylation (GO:0018108),0.41074769588954557,0.48739272820142004,FGFR2,1
GO_Biological_Process_2023,Regulation Of Viral Genome Replication (GO:0045069),0.41074769588954557,0.48739272820142004,PROX1,1
GO_Biological_Process_2023,tRNA Modification (GO:0006400),0.41074769588954557,0.48739272820142004,TPRKB,1
GO_Biological_Process_2023,Protein Secretion (GO:0009306),0.41074769588954557,0.48739272820142004,PDIA4,1
GO_Biological_Process_2023,Endosomal Transport (GO:0016197),0.41383774963005604,0.49028055046727603,GBF1;EPS15,2
GO_Biological_Process_2023,Negative Regulation Of Cellular Process (GO:0048523),0.41388229456887277,0.49028055046727603,TMEM98;ENPP1;PROX1;CRYAB;JAM2,5
GO_Biological_Process_2023,Cell-Cell Junction Organization (GO:0045216),0.41538886552144966,0.4916489195131202,CDH10,1
GO_Biological_Process_2023,Regulation Of Monoatomic Ion Transmembrane Transporter Activity (GO:0032412),0.41999371051573314,0.49500522410405284,FGF12,1
GO_Biological_Process_2023,Phospholipid Metabolic Process (GO:0006644),0.41999371051573314,0.49500522410405284,MBOAT1,1
GO_Biological_Process_2023,Response To Molecule Of Bacterial Origin (GO:0002237),0.41999371051573314,0.49500522410405284,ERBIN,1
GO_Biological_Process_2023,Establishment Of Protein Localization To Membrane (GO:0090150),0.41999371051573314,0.49500522410405284,GOLGA7,1
GO_Biological_Process_2023,Positive Regulation Of Phosphatidylinositol 3-Kinase Signaling (GO:0014068),0.41999371051573314,0.49500522410405284,SEMA3E,1
GO_Biological_Process_2023,Negative Regulation Of Epithelial Cell Proliferation (GO:0050680),0.4245625133710243,0.49662454532279515,FGFR2,1
GO_Biological_Process_2023,Negative Regulation Of Extrinsic Apoptotic Signaling Pathway (GO:2001237),0.4245625133710243,0.49662454532279515,TMBIM1,1
GO_Biological_Process_2023,Neutrophil Chemotaxis (GO:0030593),0.4245625133710243,0.49662454532279515,GBF1,1
GO_Biological_Process_2023,Sulfur Compound Biosynthetic Process (GO:0044272),0.4245625133710243,0.49662454532279515,CHST3,1
GO_Biological_Process_2023,Protein K48-linked Ubiquitination (GO:0070936),0.4245625133710243,0.49662454532279515,RNF5,1
GO_Biological_Process_2023,Regulation Of G Protein-Coupled Receptor Signaling Pathway (GO:0008277),0.4245625133710243,0.49662454532279515,PLCB1,1
GO_Biological_Process_2023,Regulation Of Notch Signaling Pathway (GO:0008593),0.4245625133710243,0.49662454532279515,BMP2K,1
GO_Biological_Process_2023,Regulation Of Actin Filament Polymerization (GO:0030833),0.4245625133710243,0.49662454532279515,CDC42EP1,1
GO_Biological_Process_2023,Regulation Of Cellular Biosynthetic Process (GO:0031326),0.4245625133710243,0.49662454532279515,GRM5,1
GO_Biological_Process_2023,Negative Regulation Of Supramolecular Fiber Organization (GO:1902904),0.4290955544141495,0.49983736938001266,CRYAB,1
GO_Biological_Process_2023,Cell-Cell Junction Assembly (GO:0007043),0.4290955544141495,0.49983736938001266,CDH10,1
GO_Biological_Process_2023,Lipid Biosynthetic Process (GO:0008610),0.4290955544141495,0.49983736938001266,MBOAT1,1
GO_Biological_Process_2023,Protein Autoubiquitination (GO:0051865),0.4290955544141495,0.49983736938001266,RNF141,1
GO_Biological_Process_2023,Myeloid Leukocyte Differentiation (GO:0002573),0.4290955544141495,0.49983736938001266,VEGFA,1
GO_Biological_Process_2023,Negative Regulation Of Macromolecule Metabolic Process (GO:0010605),0.4300654744579858,0.5005504149473562,DIP2A;VEGFA,2
GO_Biological_Process_2023,Plasma Membrane Organization (GO:0007009),0.43359311171605275,0.503399803560795,PACSIN2,1
GO_Biological_Process_2023,Protein Targeting To Membrane (GO:0006612),0.43359311171605275,0.503399803560795,GOLGA7,1
GO_Biological_Process_2023,Negative Regulation Of Catabolic Process (GO:0009895),0.43359311171605275,0.503399803560795,HIPK2,1
GO_Biological_Process_2023,Phosphorylation (GO:0016310),0.4357301026428268,0.505461371142052,CREB1;OXSR1;HIPK2;MAP4K4,4
GO_Biological_Process_2023,Ubiquitin-Dependent ERAD Pathway (GO:0030433),0.4380554613204421,0.5064790003200814,RNF5,1
GO_Biological_Process_2023,Granulocyte Chemotaxis (GO:0071621),0.4380554613204421,0.5064790003200814,GBF1,1
GO_Biological_Process_2023,Positive Regulation Of Secretion By Cell (GO:1903532),0.4380554613204421,0.5064790003200814,SLC12A2,1
GO_Biological_Process_2023,Regulation Of Rho Protein Signal Transduction (GO:0035023),0.4380554613204421,0.5064790003200814,GPR17,1
GO_Biological_Process_2023,Positive Regulation Of MAPK Cascade (GO:0043410),0.44032711112864414,0.5086850771832974,GPR37L1;FGFR2;VEGFA,3
GO_Biological_Process_2023,Import Into Nucleus (GO:0051170),0.4424828770234629,0.5107537499635517,FAM53B,1
GO_Biological_Process_2023,Transcription By RNA Polymerase II (GO:0006366),0.4460552895901116,0.5144528855206646,CREB1;PPARGC1A,2
GO_Biological_Process_2023,Protein Transport (GO:0015031),0.4465067722965205,0.5145494023417069,MYO6;GOLGA7;PDIA4,3
GO_Biological_Process_2023,Regulation Of Signal Transduction (GO:0009966),0.44869621156103223,0.5162220394522073,PLCB1;FGFR2,2
GO_Biological_Process_2023,Regulation Of Cell Differentiation (GO:0045595),0.44869621156103223,0.5162220394522073,DLX1;FGFR2,2
GO_Biological_Process_2023,Transcription Initiation At RNA Polymerase II Promoter (GO:0006367),0.45123399181221074,0.5187151639648997,PPARGC1A,1
GO_Biological_Process_2023,Actomyosin Structure Organization (GO:0031032),0.45555822804786517,0.521970484061395,FHDC1,1
GO_Biological_Process_2023,Neutrophil Migration (GO:1990266),0.45555822804786517,0.521970484061395,GBF1,1
GO_Biological_Process_2023,Monoatomic Cation Homeostasis (GO:0055080),0.45555822804786517,0.521970484061395,SLC12A2,1
GO_Biological_Process_2023,Negative Regulation Of Blood Vessel Morphogenesis (GO:2000181),0.45555822804786517,0.521970484061395,SEMA3E,1
GO_Biological_Process_2023,Negative Regulation Of Protein Modification Process (GO:0031400),0.45984860484920975,0.526455153996763,TPPP,1
GO_Biological_Process_2023,Regulation Of Cyclin-Dependent Protein Serine/Threonine Kinase Activity (GO:0000079),0.4641053857336974,0.5287324386330966,PROX1,1
GO_Biological_Process_2023,Regulation Of Neuron Differentiation (GO:0045664),0.4641053857336974,0.5287324386330966,GPRC5B,1
GO_Biological_Process_2023,Response To Insulin (GO:0032868),0.4641053857336974,0.5287324386330966,ENPP1,1
GO_Biological_Process_2023,Vesicle Fusion (GO:0006906),0.4641053857336974,0.5287324386330966,PIP4K2A,1
GO_Biological_Process_2023,Positive Regulation Of Protein Localization To Membrane (GO:1905477),0.4641053857336974,0.5287324386330966,KIF5B,1
GO_Biological_Process_2023,Protein Import Into Nucleus (GO:0006606),0.4641053857336974,0.5287324386330966,FAM53B,1
GO_Biological_Process_2023,Organelle Assembly (GO:0070925),0.4648815360489578,0.5291857355024344,UBXN2B;GBF1;FHDC1,3
GO_Biological_Process_2023,Response To Type II Interferon (GO:0034341),0.46832883195914665,0.5322437334775355,AQP4,1
GO_Biological_Process_2023,Glycoprotein Biosynthetic Process (GO:0009101),0.46832883195914665,0.5322437334775355,FUT9,1
GO_Biological_Process_2023,Intracellular Protein Transport (GO:0006886),0.47094840763428997,0.5344012651603616,DESI1;MYO6;FAM53B,3
GO_Biological_Process_2023,Cellular Response To Interleukin-1 (GO:0071347),0.4725192030045513,0.5344012651603616,PLCB1,1
GO_Biological_Process_2023,Cytoskeleton-Dependent Cytokinesis (GO:0061640),0.4725192030045513,0.5344012651603616,TRIM36,1
GO_Biological_Process_2023,Positive Regulation Of Growth (GO:0045927),0.4725192030045513,0.5344012651603616,PLCB1,1
GO_Biological_Process_2023,Macromolecule Modification (GO:0043412),0.4725192030045513,0.5344012651603616,MMP15,1
GO_Biological_Process_2023,Negative Regulation Of NF-kappaB Transcription Factor Activity (GO:0032088),0.4725192030045513,0.5344012651603616,ERBIN,1
GO_Biological_Process_2023,Regulation Of Phosphorylation (GO:0042325),0.47667675623959915,0.5382330766579493,GRM5,1
GO_Biological_Process_2023,Negative Regulation Of Apoptotic Signaling Pathway (GO:2001234),0.47667675623959915,0.5382330766579493,TMBIM1,1
GO_Biological_Process_2023,Regulation Of Apoptotic Process (GO:0042981),0.4789180057774332,0.5403276532924428,RASSF2;SOX8;OXSR1;CRYAB;VEGFA;MAP4K4,6
GO_Biological_Process_2023,Calcium Ion Transmembrane Import Into Cytosol (GO:0097553),0.48080174698292555,0.5404875701057924,PLCB1,1
GO_Biological_Process_2023,Epigenetic Regulation Of Gene Expression (GO:0040029),0.48080174698292555,0.5404875701057924,PADI2,1
GO_Biological_Process_2023,Vascular Transport (GO:0010232),0.48080174698292555,0.5404875701057924,SLC12A2,1
GO_Biological_Process_2023,Regulation Of NIK/NF-kappaB Signaling (GO:1901222),0.48080174698292555,0.5404875701057924,RASSF2,1
GO_Biological_Process_2023,Proteolysis (GO:0006508),0.48099144015847867,0.5404875701057924,DESI1;MMP15;CPD,3
GO_Biological_Process_2023,Purine Ribonucleotide Metabolic Process (GO:0009150),0.48489442873451777,0.5444360399675685,ENPP1,1
GO_Biological_Process_2023,Regulation Of Kinase Activity (GO:0043549),0.4889550528762867,0.54592826733753,FGFR2,1
GO_Biological_Process_2023,Regulation Of Osteoblast Differentiation (GO:0045667),0.4889550528762867,0.54592826733753,FGFR2,1
GO_Biological_Process_2023,Epidermis Development (GO:0008544),0.4889550528762867,0.54592826733753,FGFR2,1
GO_Biological_Process_2023,Establishment Of Protein Localization To Organelle (GO:0072594),0.4889550528762867,0.54592826733753,FAM53B,1
GO_Biological_Process_2023,Transport Across Blood-Brain Barrier (GO:0150104),0.4889550528762867,0.54592826733753,SLC12A2,1
GO_Biological_Process_2023,Integrin-Mediated Signaling Pathway (GO:0007229),0.4889550528762867,0.54592826733753,ERBIN,1
GO_Biological_Process_2023,Macromolecule Catabolic Process (GO:0009057),0.4889550528762867,0.54592826733753,RNF5,1
GO_Biological_Process_2023,Negative Regulation Of Gene Expression (GO:0010629),0.4929252353495614,0.5495493487293771,AGO3;DIP2A;VEGFA,3
GO_Biological_Process_2023,Exocytosis (GO:0006887),0.49298386894593876,0.5495493487293771,SYTL2,1
GO_Biological_Process_2023,Positive Regulation Of Cellular Process (GO:0048522),0.5008397244107264,0.5575377441893805,DLX1;TPPP;PROX1;FGFR2;VEGFA,5
GO_Biological_Process_2023,Negative Regulation Of Protein Kinase Activity (GO:0006469),0.5009470653652977,0.5575377441893805,PPM1E,1
GO_Biological_Process_2023,Regulation Of GTPase Activity (GO:0043087),0.5024613351012766,0.558778543566523,RASGRP3;MAP4K4,2
GO_Biological_Process_2023,ERAD Pathway (GO:0036503),0.5048819349845205,0.5596908296698448,RNF5,1
GO_Biological_Process_2023,Cellular Response To Peptide Hormone Stimulus (GO:0071375),0.5048819349845205,0.5596908296698448,ENPP1,1
GO_Biological_Process_2023,Regulation Of Vesicle-Mediated Transport (GO:0060627),0.5048819349845205,0.5596908296698448,PACSIN2,1
GO_Biological_Process_2023,Positive Regulation Of Peptidyl-Serine Phosphorylation (GO:0033138),0.5048819349845205,0.5596908296698448,VEGFA,1
GO_Biological_Process_2023,Regulation Of Peptidyl-Tyrosine Phosphorylation (GO:0050730),0.5087859754582076,0.562681090645085,VEGFA,1
GO_Biological_Process_2023,Regulation Of Phosphatidylinositol 3-Kinase Signaling (GO:0014066),0.5087859754582076,0.562681090645085,SEMA3E,1
GO_Biological_Process_2023,Mitochondrial Respiratory Chain Complex Assembly (GO:0033108),0.5087859754582076,0.562681090645085,NDUFS8,1
GO_Biological_Process_2023,Positive Regulation Of MAP Kinase Activity (GO:0043406),0.5126594267133968,0.5651777288983784,VEGFA,1
GO_Biological_Process_2023,Positive Regulation Of Binding (GO:0051099),0.5126594267133968,0.5651777288983784,HIPK2,1
GO_Biological_Process_2023,Regulation Of RNA Metabolic Process (GO:0051252),0.5126594267133968,0.5651777288983784,TMEM98,1
GO_Biological_Process_2023,Regulation Of Actin Cytoskeleton Organization (GO:0032956),0.5126594267133968,0.5651777288983784,SEMA3E,1
GO_Biological_Process_2023,Positive Regulation Of Neuron Projection Development (GO:0010976),0.5165025270033466,0.5685185171342896,FUT9,1
GO_Biological_Process_2023,Positive Regulation Of Protein Catabolic Process (GO:0045732),0.5165025270033466,0.5685185171342896,SH3D19,1
GO_Biological_Process_2023,Proteasomal Protein Catabolic Process (GO:0010498),0.5171984976131211,0.5688370268559406,UBXN2B;RNF5,2
GO_Biological_Process_2023,Positive Regulation Of Protein Kinase B Signaling (GO:0051897),0.520315512517093,0.5713668775599788,P2RY12,1
GO_Biological_Process_2023,Protein O-linked Glycosylation (GO:0006493),0.520315512517093,0.5713668775599788,FUT9,1
GO_Biological_Process_2023,"Retrograde Transport, Endosome To Golgi (GO:0042147)",0.5240986177492792,0.5741691199931415,GBF1,1
GO_Biological_Process_2023,Vesicle Organization (GO:0016050),0.5240986177492792,0.5741691199931415,EPS15,1
GO_Biological_Process_2023,Muscle Contraction (GO:0006936),0.5240986177492792,0.5741691199931415,CRYAB,1
GO_Biological_Process_2023,Cell Junction Assembly (GO:0034329),0.5278520754043271,0.5769258230395732,CDH10,1
GO_Biological_Process_2023,Positive Regulation Of Transmembrane Receptor Protein Serine/Threonine Kinase Signaling Pathway (GO:0090100),0.5278520754043271,0.5769258230395732,HIPK2,1
GO_Biological_Process_2023,Recombinational Repair (GO:0000725),0.5278520754043271,0.5769258230395732,EXD2,1
GO_Biological_Process_2023,Positive Regulation Of Protein Modification Process (GO:0031401),0.5292582815004124,0.5780111911155948,SVIP;VEGFA,2
GO_Biological_Process_2023,Regulation Of Transcription By RNA Polymerase II (GO:0006357),0.530552195947118,0.5789723261544603,DLX1;ZFP91;PAX6;PROX1;OXSR1;ETV5;HIPK2;VEGFA;CREB1;SALL1;TMEM98;SOX8;SP8;SOX6;PPARGC1A;FGFR2,16
GO_Biological_Process_2023,Regulation Of Protein Metabolic Process (GO:0051246),0.5315761163450612,0.5792620781345984,GRM5,1
GO_Biological_Process_2023,Protein Polyubiquitination (GO:0000209),0.5316458243922977,0.5792620781345984,ZFP91;RNF5,2
GO_Biological_Process_2023,Regulation Of Protein Localization (GO:0032880),0.5352709696661992,0.5823048884626848,GBF1,1
GO_Biological_Process_2023,Monocarboxylic Acid Metabolic Process (GO:0032787),0.5352709696661992,0.5823048884626848,ME1,1
GO_Biological_Process_2023,RNA Splicing (GO:0008380),0.5389368625962431,0.5849283714291265,PPARGC1A,1
GO_Biological_Process_2023,Phosphatidylinositol Biosynthetic Process (GO:0006661),0.5389368625962431,0.5849283714291265,PIGQ,1
GO_Biological_Process_2023,Mitochondrial Translation (GO:0032543),0.5389368625962431,0.5849283714291265,LARS2,1
GO_Biological_Process_2023,Cellular Response To Insulin Stimulus (GO:0032869),0.5425740208037632,0.5884194225616005,ENPP1,1
GO_Biological_Process_2023,Positive Regulation Of Phosphorylation (GO:0042327),0.5434603625698392,0.5889241264409024,FGFR2;VEGFA,2
GO_Biological_Process_2023,Regulation Of Organelle Organization (GO:0033043),0.5461826679773242,0.5909586639599973,TMEM33,1
GO_Biological_Process_2023,Protein Complex Oligomerization (GO:0051259),0.5461826679773242,0.5909586639599973,PRMT8,1
GO_Biological_Process_2023,Regulation Of DNA-templated Transcription (GO:0006355),0.549362504976469,0.5934556124114699,ZFP91;PAX6;PROX1;OXSR1;ETV5;HIPK2;CREB1;SALL1;TMEM98;SOX8;SP8;SOX6;PLCB1;PPARGC1A;CRYAB,15
GO_Biological_Process_2023,Hemopoiesis (GO:0030097),0.5497630262224911,0.5934556124114699,FGFR2,1
GO_Biological_Process_2023,Visual Perception (GO:0007601),0.5497630262224911,0.5934556124114699,PAX6,1
GO_Biological_Process_2023,Positive Regulation Of GTPase Activity (GO:0043547),0.5504499203875154,0.5937389657842205,RASGRP3;MAP4K4,2
GO_Biological_Process_2023,Regulation Of Protein Secretion (GO:0050708),0.5533153159495208,0.5949947171509451,SLC12A2,1
GO_Biological_Process_2023,Sensory Perception Of Light Stimulus (GO:0050953),0.5533153159495208,0.5949947171509451,PAX6,1
GO_Biological_Process_2023,Protein Catabolic Process (GO:0030163),0.5533153159495208,0.5949947171509451,RNF5,1
GO_Biological_Process_2023,Regulation Of RNA Splicing (GO:0043484),0.5533153159495208,0.5949947171509451,TMEM98,1
GO_Biological_Process_2023,Mitochondrial Gene Expression (GO:0140053),0.5568397557182236,0.5983247451995353,LARS2,1
GO_Biological_Process_2023,Macroautophagy (GO:0016236),0.5603365624993405,0.6016199930441883,PIP4K2A,1
GO_Biological_Process_2023,Regulation Of Inflammatory Response (GO:0050727),0.5642040869544648,0.6053079123077425,GPRC5B;PLA2G7,2
GO_Biological_Process_2023,Regulation Of Autophagy (GO:0010506),0.566467150332267,0.6071768502311511,PIP4K2A;SVIP,2
GO_Biological_Process_2023,Positive Regulation Of Cell Growth (GO:0030307),0.5672481367063006,0.6071768502311511,SHTN1,1
GO_Biological_Process_2023,Regulation Of G1/S Transition Of Mitotic Cell Cycle (GO:2000045),0.5672481367063006,0.6071768502311511,PLCB1,1
GO_Biological_Process_2023,Negative Regulation Of Translation (GO:0017148),0.5706633295665673,0.6097590379751492,AGO3,1
GO_Biological_Process_2023,Positive Regulation Of Autophagy (GO:0010508),0.5706633295665673,0.6097590379751492,SVIP,1
GO_Biological_Process_2023,Cilium Assembly (GO:0060271),0.5709680770174735,0.6097590379751492,GBF1;FHDC1,2
GO_Biological_Process_2023,Response To Tumor Necrosis Factor (GO:0034612),0.5740517406883181,0.6125845806429878,ERBIN,1
GO_Biological_Process_2023,Regulation Of Proteasomal Ubiquitin-Dependent Protein Catabolic Process (GO:0032434),0.5774135786561523,0.6147652941704391,DESI1,1
GO_Biological_Process_2023,Positive Regulation Of Cysteine-Type Endopeptidase Activity Involved In Apoptotic Process (GO:0043280),0.5774135786561523,0.6147652941704391,CYCS,1
GO_Biological_Process_2023,Extracellular Structure Organization (GO:0043062),0.5774135786561523,0.6147652941704391,MMP15,1
GO_Biological_Process_2023,Response To Lipid (GO:0033993),0.5807490505638563,0.6173768402270782,ERBIN,1
GO_Biological_Process_2023,External Encapsulating Structure Organization (GO:0045229),0.5807490505638563,0.6173768402270782,MMP15,1
GO_Biological_Process_2023,RNA Metabolic Process (GO:0016070),0.584058361891716,0.6190133699140232,AGO3,1
GO_Biological_Process_2023,Regulation Of Transforming Growth Factor Beta Receptor Signaling Pathway (GO:0017015),0.584058361891716,0.6190133699140232,HIPK2,1
GO_Biological_Process_2023,Double-Strand Break Repair Via Homologous Recombination (GO:0000724),0.584058361891716,0.6190133699140232,EXD2,1
GO_Biological_Process_2023,Mitotic Cell Cycle Phase Transition (GO:0044772),0.584058361891716,0.6190133699140232,PLCB1,1
GO_Biological_Process_2023,Regulation Of MAP Kinase Activity (GO:0043405),0.5938313632280998,0.6288948350916818,VEGFA,1
GO_Biological_Process_2023,Endoplasmic Reticulum To Golgi Vesicle-Mediated Transport (GO:0006888),0.5970380552115024,0.6318125864151981,GBF1,1
GO_Biological_Process_2023,Cellular Response To Molecule Of Bacterial Origin (GO:0071219),0.6033761647037462,0.6375553281121911,PPM1E,1
GO_Biological_Process_2023,Protein Maturation (GO:0051604),0.6033761647037462,0.6375553281121911,CPD,1
GO_Biological_Process_2023,Regulation Of Small GTPase Mediated Signal Transduction (GO:0051056),0.606507972839448,0.6398979291119063,ARHGAP5,1
GO_Biological_Process_2023,Positive Regulation Of Cell Cycle Process (GO:0090068),0.606507972839448,0.6398979291119063,UBXN2B,1
GO_Biological_Process_2023,Cellular Component Assembly (GO:0022607),0.6078632704442892,0.6408445481172274,PTPRD;PPARGC1A,2
GO_Biological_Process_2023,Cellular Response To Tumor Necrosis Factor (GO:0071356),0.6096152078237631,0.6422075871577143,ERBIN,1
GO_Biological_Process_2023,Regulation Of Protein Phosphorylation (GO:0001932),0.6182498210691063,0.6494292156243046,GRM5;VEGFA,2
GO_Biological_Process_2023,Fatty Acid Metabolic Process (GO:0006631),0.6187913827213709,0.6494292156243046,PPARGC1A,1
GO_Biological_Process_2023,Positive Regulation Of Macromolecule Biosynthetic Process (GO:0010557),0.6187913827213709,0.6494292156243046,HSPH1,1
GO_Biological_Process_2023,Protein Localization To Nucleus (GO:0034504),0.6187913827213709,0.6494292156243046,FAM53B,1
GO_Biological_Process_2023,Receptor-Mediated Endocytosis (GO:0006898),0.6187913827213709,0.6494292156243046,EPS15,1
GO_Biological_Process_2023,Negative Regulation Of Growth (GO:0045926),0.6247894400144149,0.6542518163025198,ENPP1,1
GO_Biological_Process_2023,Cellular Response To Lipopolysaccharide (GO:0071222),0.6247894400144149,0.6542518163025198,PPM1E,1
GO_Biological_Process_2023,Regulation Of DNA Metabolic Process (GO:0051052),0.6247894400144149,0.6542518163025198,TMEM98,1
GO_Biological_Process_2023,Regulation Of Mitotic Cell Cycle (GO:0007346),0.6277532080646602,0.6563727489405528,GBF1,1
GO_Biological_Process_2023,Negative Regulation Of Cell Growth (GO:0030308),0.6277532080646602,0.6563727489405528,ENPP1,1
GO_Biological_Process_2023,Protein-Containing Complex Organization (GO:0043933),0.630693713264565,0.6589548206550607,PPARGC1A,1
GO_Biological_Process_2023,Regulation Of Response To External Stimulus (GO:0032101),0.6336111371815234,0.6615089409827994,P2RY12,1
GO_Biological_Process_2023,Protein Targeting (GO:0006605),0.6393774594023328,0.6665343261578716,GOLGA7,1
GO_Biological_Process_2023,Regulation Of DNA Repair (GO:0006282),0.6393774594023328,0.6665343261578716,TMEM98,1
GO_Biological_Process_2023,Transmembrane Receptor Protein Serine/Threonine Kinase Signaling Pathway (GO:0007178),0.6422267136724049,0.6690060852030488,HIPK2,1
GO_Biological_Process_2023,Plasma Membrane Bounded Cell Projection Organization (GO:0120036),0.6478582878904103,0.6743703458025924,MAP4,1
GO_Biological_Process_2023,Negative Regulation Of Cell Motility (GO:2000146),0.6506409555421183,0.6767633433482703,TMEFF2,1
GO_Biological_Process_2023,Cellular Response To Metal Ion (GO:0071248),0.6561409107738776,0.6819770684789411,SLC12A2,1
GO_Biological_Process_2023,Regulation Of Protein Kinase B Signaling (GO:0051896),0.6588585380664175,0.6842933145916243,P2RY12,1
GO_Biological_Process_2023,Negative Regulation Of Cellular Biosynthetic Process (GO:0031327),0.661554822747425,0.6865839740531511,PROX1,1
GO_Biological_Process_2023,Regulation Of Gene Expression (GO:0010468),0.6652569659512154,0.6899143775876578,TMEM98;PAX6;DIP2A;PROX1;OXSR1;SOX6;PPARGC1A;VEGFA,8
GO_Biological_Process_2023,DNA Repair (GO:0006281),0.6688792689949579,0.6931571091288489,EXD2;MLH3,2
GO_Biological_Process_2023,Detection Of Chemical Stimulus Involved In Sensory Perception (GO:0050907),0.6721298464803734,0.6960101074952201,PKD2L1,1
GO_Biological_Process_2023,Positive Regulation Of Transferase Activity (GO:0051347),0.6772935717418193,0.7008385405819564,FGFR2,1
GO_Biological_Process_2023,Regulation Of Cell Adhesion (GO:0030155),0.679845049519674,0.702958776258702,VEGFA,1
GO_Biological_Process_2023,Negative Regulation Of Protein Metabolic Process (GO:0051248),0.6873798322895927,0.7097006534119116,CRYAB,1
GO_Biological_Process_2023,Protein Glycosylation (GO:0006486),0.6873798322895927,0.7097006534119116,FUT9,1
GO_Biological_Process_2023,Neuron Development (GO:0048666),0.694738387449643,0.7162409757126386,MAP4,1
GO_Biological_Process_2023,protein-RNA Complex Assembly (GO:0022618),0.694738387449643,0.7162409757126386,AGO3,1
GO_Biological_Process_2023,Regulation Of Cellular Component Organization (GO:0051128),0.7019248108571959,0.7231169443219566,PACSIN2,1
GO_Biological_Process_2023,Peptidyl-Serine Phosphorylation (GO:0018105),0.7135304942948628,0.7345321276810252,HIPK2,1
GO_Biological_Process_2023,Proteasome-Mediated Ubiquitin-Dependent Protein Catabolic Process (GO:0043161),0.7172307570865287,0.7377984037970983,UBXN2B;RNF5,2
GO_Biological_Process_2023,Regulation Of Macromolecule Metabolic Process (GO:0060255),0.7224908440183606,0.7421179814843514,PROX1,1
GO_Biological_Process_2023,Mitochondrion Organization (GO:0007005),0.7224908440183606,0.7421179814843514,PPARGC1A,1
GO_Biological_Process_2023,Negative Regulation Of Cell Migration (GO:0030336),0.7246870690033453,0.7438277399381367,TMEFF2,1
GO_Biological_Process_2023,Peptidyl-Serine Modification (GO:0018209),0.7311726547423888,0.749689334623404,HIPK2,1
GO_Biological_Process_2023,Protein-Containing Complex Assembly (GO:0065003),0.7314695795289111,0.749689334623404,PPARGC1A;EPS15,2
GO_Biological_Process_2023,Double-Strand Break Repair (GO:0006302),0.7354118073796596,0.7531779784217744,EXD2,1
GO_Biological_Process_2023,Positive Regulation Of I-kappaB kinase/NF-kappaB Signaling (GO:0043123),0.7497324636029886,0.767282894353022,GPRC5B,1
GO_Biological_Process_2023,Extracellular Matrix Organization (GO:0030198),0.7517143939968418,0.7687488576034954,MMP15,1
GO_Biological_Process_2023,Positive Regulation Of ERK1 And ERK2 Cascade (GO:0070374),0.7575670939870502,0.7741682720875699,FGFR2,1
GO_Biological_Process_2023,RNA Processing (GO:0006396),0.765157972573609,0.7807848312403202,PPARGC1A,1
GO_Biological_Process_2023,Macromolecule Biosynthetic Process (GO:0009059),0.765157972573609,0.7807848312403202,FUT9,1
GO_Biological_Process_2023,Intracellular Monoatomic Cation Homeostasis (GO:0030003),0.7778780202685517,0.7931861154196092,SLC12A2,1
GO_Biological_Process_2023,Modification-Dependent Protein Catabolic Process (GO:0019941),0.7813848948204385,0.7961816954506872,RNF5,1
GO_Biological_Process_2023,Ubiquitin-Dependent Protein Catabolic Process (GO:0006511),0.7863450707415771,0.8002710510780034,UBXN2B;RNF5,2
GO_Biological_Process_2023,Regulation Of Programmed Cell Death (GO:0043067),0.7865423125319906,0.8002710510780034,CRYAB,1
GO_Biological_Process_2023,Golgi Vesicle Transport (GO:0048193),0.7899132409517261,0.803116732624611,GBF1,1
GO_Biological_Process_2023,Anterograde Trans-Synaptic Signaling (GO:0098916),0.793231268856507,0.8059045353160881,GABRB2,1
GO_Biological_Process_2023,Organic Substance Transport (GO:0071702),0.7964972211742464,0.8086354226580339,AQP4,1
GO_Biological_Process_2023,Regulation Of Translation (GO:0006417),0.7981109232463657,0.8096861360563202,GRM5,1
GO_Biological_Process_2023,Positive Regulation Of Protein Phosphorylation (GO:0001934),0.7987392070283255,0.8097363410381359,RASSF2;VEGFA,2
GO_Biological_Process_2023,Negative Regulation Of Cell Population Proliferation (GO:0008285),0.8011408463281996,0.8115829428045991,PROX1;PPARGC1A,2
GO_Biological_Process_2023,mRNA Processing (GO:0006397),0.8165114790312675,0.8265553973695682,PPARGC1A,1
GO_Biological_Process_2023,Regulation Of Cell Growth (GO:0001558),0.8345686396538881,0.8442238082977508,ENPP1,1
GO_Biological_Process_2023,Apoptotic Process (GO:0006915),0.8358821712264118,0.8443315216936824,MAL,1
GO_Biological_Process_2023,Chromatin Remodeling (GO:0006338),0.8358821712264118,0.8443315216936824,PADI2,1
GO_Biological_Process_2023,Negative Regulation Of Multicellular Organismal Process (GO:0051241),0.8397609080646844,0.8476374533784226,DLX1,1
GO_Biological_Process_2023,Regulation Of I-kappaB kinase/NF-kappaB Signaling (GO:0043122),0.8410334697832836,0.8483098949003705,GPRC5B,1
GO_Biological_Process_2023,Translation (GO:0006412),0.8435485444133054,0.8502337274021716,LARS2,1
GO_Biological_Process_2023,Regulation Of ERK1 And ERK2 Cascade (GO:0070372),0.8555429838233182,0.8616180139493322,FGFR2,1
GO_Biological_Process_2023,Regulation Of Cell Population Proliferation (GO:0042127),0.8561715254874991,0.8616180139493322,AGO3;PROX1;FGFR2;VEGFA,4
GO_Biological_Process_2023,Positive Regulation Of Programmed Cell Death (GO:0043068),0.8566909631190288,0.8616180139493322,RASSF2,1
GO_Biological_Process_2023,Cytokine-Mediated Signaling Pathway (GO:0019221),0.8697795724434959,0.8741534639715882,PLCB1,1
GO_Biological_Process_2023,Regulation Of Nucleic Acid-Templated Transcription (GO:1903506),0.8730842664675966,0.8768448591444132,SOX6;PPARGC1A,2
GO_Biological_Process_2023,Chromatin Organization (GO:0006325),0.8807307145218735,0.8838897199541614,PADI2,1
GO_Biological_Process_2023,Positive Regulation Of Apoptotic Process (GO:0043065),0.8826211431558143,0.8851519564695227,RASSF2,1
GO_Biological_Process_2023,DNA Metabolic Process (GO:0006259),0.8983495039443555,0.9002800544542645,EXD2,1
GO_Biological_Process_2023,Gene Expression (GO:0010467),0.9046496872553331,0.9059448192342242,ENPP1,1
GO_Biological_Process_2023,Positive Regulation Of Cytokine Production (GO:0001819),0.9213149472989709,0.9219739708664236,PLCB1,1
GO_Biological_Process_2023,Protein Ubiquitination (GO:0016567),0.968507354853713,0.968507354853713,RNF141,1
PanglaoDB_Augmented_2021,Gamma (PP) Cells,5.419515837570897e-09,6.611809321836494e-07,PTPRD;NFASC;SEMA6D;PHYHIPL;AQP4;PAX6;SEMA3E;PROX1;PPARGC1A;FGF12;PAK5,11
PanglaoDB_Augmented_2021,Astrocytes,3.7562803359515085e-08,2.29133100493042e-06,GRM5;GPRC5B;NFASC;KCNJ10;S1PR1;BAALC;PHYHIPL;AQP4;GPR37L1;PLA2G7;CRYAB,11
PanglaoDB_Augmented_2021,Oligodendrocytes,1.6540097806300052e-07,5.86916273739424e-06,GPRC5B;DPY19L1;GRM5;KCNJ10;PHYHIPL;AQP4;SOX8;TPPP;DUSP15;EML1;FGFR2,11
PanglaoDB_Augmented_2021,Müller Cells,2.51956777055994e-07,5.86916273739424e-06,PTPRD;TMEM47;GPRC5B;NFASC;KCNJ10;SEMA6D;AQP4;EDIL3;CRYAB;VEGFA,10
PanglaoDB_Augmented_2021,Peri-islet Schwann Cells,2.8864734774070034e-07,5.86916273739424e-06,TMEM47;GPRC5B;NFASC;TMEM98;SEMA6D;INSC;EML1;EDIL3;CHST3,9
PanglaoDB_Augmented_2021,Radial Glia Cells,2.8864734774070034e-07,5.86916273739424e-06,PTPRD;TMEM47;GPRC5B;NFASC;SEMA6D;PHYHIPL;AQP4;FAT3;PAX6,9
PanglaoDB_Augmented_2021,Alpha Cells,1.2872515504303975e-06,2.2434955593215498e-05,PTPRD;TMEM47;NFASC;TMEM98;SEMA6D;PHYHIPL;PAX6;PROX1;EDIL3,9
PanglaoDB_Augmented_2021,Bergmann Glia,9.749078309623039e-06,0.00014867344422175133,GRM5;NFASC;KCNJ10;METRN;BAALC;PHYHIPL;AQP4;GPR37L1,8
PanglaoDB_Augmented_2021,Satellite Glial Cells,3.272999193974206e-05,0.00044367322407205904,P2RY12;GRM5;LYNX1;KCNJ10;BAALC;AQP4;PLXDC2,7
PanglaoDB_Augmented_2021,Tanycytes,4.7978395539033446e-05,0.000585336425576208,PTPRD;TMEM47;GPRC5B;NFASC;SEMA6D;EDIL3;CRYAB,7
PanglaoDB_Augmented_2021,Neuroendocrine Cells,5.326961956068365e-05,0.000590808507854855,GABRA1;GRM5;NFASC;PHYHIPL;AQP4;SFXN5;PAK5,7
PanglaoDB_Augmented_2021,Oligodendrocyte Progenitor Cells,5.902949512568601e-05,0.0006001332004444744,GPR17;GPRC5B;NFASC;PHYHIPL;AQP4;GPR37L1;ETV5,7
PanglaoDB_Augmented_2021,Glomus Cells,6.528924680580406e-05,0.0006127144700236996,TMEM47;GPRC5B;NFASC;SEMA6D;EDIL3;CRYAB;CHST3,7
PanglaoDB_Augmented_2021,Immature Neurons,0.00010055034227854949,0.0008762244112845026,CREB1;FUT9;PHYHIPL;FAT3;PAX6;PROX1;PAK5,7
PanglaoDB_Augmented_2021,Enteroendocrine Cells,0.0001152675322378901,0.0009375092622015062,NFASC;PHYHIPL;PAX6;TMEM229A;HAPLN4;PAK5;VEGFA,7
PanglaoDB_Augmented_2021,Enterochromaffin Cells,0.00022127282558704895,0.0016872052951012483,PTPRD;NFASC;SEMA6D;PHYHIPL;PROX1;PPARGC1A,6
PanglaoDB_Augmented_2021,Enteric Glia Cells,0.00024425327283163505,0.00175287642855644,PTPRD;GPRC5B;NFASC;PHYHIPL;AQP4;CRYAB,6
PanglaoDB_Augmented_2021,Chromaffin Cells,0.0004063077152480348,0.0027538634033477914,PTPRD;SLC12A2;TTLL7;NFASC;SEMA6D;PHYHIPL,6
PanglaoDB_Augmented_2021,Delta Cells,0.0005929760683143918,0.0038075305439134637,PTPRD;NFASC;SEMA6D;PHYHIPL;PROX1;PPARGC1A,6
PanglaoDB_Augmented_2021,Podocytes,0.0006361310368860154,0.0038803993250046934,TMEM47;MYO1E;ZFP91;SEMA3E;CHST3;VEGFA;SH3D19,7
PanglaoDB_Augmented_2021,Interneurons,0.0006996827504428283,0.004064823597810716,DLX1;LYNX1;GRM5;PHYHIPL;AQP4;PAX6;SEMA3E;FGF12;PAK5,9
PanglaoDB_Augmented_2021,Schwann Cells,0.0007794723649737438,0.004322528569399853,GPRC5B;NFASC;PHYHIPL;AQP4;GPR37L1;CRYAB,6
PanglaoDB_Augmented_2021,Trigeminal Neurons,0.0009728360196503163,0.005125809149738179,PTPRD;GRM5;NFASC;PHYHIPL;AQP4;PAK5,6
PanglaoDB_Augmented_2021,Beta Cells,0.00100835589830915,0.005125809149738179,NFASC;PHYHIPL;PAX6;PROX1;FGF12;PAK5,6
PanglaoDB_Augmented_2021,His Bundle Cells,0.0010559324186829443,0.005152950203172768,TMEM47;NFASC;SEMA6D;EML1;CHST3,5
PanglaoDB_Augmented_2021,Glutaminergic Neurons,0.0015624127322190647,0.007331321281950996,GABRA1;GRM5;FUT9;PHYHIPL;PAK5,5
PanglaoDB_Augmented_2021,Parietal Cells,0.0018370996499210504,0.008300968788532153,PHYHIPL;AQP4;TPPP;FGFR2;PIK3C2B,5
PanglaoDB_Augmented_2021,GABAergic Neurons,0.0019869769417900133,0.008657542389227914,DLX1;GRM5;PHYHIPL;AQP4;PAK5,5
PanglaoDB_Augmented_2021,Meningeal Cells,0.002145603125592479,0.009026330390423533,TMEM47;GPRC5B;SEMA6D;EML1;CRYAB,5
PanglaoDB_Augmented_2021,Choroid Plexus Cells,0.002313274573742509,0.009407316599886202,TMEM47;GPRC5B;TMEM98;MMP15;PHYHIPL,5
PanglaoDB_Augmented_2021,Luteal Cells,0.003080370540383261,0.012122748578282511,TMEM47;MMP15;ME1;SH3D19;CHST3,5
PanglaoDB_Augmented_2021,Photoreceptor Cells,0.006469183902421732,0.02466376362798285,GABRA1;GRM5;PROX1;NLK;PAK5,5
PanglaoDB_Augmented_2021,Endothelial Cells (Blood Brain Barrier),0.012151628220897933,0.044924201301501446,GPRC5B;SALL1;GPR37L1;CHST3,4
PanglaoDB_Augmented_2021,Peritubular Myoid Cells,0.014867930283166185,0.05334963219253749,TMEM47;TMEM98;CRYAB;SH3D19,4
PanglaoDB_Augmented_2021,Satellite Cells,0.02406961299006216,0.08389979385107382,TMEM47;SOX8;SH3D19;CHST3,4
PanglaoDB_Augmented_2021,Neurons,0.026751158421211715,0.08810325843580048,GABRA1;GRM5;PHYHIPL;PROX1;PAK5;GNAI1,6
PanglaoDB_Augmented_2021,Mesothelial Cells,0.026954639852502585,0.08810325843580048,ME1;KCNAB1;CRYAB;SH3D19,4
PanglaoDB_Augmented_2021,Chondrocytes,0.028164156385214908,0.08810325843580048,TMEM47;SOX6;CRYAB;VEGFA,4
PanglaoDB_Augmented_2021,Neuroblasts,0.028164156385214908,0.08810325843580048,GRM5;SP8;PPM1E;PAK5,4
PanglaoDB_Augmented_2021,Neural Stem/Precursor Cells,0.03198471170532028,0.09755337070122685,DLX1;PHYHIPL;SP8;PAK5,4
PanglaoDB_Augmented_2021,Purkinje Neurons,0.03400362920616326,0.10118153080858336,GABRA1;GRM5;PPM1E;PAK5,4
PanglaoDB_Augmented_2021,Sertoli Cells,0.036095328595176626,0.1048483354431321,LYNX1;CDC42EP1;PADI2;CRYAB,4
PanglaoDB_Augmented_2021,Purkinje Fiber Cells,0.046400606512184604,0.1316482324299191,PTPRD;NFASC;FAT3,3
PanglaoDB_Augmented_2021,Cajal-Retzius Cells,0.04848483525513268,0.13443522502559518,FUT9;FAT3;EDIL3;PAK5,4
PanglaoDB_Augmented_2021,Adrenergic Neurons,0.050985813741102635,0.13822820614254494,MMP15;PHYHIPL;HAPLN4,3
PanglaoDB_Augmented_2021,Retinal Progenitor Cells,0.05825905191750028,0.15451313769423988,PHYHIPL;PAX6;PAK5,3
PanglaoDB_Augmented_2021,Pancreatic Progenitor Cells,0.060786749355572996,0.1577603358460133,MMP15;MYO6;DUSP15,3
PanglaoDB_Augmented_2021,Taste Receptor Cells,0.062069640332857695,0.1577603358460133,GABRA1;PKD2L1;PROX1,3
PanglaoDB_Augmented_2021,Myoblasts,0.0769953598334333,0.1917027326465074,TMEM47;CRYAB;CHST3,3
PanglaoDB_Augmented_2021,Pyramidal Cells,0.08277969824262726,0.19709188252408552,GABRA1;GRM5;PAK5,3
PanglaoDB_Augmented_2021,Pulmonary Alveolar Type I Cells,0.08425436975346672,0.19709188252408552,SEMA3E;SH3D19;VEGFA,3
PanglaoDB_Augmented_2021,Hepatic Stellate Cells,0.08574029738180154,0.19709188252408552,TMEM47;CRYAB;VEGFA,3
PanglaoDB_Augmented_2021,Anterior Pituitary Gland Cells,0.08723739062541491,0.19709188252408552,PTPRD;NFASC;SEMA6D,3
PanglaoDB_Augmented_2021,Melanocytes,0.08723739062541491,0.19709188252408552,ENPP1;CRYAB;CHST3,3
PanglaoDB_Augmented_2021,Principal Cells,0.09179474949801764,0.2036174443410573,GPRC5B;AQP4;TMEM229A,3
PanglaoDB_Augmented_2021,Luminal Epithelial Cells,0.09802195000380091,0.2135478196511377,SLC12A2;FGFR2;SYTL2,3
PanglaoDB_Augmented_2021,Megakaryocytes,0.10280209573850556,0.22003255579118733,KIF5B;PROX1;VEGFA,3
PanglaoDB_Augmented_2021,Leydig Cells,0.10603968601677059,0.22304899472493125,TMEM47;CRYAB;SH3D19,3
PanglaoDB_Augmented_2021,Loop Of Henle Cells,0.10931703550536559,0.2260453954517729,TMEM47;PLA2G7;CRYAB,3
PanglaoDB_Augmented_2021,Enteric Neurons,0.142284315125074,0.284568630250148,NFASC;PHYHIPL;PAK5,3
PanglaoDB_Augmented_2021,Plasma Cells,0.142284315125074,0.284568630250148,CYCS;ENPP1;RASGRP3,3
PanglaoDB_Augmented_2021,Smooth Muscle Cells,0.1477665182518993,0.29076637462470506,TMEM47;KCNAB1;CRYAB,3
PanglaoDB_Augmented_2021,Osteocytes,0.17967915614796248,0.3479501119055781,TMEM47;CHST3,2
PanglaoDB_Augmented_2021,Myofibroblasts,0.18531774601135145,0.35326195333413873,TMEM47;CRYAB,2
PanglaoDB_Augmented_2021,Kidney Progenitor Cells,0.19951987159109333,0.3740895178950546,SALL1;CHST3,2
PanglaoDB_Augmented_2021,Parathyroid Chief Cells,0.20237629656617712,0.3740895178950546,DUSP15;VEGFA,2
PanglaoDB_Augmented_2021,Undefined Placental Cells,0.20810310878410793,0.3789340189800174,MMP15;PDIA4,2
PanglaoDB_Augmented_2021,Crypt Cells,0.21384689953281003,0.38319415108334653,SLC12A2;FGFR2,2
PanglaoDB_Augmented_2021,Pancreatic Stellate Cells,0.21672456085861402,0.38319415108334653,TMEM47;CRYAB,2
PanglaoDB_Augmented_2021,Cardiac Stem And Precursor Cells,0.22249024364510683,0.3869796211286686,SH3D19;CHST3,2
PanglaoDB_Augmented_2021,Adipocyte Progenitor Cells,0.22826821715147705,0.3869796211286686,SH3D19;CHST3,2
PanglaoDB_Augmented_2021,Adipocytes,0.22838141574806672,0.3869796211286686,METRN;PPARGC1A;CRYAB,3
PanglaoDB_Augmented_2021,Dopaminergic Neurons,0.2398539645720365,0.40021830140787296,PHYHIPL;PAK5,2
PanglaoDB_Augmented_2021,Transient Cells,0.2427553631490377,0.40021830140787296,MMP15;MYO6,2
PanglaoDB_Augmented_2021,Microfold Cells,0.26018975672976075,0.4232420042804108,TMBIM1;SOX8,2
PanglaoDB_Augmented_2021,Epsilon Cells,0.2950646107886692,0.47365634889760055,PROX1;PPARGC1A,2
PanglaoDB_Augmented_2021,Mesangial Cells,0.32396189307329254,0.5132902721420999,TMEM47;CRYAB,2
PanglaoDB_Augmented_2021,Pericytes,0.344017383463199,0.5380784715706446,CRYAB;VEGFA,2
PanglaoDB_Augmented_2021,Microglia,0.35255643290678035,0.5444542381598381,P2RY12;SALL1,2
PanglaoDB_Augmented_2021,Retinal Ganglion Cells,0.36951719368619956,0.5635137203714543,FGF12;PAK5,2
PanglaoDB_Augmented_2021,Hematopoietic Stem Cells,0.4083780911871254,0.6150879891954235,BAALC;PLXDC2,2
PanglaoDB_Augmented_2021,B Cells,0.41927256899075827,0.623795773376494,SEMA6D;RASGRP3,2
PanglaoDB_Augmented_2021,Endothelial Cells (Aorta),0.42737700649850185,0.6281927083471955,TMEM47;SH3D19,2
PanglaoDB_Augmented_2021,Platelets,0.5024613351012766,0.695686304961271,P2RY12;VEGFA,2
PanglaoDB_Augmented_2021,Olfactory Epithelial Cells,0.5316458243922977,0.695686304961271,METRN;FGF12,2
PanglaoDB_Augmented_2021,Pulmonary Vascular Smooth Muscle Cells,0.5425740208037632,0.695686304961271,CRYAB,1
PanglaoDB_Augmented_2021,Fibroblasts,0.545798510916157,0.695686304961271,PIP4K2A;VEGFA,2
PanglaoDB_Augmented_2021,Glycinergic Neurons,0.5461826679773242,0.695686304961271,GRM5,1
PanglaoDB_Augmented_2021,Cholinergic Neurons,0.5533153159495208,0.695686304961271,PPM1E,1
PanglaoDB_Augmented_2021,Juxtaglomerular Cells,0.5568397557182236,0.695686304961271,CRYAB,1
PanglaoDB_Augmented_2021,Vascular Smooth Muscle Cells,0.5568397557182236,0.695686304961271,CRYAB,1
PanglaoDB_Augmented_2021,Ciliated Cells,0.5603365624993405,0.695686304961271,ANKUB1,1
PanglaoDB_Augmented_2021,Noradrenergic Neurons,0.5603365624993405,0.695686304961271,PHYHIPL,1
PanglaoDB_Augmented_2021,Ionocytes,0.5706633295665673,0.695686304961271,SLC12A2,1
PanglaoDB_Augmented_2021,Pinealocytes,0.5706633295665673,0.695686304961271,KCNG4,1
PanglaoDB_Augmented_2021,Spermatozoa,0.5740517406883181,0.695686304961271,ANKUB1,1
PanglaoDB_Augmented_2021,Epiblast Cells,0.5774135786561523,0.695686304961271,FGFR2,1
PanglaoDB_Augmented_2021,Gastric Chief Cells,0.5774135786561523,0.695686304961271,FGFR2,1
PanglaoDB_Augmented_2021,Endothelial Cells,0.5776563502314657,0.695686304961271,PROX1;RASGRP3,2
PanglaoDB_Augmented_2021,Merkel Cells,0.584058361891716,0.695686304961271,GNAI1,1
PanglaoDB_Augmented_2021,Motor Neurons,0.584058361891716,0.695686304961271,DLX1,1
PanglaoDB_Augmented_2021,Granulosa Cells,0.587341716483696,0.695686304961271,CHST3,1
PanglaoDB_Augmented_2021,Pluripotent Stem Cells,0.587341716483696,0.695686304961271,PRMT8,1
PanglaoDB_Augmented_2021,Hepatoblasts,0.5938313632280998,0.6966098684021941,PROX1,1
PanglaoDB_Augmented_2021,Natural Killer T Cells,0.606507972839448,0.7047045017753587,S1PR1,1
PanglaoDB_Augmented_2021,T Memory Cells,0.6506409555421183,0.7271143096863592,ENPP1,1
PanglaoDB_Augmented_2021,Cholangiocytes,0.6534017729342625,0.7271143096863592,AQP4,1
PanglaoDB_Augmented_2021,Mammary Epithelial Cells,0.6534017729342625,0.7271143096863592,PADI2,1
PanglaoDB_Augmented_2021,Pulmonary Alveolar Type II Cells,0.6561409107738776,0.7271143096863592,ETV5,1
PanglaoDB_Augmented_2021,Ependymal Cells,0.6588585380664175,0.7271143096863592,AQP4,1
PanglaoDB_Augmented_2021,Distal Tubule Cells,0.661554822747425,0.7271143096863592,PPARGC1A,1
PanglaoDB_Augmented_2021,Osteoblasts,0.7042827281461533,0.7667361764803765,FGFR2,1
PanglaoDB_Augmented_2021,NK Cells,0.7112458509223145,0.7667361764803765,SEMA6D,1
PanglaoDB_Augmented_2021,Myocytes,0.7246870690033453,0.7667361764803765,CRYAB,1
PanglaoDB_Augmented_2021,Proximal Tubule Cells,0.7268660226282601,0.7667361764803765,FUT9,1
PanglaoDB_Augmented_2021,T Cells,0.7290278399321612,0.7667361764803765,SEMA6D,1
PanglaoDB_Augmented_2021,Basophils,0.7375064078462558,0.7690237757029335,MBOAT1,1
PanglaoDB_Augmented_2021,Cardiomyocytes,0.7477348139640473,0.7706651770387789,CRYAB,1
PanglaoDB_Augmented_2021,Embryonic Stem Cells,0.7517143939968418,0.7706651770387789,SH3D19,1
PanglaoDB_Augmented_2021,Hepatocytes,0.826465180956483,0.8346843118778249,PROX1,1
PanglaoDB_Augmented_2021,Germ Cells,0.8278426371903017,0.8346843118778249,MLH3,1
PanglaoDB_Augmented_2021,Mast Cells,0.8447912141646304,0.8447912141646304,GNAI1,1
WikiPathways_2019_Mouse,"GPCRs, Class C Metabotropic glutamate, pheromone WP327",0.006012138049846984,0.21437940514402198,GRM5;GPRC5B,2
WikiPathways_2019_Mouse,Mitochondrial Gene Expression WP1263,0.009592190604670318,0.21437940514402198,CREB1;PPARGC1A,2
WikiPathways_2019_Mouse,Signal Transduction of S1P Receptor WP57,0.012760268487644343,0.21437940514402198,S1PR1;GNAI1,2
WikiPathways_2019_Mouse,Endochondral Ossification WP1270,0.01279877045635952,0.21437940514402198,ENPP1;SOX6;VEGFA,3
WikiPathways_2019_Mouse,Hypothetical Network for Drug Addiction WP1246,0.024533258251978718,0.32874566057651483,GRM5;CREB1,2
WikiPathways_2019_Mouse,Regulation of Actin Cytoskeleton WP523,0.03198471170532028,0.33343491763020805,PIP4K2A;FGF12;FGFR2;PIK3C2B,4
WikiPathways_2019_Mouse,Synthesis and Degradation of Ketone Bodies WP543,0.03864218727302653,0.33343491763020805,OXCT1,1
WikiPathways_2019_Mouse,Focal Adhesion-PI3K-Akt-mTOR-signaling pathway WP2841,0.042922149158992486,0.33343491763020805,CREB1;PPARGC1A;FGF12;FGFR2;VEGFA;PIK3C2B,6
WikiPathways_2019_Mouse,Robo4 and VEGF Signaling Pathways Crosstalk WP3864,0.046190713120766676,0.33343491763020805,VEGFA,1
WikiPathways_2019_Mouse,Wnt Signaling Pathway NetPath WP539,0.05335802683204815,0.33343491763020805,SALL1;NLK;HIPK2,3
WikiPathways_2019_Mouse,Cholesterol metabolism (includes both Bloch and Kandutsch-Russell pathways) WP4346,0.0566455550909882,0.33343491763020805,ELOVL5;SCD2,2
WikiPathways_2019_Mouse,Non-odorant GPCRs WP1396,0.05971968673973876,0.33343491763020805,P2RY12;GPR17;GPRC5B;GRM5;S1PR1,5
WikiPathways_2019_Mouse,NLR Proteins WP1256,0.06848474678444079,0.3478095692958828,ERBIN,1
WikiPathways_2019_Mouse,SIDS Susceptibility Pathways WP1266,0.08300584344624101,0.3478095692958828,CREB1;PPARGC1A,2
WikiPathways_2019_Mouse,Ptf1a related regulatory pathway WP201,0.08305900162289738,0.3478095692958828,PROX1,1
WikiPathways_2019_Mouse,SREBF and miR33 in cholesterol and lipid homeostasis WP2084,0.08305900162289738,0.3478095692958828,PPARGC1A,1
WikiPathways_2019_Mouse,IL-2 Signaling Pathway WP450,0.11999843304477845,0.40727376372633944,CREB1;PLCB1,2
WikiPathways_2019_Mouse,Insulin Signaling WP65,0.12977214297663994,0.40727376372633944,KIF5B;ENPP1;MAP4K4,3
WikiPathways_2019_Mouse,Serotonin and anxiety WP2141,0.13230731019735142,0.40727376372633944,GABRA1,1
WikiPathways_2019_Mouse,Small Ligand GPCRs WP353,0.13230731019735142,0.40727376372633944,S1PR1,1
WikiPathways_2019_Mouse,PPAR signaling pathway WP2316,0.13309901722535994,0.40727376372633944,ME1;SCD2,2
WikiPathways_2019_Mouse,Orphan GPCRs WP1398,0.13912482327889525,0.40727376372633944,GPR155,1
WikiPathways_2019_Mouse,BMP Signaling Pathway in Eyelid Development WP3663,0.14588910939450966,0.40727376372633944,FGFR2,1
WikiPathways_2019_Mouse,Hypertrophy Model WP202,0.14588910939450966,0.40727376372633944,VEGFA,1
WikiPathways_2019_Mouse,G Protein Signaling Pathways WP232,0.16293713078392044,0.42418826076252353,PRKD3;GNAI1,2
WikiPathways_2019_Mouse,EGFR1 Signaling Pathway WP572,0.16461036984814345,0.42418826076252353,CREB1;EPS15;PIK3C2B,3
WikiPathways_2019_Mouse,Matrix Metalloproteinases WP441,0.20443956101839184,0.49612315138101243,MMP15,1
WikiPathways_2019_Mouse,Factors and pathways affecting insulin-like growth factor (IGF1)-Akt signaling WP3675,0.21689912307345394,0.49612315138101243,PPARGC1A,1
WikiPathways_2019_Mouse,White fat cell differentiation WP2872,0.22305599924514247,0.49612315138101243,CREB1,1
WikiPathways_2019_Mouse,Toll Like Receptor signaling WP88,0.22916477485572526,0.49612315138101243,MAL,1
WikiPathways_2019_Mouse,Glycogen Metabolism WP317,0.23522582331358557,0.49612315138101243,PHKB,1
WikiPathways_2019_Mouse,ESC Pluripotency Pathways WP339,0.23695434095809548,0.49612315138101243,FGF12;FGFR2,2
WikiPathways_2019_Mouse,p38 MAPK Signaling Pathway WP350,0.24720621794739253,0.4997704664747316,CREB1,1
WikiPathways_2019_Mouse,Parkinsons Disease Pathway WP3638,0.26482802645541786,0.4997704664747316,CYCS,1
WikiPathways_2019_Mouse,G13 Signaling Pathway WP298,0.26482802645541786,0.4997704664747316,PIP4K2A,1
WikiPathways_2019_Mouse,Splicing factor NOVA regulated synaptic proteins WP1983,0.2820398997721022,0.4997704664747316,MAP4,1
WikiPathways_2019_Mouse,Oxidative Damage WP1496,0.2820398997721022,0.4997704664747316,CYCS,1
WikiPathways_2019_Mouse,Adipogenesis genes WP447,0.283451906358803,0.4997704664747316,CREB1;PPARGC1A,2
WikiPathways_2019_Mouse,Heart Development WP2067,0.2932914289631615,0.5038596343726108,VEGFA,1
WikiPathways_2019_Mouse,Metapathway biotransformation WP1251,0.3037575977379482,0.5063255825181046,KCNAB1;CHST3,2
WikiPathways_2019_Mouse,Mecp2 and Associated Rett Syndrome WP2910,0.3098410281080939,0.5063255825181046,CREB1,1
WikiPathways_2019_Mouse,Id Signaling Pathway WP512,0.33130959015296924,0.5238446520916894,VEGFA,1
WikiPathways_2019_Mouse,Myometrial Relaxation and Contraction Pathways WP385,0.3383049769460755,0.5238446520916894,GUCY1A1;CREB1,2
WikiPathways_2019_Mouse,"GPCRs, Other WP41",0.344017383463199,0.5238446520916894,S1PR1;GPR37L1,2
WikiPathways_2019_Mouse,MAPK signaling pathway WP493,0.355394448864476,0.5291428460871087,NLK;MAP4K4,2
WikiPathways_2019_Mouse,Oxidative phosphorylation WP1248,0.3869869357532937,0.5443757682432647,NDUFS8,1
WikiPathways_2019_Mouse,Purine metabolism WP2185,0.3890823297527395,0.5443757682432647,GUCY1A1;ENPP1,2
WikiPathways_2019_Mouse,PluriNetWork WP1763,0.40275092527819384,0.5443757682432647,CREB1;SALL1;ETV5,3
WikiPathways_2019_Mouse,Alpha6-Beta4 Integrin Signaling Pathway WP488,0.41074769588954557,0.5443757682432647,ERBIN,1
WikiPathways_2019_Mouse,p53 signaling WP2902,0.41074769588954557,0.5443757682432647,CYCS,1
WikiPathways_2019_Mouse,Focal Adhesion WP85,0.42737700649850185,0.5443757682432647,ARHGAP5;VEGFA,2
WikiPathways_2019_Mouse,Primary Focal Segmental Glomerulosclerosis FSGS WP2573,0.43359311171605275,0.5443757682432647,MYO1E,1
WikiPathways_2019_Mouse,Odorant GPCRs WP1397,0.4380909552783694,0.5443757682432647,GPR37L1;GPR155,2
WikiPathways_2019_Mouse,Chemokine signaling pathway WP2292,0.4407526053013611,0.5443757682432647,PLCB1;GNAI1,2
WikiPathways_2019_Mouse,Alzheimers Disease WP2075,0.4468756306474561,0.5443757682432647,PLCB1,1
WikiPathways_2019_Mouse,Estrogen signaling WP1244,0.45555822804786517,0.5450428799858387,CREB1,1
WikiPathways_2019_Mouse,MicroRNAs in Cardiomyocyte Hypertrophy WP1560,0.47667675623959915,0.5603042573342657,FGFR2,1
WikiPathways_2019_Mouse,Amino Acid metabolism WP662,0.5278520754043271,0.5739732866633996,LARS2,1
WikiPathways_2019_Mouse,Wnt Signaling Pathway and Pluripotency WP723,0.5352709696661992,0.5739732866633996,NLK,1
WikiPathways_2019_Mouse,"GPCRs, Class A Rhodopsin-like WP189",0.5363963304481866,0.5739732866633996,P2RY12;GPR37L1,2
WikiPathways_2019_Mouse,Spinal Cord Injury WP2432,0.5425740208037632,0.5739732866633996,AQP4,1
WikiPathways_2019_Mouse,IL-6 signaling Pathway WP387,0.5425740208037632,0.5739732866633996,NLK,1
WikiPathways_2019_Mouse,IL-3 Signaling Pathway WP373,0.5461826679773242,0.5739732866633996,CREB1,1
WikiPathways_2019_Mouse,Neural Crest Differentiation WP2074,0.5497630262224911,0.5739732866633996,FGFR2,1
WikiPathways_2019_Mouse,Electron Transport Chain WP295,0.5568397557182236,0.5739732866633996,NDUFS8,1
WikiPathways_2019_Mouse,Calcium Regulation in the Cardiac Cell WP553,0.6873798322895927,0.6977946782333744,GNAI1,1
WikiPathways_2019_Mouse,mRNA processing WP310,0.973836505868198,0.973836505868198,PPARGC1A,1
KEGG_2019_Mouse,Biosynthesis of unsaturated fatty acids,0.00011072486810892934,0.017715978897428694,ELOVL5;SCD2;ELOVL6;HSD17B12,4
KEGG_2019_Mouse,Retrograde endocannabinoid signaling,0.001201155900594687,0.07961031810330083,GABRB2;GABRA1;GRM5;NDUFS8;PLCB1;GNAI1,6
KEGG_2019_Mouse,Fatty acid elongation,0.0014926934644368904,0.07961031810330083,ELOVL5;ELOVL6;HSD17B12,3
KEGG_2019_Mouse,Gastric acid secretion,0.002745357285088892,0.09678013642823997,CAR2;KCNJ10;PLCB1;GNAI1,4
KEGG_2019_Mouse,Renin secretion,0.003024379263382499,0.09678013642823997,GUCY1A1;CREB1;PLCB1;GNAI1,4
KEGG_2019_Mouse,Huntington disease,0.004132803493177464,0.10772326053039141,GRM5;CREB1;NDUFS8;CYCS;PLCB1;PPARGC1A,6
KEGG_2019_Mouse,Gap junction,0.004712892648204624,0.10772326053039141,GRM5;GUCY1A1;PLCB1;GNAI1,4
KEGG_2019_Mouse,Rap1 signaling pathway,0.0062119254424340825,0.12423850884868165,PRKD3;PLCB1;FGFR2;GNAI1;RASGRP3;VEGFA,6
KEGG_2019_Mouse,Circadian entrainment,0.007726161339236876,0.134608619276479,GUCY1A1;CREB1;PLCB1;GNAI1,4
KEGG_2019_Mouse,Glucagon signaling pathway,0.008566374197311294,0.134608619276479,CREB1;PHKB;PLCB1;PPARGC1A,4
KEGG_2019_Mouse,Protein processing in endoplasmic reticulum,0.009347766384777011,0.134608619276479,HSPH1;RNF5;CRYAB;SVIP;PDIA4,5
KEGG_2019_Mouse,"Parathyroid hormone synthesis, secretion and action",0.010095646445735924,0.134608619276479,CREB1;MMP15;PLCB1;GNAI1,4
KEGG_2019_Mouse,Long-term depression,0.012248727246046084,0.1507535661051826,GUCY1A1;PLCB1;GNAI1,3
KEGG_2019_Mouse,Sphingolipid signaling pathway,0.01657906995354414,0.17144870786832653,S1PR1;PLCB1;SGPP2;GNAI1,4
KEGG_2019_Mouse,Platelet activation,0.017025308830784694,0.17144870786832653,P2RY12;GUCY1A1;PLCB1;GNAI1,4
KEGG_2019_Mouse,Thyroid hormone synthesis,0.01977818722365566,0.17144870786832653,CREB1;PLCB1;PDIA4,3
KEGG_2019_Mouse,Inositol phosphate metabolism,0.01977818722365566,0.17144870786832653,PIP4K2A;PLCB1;PIK3C2B,3
KEGG_2019_Mouse,Relaxin signaling pathway,0.019860432967203693,0.17144870786832653,CREB1;PLCB1;GNAI1;VEGFA,4
KEGG_2019_Mouse,Serotonergic synapse,0.020359534059363776,0.17144870786832653,GABRB2;CYP2J12;PLCB1;GNAI1,4
KEGG_2019_Mouse,Dopaminergic synapse,0.021902992745427674,0.1752239419634214,CREB1;KIF5B;PLCB1;GNAI1,4
KEGG_2019_Mouse,Salivary secretion,0.023519471166557067,0.17919597079281574,SLC12A2;GUCY1A1;PLCB1,3
KEGG_2019_Mouse,GABAergic synapse,0.03395146309432868,0.2416645150465662,GABRB2;GABRA1;GNAI1,3
KEGG_2019_Mouse,Morphine addiction,0.03588790372345589,0.2416645150465662,GABRB2;GABRA1;GNAI1,3
KEGG_2019_Mouse,Nicotine addiction,0.039315756772272954,0.2416645150465662,GABRB2;GABRA1,2
KEGG_2019_Mouse,Prostate cancer,0.04097256646740565,0.2416645150465662,CREB1;FGFR2;ETV5,3
KEGG_2019_Mouse,Phosphatidylinositol signaling system,0.04203090232020413,0.2416645150465662,PIP4K2A;PLCB1;PIK3C2B,3
KEGG_2019_Mouse,Melanogenesis,0.04418858857519868,0.2416645150465662,CREB1;PLCB1;GNAI1,3
KEGG_2019_Mouse,Vasopressin-regulated water reabsorption,0.04483070616892571,0.2416645150465662,CREB1;AQP4,2
KEGG_2019_Mouse,Aldosterone synthesis and secretion,0.046400606512184604,0.2416645150465662,CREB1;PRKD3;PLCB1,3
KEGG_2019_Mouse,Longevity regulating pathway,0.046400606512184604,0.2416645150465662,CREB1;PPARGC1A;CRYAB,3
KEGG_2019_Mouse,cGMP-PKG signaling pathway,0.0468224997902722,0.2416645150465662,GUCY1A1;CREB1;PLCB1;GNAI1,4
KEGG_2019_Mouse,Pancreatic secretion,0.0498195151390053,0.24700666713057834,SLC12A2;CAR2;PLCB1,3
KEGG_2019_Mouse,Human cytomegalovirus infection,0.05094512509568178,0.24700666713057834,CREB1;CYCS;PLCB1;GNAI1;VEGFA,5
KEGG_2019_Mouse,Cocaine addiction,0.054607488372172316,0.25464467828864695,CREB1;GNAI1,2
KEGG_2019_Mouse,Cholinergic synapse,0.05951652851720432,0.25464467828864695,CREB1;PLCB1;GNAI1,3
KEGG_2019_Mouse,Glutamatergic synapse,0.060786749355572996,0.25464467828864695,GRM5;PLCB1;GNAI1,3
KEGG_2019_Mouse,Riboflavin metabolism,0.06111153843461084,0.25464467828864695,ENPP1,1
KEGG_2019_Mouse,Endocytosis,0.061261028635359774,0.25464467828864695,KIF5B;GBF1;ARAP2;EPS15;FGFR2,5
KEGG_2019_Mouse,Leukocyte transendothelial migration,0.062069640332857695,0.25464467828864695,ARHGAP5;GNAI1;JAM2,3
KEGG_2019_Mouse,AMPK signaling pathway,0.0769953598334333,0.3079814393337332,CREB1;SCD2;PPARGC1A,3
KEGG_2019_Mouse,MAPK signaling pathway,0.08241357452649938,0.30905675022473444,NLK;FGFR2;RASGRP3;VEGFA;MAP4K4,5
KEGG_2019_Mouse,Synthesis and degradation of ketone bodies,0.08305900162289738,0.30905675022473444,OXCT1,1
KEGG_2019_Mouse,Taurine and hypotaurine metabolism,0.08305900162289738,0.30905675022473444,ADO,1
KEGG_2019_Mouse,Estrogen signaling pathway,0.08874555833322235,0.32271112121171763,CREB1;PLCB1;GNAI1,3
KEGG_2019_Mouse,Apelin signaling pathway,0.0948871299109343,0.33737646190554416,PLCB1;PPARGC1A;GNAI1,3
KEGG_2019_Mouse,Long-term potentiation,0.09733642883521207,0.3385614916007376,GRM5;PLCB1,2
KEGG_2019_Mouse,Cortisol synthesis and secretion,0.1022593218773922,0.34805290824290414,CREB1;PLCB1,2
KEGG_2019_Mouse,Parkinson disease,0.10441587247287124,0.34805290824290414,NDUFS8;CYCS;GNAI1,3
KEGG_2019_Mouse,Bile secretion,0.10976889074801624,0.35510520526615885,CAR2;AQP4,2
KEGG_2019_Mouse,Adrenergic signaling in cardiomyocytes,0.11097037664567463,0.35510520526615885,CREB1;PLCB1;GNAI1,3
KEGG_2019_Mouse,Oxytocin signaling pathway,0.12108957152646668,0.37988885184773863,GUCY1A1;PLCB1;GNAI1,3
KEGG_2019_Mouse,Nitrogen metabolism,0.12543615403421773,0.3859573970283623,CAR2,1
KEGG_2019_Mouse,Cushing syndrome,0.12977214297663994,0.3917649599294791,CREB1;PLCB1;GNAI1,3
KEGG_2019_Mouse,Pantothenate and CoA biosynthesis,0.13230731019735142,0.3920216598440042,ENPP1,1
KEGG_2019_Mouse,PPAR signaling pathway,0.14380185264316336,0.4183326622346571,ME1;SCD2,2
KEGG_2019_Mouse,Insulin secretion,0.14650553519014695,0.41858724340041986,CREB1;PLCB1,2
KEGG_2019_Mouse,Taste transduction,0.1519441211291376,0.4246923977532491,GABRA1;PKD2L1,2
KEGG_2019_Mouse,Alzheimer disease,0.15893223785985225,0.4246923977532491,NDUFS8;CYCS;PLCB1,3
KEGG_2019_Mouse,Mismatch repair,0.1592596491574684,0.4246923977532491,MLH3,1
KEGG_2019_Mouse,Proximal tubule bicarbonate reclamation,0.1592596491574684,0.4246923977532491,CAR2,1
KEGG_2019_Mouse,Mannose type O-glycan biosynthesis,0.16586671909103587,0.43465614653012186,FUT9,1
KEGG_2019_Mouse,Axon guidance,0.16842925678042223,0.43465614653012186,SEMA6D;SEMA3E;GNAI1,3
KEGG_2019_Mouse,Glycosylphosphatidylinositol (GPI)-anchor biosynthesis,0.17892647619014176,0.44944288382540964,PIGQ,1
KEGG_2019_Mouse,Calcium signaling pathway,0.1859228197930482,0.44944288382540964,GRM5;PHKB;PLCB1,3
KEGG_2019_Mouse,AGE-RAGE signaling pathway in diabetic complications,0.1881466340660266,0.44944288382540964,PLCB1;VEGFA,2
KEGG_2019_Mouse,Butanoate metabolism,0.19178304307148739,0.44944288382540964,OXCT1,1
KEGG_2019_Mouse,Collecting duct acid secretion,0.19178304307148739,0.44944288382540964,CAR2,1
KEGG_2019_Mouse,Maturity onset diabetes of the young,0.19178304307148739,0.44944288382540964,PAX6,1
KEGG_2019_Mouse,Chagas disease (American trypanosomiasis),0.1938222436497079,0.44944288382540964,PLCB1;GNAI1,2
KEGG_2019_Mouse,Protein export,0.1981361137255398,0.45288254565837666,SEC11C,1
KEGG_2019_Mouse,Toxoplasmosis,0.20810310878410793,0.46820837795686276,CYCS;GNAI1,2
KEGG_2019_Mouse,Circadian rhythm,0.21069377008058823,0.46820837795686276,CREB1,1
KEGG_2019_Mouse,Insulin resistance,0.21384689953281003,0.4687055332225973,CREB1;PPARGC1A,2
KEGG_2019_Mouse,Starch and sucrose metabolism,0.22916477485572526,0.49549140509346,ENPP1,1
KEGG_2019_Mouse,Kaposi sarcoma-associated herpesvirus infection,0.24084361151862704,0.5136752580725039,CREB1;CYCS;VEGFA,3
KEGG_2019_Mouse,Pathways in cancer,0.2444818809686881,0.5136752580725039,CYCS;PLCB1;FGFR2;GNAI1;RASGRP3;VEGFA,6
KEGG_2019_Mouse,Nicotinate and nicotinamide metabolism,0.24720621794739253,0.5136752580725039,ENPP1,1
KEGG_2019_Mouse,Pyruvate metabolism,0.2590001129877013,0.528836090208091,ME1,1
KEGG_2019_Mouse,Inflammatory mediator regulation of TRP channels,0.26309800722212984,0.528836090208091,CYP2J12;PLCB1,2
KEGG_2019_Mouse,African trypanosomiasis,0.26482802645541786,0.528836090208091,PLCB1,1
KEGG_2019_Mouse,Thermogenesis,0.2724482683477067,0.528836090208091,CREB1;NDUFS8;PPARGC1A,3
KEGG_2019_Mouse,Bladder cancer,0.2763475675370193,0.528836090208091,VEGFA,1
KEGG_2019_Mouse,Ras signaling pathway,0.2766998172105062,0.528836090208091,FGFR2;RASGRP3;VEGFA,3
KEGG_2019_Mouse,FoxO signaling pathway,0.27763894735924777,0.528836090208091,S1PR1;NLK,2
KEGG_2019_Mouse,Purine metabolism,0.28926089086032014,0.5348654521994763,GUCY1A1;ENPP1,2
KEGG_2019_Mouse,Neuroactive ligand-receptor interaction,0.29214788929254165,0.5348654521994763,GABRA1;GABRB2;GRM5;S1PR1,4
KEGG_2019_Mouse,Signaling pathways regulating pluripotency of stem cells,0.2921634879240577,0.5348654521994763,PAX6;FGFR2,2
KEGG_2019_Mouse,Insulin signaling pathway,0.29796410454004596,0.5348654521994763,PHKB;PPARGC1A,2
KEGG_2019_Mouse,Glycosphingolipid biosynthesis,0.2988513143577722,0.5348654521994763,FUT9,1
KEGG_2019_Mouse,Vascular smooth muscle contraction,0.3008618168622055,0.5348654521994763,GUCY1A1;PLCB1,2
KEGG_2019_Mouse,Ether lipid metabolism,0.3098410281080939,0.544775434036209,PLA2G7,1
KEGG_2019_Mouse,Sphingolipid metabolism,0.3152715291100682,0.5482983114957708,SGPP2,1
KEGG_2019_Mouse,Linoleic acid metabolism,0.3260054815208176,0.5544073155471129,CYP2J12,1
KEGG_2019_Mouse,Phospholipase D signaling pathway,0.32683711086326406,0.5544073155471129,GRM5;PLCB1,2
KEGG_2019_Mouse,Non-alcoholic fatty liver disease (NAFLD),0.3325778954160996,0.5544073155471129,NDUFS8;CYCS,2
KEGG_2019_Mouse,Amyotrophic lateral sclerosis (ALS),0.3365722208975025,0.5544073155471129,CYCS,1
KEGG_2019_Mouse,Glycosaminoglycan biosynthesis,0.3417936961730519,0.5544073155471129,CHST3,1
KEGG_2019_Mouse,Endocrine and other factor-regulated calcium reabsorption,0.35211445682454806,0.5544073155471129,PLCB1,1
KEGG_2019_Mouse,"Valine, leucine and isoleucine degradation",0.35721437448551463,0.5544073155471129,OXCT1,1
KEGG_2019_Mouse,Regulation of lipolysis in adipocytes,0.35721437448551463,0.5544073155471129,GNAI1,1
KEGG_2019_Mouse,Wnt signaling pathway,0.35822811574470703,0.5544073155471129,NLK;PLCB1,2
KEGG_2019_Mouse,Ovarian steroidogenesis,0.3622744010346281,0.5544073155471129,CYP2J12,1
KEGG_2019_Mouse,Hepatitis B,0.3667019677981965,0.5544073155471129,CREB1;CYCS,2
KEGG_2019_Mouse,VEGF signaling pathway,0.36729484654996225,0.5544073155471129,VEGFA,1
KEGG_2019_Mouse,Legionellosis,0.36729484654996225,0.5544073155471129,CYCS,1
KEGG_2019_Mouse,Pyrimidine metabolism,0.36729484654996225,0.5544073155471129,ENPP1,1
KEGG_2019_Mouse,Glycerolipid metabolism,0.38212176158239286,0.5713970266652604,MBOAT1,1
KEGG_2019_Mouse,Cell adhesion molecules (CAMs),0.3863031132660367,0.5723009085422766,NFASC;JAM2,2
KEGG_2019_Mouse,Central carbon metabolism in cancer,0.39660338101788883,0.5821701005767176,FGFR2,1
KEGG_2019_Mouse,Aminoacyl-tRNA biosynthesis,0.4060699168814017,0.5879228633438003,LARS2,1
KEGG_2019_Mouse,Tuberculosis,0.4083780911871254,0.5879228633438003,CREB1;CYCS,2
KEGG_2019_Mouse,Amphetamine addiction,0.41538886552144966,0.5879228633438003,CREB1,1
KEGG_2019_Mouse,Renal cell carcinoma,0.41538886552144966,0.5879228633438003,VEGFA,1
KEGG_2019_Mouse,Transcriptional misregulation in cancer,0.4219804881588307,0.5879228633438003,BMP2K;ETV5,2
KEGG_2019_Mouse,Adipocytokine signaling pathway,0.4290955544141495,0.5879228633438003,PPARGC1A,1
KEGG_2019_Mouse,p53 signaling pathway,0.4290955544141495,0.5879228633438003,CYCS,1
KEGG_2019_Mouse,Adherens junction,0.43359311171605275,0.5879228633438003,NLK,1
KEGG_2019_Mouse,B cell receptor signaling pathway,0.43359311171605275,0.5879228633438003,RASGRP3,1
KEGG_2019_Mouse,Pancreatic cancer,0.4468756306474561,0.6008411840638066,VEGFA,1
KEGG_2019_Mouse,Pertussis,0.45123399181221074,0.601645322416281,GNAI1,1
KEGG_2019_Mouse,Chemokine signaling pathway,0.45918918252041635,0.6040878403496345,PLCB1;GNAI1,2
KEGG_2019_Mouse,Alcoholism,0.4643925272687815,0.6040878403496345,CREB1;GNAI1,2
KEGG_2019_Mouse,Focal adhesion,0.4643925272687815,0.6040878403496345,ARHGAP5;VEGFA,2
KEGG_2019_Mouse,NOD-like receptor signaling pathway,0.479825501353405,0.6087949873928374,ERBIN;PLCB1,2
KEGG_2019_Mouse,Rheumatoid arthritis,0.48489442873451777,0.6087949873928374,VEGFA,1
KEGG_2019_Mouse,cAMP signaling pathway,0.494985877380749,0.6087949873928374,CREB1;GNAI1,2
KEGG_2019_Mouse,Viral myocarditis,0.49698112454568266,0.6087949873928374,CYCS,1
KEGG_2019_Mouse,Colorectal cancer,0.5009470653652977,0.6087949873928374,CYCS,1
KEGG_2019_Mouse,Steroid hormone biosynthesis,0.5048819349845205,0.6087949873928374,HSD17B12,1
KEGG_2019_Mouse,Arachidonic acid metabolism,0.5048819349845205,0.6087949873928374,CYP2J12,1
KEGG_2019_Mouse,Antigen processing and presentation,0.5087859754582076,0.6087949873928374,CREB1,1
KEGG_2019_Mouse,GnRH signaling pathway,0.5087859754582076,0.6087949873928374,PLCB1,1
KEGG_2019_Mouse,Progesterone-mediated oocyte maturation,0.5087859754582076,0.6087949873928374,GNAI1,1
KEGG_2019_Mouse,Regulation of actin cytoskeleton,0.5098658019415014,0.6087949873928374,PIP4K2A;FGFR2,2
KEGG_2019_Mouse,Small cell lung cancer,0.5165025270033466,0.6121511431150775,CYCS,1
KEGG_2019_Mouse,PI3K-Akt signaling pathway,0.5335946635649148,0.6251339791722035,CREB1;FGFR2;VEGFA,3
KEGG_2019_Mouse,Glycerophospholipid metabolism,0.5352709696661992,0.6251339791722035,MBOAT1,1
KEGG_2019_Mouse,Human immunodeficiency virus 1 infection,0.5596528055930305,0.6449917266179459,CYCS;GNAI1,2
KEGG_2019_Mouse,HIF-1 signaling pathway,0.5603365624993405,0.6449917266179459,VEGFA,1
KEGG_2019_Mouse,Amoebiasis,0.5672481367063006,0.6482835848072006,PLCB1,1
KEGG_2019_Mouse,TNF signaling pathway,0.5807490505638563,0.6590060148242342,CREB1,1
KEGG_2019_Mouse,Thyroid hormone signaling pathway,0.5970380552115024,0.6727189354495803,PLCB1,1
KEGG_2019_Mouse,Osteoclast differentiation,0.6365056596726583,0.7121741646687086,CREB1,1
KEGG_2019_Mouse,Oxidative phosphorylation,0.6534017729342625,0.7260019699269583,NDUFS8,1
KEGG_2019_Mouse,Apoptosis,0.6721298464803734,0.7399674008377404,CYCS,1
KEGG_2019_Mouse,Fluid shear stress and atherosclerosis,0.6772935717418193,0.7399674008377404,VEGFA,1
KEGG_2019_Mouse,Measles,0.679845049519674,0.7399674008377404,CYCS,1
KEGG_2019_Mouse,Gastric cancer,0.694738387449643,0.7510685269725871,FGFR2,1
KEGG_2019_Mouse,Hippo signaling pathway,0.7157971754678734,0.7659157704629111,RASSF2,1
KEGG_2019_Mouse,Hepatitis C,0.7180460348089792,0.7659157704629111,CYCS,1
KEGG_2019_Mouse,Tight junction,0.7333005999800323,0.774117691978589,JAM2,1
KEGG_2019_Mouse,Influenza A,0.7354118073796596,0.774117691978589,CYCS,1
KEGG_2019_Mouse,Cellular senescence,0.7688643692751856,0.8040411704838543,HIPK2,1
KEGG_2019_Mouse,Human papillomavirus infection,0.7772772331613466,0.8075607617260743,CREB1;VEGFA,2
KEGG_2019_Mouse,Proteoglycans in cancer,0.7997119100409247,0.8255090684293416,VEGFA,1
KEGG_2019_Mouse,Viral carcinogenesis,0.837185339127267,0.8531825112125014,CREB1,1
KEGG_2019_Mouse,Epstein-Barr virus infection,0.837185339127267,0.8531825112125014,CYCS,1
KEGG_2019_Mouse,Human T-cell leukemia virus 1 infection,0.8566909631190288,0.8675351525255989,CREB1,1
KEGG_2019_Mouse,MicroRNAs in cancer,0.8924985785547233,0.8981117771619856,VEGFA,1
KEGG_2019_Mouse,Herpes simplex virus 1 infection,0.9682526415022886,0.9682526415022886,CYCS,1
