library,term,p,padj,overlap,n
GO_Biological_Process_2023,Myelination (GO:0042552),2.527716026754472e-09,4.623192612933929e-06,NFASC;MYRF;PLLP;PLP1;MAL;TPPP;SOX10;GPM6B;KLK6;BCAS1,10
GO_Biological_Process_2023,Nervous System Development (GO:0007399),2.8843096678082473e-07,0.0002637701191210642,MOG;LPAR1;PAX6;PROX1;PTN;S100B;SOX10;VEGFA;KLK6;TRAK2;ZEB2;NFASC;GJB1;EDNRB;MOBP;FEZ1;FABP7;TYRO3;MAL;SOX8;SOX6;FGF12;GPM6B,23
GO_Biological_Process_2023,Glial Cell Differentiation (GO:0010001),7.225060467632481e-07,0.0004404878531766603,MYRF;METRN;NCAN;SOX8;TPPP;HAPLN4;SOX10,7
GO_Biological_Process_2023,Axon Ensheathment In Central Nervous System (GO:0032291),1.861300607223293e-06,0.0008510797026528508,MYRF;PLP1;SOX10;GPM6B,4
GO_Biological_Process_2023,Oligodendrocyte Development (GO:0014003),3.1863056712577528e-06,0.001165550614546086,MYRF;PLP1;TPPP;SOX10;GPM6B,5
GO_Biological_Process_2023,Oligodendrocyte Differentiation (GO:0048709),8.16624383986691e-06,0.0024893433305194297,MYRF;SOX8;TPPP;SOX6;SOX10,5
GO_Biological_Process_2023,Central Nervous System Myelination (GO:0022010),1.6713252975377897e-05,0.004366934241709453,MYRF;PLP1;SOX10;GPM6B,4
GO_Biological_Process_2023,Axon Guidance (GO:0007411),2.025975178231214e-05,0.004631885751231113,NFASC;UNC5B;KIF5B;SEMA6D;FEZ1;KIF5A;PLXNB3;NRXN3;CNTN2;SEMA3E;VEGFA,11
GO_Biological_Process_2023,Regulation Of Myelination (GO:0031641),3.458834829344326e-05,0.006086070052326842,MYRF;TMEM98;PTN;TPPP;JAM2,5
GO_Biological_Process_2023,Central Nervous System Development (GO:0007417),3.5789291266958054e-05,0.006086070052326842,MYRF;MOG;PAX6;PROX1;SYNJ2;S100B;EML1;SOX10;MEIS2;KLK6;NFASC;MAL;SOX8;TPPP;SOX6,15
GO_Biological_Process_2023,Axonogenesis (GO:0007409),3.660293634532272e-05,0.006086070052326842,SHTN1;NFASC;KIF5B;SEMA6D;FEZ1;KIF5A;NRXN3;CNTN2;SEMA3E;S100B;NEFH;FGFR2,12
GO_Biological_Process_2023,"Fatty Acid Elongation, Monounsaturated Fatty Acid (GO:0034625)",6.989040995747202e-05,0.008521970654147755,ELOVL5;ELOVL6;ELOVL7,3
GO_Biological_Process_2023,"Fatty Acid Elongation, Polyunsaturated Fatty Acid (GO:0034626)",6.989040995747202e-05,0.008521970654147755,ELOVL5;ELOVL6;ELOVL7,3
GO_Biological_Process_2023,"Fatty Acid Elongation, Saturated Fatty Acid (GO:0019367)",6.989040995747202e-05,0.008521970654147755,ELOVL5;ELOVL6;ELOVL7,3
GO_Biological_Process_2023,"Fatty Acid Elongation, Unsaturated Fatty Acid (GO:0019368)",6.989040995747202e-05,0.008521970654147755,ELOVL5;ELOVL6;ELOVL7,3
GO_Biological_Process_2023,Long-Chain fatty-acyl-CoA Biosynthetic Process (GO:0035338),0.00011204451614843282,0.012808088752217726,ELOVL5;ELOVL6;ELOVL7;HSD17B12,4
GO_Biological_Process_2023,Intermediate Filament Bundle Assembly (GO:0045110),0.00012091275842522957,0.013008790303514406,NEFL;NEFM;NEFH,3
GO_Biological_Process_2023,Adenylate Cyclase-Inhibiting G Protein-Coupled Receptor Signaling Pathway (GO:0007193),0.00014255602958942044,0.014141603342297903,P2RY12;GPR37;LPAR1;GPR37L1;AKAP5;GNAI1,6
GO_Biological_Process_2023,Axon Development (GO:0061564),0.00014690566621304547,0.014141603342297903,SHTN1;PLP1;OLIG1;OLIG2;S100B;NEFH;GPM6B;FGFR2,8
GO_Biological_Process_2023,Positive Regulation Of Neurogenesis (GO:0050769),0.00015550243890799,0.014220698038135686,PTPRD;METRN;NCAN;PLXNB3;SOX8;HAPLN4;VEGFA,7
GO_Biological_Process_2023,Sphingolipid Biosynthetic Process (GO:0030148),0.00018353750905030153,0.01598524305014293,FA2H;ELOVL5;PRKD3;FUT9;ELOVL6;ELOVL7;SGPP2,7
GO_Biological_Process_2023,Neuron Projection Development (GO:0031175),0.0002004815405860651,0.016667306260541505,DOCK10;SHTN1;MICALL1;PLP1;DIP2A;OLIG1;MAP4;OLIG2;NEFH;GPM6B;MAP4K4,11
GO_Biological_Process_2023,Membrane Lipid Biosynthetic Process (GO:0046467),0.00023825837434800665,0.01894672029054366,FA2H;ELOVL5;PRKD3;ELOVL6;ELOVL7;SGPP2,6
GO_Biological_Process_2023,Regulation Of Bone Mineralization (GO:0030500),0.0002623529175771336,0.019993478593690724,BMP2K;S1PR1;ENPP1;OXSR1;PTN;GPM6B,6
GO_Biological_Process_2023,Vesicle Cytoskeletal Trafficking (GO:0099518),0.0003142391935275177,0.022989739398473194,MYO1D;MYO1E;KIF5B;MYO6;TRAK2,5
GO_Biological_Process_2023,Long-Chain fatty-acyl-CoA Metabolic Process (GO:0035336),0.00038757831160494835,0.027133444694953334,ELOVL5;ELOVL6;ELOVL7;HSD17B12,4
GO_Biological_Process_2023,Negative Regulation Of Adenylate Cyclase Activity (GO:0007194),0.00040054839079482773,0.027133444694953334,GRM3;EDNRB;AKAP5,3
GO_Biological_Process_2023,Regulation Of Neuroblast Proliferation (GO:1902692),0.00045948995364619255,0.030014540186388793,NCAN;PTN;HAPLN4;VEGFA,4
GO_Biological_Process_2023,fatty-acyl-CoA Biosynthetic Process (GO:0046949),0.000540424061355139,0.03319559207367164,ELOVL5;ELOVL6;HSD17B12;ELOVL7,4
GO_Biological_Process_2023,Negative Regulation Of Cyclase Activity (GO:0031280),0.000544487568184882,0.03319559207367164,GRM3;EDNRB;AKAP5,3
GO_Biological_Process_2023,Sphingolipid Metabolic Process (GO:0006665),0.0006256393808913922,0.03691272347259214,GLTP;FA2H;ELOVL5;PRKD3;ELOVL6;ELOVL7;SGPP2,7
GO_Biological_Process_2023,Neuron Projection Guidance (GO:0097485),0.0006787383059154099,0.0386096082877124,NFASC;KIF5B;SEMA6D;FEZ1;KIF5A;NRXN3;CNTN2;SEMA3E,8
GO_Biological_Process_2023,Fatty Acid Elongation (GO:0030497),0.0007177291863216083,0.0386096082877124,ELOVL5;ELOVL6;ELOVL7,3
GO_Biological_Process_2023,Very Long-Chain Fatty Acid Biosynthetic Process (GO:0042761),0.0007177291863216083,0.0386096082877124,ELOVL5;ELOVL6;ELOVL7,3
GO_Biological_Process_2023,Response To Chemokine (GO:1990868),0.000922447209428963,0.045598809352583064,SLC12A2;WNK1;OXSR1,3
GO_Biological_Process_2023,Inhibitory Synapse Assembly (GO:1904862),0.000922447209428963,0.045598809352583064,GABRA1;GABRB2;HAPLN4,3
GO_Biological_Process_2023,Negative Regulation Of Lyase Activity (GO:0051350),0.000922447209428963,0.045598809352583064,GRM3;EDNRB;AKAP5,3
GO_Biological_Process_2023,Positive Regulation Of Neural Precursor Cell Proliferation (GO:2000179),0.0009667282196650634,0.04653015562545792,NCAN;PROX1;HAPLN4;VEGFA,4
GO_Biological_Process_2023,"Synaptic Transmission, GABAergic (GO:0051932)",0.0011606950261711703,0.05443362058633514,GABRA1;GABRB2;HAPLN4,3
GO_Biological_Process_2023,Mesenchymal Cell Migration (GO:0090497),0.0014115755743298309,0.06101243420362005,SEMA6D;SEMA3E;SOX8;SOX10,4
GO_Biological_Process_2023,Monoatomic Anion Transmembrane Transport (GO:0098656),0.0014303511771198859,0.06101243420362005,SLC12A2;GABRB2;GABRA1;LRRC8B;ANO3,5
GO_Biological_Process_2023,Golgi To Endosome Transport (GO:0006895),0.0014344093333819913,0.06101243420362005,SORT1;GBF1;EPS15,3
GO_Biological_Process_2023,Retrograde Axonal Transport (GO:0008090),0.0014344093333819913,0.06101243420362005,KIF5B;KIF5A;NEFL,3
GO_Biological_Process_2023,Autonomic Nervous System Development (GO:0048483),0.0017454139199458757,0.07094137910180015,EDNRB;SOX8;SOX10,3
GO_Biological_Process_2023,Mesonephric Tubule Development (GO:0072164),0.0017454139199458757,0.07094137910180015,SALL1;OXSR1;FGFR2,3
GO_Biological_Process_2023,Dendrite Morphogenesis (GO:0048813),0.0019823051411867612,0.0783961920920021,DOCK10;DIP2A;PHACTR1;PTN,4
GO_Biological_Process_2023,Regulation Of Adenylate Cyclase Activity (GO:0045761),0.002095423349280197,0.0783961920920021,GRM3;EDNRB;AKAP5,3
GO_Biological_Process_2023,Neural Crest Cell Migration (GO:0001755),0.002203386320770226,0.0783961920920021,SEMA6D;SEMA3E;SOX8;SOX10,4
GO_Biological_Process_2023,Choline Metabolic Process (GO:0019695),0.0022924544828576785,0.0783961920920021,SLC44A1;ENPP6,2
GO_Biological_Process_2023,Transmembrane Receptor Protein Tyrosine Phosphatase Signaling Pathway (GO:0007185),0.0022924544828576785,0.0783961920920021,PTPRD;PTN,2
GO_Biological_Process_2023,Venous Blood Vessel Morphogenesis (GO:0048845),0.0022924544828576785,0.0783961920920021,PROX1;VEGFA,2
GO_Biological_Process_2023,Negative Regulation Of Nervous System Process (GO:0031645),0.0022924544828576785,0.0783961920920021,TMEM98;JAM2,2
GO_Biological_Process_2023,Regulation Of Intracellular Signal Transduction (GO:1902531),0.002300613798894974,0.0783961920920021,PEX5L;RASSF2;PHLPP1;CHN2;GNA12;AKAP5;ARHGAP5;GNAI1;MOB3B;MAP4K4;HIPK2;VEGFA,12
GO_Biological_Process_2023,Regulation Of Ossification (GO:0030278),0.0024408933678511046,0.0783961920920021,S1PR1;BMP2K;ENPP1;PTN,4
GO_Biological_Process_2023,Regulation Of Oligodendrocyte Differentiation (GO:0048713),0.0024860465507578577,0.0783961920920021,TMEM98;OPALIN;PTN,3
GO_Biological_Process_2023,Ureteric Bud Development (GO:0001657),0.0024860465507578577,0.0783961920920021,SALL1;OXSR1;FGFR2,3
GO_Biological_Process_2023,Vesicle Transport Along Actin Filament (GO:0030050),0.0024860465507578577,0.0783961920920021,MYO1D;MYO1E;MYO6,3
GO_Biological_Process_2023,Positive Regulation Of Neuroblast Proliferation (GO:0002052),0.0024860465507578577,0.0783961920920021,NCAN;HAPLN4;VEGFA,3
GO_Biological_Process_2023,Anterograde Axonal Transport (GO:0008089),0.002967557207046249,0.08528007611472517,KIF5B;KIF5A;NEFL;TRAK2,4
GO_Biological_Process_2023,Regulation Of Monoatomic Cation Transmembrane Transport (GO:1904062),0.002967557207046249,0.08528007611472517,WNK1;KCNAB1;FGF12;HCN2,4
GO_Biological_Process_2023,Organonitrogen Compound Biosynthetic Process (GO:1901566),0.0029781333668635317,0.08528007611472517,FA2H;SLC44A1;PRKD3;ELOVL5;ELOVL6;ELOVL7;SGPP2,7
GO_Biological_Process_2023,Positive Regulation Of Epithelial Cell Proliferation (GO:0050679),0.0029781333668635317,0.08528007611472517,PLXNB3;TGFA;OXSR1;PROX1;PTN;FGFR2;VEGFA,7
GO_Biological_Process_2023,Regulation Of Microtubule Cytoskeleton Organization (GO:0070507),0.003257881504534687,0.08528007611472517,PHLDB1;MAP6D1;TRIM36;TPPP,4
GO_Biological_Process_2023,Actin Filament-Based Transport (GO:0099515),0.0033950626785984616,0.08528007611472517,MYO1D;MYO1E;MYO6,3
GO_Biological_Process_2023,Cell Projection Organization (GO:0030030),0.0033950626785984616,0.08528007611472517,P2RY12;PACSIN2;NEFH,3
GO_Biological_Process_2023,Gamma-Aminobutyric Acid Signaling Pathway (GO:0007214),0.0033950626785984616,0.08528007611472517,SLC12A2;GABRA1;GABRB2,3
GO_Biological_Process_2023,Peripheral Nervous System Development (GO:0007422),0.0033950626785984616,0.08528007611472517,NFASC;SOX8;SOX10,3
GO_Biological_Process_2023,Anterograde Dendritic Transport (GO:0098937),0.003403742786426975,0.08528007611472517,KIF5B;KIF5A,2
GO_Biological_Process_2023,Dendrite Arborization (GO:0140059),0.003403742786426975,0.08528007611472517,PHACTR1;PTN,2
GO_Biological_Process_2023,Dense Core Granule Cytoskeletal Transport (GO:0099519),0.003403742786426975,0.08528007611472517,KIF5B;KIF5A,2
GO_Biological_Process_2023,Enteric Nervous System Development (GO:0048484),0.003403742786426975,0.08528007611472517,SOX8;SOX10,2
GO_Biological_Process_2023,"Substrate-Dependent Cell Migration, Cell Extension (GO:0006930)",0.003403742786426975,0.08528007611472517,P2RY12;SHTN1,2
GO_Biological_Process_2023,Ureter Development (GO:0072189),0.003403742786426975,0.08528007611472517,SOX8;OXSR1,2
GO_Biological_Process_2023,Regulation Of Microtubule-Based Process (GO:0032886),0.0035669654396619905,0.0881618890424565,PHLDB1;MAP6D1;TRIM36;TPPP,4
GO_Biological_Process_2023,Negative Regulation Of BMP Signaling Pathway (GO:0030514),0.004243652573133693,0.10348854075015367,SPART;DLX1;GPR155;HIPK2,4
GO_Biological_Process_2023,Vesicle Transport Along Microtubule (GO:0047496),0.004483351518678616,0.10375883251178221,KIF5B;KIF5A;TRAK2,3
GO_Biological_Process_2023,Sensory Organ Development (GO:0007423),0.004485043447222404,0.10375883251178221,OLIG1;PAX6;OLIG2;MEIS2;HIPK2,5
GO_Biological_Process_2023,Neural Crest Cell Development (GO:0014032),0.004612351707981968,0.10375883251178221,SEMA6D;SEMA3E;SOX8;SOX10,4
GO_Biological_Process_2023,Anterograde Axonal Protein Transport (GO:0099641),0.004716881338212884,0.10375883251178221,KIF5B;KIF5A,2
GO_Biological_Process_2023,Axo-Dendritic Protein Transport (GO:0099640),0.004716881338212884,0.10375883251178221,KIF5B;KIF5A,2
GO_Biological_Process_2023,Kidney Epithelium Development (GO:0072073),0.004716881338212884,0.10375883251178221,SALL1;OXSR1,2
GO_Biological_Process_2023,Neuron Projection Arborization (GO:0140058),0.004716881338212884,0.10375883251178221,PHACTR1;PTN,2
GO_Biological_Process_2023,Protein Localization To Presynapse (GO:1905383),0.004716881338212884,0.10375883251178221,KIF5B;KIF5A,2
GO_Biological_Process_2023,Negative Regulation Of Cellular Response To Growth Factor Stimulus (GO:0090288),0.0047653045002677445,0.10375883251178221,SPART;DLX1;GPR155;APLN;HIPK2,5
GO_Biological_Process_2023,Glial Cell Development (GO:0021782),0.005097719768800247,0.10841545880390292,MYRF;TPPP;SOX10,3
GO_Biological_Process_2023,Regulation Of Axon Extension Involved In Axon Guidance (GO:0048841),0.005097719768800247,0.10841545880390292,SEMA6D;SEMA3E;VEGFA,3
GO_Biological_Process_2023,Homotypic Cell-Cell Adhesion (GO:0034109),0.005413123323658513,0.11380002941346459,P2RY12;MEGF10;UBASH3B;TYRO3,4
GO_Biological_Process_2023,Negative Regulation Of Neuron Apoptotic Process (GO:0043524),0.005680503074255207,0.11706263269787844,MAG;UNC5B;TYRO3;SEMA3E;PPARGC1A,5
GO_Biological_Process_2023,Ear Morphogenesis (GO:0042471),0.005760326376604188,0.11706263269787844,MYO6;OXSR1;FGFR2,3
GO_Biological_Process_2023,Gliogenesis (GO:0042063),0.005760326376604188,0.11706263269787844,METRN;NCAN;HAPLN4,3
GO_Biological_Process_2023,Chloride Transmembrane Transport (GO:1902476),0.006301813765037737,0.12665953160718704,SLC12A2;GABRB2;GABRA1;ANO3,4
GO_Biological_Process_2023,Regulation Of Biomineral Tissue Development (GO:0070167),0.006472133660496439,0.12866883114182595,S1PR1;BMP2K;ENPP1,3
GO_Biological_Process_2023,Chloride Transport (GO:0006821),0.0067131315974068885,0.13202492141566882,SLC12A2;GABRB2;GABRA1;CLIC4;ANO3,5
GO_Biological_Process_2023,Positive Regulation Of Wnt Signaling Pathway (GO:0030177),0.006844162269192731,0.13316992330163302,GPRC5B;ZEB2;SALL1;WNK1;FAM53B;FGFR2,6
GO_Biological_Process_2023,Neuron Projection Morphogenesis (GO:0048812),0.00755378058964717,0.14543015472068077,DOCK10;SHTN1;DIP2A;S100B;NEFH;FGFR2;MAP4K4,7
GO_Biological_Process_2023,Apical Protein Localization (GO:0045176),0.007923099303366562,0.14571881422007732,INSC;MAL,2
GO_Biological_Process_2023,Cell Differentiation Involved In Metanephros Development (GO:0072202),0.007923099303366562,0.14571881422007732,SALL1;OXSR1,2
GO_Biological_Process_2023,Negative Regulation Of Potassium Ion Transmembrane Transporter Activity (GO:1901017),0.007923099303366562,0.14571881422007732,KCNAB1;OXSR1,2
GO_Biological_Process_2023,Phosphatidylethanolamine Acyl-Chain Remodeling (GO:0036152),0.007923099303366562,0.14571881422007732,MBOAT1;PLAAT3,2
GO_Biological_Process_2023,Respiratory Tube Development (GO:0030323),0.008046801660048009,0.14571881422007732,PROX1;FGFR2;VEGFA,3
GO_Biological_Process_2023,In Utero Embryonic Development (GO:0001701),0.008046801660048009,0.14571881422007732,SOX8;FGFR2;VEGFA,3
GO_Biological_Process_2023,Rho Protein Signal Transduction (GO:0007266),0.008358521856884196,0.14987976937491365,SHTN1;NGFR;GNA12;ARHGAP5,4
GO_Biological_Process_2023,Regulation Of Cytoskeleton Organization (GO:0051493),0.00846084003024454,0.15024151859531326,PHLDB1;CLIC4;MAP6D1;TRIM36;TPPP;GPM6B,6
GO_Biological_Process_2023,Organelle Disassembly (GO:1903008),0.009533826403134623,0.16490985063180882,KIF5B;GBF1;PLAAT3;MAP4,4
GO_Biological_Process_2023,Cellular Response To Forskolin (GO:1904322),0.009803744046140163,0.16490985063180882,CREB1;GNAI1,2
GO_Biological_Process_2023,Response To Forskolin (GO:1904321),0.009803744046140163,0.16490985063180882,CREB1;GNAI1,2
GO_Biological_Process_2023,Synaptic Vesicle Transport (GO:0048489),0.009803744046140163,0.16490985063180882,KIF5B;KIF5A,2
GO_Biological_Process_2023,Protein Localization To Endosome (GO:0036010),0.009803744046140163,0.16490985063180882,MICALL1;PACSIN2,2
GO_Biological_Process_2023,Morphogenesis Of An Epithelium (GO:0002009),0.009827869720539728,0.16490985063180882,SOX8;SOX10;FGFR2,3
GO_Biological_Process_2023,Epithelium Development (GO:0060429),0.009976914976732747,0.16588888629494722,SALL1;SOX8;OXSR1;PROX1;SOX10;FGFR2;VEGFA,7
GO_Biological_Process_2023,Positive Regulation Of Canonical Wnt Signaling Pathway (GO:0090263),0.010095846537222189,0.16591165897259136,GPRC5B;ZEB2;WNK1;FAM53B;FGFR2,5
GO_Biological_Process_2023,Phosphatidylcholine Metabolic Process (GO:0046470),0.010159707930525005,0.16591165897259136,SLC44A1;MBOAT1;PLAAT3;PLA2G7,4
GO_Biological_Process_2023,Negative Regulation Of Axon Extension (GO:0030517),0.010797407327258132,0.17195157657547355,MAG;SEMA6D;SEMA3E,3
GO_Biological_Process_2023,Phospholipid Dephosphorylation (GO:0046839),0.010797407327258132,0.17195157657547355,INPP5J;SYNJ2;SGPP2,3
GO_Biological_Process_2023,post-Golgi Vesicle-Mediated Transport (GO:0006892),0.010811608149906757,0.17195157657547355,SORT1;GBF1;GOLGA7;EPS15,4
GO_Biological_Process_2023,Negative Regulation Of Neuron Death (GO:1901215),0.011619887421860145,0.17495511428988972,MAG;UNC5B;TYRO3;SEMA3E;PPARGC1A,5
GO_Biological_Process_2023,Positive Regulation Of Plasma Membrane Bounded Cell Projection Assembly (GO:0120034),0.011619887421860145,0.17495511428988972,P2RY12;ANLN;CDC42EP2;CCP110;CDC42EP1,5
GO_Biological_Process_2023,Regulation Of Protein Autophosphorylation (GO:0031952),0.011820332571445368,0.17495511428988972,RASSF2;ENPP1;VEGFA,3
GO_Biological_Process_2023,Cardiac Muscle Tissue Morphogenesis (GO:0055008),0.011820332571445368,0.17495511428988972,S1PR1;PROX1;FGFR2,3
GO_Biological_Process_2023,Regulation Of Leukocyte Cell-Cell Adhesion (GO:1903037),0.011861363680670488,0.17495511428988972,FUT9;WNK1,2
GO_Biological_Process_2023,Regulation Of Pseudopodium Assembly (GO:0031272),0.011861363680670488,0.17495511428988972,CDC42EP2;CDC42EP1,2
GO_Biological_Process_2023,Positive Regulation Of Branching Involved In Ureteric Bud Morphogenesis (GO:0090190),0.011861363680670488,0.17495511428988972,SOX8;VEGFA,2
GO_Biological_Process_2023,Positive Regulation Of Myelination (GO:0031643),0.011861363680670488,0.17495511428988972,MYRF;TPPP,2
GO_Biological_Process_2023,Positive Regulation Of Pseudopodium Assembly (GO:0031274),0.011861363680670488,0.17495511428988972,CDC42EP2;CDC42EP1,2
GO_Biological_Process_2023,Respiratory System Development (GO:0060541),0.012897103354497166,0.18617167402919796,PROX1;FGFR2;VEGFA,3
GO_Biological_Process_2023,Very Long-Chain Fatty Acid Metabolic Process (GO:0000038),0.012897103354497166,0.18617167402919796,ELOVL5;ELOVL6;ELOVL7,3
GO_Biological_Process_2023,Chordate Embryonic Development (GO:0043009),0.012927174741229164,0.18617167402919796,SOX8;PROX1;FGFR2;VEGFA,4
GO_Biological_Process_2023,Regulation Of Epithelial Cell Proliferation (GO:0050678),0.013293384343429512,0.18901468313597594,TGFA;OXSR1;SGPP2;FGFR2;VEGFA,5
GO_Biological_Process_2023,Adenylate Cyclase-Modulating G Protein-Coupled Receptor Signaling Pathway (GO:0007188),0.013331270707786166,0.18901468313597594,P2RY12;GPR37;GNA12;LPAR1;GPR37L1;AKAP5;GNAI1,7
GO_Biological_Process_2023,Lung Development (GO:0030324),0.014028115610884307,0.19376532846691336,PROX1;FGFR2;VEGFA,3
GO_Biological_Process_2023,G Protein-Coupled Glutamate Receptor Signaling Pathway (GO:0007216),0.014090097696063137,0.19376532846691336,GRM3;GRM5,2
GO_Biological_Process_2023,Axonal Transport Of Mitochondrion (GO:0019896),0.014090097696063137,0.19376532846691336,NEFL;TRAK2,2
GO_Biological_Process_2023,Positive Regulation Of T Cell Chemotaxis (GO:0010820),0.014090097696063137,0.19376532846691336,WNK1;OXSR1,2
GO_Biological_Process_2023,Membrane Organization (GO:0061024),0.015055631922451594,0.2009976268248256,GLTP;UBXN2B;TMEM33;REEP3;CNTN2;PLAAT3;SYNJ2,7
GO_Biological_Process_2023,Semaphorin-Plexin Signaling Pathway (GO:0071526),0.015213705640427896,0.2009976268248256,SEMA6D;PLXNB3;SEMA3E,3
GO_Biological_Process_2023,Microtubule Polymerization (GO:0046785),0.015213705640427896,0.2009976268248256,SLAIN1;MAP4;TPPP,3
GO_Biological_Process_2023,Glycerophospholipid Metabolic Process (GO:0006650),0.015289838263582297,0.2009976268248256,ENPP6;PLCB1;PLA2G7;SERINC5,4
GO_Biological_Process_2023,Inorganic Anion Transmembrane Transport (GO:0098661),0.016133793841719948,0.2009976268248256,SLC12A2;GABRB2;GABRA1;ANO3,4
GO_Biological_Process_2023,Establishment Of Spindle Orientation (GO:0051294),0.016454152360077513,0.2009976268248256,UBXN2B;INSC;MAP4,3
GO_Biological_Process_2023,Glutamate Receptor Signaling Pathway (GO:0007215),0.016454152360077513,0.2009976268248256,GRM3;GRM5;PLCB1,3
GO_Biological_Process_2023,Platelet Aggregation (GO:0070527),0.016454152360077513,0.2009976268248256,P2RY12;UBASH3B;TYRO3,3
GO_Biological_Process_2023,Regulation Of Gastrulation (GO:0010470),0.016484223085688268,0.2009976268248256,PHLDB1;OXSR1,2
GO_Biological_Process_2023,Branching Involved In Blood Vessel Morphogenesis (GO:0001569),0.016484223085688268,0.2009976268248256,SEMA3E;VEGFA,2
GO_Biological_Process_2023,Substrate-Dependent Cell Migration (GO:0006929),0.016484223085688268,0.2009976268248256,P2RY12;SHTN1,2
GO_Biological_Process_2023,Ether Lipid Metabolic Process (GO:0046485),0.016484223085688268,0.2009976268248256,PLAAT3;PLA2G7,2
GO_Biological_Process_2023,Synaptic Vesicle Localization (GO:0097479),0.016484223085688268,0.2009976268248256,KIF5B;KIF5A,2
GO_Biological_Process_2023,Lipid Oxidation (GO:0034440),0.016484223085688268,0.2009976268248256,PLA2G7;PPARGC1A,2
GO_Biological_Process_2023,Plasma Membrane Tubulation (GO:0097320),0.016484223085688268,0.2009976268248256,MICALL1;PACSIN2,2
GO_Biological_Process_2023,Positive Regulation Of Glycoprotein Biosynthetic Process (GO:0010560),0.016484223085688268,0.2009976268248256,IL33;PLCB1,2
GO_Biological_Process_2023,Regulation Of T Cell Chemotaxis (GO:0010819),0.016484223085688268,0.2009976268248256,WNK1;OXSR1,2
GO_Biological_Process_2023,"DNA Damage Response, Signal Transduction By P53 Class Mediator (GO:0030330)",0.01774967949485334,0.21433668316802784,MYO6;NDRG1;HIPK2,3
GO_Biological_Process_2023,Positive Regulation Of Cold-Induced Thermogenesis (GO:0120162),0.0178125619691308,0.21433668316802784,GATM;ESRRG;ELOVL6;PPARGC1A;VEGFA,5
GO_Biological_Process_2023,Neuron Differentiation (GO:0030182),0.01793166886147368,0.2143596231871592,PTPRD;SALL1;FUT9;WNK1;PAX6;ATP2B2;VEGFA,7
GO_Biological_Process_2023,Regulation Of GTPase Activity (GO:0043087),0.01816010249271378,0.21568069778684093,DOCK10;WNK1;CHN2;PLXNB3;PKP4;RAPGEF4;MAP4K4;RASGRP3,8
GO_Biological_Process_2023,Regulation Of Neuron Projection Development (GO:0010975),0.018446081843066047,0.21762986962519434,MAG;FUT9;LPAR1;PLXNB3;KIF13B;MBOAT1;PTN,7
GO_Biological_Process_2023,Contractile Actin Filament Bundle Assembly (GO:0030038),0.01903815152544073,0.21762986962519434,PHACTR1;FHDC1,2
GO_Biological_Process_2023,Stress Fiber Assembly (GO:0043149),0.01903815152544073,0.21762986962519434,PHACTR1;FHDC1,2
GO_Biological_Process_2023,Vascular Endothelial Growth Factor Signaling Pathway (GO:0038084),0.01903815152544073,0.21762986962519434,GAB1;VEGFA,2
GO_Biological_Process_2023,Negative Regulation Of Blood Pressure (GO:0045776),0.01903815152544073,0.21762986962519434,GPR37L1;APLN,2
GO_Biological_Process_2023,Regulation Of Branching Involved In Ureteric Bud Morphogenesis (GO:0090189),0.01903815152544073,0.21762986962519434,SOX8;VEGFA,2
GO_Biological_Process_2023,Positive Regulation Of Axonogenesis (GO:0050772),0.020506606698122494,0.23010174018936222,SHTN1;METRN;PLXNB3,3
GO_Biological_Process_2023,Positive Regulation Of Bone Mineralization (GO:0030501),0.020506606698122494,0.23010174018936222,PTN;OXSR1;GPM6B,3
GO_Biological_Process_2023,Positive Regulation Of Protein Tyrosine Kinase Activity (GO:0061098),0.020506606698122494,0.23010174018936222,GRM5;GPRC5B;TGFA,3
GO_Biological_Process_2023,Dendritic Spine Morphogenesis (GO:0060997),0.021746426604858735,0.2425256967090648,DOCK10;DIP2A,2
GO_Biological_Process_2023,Digestive Tract Development (GO:0048565),0.021968197160969528,0.24351413701462585,EDNRB;SALL1;FGFR2,3
GO_Biological_Process_2023,Positive Regulation Of Protein Polymerization (GO:0032273),0.022858814978228642,0.25097813053387413,CDC42EP2;CDC42EP1;SLAIN1;TPPP,4
GO_Biological_Process_2023,Regulation Of Neuron Apoptotic Process (GO:0043523),0.023246043831185403,0.25097813053387413,MAG;UNC5B;TYRO3;SEMA3E;PPARGC1A,5
GO_Biological_Process_2023,Cyclic-Nucleotide-Mediated Signaling (GO:0019935),0.023485252801227062,0.25097813053387413,GUCY1A1;CREB1;NUDT4,3
GO_Biological_Process_2023,Cell-Cell Junction Assembly (GO:0007043),0.023939026393764933,0.25097813053387413,CLDN11;GJB1;CDH10;PKP4,4
GO_Biological_Process_2023,Synapse Assembly (GO:0007416),0.023939026393764933,0.25097813053387413,PTPRD;GABRB2;GABRA1;HAPLN4,4
GO_Biological_Process_2023,Kidney Development (GO:0001822),0.023939026393764933,0.25097813053387413,SALL1;OXSR1;PROX1;VEGFA,4
GO_Biological_Process_2023,Ras Protein Signal Transduction (GO:0007265),0.02423618422605302,0.25097813053387413,SHTN1;NGFR;GNA12;ARHGAP5;RASGRP3;RAPGEF4,6
GO_Biological_Process_2023,Actin Filament Organization (GO:0007015),0.02423618422605302,0.25097813053387413,MYO1D;MYO1E;MYO6;CDC42EP2;PROX1;ERMN,6
GO_Biological_Process_2023,Regulation Of Osteoblast Proliferation (GO:0033688),0.024603721118818415,0.25097813053387413,SOX8;FGFR2,2
GO_Biological_Process_2023,Dicarboxylic Acid Catabolic Process (GO:0043649),0.024603721118818415,0.25097813053387413,GAD1;ASPA,2
GO_Biological_Process_2023,Endoplasmic Reticulum Tubular Network Organization (GO:0071786),0.024603721118818415,0.25097813053387413,TMEM33;REEP3,2
GO_Biological_Process_2023,Phosphatidylinositol Dephosphorylation (GO:0046856),0.024603721118818415,0.25097813053387413,INPP5J;SYNJ2,2
GO_Biological_Process_2023,Regulation Of Blood Vessel Endothelial Cell Proliferation Involved In Sprouting Angiogenesis (GO:1903587),0.024603721118818415,0.25097813053387413,NGFR;VEGFA,2
GO_Biological_Process_2023,Cellular Response To Hypoxia (GO:0071456),0.025049689660799353,0.25097813053387413,ADO;NDRG1;HIPK2;VEGFA,4
GO_Biological_Process_2023,Second-Messenger-Mediated Signaling (GO:0019932),0.025049689660799353,0.25097813053387413,P2RY12;GUCY1A1;EDNRB;NUDT4,4
GO_Biological_Process_2023,Visual System Development (GO:0150063),0.025057752197522033,0.25097813053387413,PAX6;MEIS2;HIPK2,3
GO_Biological_Process_2023,Positive Regulation Of Ossification (GO:0045778),0.025057752197522033,0.25097813053387413,PTN;OXSR1;GPM6B,3
GO_Biological_Process_2023,Supramolecular Fiber Organization (GO:0097435),0.025166816594771862,0.25097813053387413,TMOD1;MYO1D;MYO1E;MYO6;CDC42EP2;NEFL;SLAIN1;MAP4;TPPP;ERMN,10
GO_Biological_Process_2023,Positive Regulation Of Metabolic Process (GO:0009893),0.02586904505858937,0.25097813053387413,GATM;ESRRG;ELOVL6;PPARGC1A;VEGFA,5
GO_Biological_Process_2023,Chemical Synaptic Transmission (GO:0007268),0.026110053669439106,0.25097813053387413,GRM3;GABRB2;GABRA1;SLC32A1;CNP;GAD1;KIF5A;PLP1;HAPLN4,9
GO_Biological_Process_2023,Cellular Response To Decreased Oxygen Levels (GO:0036294),0.026190963041284474,0.25097813053387413,ADO;NDRG1;HIPK2;VEGFA,4
GO_Biological_Process_2023,Branching Morphogenesis Of An Epithelial Tube (GO:0048754),0.026685630669706497,0.25097813053387413,SALL1;SEMA3E;VEGFA,3
GO_Biological_Process_2023,Regulation Of Ubiquitin-Dependent Protein Catabolic Process (GO:2000058),0.026685630669706497,0.25097813053387413,DESI1;GNA12;HIPK2,3
GO_Biological_Process_2023,Substantia Nigra Development (GO:0021762),0.026685630669706497,0.25097813053387413,CNP;PLP1;PADI2,3
GO_Biological_Process_2023,Lipid Modification (GO:0030258),0.026685630669706497,0.25097813053387413,MBOAT1;PLA2G7;SGPP2,3
GO_Biological_Process_2023,Positive Regulation Of Neuron Differentiation (GO:0045666),0.026685630669706497,0.25097813053387413,DLX1;GPRC5B;PROX1,3
GO_Biological_Process_2023,Potassium Ion Import Across Plasma Membrane (GO:1990573),0.026685630669706497,0.25097813053387413,SLC12A2;KCNJ10;HCN2,3
GO_Biological_Process_2023,Regulation Of Axonogenesis (GO:0050770),0.026685630669706497,0.25097813053387413,METRN;KIF13B;PLXNB3,3
GO_Biological_Process_2023,Endocytosis (GO:0006897),0.02744784822535453,0.25097813053387413,MYO1E;SORT1;MYO6;MICALL1;TYRO3;PACSIN2;EPS15,7
GO_Biological_Process_2023,T Cell Migration (GO:0072678),0.02760483438564693,0.25097813053387413,SLC12A2;S1PR1,2
GO_Biological_Process_2023,Embryonic Digit Morphogenesis (GO:0042733),0.02760483438564693,0.25097813053387413,SALL1;OXSR1,2
GO_Biological_Process_2023,Positive Chemotaxis (GO:0050918),0.02760483438564693,0.25097813053387413,PLXNB3;VEGFA,2
GO_Biological_Process_2023,Positive Regulation Of Fatty Acid Metabolic Process (GO:0045923),0.02760483438564693,0.25097813053387413,ELOVL5;PPARGC1A,2
GO_Biological_Process_2023,Positive Regulation Of Lymphocyte Chemotaxis (GO:0140131),0.02760483438564693,0.25097813053387413,WNK1;OXSR1,2
GO_Biological_Process_2023,Positive Regulation Of Peptidyl-Lysine Acetylation (GO:2000758),0.02760483438564693,0.25097813053387413,DIP2A;PPARGC1A,2
GO_Biological_Process_2023,Positive Regulation Of Stem Cell Differentiation (GO:2000738),0.02760483438564693,0.25097813053387413,PTN;SOX6,2
GO_Biological_Process_2023,Regulation Of JNK Cascade (GO:0046328),0.02771874377684121,0.25097813053387413,RASSF2;PHLPP1;PLCB1;MAP4K4;HIPK2,5
GO_Biological_Process_2023,Negative Regulation Of Protein Phosphorylation (GO:0001933),0.02804184919541122,0.2526529171350104,RASSF2;UBASH3B;INPP5J;ENPP1;PRR5L;PPM1E,6
GO_Biological_Process_2023,Learning (GO:0007612),0.028368782062969986,0.25310488972279077,GPR88;NRXN3;PTN,3
GO_Biological_Process_2023,Positive Regulation Of Biomineral Tissue Development (GO:0070169),0.028368782062969986,0.25310488972279077,PTN;OXSR1;GPM6B,3
GO_Biological_Process_2023,Regulation Of BMP Signaling Pathway (GO:0030510),0.02856590524975012,0.2536264111737523,SPART;DLX1;GPR155;HIPK2,4
GO_Biological_Process_2023,Positive Regulation Of Chemotaxis (GO:0050921),0.030107060490470405,0.2652454594890609,P2RY12;PTN;VEGFA,3
GO_Biological_Process_2023,Establishment Of Vesicle Localization (GO:0051650),0.030744689672870917,0.2652454594890609,KIF5B;KIF5A,2
GO_Biological_Process_2023,Positive Regulation Of Focal Adhesion Assembly (GO:0051894),0.030744689672870917,0.2652454594890609,VEGFA;MAP4K4,2
GO_Biological_Process_2023,Positive Regulation Of Nervous System Process (GO:0031646),0.030744689672870917,0.2652454594890609,MYRF;TPPP,2
GO_Biological_Process_2023,Protein Autoprocessing (GO:0016540),0.030744689672870917,0.2652454594890609,MYRF;KLK6,2
GO_Biological_Process_2023,Regulation Of cAMP-mediated Signaling (GO:0043949),0.030744689672870917,0.2652454594890609,PEX5L;GNAI1,2
GO_Biological_Process_2023,Cell Morphogenesis Involved In Neuron Differentiation (GO:0048667),0.03106484909874891,0.2655028458019241,SHTN1;S100B;NEFH;FGFR2,4
GO_Biological_Process_2023,Positive Regulation Of Endothelial Cell Proliferation (GO:0001938),0.03106484909874891,0.2655028458019241,PLXNB3;PROX1;APLN;VEGFA,4
GO_Biological_Process_2023,Epidermal Growth Factor Receptor Signaling Pathway (GO:0007173),0.03190028202693233,0.27137495733608946,ERBIN;GAB1;TGFA,3
GO_Biological_Process_2023,Positive Regulation Of Intracellular Signal Transduction (GO:1902533),0.033599259579772486,0.28026814629942,P2RY12;GPR37;RNF13;UNC5B;LPAR1;SEMA3E;GPR37L1;SEPTIN4;S100B;LITAF;VEGFA;GPRC5B;FGFR2;MYORG,14
GO_Biological_Process_2023,Negative Regulation Of Cellular Component Organization (GO:0051129),0.03368857884949369,0.28026814629942,TMEFF2;CRYAB;SVIP;VEGFA,4
GO_Biological_Process_2023,Cellular Component Disassembly (GO:0022411),0.03374822635774781,0.28026814629942,ADAMTS4;MMP15;PLAAT3,3
GO_Biological_Process_2023,Embryonic Digestive Tract Development (GO:0048566),0.0340183315901975,0.28026814629942,SALL1;FGFR2,2
GO_Biological_Process_2023,Negative Regulation Of Axon Extension Involved In Axon Guidance (GO:0048843),0.0340183315901975,0.28026814629942,SEMA6D;SEMA3E,2
GO_Biological_Process_2023,Negative Regulation Of Peptidyl-Serine Phosphorylation (GO:0033137),0.0340183315901975,0.28026814629942,RASSF2;INPP5J,2
GO_Biological_Process_2023,Positive Regulation Of Axon Extension (GO:0045773),0.0340183315901975,0.28026814629942,SHTN1;VEGFA,2
GO_Biological_Process_2023,Positive Regulation Of Cell Projection Organization (GO:0031346),0.0359462924505832,0.29482407574940217,PTPRD;FUT9;METRN;PLXNB3;PTN,5
GO_Biological_Process_2023,Regulation Of Protein-Containing Complex Assembly (GO:0043254),0.037069603978415924,0.2988771583826691,CDC42EP2;TPPP;CRYAB;SVIP;VEGFA,5
GO_Biological_Process_2023,Regulation Of Cell Migration (GO:0030334),0.03735697421011325,0.2988771583826691,DOCK10;NGFR;TMEFF2;CLIC4;SEMA6D;GNA12;PLXNB3;PHACTR1;SEMA3E;PRR5L;VEGFA;MAP4K4,12
GO_Biological_Process_2023,Regulation Of Fibroblast Migration (GO:0010762),0.03742092360286015,0.2988771583826691,GNA12;PRR5L,2
GO_Biological_Process_2023,Response To ATP (GO:0033198),0.03742092360286015,0.2988771583826691,P2RY12;ENPP1,2
GO_Biological_Process_2023,Phosphatidylserine Metabolic Process (GO:0006658),0.03742092360286015,0.2988771583826691,MBOAT1;SERINC5,2
GO_Biological_Process_2023,Positive Regulation Of Embryonic Development (GO:0040019),0.03742092360286015,0.2988771583826691,OXSR1;PLCB1,2
GO_Biological_Process_2023,Phospholipase C-activating G Protein-Coupled Receptor Signaling Pathway (GO:0007200),0.03931250101059257,0.3126198449929296,P2RY12;GPR17;GRM5;LPAR1,4
GO_Biological_Process_2023,Potassium Ion Transport (GO:0006813),0.04056793916428919,0.32120675641335467,KCNG4;KCNJ10;PKD2L1;KCNAB1;HCN2,5
GO_Biological_Process_2023,Macrophage Differentiation (GO:0030225),0.040947745563221664,0.32143101560142673,IL33;VEGFA,2
GO_Biological_Process_2023,Negative Regulation Of GTPase Activity (GO:0034260),0.040947745563221664,0.32143101560142673,WNK1;PLXNB3,2
GO_Biological_Process_2023,Cell Chemotaxis (GO:0060326),0.04168163945530963,0.325793669075903,LPAR1;PLXNB3;VEGFA,3
GO_Biological_Process_2023,Calcium-Mediated Signaling (GO:0019722),0.04231324475266856,0.32932308362821616,P2RY12;GRM5;EDNRB;NUDT4,4
GO_Biological_Process_2023,Positive Regulation Of Ras Protein Signal Transduction (GO:0046579),0.04379872823215032,0.3380079069054976,GPR17;LPAR1;MAP4K4,3
GO_Biological_Process_2023,Positive Regulation Of Protein Localization To Cell Periphery (GO:1904377),0.04379872823215032,0.3380079069054976,KIF5B;AKAP5;GNAI1,3
GO_Biological_Process_2023,Cytoskeleton-Dependent Intracellular Transport (GO:0030705),0.044594191282682286,0.3384347545893191,KIF13B;MAP6D1,2
GO_Biological_Process_2023,Inositol Phosphate Metabolic Process (GO:0043647),0.044594191282682286,0.3384347545893191,INPP5J;NUDT4,2
GO_Biological_Process_2023,Positive Regulation Of Protein Autophosphorylation (GO:0031954),0.044594191282682286,0.3384347545893191,RASSF2;VEGFA,2
GO_Biological_Process_2023,Positive Regulation Of Receptor Internalization (GO:0002092),0.044594191282682286,0.3384347545893191,APLN;VEGFA,2
GO_Biological_Process_2023,Positive Regulation Of DNA-templated Transcription (GO:0045893),0.04526645628313616,0.34211714273494226,DLX1;MYRF;LITAF;SALL1;SOX8;PPARGC1A;NGFR;IL33;PAX6;ESRRG;OLIG1;PROX1;OLIG2;OXSR1;SOX10;MEIS2;ETV5;APLN;VEGFA;HIPK2;ZEB2;CREB1;TMEM98;PLCB1;PTMA;FGFR2;CREB5,27
GO_Biological_Process_2023,Cytosolic Transport (GO:0016482),0.04682986578747412,0.3524766441369966,MYO1D;SORT1;GBF1;PIP4K2A;EPS15,5
GO_Biological_Process_2023,Brain Development (GO:0007420),0.04711757721620584,0.3531887242968872,NFASC;SYNJ2;PROX1;SOX6;EML1;MEIS2,6
GO_Biological_Process_2023,Protein Homotetramerization (GO:0051289),0.04819064095838951,0.3537707852862418,ME1;AQP4;PKD2L1,3
GO_Biological_Process_2023,Microtubule Nucleation (GO:0007020),0.04835576616815771,0.3537707852862418,SLAIN1;TPPP,2
GO_Biological_Process_2023,Negative Regulation Of Oxidative Stress-Induced Cell Death (GO:1903202),0.04835576616815771,0.3537707852862418,GPR37;GPR37L1,2
GO_Biological_Process_2023,Nuclear Membrane Reassembly (GO:0031468),0.04835576616815771,0.3537707852862418,UBXN2B;REEP3,2
GO_Biological_Process_2023,Positive Regulation Of Cell-Substrate Junction Organization (GO:0150117),0.04835576616815771,0.3537707852862418,VEGFA;MAP4K4,2
GO_Biological_Process_2023,Positive Regulation Of Morphogenesis Of An Epithelium (GO:1905332),0.04835576616815771,0.3537707852862418,SOX8;VEGFA,2
GO_Biological_Process_2023,Protein Homooligomerization (GO:0051260),0.04948657309267298,0.3590379283019432,PRMT8;NACC2;ME1;AQP4;PKD2L1,5
GO_Biological_Process_2023,ERBB Signaling Pathway (GO:0038127),0.05046457411152298,0.3590379283019432,GAB1;ERBIN;TGFA,3
GO_Biological_Process_2023,Regulation Of Focal Adhesion Assembly (GO:0051893),0.05046457411152298,0.3590379283019432,GPM6B;MAP4K4;VEGFA,3
GO_Biological_Process_2023,Endoplasmic Reticulum Organization (GO:0007029),0.05046457411152298,0.3590379283019432,SHTN1;TMEM33;REEP3,3
GO_Biological_Process_2023,Positive Regulation Of Leukocyte Chemotaxis (GO:0002690),0.05046457411152298,0.3590379283019432,PTN;PLA2G7;VEGFA,3
GO_Biological_Process_2023,Cell-Cell Adhesion Via Plasma-Membrane Adhesion Molecules (GO:0098742),0.050532846035938106,0.3590379283019432,PTPRD;CLDN11;MAG;CDH10;PLXNB3;CNTN2,6
GO_Biological_Process_2023,Regulation Of Muscle Cell Differentiation (GO:0051147),0.05222808490556827,0.3590379283019432,MEGF10;FGFR2,2
GO_Biological_Process_2023,Response To Purine-Containing Compound (GO:0014074),0.05222808490556827,0.3590379283019432,CREB1;ENPP1,2
GO_Biological_Process_2023,Endosome Transport Via Multivesicular Body Sorting Pathway (GO:0032509),0.05222808490556827,0.3590379283019432,LAPTM4B;SORT1,2
GO_Biological_Process_2023,Multivesicular Body Sorting Pathway (GO:0071985),0.05222808490556827,0.3590379283019432,LAPTM4B;SORT1,2
GO_Biological_Process_2023,Positive Regulation Of Cellular Response To Transforming Growth Factor Beta Stimulus (GO:1903846),0.05222808490556827,0.3590379283019432,ZEB2;HIPK2,2
GO_Biological_Process_2023,Positive Regulation Of Transforming Growth Factor Beta Receptor Signaling Pathway (GO:0030511),0.05222808490556827,0.3590379283019432,ZEB2;HIPK2,2
GO_Biological_Process_2023,Synapse Organization (GO:0050808),0.05223039907356766,0.3590379283019432,PTPRD;GRM5;CNTN2;SEMA3E;ELFN1,5
GO_Biological_Process_2023,Response To Peptide Hormone (GO:0043434),0.05278985771426337,0.3590379283019432,CREB1;SORT1;GNAI1,3
GO_Biological_Process_2023,Neuron Migration (GO:0001764),0.05278985771426337,0.3590379283019432,SEMA3E;SEPTIN4;VEGFA,3
GO_Biological_Process_2023,Regulation Of Cation Channel Activity (GO:2001257),0.055165987880846895,0.3590379283019432,KCNAB1;FGF12;HCN2,3
GO_Biological_Process_2023,Ventricular Cardiac Muscle Tissue Development (GO:0003229),0.05620686914250222,0.3590379283019432,PROX1;FGFR2,2
GO_Biological_Process_2023,Inner Ear Morphogenesis (GO:0042472),0.05620686914250222,0.3590379283019432,MYO6;FGFR2,2
GO_Biological_Process_2023,Lamellipodium Assembly (GO:0030032),0.05620686914250222,0.3590379283019432,P2RY12;S1PR1,2
GO_Biological_Process_2023,Myotube Differentiation (GO:0014902),0.05620686914250222,0.3590379283019432,SORT1;JAM2,2
GO_Biological_Process_2023,Positive Regulation Of T Cell Migration (GO:2000406),0.05620686914250222,0.3590379283019432,WNK1;OXSR1,2
GO_Biological_Process_2023,Renal System Development (GO:0072001),0.06006866731916353,0.3590379283019432,SALL1;PROX1;VEGFA,3
GO_Biological_Process_2023,Eye Development (GO:0001654),0.06006866731916353,0.3590379283019432,PAX6;MEIS2;HIPK2,3
GO_Biological_Process_2023,Peptidyl-Threonine Phosphorylation (GO:0018107),0.06006866731916353,0.3590379283019432,WNK1;OXSR1;HIPK2,3
GO_Biological_Process_2023,L-amino Acid Transport (GO:0015807),0.06028794531023271,0.3590379283019432,SLC32A1;SLC38A3,2
GO_Biological_Process_2023,Regulation Of Potassium Ion Transmembrane Transporter Activity (GO:1901016),0.06028794531023271,0.3590379283019432,KCNAB1;OXSR1,2
GO_Biological_Process_2023,Dendritic Spine Organization (GO:0097061),0.06028794531023271,0.3590379283019432,DOCK10;DIP2A,2
GO_Biological_Process_2023,Negative Regulation Of Insulin Receptor Signaling Pathway (GO:0046627),0.06028794531023271,0.3590379283019432,ENPP1;PIP4K2A,2
GO_Biological_Process_2023,Nucleic Acid Phosphodiester Bond Hydrolysis (GO:0090305),0.06028794531023271,0.3590379283019432,EXD2;ENPP1,2
GO_Biological_Process_2023,Potassium Ion Transmembrane Transport (GO:0071805),0.06098498251734715,0.3590379283019432,SLC12A2;KCNG4;KCNJ10;PKD2L1;HCN2,5
GO_Biological_Process_2023,Positive Regulation Of Supramolecular Fiber Organization (GO:1902905),0.06105824808061004,0.3590379283019432,CDC42EP2;CDC42EP1;PROX1;SLAIN1,4
GO_Biological_Process_2023,Cellular Response To Chemokine (GO:1990869),0.0625941071612983,0.3590379283019432,SLC12A2;WNK1;OXSR1,3
GO_Biological_Process_2023,Activation Of Phospholipase C Activity (GO:0007202),0.06446724236347506,0.3590379283019432,P2RY12;LPAR1,2
GO_Biological_Process_2023,Glycerophospholipid Catabolic Process (GO:0046475),0.06446724236347506,0.3590379283019432,ENPP6;PLA2G7,2
GO_Biological_Process_2023,Microtubule Polymerization Or Depolymerization (GO:0031109),0.06446724236347506,0.3590379283019432,MAP4;TPPP,2
GO_Biological_Process_2023,Negative Regulation Of Cellular Response To Insulin Stimulus (GO:1900077),0.06446724236347506,0.3590379283019432,ENPP1;PIP4K2A,2
GO_Biological_Process_2023,Negative Regulation Of Neurogenesis (GO:0050768),0.06446724236347506,0.3590379283019432,PAX6;PTN,2
GO_Biological_Process_2023,Positive Regulation Of Cytosolic Calcium Ion Concentration Involved In Phospholipase C-activating G Protein-Coupled Signaling Pathway (GO:0051482),0.06446724236347506,0.3590379283019432,GPR17;LPAR1,2
GO_Biological_Process_2023,Positive Regulation Of Cell Junction Assembly (GO:1901890),0.06779027740845456,0.3590379283019432,PTPRD;MAP4K4;VEGFA,3
GO_Biological_Process_2023,Apoptotic Cell Clearance (GO:0043277),0.06874078967097828,0.3590379283019432,MEGF10;TYRO3,2
GO_Biological_Process_2023,Regulation Of Bone Resorption (GO:0045124),0.06874078967097828,0.3590379283019432,UBASH3B;S1PR1,2
GO_Biological_Process_2023,Positive Regulation Of Developmental Process (GO:0051094),0.06961417995639699,0.3590379283019432,DLX1;PHLDB1;SOX8;PTN;SOX6;PLCB1;VEGFA,7
GO_Biological_Process_2023,Cell Junction Organization (GO:0034330),0.07045979389586937,0.3590379283019432,GRM5;SEMA3E;ELFN1,3
GO_Biological_Process_2023,Phosphatidylinositol-Mediated Signaling (GO:0048015),0.07045979389586937,0.3590379283019432,TYRO3;PLCB1;PIK3C2B,3
GO_Biological_Process_2023,Negative Regulation Of Apoptotic Process (GO:0043066),0.07079661782606415,0.3590379283019432,MAG;UNC5B;TMBIM1;TYRO3;SOX8;SEMA3E;OXSR1;PPARGC1A;CRYAB;PTMA;VEGFA;MAP4K4,12
GO_Biological_Process_2023,Regulation Of Monoatomic Ion Transmembrane Transport (GO:0034765),0.0731047149157742,0.3590379283019432,KCNJ10;WNK1,2
GO_Biological_Process_2023,Regulation Of Neuron Migration (GO:2001222),0.0731047149157742,0.3590379283019432,SHTN1;PHACTR1,2
GO_Biological_Process_2023,Cardiac Muscle Cell Action Potential (GO:0086001),0.0731047149157742,0.3590379283019432,FGF12;HCN2,2
GO_Biological_Process_2023,Chondrocyte Differentiation (GO:0002062),0.0731047149157742,0.3590379283019432,OXSR1;SOX6,2
GO_Biological_Process_2023,Establishment Of Mitotic Spindle Orientation (GO:0000132),0.0731047149157742,0.3590379283019432,UBXN2B;INSC,2
GO_Biological_Process_2023,Maintenance Of Blood-Brain Barrier (GO:0035633),0.0731047149157742,0.3590379283019432,SLC12A2;JAM2,2
GO_Biological_Process_2023,Negative Regulation Of Plasma Membrane Bounded Cell Projection Assembly (GO:0120033),0.0731047149157742,0.3590379283019432,PLXNB3;CCP110,2
GO_Biological_Process_2023,Phosphatidylinositol Metabolic Process (GO:0046488),0.07317609648637727,0.3590379283019432,INPP5J;SYNJ2;PLCB1,3
GO_Biological_Process_2023,Protein Polymerization (GO:0051258),0.07317609648637727,0.3590379283019432,MAP4;TPPP;FHDC1,3
GO_Biological_Process_2023,COPI Coating Of Golgi Vesicle (GO:0048205),0.0746716001513243,0.3590379283019432,GBF1,1
GO_Biological_Process_2023,COPI-coated Vesicle Budding (GO:0035964),0.0746716001513243,0.3590379283019432,GBF1,1
GO_Biological_Process_2023,ERBB2-EGFR Signaling Pathway (GO:0038134),0.0746716001513243,0.3590379283019432,TGFA,1
GO_Biological_Process_2023,Regulation Of Endoplasmic Reticulum Tubular Network Organization (GO:1903371),0.0746716001513243,0.3590379283019432,TMEM33,1
GO_Biological_Process_2023,Golgi Disassembly (GO:0090166),0.0746716001513243,0.3590379283019432,GBF1,1
GO_Biological_Process_2023,Golgi Transport Vesicle Coating (GO:0048200),0.0746716001513243,0.3590379283019432,GBF1,1
GO_Biological_Process_2023,L-phenylalanine Catabolic Process (GO:0006559),0.0746716001513243,0.3590379283019432,QDPR,1
GO_Biological_Process_2023,L-phenylalanine Metabolic Process (GO:0006558),0.0746716001513243,0.3590379283019432,QDPR,1
GO_Biological_Process_2023,Regulation Of Focal Adhesion Disassembly (GO:0120182),0.0746716001513243,0.3590379283019432,MAP4K4,1
GO_Biological_Process_2023,PML Body Organization (GO:0030578),0.0746716001513243,0.3590379283019432,HIPK2,1
GO_Biological_Process_2023,Regulation Of Hepatocyte Proliferation (GO:2000345),0.0746716001513243,0.3590379283019432,PTN,1
GO_Biological_Process_2023,Regulation Of Histone Deacetylase Activity (GO:1901725),0.0746716001513243,0.3590379283019432,VEGFA,1
GO_Biological_Process_2023,T-helper 1 Cell Differentiation (GO:0045063),0.0746716001513243,0.3590379283019432,TMEM98,1
GO_Biological_Process_2023,TORC2 Signaling (GO:0038203),0.0746716001513243,0.3590379283019432,PRR5L,1
GO_Biological_Process_2023,Activation Of Cysteine-Type Endopeptidase Activity Involved In Apoptotic Process By Cytochrome C (GO:0008635),0.0746716001513243,0.3590379283019432,CYCS,1
GO_Biological_Process_2023,Regulation Of Lysosome Organization (GO:1905671),0.0746716001513243,0.3590379283019432,LAPTM4B,1
GO_Biological_Process_2023,Regulation Of Macrophage Proliferation (GO:0120040),0.0746716001513243,0.3590379283019432,IL33,1
GO_Biological_Process_2023,Regulation Of Mast Cell Chemotaxis (GO:0060753),0.0746716001513243,0.3590379283019432,VEGFA,1
GO_Biological_Process_2023,Regulation Of Morphogenesis Of A Branching Structure (GO:0060688),0.0746716001513243,0.3590379283019432,FGFR2,1
GO_Biological_Process_2023,Regulation Of Nitric Oxide Mediated Signal Transduction (GO:0010749),0.0746716001513243,0.3590379283019432,VEGFA,1
GO_Biological_Process_2023,Regulation Of Non-Motile Cilium Assembly (GO:1902855),0.0746716001513243,0.3590379283019432,MAP4,1
GO_Biological_Process_2023,Basic Amino Acid Transport (GO:0015802),0.0746716001513243,0.3590379283019432,SLC38A3,1
GO_Biological_Process_2023,Regulation Of Retinal Ganglion Cell Axon Guidance (GO:0090259),0.0746716001513243,0.3590379283019432,VEGFA,1
GO_Biological_Process_2023,Regulation Of Sarcomere Organization (GO:0060297),0.0746716001513243,0.3590379283019432,PROX1,1
GO_Biological_Process_2023,Regulation Of Transmission Of Nerve Impulse (GO:0051969),0.0746716001513243,0.3590379283019432,FGF12,1
GO_Biological_Process_2023,Regulation Of Type B Pancreatic Cell Proliferation (GO:0061469),0.0746716001513243,0.3590379283019432,SGPP2,1
GO_Biological_Process_2023,Chemokine (C-X-C Motif) Ligand 12 Signaling Pathway (GO:0038146),0.0746716001513243,0.3590379283019432,OXSR1,1
GO_Biological_Process_2023,Regulation Of Voltage-Gated Sodium Channel Activity (GO:1905150),0.0746716001513243,0.3590379283019432,FGF12,1
GO_Biological_Process_2023,Cilium Disassembly (GO:0061523),0.0746716001513243,0.3590379283019432,MAP4,1
GO_Biological_Process_2023,Detection Of Virus (GO:0009597),0.0746716001513243,0.3590379283019432,SERINC5,1
GO_Biological_Process_2023,Embryonic Hindlimb Morphogenesis (GO:0035116),0.0746716001513243,0.3590379283019432,OXSR1,1
GO_Biological_Process_2023,Embryonic Skeletal Joint Development (GO:0072498),0.0746716001513243,0.3590379283019432,OXSR1,1
GO_Biological_Process_2023,Endothelin Receptor Signaling Pathway (GO:0086100),0.0746716001513243,0.3590379283019432,EDNRB,1
GO_Biological_Process_2023,Epithelial Tube Branching Involved In Lung Morphogenesis (GO:0060441),0.0746716001513243,0.3590379283019432,FGFR2,1
GO_Biological_Process_2023,Epithelial Tube Formation (GO:0072175),0.0746716001513243,0.3590379283019432,FGFR2,1
GO_Biological_Process_2023,Erythrose 4-Phosphate/Phosphoenolpyruvate Family Amino Acid Catabolic Process (GO:1902222),0.0746716001513243,0.3590379283019432,QDPR,1
GO_Biological_Process_2023,Galactolipid Biosynthetic Process (GO:0019375),0.0746716001513243,0.3590379283019432,FA2H,1
GO_Biological_Process_2023,Galactosylceramide Biosynthetic Process (GO:0006682),0.0746716001513243,0.3590379283019432,FA2H,1
GO_Biological_Process_2023,Gamma-Aminobutyric Acid Metabolic Process (GO:0009448),0.0746716001513243,0.3590379283019432,GAD1,1
GO_Biological_Process_2023,Tight Junction Organization (GO:0120193),0.0746716001513243,0.3590379283019432,CLDN11,1
GO_Biological_Process_2023,Glomerulus Vasculature Development (GO:0072012),0.0746716001513243,0.3590379283019432,OXSR1,1
GO_Biological_Process_2023,Glutamate Catabolic Process (GO:0006538),0.0746716001513243,0.3590379283019432,GAD1,1
GO_Biological_Process_2023,Vascular Endothelial Growth Factor Receptor-2 Signaling Pathway (GO:0036324),0.0746716001513243,0.3590379283019432,VEGFA,1
GO_Biological_Process_2023,Ventricular Cardiac Muscle Cell Development (GO:0055015),0.0746716001513243,0.3590379283019432,PROX1,1
GO_Biological_Process_2023,Heme Transport (GO:0015886),0.0746716001513243,0.3590379283019432,SLC48A1,1
GO_Biological_Process_2023,Hepatocyte Differentiation (GO:0070365),0.0746716001513243,0.3590379283019432,PROX1,1
GO_Biological_Process_2023,Inner Ear Auditory Receptor Cell Differentiation (GO:0042491),0.0746716001513243,0.3590379283019432,MYO6,1
GO_Biological_Process_2023,Intracellular Water Homeostasis (GO:0009992),0.0746716001513243,0.3590379283019432,AQP4,1
GO_Biological_Process_2023,Iron Coordination Entity Transport (GO:1901678),0.0746716001513243,0.3590379283019432,SLC48A1,1
GO_Biological_Process_2023,Leukocyte Chemotaxis Involved In Inflammatory Response (GO:0002232),0.0746716001513243,0.3590379283019432,PTN,1
GO_Biological_Process_2023,Mesenchymal To Epithelial Transition Involved In Metanephros Morphogenesis (GO:0003337),0.0746716001513243,0.3590379283019432,SALL1,1
GO_Biological_Process_2023,Negative Regulation Of ERAD Pathway (GO:1904293),0.0746716001513243,0.3590379283019432,SVIP,1
GO_Biological_Process_2023,Negative Regulation Of Cardiac Muscle Cell Differentiation (GO:2000726),0.0746716001513243,0.3590379283019432,SOX6,1
GO_Biological_Process_2023,Negative Regulation Of Cellular Extravasation (GO:0002692),0.0746716001513243,0.3590379283019432,PLCB1,1
GO_Biological_Process_2023,Negative Regulation Of Lamellipodium Organization (GO:1902744),0.0746716001513243,0.3590379283019432,PLXNB3,1
GO_Biological_Process_2023,Negative Regulation Of Lipoprotein Lipase Activity (GO:0051005),0.0746716001513243,0.3590379283019432,SORT1,1
GO_Biological_Process_2023,Nephron Tubule Development (GO:0072080),0.0746716001513243,0.3590379283019432,OXSR1,1
GO_Biological_Process_2023,Neuroblast Proliferation (GO:0007405),0.0746716001513243,0.3590379283019432,EML1,1
GO_Biological_Process_2023,Neurotransmitter Loading Into Synaptic Vesicle (GO:0098700),0.0746716001513243,0.3590379283019432,SLC32A1,1
GO_Biological_Process_2023,Osmosensory Signaling Pathway (GO:0007231),0.0746716001513243,0.3590379283019432,OXSR1,1
GO_Biological_Process_2023,"Pentose-Phosphate Shunt, Non-Oxidative Branch (GO:0009052)",0.0746716001513243,0.3590379283019432,PHACTR1,1
GO_Biological_Process_2023,Plasma Membrane Raft Assembly (GO:0044854),0.0746716001513243,0.3590379283019432,PACSIN2,1
GO_Biological_Process_2023,Plasma Membrane Raft Organization (GO:0044857),0.0746716001513243,0.3590379283019432,FA2H,1
GO_Biological_Process_2023,Positive Regulation Of Focal Adhesion Disassembly (GO:0120183),0.0746716001513243,0.3590379283019432,MAP4K4,1
GO_Biological_Process_2023,Positive Regulation Of Microglial Cell Migration (GO:1904141),0.0746716001513243,0.3590379283019432,P2RY12,1
GO_Biological_Process_2023,Positive Regulation Of Osteoblast Proliferation (GO:0033690),0.0746716001513243,0.3590379283019432,SOX8,1
GO_Biological_Process_2023,Pronephros Development (GO:0048793),0.0746716001513243,0.3590379283019432,OXSR1,1
GO_Biological_Process_2023,Protein C-linked Glycosylation Via 2'-alpha-mannosyl-L-tryptophan (GO:0018406),0.0746716001513243,0.3590379283019432,DPY19L1,1
GO_Biological_Process_2023,Protein C-linked Glycosylation Via Tryptophan (GO:0018317),0.0746716001513243,0.3590379283019432,DPY19L1,1
GO_Biological_Process_2023,Protein Modification By Small Protein Conjugation Or Removal (GO:0070647),0.0746716001513243,0.3590379283019432,DESI1,1
GO_Biological_Process_2023,Pteridine-Containing Compound Metabolic Process (GO:0042558),0.0746716001513243,0.3590379283019432,QDPR,1
GO_Biological_Process_2023,Regulation Of NK T Cell Activation (GO:0051133),0.0746716001513243,0.3590379283019432,HSPH1,1
GO_Biological_Process_2023,Regulation Of Blood Vessel Remodeling (GO:0060312),0.0746716001513243,0.3590379283019432,TMBIM1,1
GO_Biological_Process_2023,Regulation Of Cold-Induced Thermogenesis (GO:0120161),0.07558067469120008,0.3590379283019432,GATM;ESRRG;ELOVL6;PPARGC1A;VEGFA,5
GO_Biological_Process_2023,Regulation Of Potassium Ion Transport (GO:0043266),0.07755524195649936,0.3590379283019432,KIF5B;KCNAB1,2
GO_Biological_Process_2023,Embryonic Skeletal System Morphogenesis (GO:0048704),0.07755524195649936,0.3590379283019432,OXSR1;FGFR2,2
GO_Biological_Process_2023,Lamellipodium Organization (GO:0097581),0.07755524195649936,0.3590379283019432,P2RY12;S1PR1,2
GO_Biological_Process_2023,Nucleic Acid Metabolic Process (GO:0090304),0.07755524195649936,0.3590379283019432,EXD2;ENPP1,2
GO_Biological_Process_2023,Positive Regulation Of Multicellular Organismal Process (GO:0051240),0.07759728437472316,0.3590379283019432,IL33;GATM;SOX8;ELOVL6;ESRRG;PTN;SOX6;PLCB1;PPARGC1A;VEGFA,10
GO_Biological_Process_2023,Regulation Of Cell Differentiation (GO:0045595),0.0786087106432471,0.3590379283019432,DLX1;PHLDB1;MEGF10;PLEKHB1;FGFR2;KLK6,6
GO_Biological_Process_2023,Fatty Acid Biosynthetic Process (GO:0006633),0.07874647175403147,0.3590379283019432,ELOVL5;ELOVL6;ELOVL7,3
GO_Biological_Process_2023,Positive Regulation Of Cell Cycle (GO:0045787),0.07874647175403147,0.3590379283019432,PROX1;MEIS2;FGFR2,3
GO_Biological_Process_2023,Regulation Of Cell-Matrix Adhesion (GO:0001952),0.07874647175403147,0.3590379283019432,SEMA3E;GPM6B;MAP4K4,3
GO_Biological_Process_2023,Positive Regulation Of Stress-Activated MAPK Cascade (GO:0032874),0.07915551343456177,0.3590379283019432,RASSF2;PLCB1;HIPK2;VEGFA,4
GO_Biological_Process_2023,Peptidyl-Threonine Modification (GO:0018210),0.08159921853538941,0.3590379283019432,WNK1;OXSR1;HIPK2,3
GO_Biological_Process_2023,Regulation Of Long-Term Synaptic Potentiation (GO:1900271),0.0820886888895104,0.3590379283019432,AKAP5;PTN,2
GO_Biological_Process_2023,Regulation Of Protein Localization To Cell Surface (GO:2000008),0.0820886888895104,0.3590379283019432,GBF1;GPM6B,2
GO_Biological_Process_2023,Negative Chemotaxis (GO:0050919),0.0820886888895104,0.3590379283019432,SEMA6D;SEMA3E,2
GO_Biological_Process_2023,Negative Regulation Of Cell-Matrix Adhesion (GO:0001953),0.0820886888895104,0.3590379283019432,SEMA3E;MAP4K4,2
GO_Biological_Process_2023,Negative Regulation Of Chemotaxis (GO:0050922),0.0820886888895104,0.3590379283019432,SEMA6D;SEMA3E,2
GO_Biological_Process_2023,Positive Regulation Of Rho Protein Signal Transduction (GO:0035025),0.0820886888895104,0.3590379283019432,GPR17;LPAR1,2
GO_Biological_Process_2023,Positive Regulation Of Leukocyte Migration (GO:0002687),0.0820886888895104,0.3590379283019432,PTN;VEGFA,2
GO_Biological_Process_2023,Positive Regulation Of Mononuclear Cell Migration (GO:0071677),0.0820886888895104,0.3590379283019432,PLA2G7;JAM2,2
GO_Biological_Process_2023,Monoatomic Ion Transport (GO:0006811),0.08350249998943116,0.3590379283019432,SLC12A2;SLC32A1;WNK1;PKD2L1,4
GO_Biological_Process_2023,Cellular Response To Organic Cyclic Compound (GO:0071407),0.08627206664532888,0.3590379283019432,P2RY12;GABRB2;CREB1;GNAI1;HCN2,5
GO_Biological_Process_2023,Glycosphingolipid Metabolic Process (GO:0006687),0.08670146601393283,0.3590379283019432,GLTP;FUT9,2
GO_Biological_Process_2023,Muscle Cell Development (GO:0055001),0.08670146601393283,0.3590379283019432,MEGF10;VEGFA,2
GO_Biological_Process_2023,Phosphatidylinositol 3-Kinase Signaling (GO:0014065),0.08670146601393283,0.3590379283019432,TYRO3;PIK3C2B,2
GO_Biological_Process_2023,Anterograde Trans-Synaptic Signaling (GO:0098916),0.08796798355372054,0.3590379283019432,GRM3;GABRB2;CNP;GAD1;KIF5A;PLP1,6
GO_Biological_Process_2023,AV Node Cell To Bundle Of His Cell Communication (GO:0086067),0.08892519492661577,0.3590379283019432,GJC3,1
GO_Biological_Process_2023,Regulation Of Glial Cell Differentiation (GO:0045685),0.08892519492661577,0.3590379283019432,OPALIN,1
GO_Biological_Process_2023,Regulation Of Microglial Cell Migration (GO:1904139),0.08892519492661577,0.3590379283019432,P2RY12,1
GO_Biological_Process_2023,Regulation Of Smooth Muscle Cell Differentiation (GO:0051150),0.08892519492661577,0.3590379283019432,FGFR2,1
GO_Biological_Process_2023,Cellular Response To Histamine (GO:0071420),0.08892519492661577,0.3590379283019432,GABRB2,1
GO_Biological_Process_2023,Regulation Of Transforming Growth Factor Beta1 Production (GO:0032908),0.08892519492661577,0.3590379283019432,LAPTM4B,1
GO_Biological_Process_2023,Choline Transport (GO:0015871),0.08892519492661577,0.3590379283019432,SLC44A1,1
GO_Biological_Process_2023,Retinal Rod Cell Differentiation (GO:0060221),0.08892519492661577,0.3590379283019432,SOX8,1
GO_Biological_Process_2023,Skeletal Muscle Cell Differentiation (GO:0035914),0.08892519492661577,0.3590379283019432,MEGF10,1
GO_Biological_Process_2023,Skeletal Muscle Thin Filament Assembly (GO:0030240),0.08892519492661577,0.3590379283019432,PROX1,1
GO_Biological_Process_2023,Epithelial Cell Differentiation Involved In Kidney Development (GO:0035850),0.08892519492661577,0.3590379283019432,SALL1,1
GO_Biological_Process_2023,Exocrine System Development (GO:0035272),0.08892519492661577,0.3590379283019432,FGFR2,1
GO_Biological_Process_2023,Forebrain Neuron Development (GO:0021884),0.08892519492661577,0.3590379283019432,FGFR2,1
GO_Biological_Process_2023,Gap Junction Assembly (GO:0016264),0.08892519492661577,0.3590379283019432,GJB1,1
GO_Biological_Process_2023,Gland Morphogenesis (GO:0022612),0.08892519492661577,0.3590379283019432,FGFR2,1
GO_Biological_Process_2023,Glandular Epithelial Cell Development (GO:0002068),0.08892519492661577,0.3590379283019432,PAX6,1
GO_Biological_Process_2023,Glomerular Epithelial Cell Development (GO:0072310),0.08892519492661577,0.3590379283019432,MYO1E,1
GO_Biological_Process_2023,Transepithelial Chloride Transport (GO:0030321),0.08892519492661577,0.3590379283019432,SLC12A2,1
GO_Biological_Process_2023,Vascular Associated Smooth Muscle Cell Development (GO:0097084),0.08892519492661577,0.3590379283019432,VEGFA,1
GO_Biological_Process_2023,Glycosylceramide Biosynthetic Process (GO:0046476),0.08892519492661577,0.3590379283019432,FA2H,1
GO_Biological_Process_2023,Vascular Associated Smooth Muscle Contraction (GO:0014829),0.08892519492661577,0.3590379283019432,EDNRB,1
GO_Biological_Process_2023,Vascular Wound Healing (GO:0061042),0.08892519492661577,0.3590379283019432,VEGFA,1
GO_Biological_Process_2023,Hemostasis (GO:0007599),0.08892519492661577,0.3590379283019432,P2RY12,1
GO_Biological_Process_2023,Hindlimb Morphogenesis (GO:0035137),0.08892519492661577,0.3590379283019432,OXSR1,1
GO_Biological_Process_2023,Inner Ear Receptor Cell Differentiation (GO:0060113),0.08892519492661577,0.3590379283019432,MYO6,1
GO_Biological_Process_2023,Lymphocyte Migration Into Lymphoid Organs (GO:0097021),0.08892519492661577,0.3590379283019432,WNK1,1
GO_Biological_Process_2023,Marginal Zone B Cell Differentiation (GO:0002315),0.08892519492661577,0.3590379283019432,DOCK10,1
GO_Biological_Process_2023,Mitochondrion-Endoplasmic Reticulum Membrane Tethering (GO:1990456),0.08892519492661577,0.3590379283019432,PACS2,1
GO_Biological_Process_2023,Negative Regulation Of Blood Vessel Endothelial Cell Proliferation Involved In Sprouting Angiogenesis (GO:1903588),0.08892519492661577,0.3590379283019432,NGFR,1
GO_Biological_Process_2023,Negative Regulation Of Cardiocyte Differentiation (GO:1905208),0.08892519492661577,0.3590379283019432,SOX6,1
GO_Biological_Process_2023,Negative Regulation Of Oligodendrocyte Differentiation (GO:0048715),0.08892519492661577,0.3590379283019432,TMEM98,1
GO_Biological_Process_2023,Negative Regulation Of Response To Reactive Oxygen Species (GO:1901032),0.08892519492661577,0.3590379283019432,GPR37L1,1
GO_Biological_Process_2023,Neurotrophin TRK Receptor Signaling Pathway (GO:0048011),0.08892519492661577,0.3590379283019432,SORT1,1
GO_Biological_Process_2023,Nose Development (GO:0043584),0.08892519492661577,0.3590379283019432,PROX1,1
GO_Biological_Process_2023,Peptidyl-Arginine Modification (GO:0018195),0.08892519492661577,0.3590379283019432,PRMT8,1
GO_Biological_Process_2023,Pituitary Gland Development (GO:0021983),0.08892519492661577,0.3590379283019432,SALL1,1
GO_Biological_Process_2023,Podocyte Development (GO:0072015),0.08892519492661577,0.3590379283019432,MYO1E,1
GO_Biological_Process_2023,Positive Regulation Of IRE1-mediated Unfolded Protein Response (GO:1903896),0.08892519492661577,0.3590379283019432,TMEM33,1
GO_Biological_Process_2023,Positive Regulation Of Blood Circulation (GO:1903524),0.08892519492661577,0.3590379283019432,APLN,1
GO_Biological_Process_2023,Positive Regulation Of Deacetylase Activity (GO:0090045),0.08892519492661577,0.3590379283019432,VEGFA,1
GO_Biological_Process_2023,Positive Regulation Of Gastrulation (GO:2000543),0.08892519492661577,0.3590379283019432,OXSR1,1
GO_Biological_Process_2023,Positive Regulation Of Gliogenesis (GO:0014015),0.08892519492661577,0.3590379283019432,SOX8,1
GO_Biological_Process_2023,Positive Regulation Of Kidney Development (GO:0090184),0.08892519492661577,0.3590379283019432,SOX8,1
GO_Biological_Process_2023,Positive Regulation Of Trophoblast Cell Migration (GO:1901165),0.08892519492661577,0.3590379283019432,VEGFA,1
GO_Biological_Process_2023,Protein Localization To Endoplasmic Reticulum Exit Site (GO:0070973),0.08892519492661577,0.3590379283019432,GBF1,1
GO_Biological_Process_2023,Regulation Of MHC Class I Biosynthetic Process (GO:0045343),0.08892519492661577,0.3590379283019432,HSPH1,1
GO_Biological_Process_2023,Regulation Of SA Node Cell Action Potential (GO:0098907),0.08892519492661577,0.3590379283019432,HCN2,1
GO_Biological_Process_2023,Regulation Of Anion Channel Activity (GO:0010359),0.08892519492661577,0.3590379283019432,GRM5,1
GO_Biological_Process_2023,Regulation Of Axon Guidance (GO:1902667),0.08892519492661577,0.3590379283019432,VEGFA,1
GO_Biological_Process_2023,Regulation Of Blood-Brain Barrier Permeability (GO:1905603),0.08892519492661577,0.3590379283019432,VEGFA,1
GO_Biological_Process_2023,Positive Regulation Of Transcription By RNA Polymerase II (GO:0045944),0.08931313243816291,0.35980995424977963,IL33;DLX1;PAX6;ESRRG;OLIG1;PROX1;OLIG2;OXSR1;LITAF;MEIS2;ETV5;VEGFA;HIPK2;ZEB2;CREB1;SALL1;SOX8;PPARGC1A;PTMA;FGFR2,20
GO_Biological_Process_2023,Signal Transduction By P53 Class Mediator (GO:0072331),0.0913900738529528,0.3619285568591848,MYO6;NDRG1,2
GO_Biological_Process_2023,Ventricular Cardiac Muscle Tissue Morphogenesis (GO:0055010),0.0913900738529528,0.3619285568591848,PROX1;FGFR2,2
GO_Biological_Process_2023,Positive Regulation Of Reproductive Process (GO:2000243),0.0913900738529528,0.3619285568591848,PLCB1;VEGFA,2
GO_Biological_Process_2023,Positive Regulation Of Response To External Stimulus (GO:0032103),0.09189996293900152,0.3619285568591848,P2RY12;IL33;GPRC5B;PTN;PLA2G7,5
GO_Biological_Process_2023,Negative Regulation Of Transmembrane Receptor Protein Serine/Threonine Kinase Signaling Pathway (GO:0090101),0.0925391948374083,0.3619285568591848,SPART;DLX1;GPR155;HIPK2,4
GO_Biological_Process_2023,Regulation Of G Protein-Coupled Receptor Signaling Pathway (GO:0008277),0.09344460964875406,0.3619285568591848,GNG7;PLCB1;KLK6,3
GO_Biological_Process_2023,Cellular Response To Amyloid-Beta (GO:1904646),0.0961511012835828,0.3619285568591848,NGFR;GRM5,2
GO_Biological_Process_2023,Cellular Response To Vascular Endothelial Growth Factor Stimulus (GO:0035924),0.0961511012835828,0.3619285568591848,GAB1;VEGFA,2
GO_Biological_Process_2023,Embryonic Limb Morphogenesis (GO:0030326),0.0961511012835828,0.3619285568591848,SALL1;OXSR1,2
GO_Biological_Process_2023,Smoothened Signaling Pathway (GO:0007224),0.0961511012835828,0.3619285568591848,PKD2L1;HIPK2,2
GO_Biological_Process_2023,Establishment Of Mitotic Spindle Localization (GO:0040001),0.0961511012835828,0.3619285568591848,UBXN2B;INSC,2
GO_Biological_Process_2023,Regulation Of MAPK Cascade (GO:0043408),0.09621345592848375,0.3619285568591848,GPR37;PHLPP1;LPAR1;GPR37L1;FGFR2;MAP4K4,6
GO_Biological_Process_2023,Plasma Membrane Organization (GO:0007009),0.09961805187653687,0.3619285568591848,FA2H;MICALL1;PACSIN2,3
GO_Biological_Process_2023,Regulation Of Sodium Ion Transport (GO:0002028),0.1009812236751448,0.3619285568591848,WNK1;FGF12,2
GO_Biological_Process_2023,Neutral Amino Acid Transport (GO:0015804),0.1009812236751448,0.3619285568591848,SLC32A1;SLC38A3,2
GO_Biological_Process_2023,Regulation Of Axon Extension (GO:0030516),0.1009812236751448,0.3619285568591848,SHTN1;MAG,2
GO_Biological_Process_2023,Protein Tetramerization (GO:0051262),0.10276492926650525,0.3619285568591848,ME1;AQP4;PKD2L1,3
GO_Biological_Process_2023,Regulation Of Chemokine-Mediated Signaling Pathway (GO:0070099),0.10295993360842216,0.3619285568591848,PADI2,1
GO_Biological_Process_2023,L-alanine Transport (GO:0015808),0.10295993360842216,0.3619285568591848,SLC38A3,1
GO_Biological_Process_2023,NADH Metabolic Process (GO:0006734),0.10295993360842216,0.3619285568591848,ME1,1
GO_Biological_Process_2023,Regulation Of Hydrogen Peroxide-Induced Cell Death (GO:1903205),0.10295993360842216,0.3619285568591848,GPR37L1,1
GO_Biological_Process_2023,Amine Transport (GO:0015837),0.10295993360842216,0.3619285568591848,SLC44A1,1
GO_Biological_Process_2023,Regulation Of Mesenchymal Stem Cell Differentiation (GO:2000739),0.10295993360842216,0.3619285568591848,SOX6,1
GO_Biological_Process_2023,Regulation Of Myeloid Leukocyte Differentiation (GO:0002761),0.10295993360842216,0.3619285568591848,UBASH3B,1
GO_Biological_Process_2023,Aromatic Amino Acid Transport (GO:0015801),0.10295993360842216,0.3619285568591848,SLC38A3,1
GO_Biological_Process_2023,Regulation Of Positive Chemotaxis (GO:0050926),0.10295993360842216,0.3619285568591848,VEGFA,1
GO_Biological_Process_2023,Regulation Of Protein Localization To Cell Cortex (GO:1904776),0.10295993360842216,0.3619285568591848,GNAI1,1
GO_Biological_Process_2023,Cellular Biogenic Amine Catabolic Process (GO:0042402),0.10295993360842216,0.3619285568591848,SLC44A1,1
GO_Biological_Process_2023,Cellular Modified Amino Acid Biosynthetic Process (GO:0042398),0.10295993360842216,0.3619285568591848,GATM,1
GO_Biological_Process_2023,Regulation Of Transcription From RNA Polymerase II Promoter In Response To Hypoxia (GO:0061418),0.10295993360842216,0.3619285568591848,VEGFA,1
GO_Biological_Process_2023,Cellular Response To Potassium Ion (GO:0035865),0.10295993360842216,0.3619285568591848,SLC12A2,1
GO_Biological_Process_2023,Regulation Of Vascular Wound Healing (GO:0061043),0.10295993360842216,0.3619285568591848,SLC12A2,1
GO_Biological_Process_2023,Response To Auditory Stimulus (GO:0010996),0.10295993360842216,0.3619285568591848,PTN,1
GO_Biological_Process_2023,Coronary Vasculature Development (GO:0060976),0.10295993360842216,0.3619285568591848,APLN,1
GO_Biological_Process_2023,Coronary Vasculature Morphogenesis (GO:0060977),0.10295993360842216,0.3619285568591848,VEGFA,1
GO_Biological_Process_2023,Response To Potassium Ion (GO:0035864),0.10295993360842216,0.3619285568591848,SLC12A2,1
GO_Biological_Process_2023,Galactosylceramide Metabolic Process (GO:0006681),0.10295993360842216,0.3619285568591848,FA2H,1
GO_Biological_Process_2023,Hair Cell Differentiation (GO:0035315),0.10295993360842216,0.3619285568591848,MYO6,1
GO_Biological_Process_2023,Venous Blood Vessel Development (GO:0060841),0.10295993360842216,0.3619285568591848,PROX1,1
GO_Biological_Process_2023,Kidney Mesenchyme Development (GO:0072074),0.10295993360842216,0.3619285568591848,OXSR1,1
GO_Biological_Process_2023,Lens Fiber Cell Development (GO:0070307),0.10295993360842216,0.3619285568591848,PROX1,1
GO_Biological_Process_2023,Leukocyte Aggregation (GO:0070486),0.10295993360842216,0.3619285568591848,JAM2,1
GO_Biological_Process_2023,Lymphatic Endothelial Cell Differentiation (GO:0060836),0.10295993360842216,0.3619285568591848,PROX1,1
GO_Biological_Process_2023,Malate Metabolic Process (GO:0006108),0.10295993360842216,0.3619285568591848,ME1,1
GO_Biological_Process_2023,Myoblast Migration (GO:0051451),0.10295993360842216,0.3619285568591848,MEGF10,1
GO_Biological_Process_2023,Negative Regulation Of Glucose Import (GO:0046325),0.10295993360842216,0.3619285568591848,ENPP1,1
GO_Biological_Process_2023,Negative Regulation Of Inflammatory Response To Wounding (GO:0106015),0.10295993360842216,0.3619285568591848,IL33,1
GO_Biological_Process_2023,Negative Regulation Of Intracellular Transport (GO:0032387),0.10295993360842216,0.3619285568591848,CRYAB,1
GO_Biological_Process_2023,Negative Regulation Of Keratinocyte Proliferation (GO:0010839),0.10295993360842216,0.3619285568591848,FGFR2,1
GO_Biological_Process_2023,Negative Regulation Of Leukocyte Proliferation (GO:0070664),0.10295993360842216,0.3619285568591848,IL33,1
GO_Biological_Process_2023,Negative Regulation Of Lipid Kinase Activity (GO:0090219),0.10295993360842216,0.3619285568591848,PIP4K2A,1
GO_Biological_Process_2023,Negative Regulation Of Neural Precursor Cell Proliferation (GO:2000178),0.10295993360842216,0.3619285568591848,PTN,1
GO_Biological_Process_2023,Peptidyl-Lysine Hydroxylation (GO:0017185),0.10295993360842216,0.3619285568591848,PLOD1,1
GO_Biological_Process_2023,Phosphatidylserine Acyl-Chain Remodeling (GO:0036150),0.10295993360842216,0.3619285568591848,MBOAT1,1
GO_Biological_Process_2023,Plasma Membrane To Endosome Transport (GO:0048227),0.10295993360842216,0.3619285568591848,SORT1,1
GO_Biological_Process_2023,Platelet Activating Factor Metabolic Process (GO:0046469),0.10295993360842216,0.3619285568591848,PLA2G7,1
GO_Biological_Process_2023,Positive Regulation Of Cell Migration By Vascular Endothelial Growth Factor Signaling Pathway (GO:0038089),0.10295993360842216,0.3619285568591848,VEGFA,1
GO_Biological_Process_2023,Positive Regulation Of Endocytic Recycling (GO:2001137),0.10295993360842216,0.3619285568591848,AKAP5,1
GO_Biological_Process_2023,Positive Regulation Of Glial Cell Migration (GO:1903977),0.10295993360842216,0.3619285568591848,P2RY12,1
GO_Biological_Process_2023,Positive Regulation Of Gluconeogenesis (GO:0045722),0.10295993360842216,0.3619285568591848,PPARGC1A,1
GO_Biological_Process_2023,Positive Regulation Of Insulin-Like Growth Factor Receptor Signaling Pathway (GO:0043568),0.10295993360842216,0.3619285568591848,MYORG,1
GO_Biological_Process_2023,Positive Regulation Of Melanin Biosynthetic Process (GO:0048023),0.10295993360842216,0.3619285568591848,ZEB2,1
GO_Biological_Process_2023,Positive Regulation Of Oligodendrocyte Differentiation (GO:0048714),0.10295993360842216,0.3619285568591848,PTN,1
GO_Biological_Process_2023,Positive Regulation Of Secondary Metabolite Biosynthetic Process (GO:1900378),0.10295993360842216,0.3619285568591848,ZEB2,1
GO_Biological_Process_2023,Positive Regulation Of Vascular Endothelial Growth Factor Signaling Pathway (GO:1900748),0.10295993360842216,0.3619285568591848,VEGFA,1
GO_Biological_Process_2023,protein-RNA Complex Disassembly (GO:0032988),0.10295993360842216,0.3619285568591848,KIF5B,1
GO_Biological_Process_2023,Protein Stabilization (GO:0050821),0.10309719963019971,0.3619285568591848,PYURF;RASSF2;CREB1;GOLGA7;PPARGC1A;CRYAB,6
GO_Biological_Process_2023,Negative Regulation Of Organelle Assembly (GO:1902116),0.10587720096631768,0.36576125447051544,FEZ1;CCP110,2
GO_Biological_Process_2023,Positive Regulation Of Phospholipase C Activity (GO:0010863),0.10587720096631768,0.36576125447051544,P2RY12;LPAR1,2
GO_Biological_Process_2023,Gland Development (GO:0048732),0.10595092874961144,0.36576125447051544,SALL1;PROX1;FGFR2,3
GO_Biological_Process_2023,Protein Processing (GO:0016485),0.10692210045554496,0.36576125447051544,MYRF;CPD;KLK6;SEC11C,4
GO_Biological_Process_2023,Regulation Of Stress Fiber Assembly (GO:0051492),0.10917530677973167,0.36576125447051544,TMEFF2;LPAR1;PPM1E,3
GO_Biological_Process_2023,Regulation Of p38MAPK Cascade (GO:1900744),0.11083587593700733,0.36576125447051544,PHLPP1;VEGFA,2
GO_Biological_Process_2023,Regulation Of Sodium Ion Transmembrane Transporter Activity (GO:2000649),0.11083587593700733,0.36576125447051544,OXSR1;FGF12,2
GO_Biological_Process_2023,Ventricular Septum Development (GO:0003281),0.11083587593700733,0.36576125447051544,SALL1;PROX1,2
GO_Biological_Process_2023,Negative Regulation Of Smooth Muscle Cell Proliferation (GO:0048662),0.11083587593700733,0.36576125447051544,PPARGC1A;APLN,2
GO_Biological_Process_2023,Actomyosin Structure Organization (GO:0031032),0.11573620067110628,0.36576125447051544,TMOD1;PHACTR1;FHDC1,3
GO_Biological_Process_2023,Positive Regulation Of JNK Cascade (GO:0046330),0.11573620067110628,0.36576125447051544,RASSF2;PLCB1;HIPK2,3
GO_Biological_Process_2023,Regulation Of Intracellular Transport (GO:0032386),0.11585417247373378,0.36576125447051544,NEFH;CRYAB,2
GO_Biological_Process_2023,Connective Tissue Development (GO:0061448),0.11585417247373378,0.36576125447051544,SOX8;SOX6,2
GO_Biological_Process_2023,Response To Peptide (GO:1901652),0.11585417247373378,0.36576125447051544,ERBIN;GNAI1,2
GO_Biological_Process_2023,Response To Transforming Growth Factor Beta (GO:0071559),0.11585417247373378,0.36576125447051544,DLX1;SOX6,2
GO_Biological_Process_2023,Membrane Assembly (GO:0071709),0.11585417247373378,0.36576125447051544,PTPRD;UBXN2B,2
GO_Biological_Process_2023,Cdc42 Protein Signal Transduction (GO:0032488),0.11677916525621423,0.36576125447051544,SHTN1,1
GO_Biological_Process_2023,"DNA Damage Response, Signal Transduction By P53 Class Mediator Resulting In Transcription Of P21 Class Mediator (GO:0006978)",0.11677916525621423,0.36576125447051544,HIPK2,1
GO_Biological_Process_2023,L-fucose Catabolic Process (GO:0042355),0.11677916525621423,0.36576125447051544,FUT9,1
GO_Biological_Process_2023,L-fucose Metabolic Process (GO:0042354),0.11677916525621423,0.36576125447051544,FUT9,1
GO_Biological_Process_2023,Regulation Of Fertilization (GO:0080154),0.11677916525621423,0.36576125447051544,PLCB1,1
GO_Biological_Process_2023,N-acylphosphatidylethanolamine Metabolic Process (GO:0070292),0.11677916525621423,0.36576125447051544,PLAAT3,1
GO_Biological_Process_2023,RISC Complex Assembly (GO:0070922),0.11677916525621423,0.36576125447051544,AGO3,1
GO_Biological_Process_2023,RNA Secondary Structure Unwinding (GO:0010501),0.11677916525621423,0.36576125447051544,AGO3,1
GO_Biological_Process_2023,Regulation Of Lysosomal Protein Catabolic Process (GO:1905165),0.11677916525621423,0.36576125447051544,LAPTM4B,1
GO_Biological_Process_2023,Regulation Of Macrophage Migration (GO:1905521),0.11677916525621423,0.36576125447051544,P2RY12,1
GO_Biological_Process_2023,Regulation Of Mitotic Centrosome Separation (GO:0046602),0.11677916525621423,0.36576125447051544,UBXN2B,1
GO_Biological_Process_2023,Astral Microtubule Organization (GO:0030953),0.11677916525621423,0.36576125447051544,TPPP,1
GO_Biological_Process_2023,Regulation Of Nephron Tubule Epithelial Cell Differentiation (GO:0072182),0.11677916525621423,0.36576125447051544,OXSR1,1
GO_Biological_Process_2023,Autophagosome-Lysosome Fusion (GO:0061909),0.11677916525621423,0.36576125447051544,PIP4K2A,1
GO_Biological_Process_2023,Brown Fat Cell Differentiation (GO:0050873),0.11677916525621423,0.36576125447051544,PPARGC1A,1
GO_Biological_Process_2023,Collagen-Activated Signaling Pathway (GO:0038065),0.11677916525621423,0.36576125447051544,UBASH3B,1
GO_Biological_Process_2023,Commissural Neuron Axon Guidance (GO:0071679),0.11677916525621423,0.36576125447051544,VEGFA,1
GO_Biological_Process_2023,Semaphorin-Plexin Signaling Pathway Involved In Axon Guidance (GO:1902287),0.11677916525621423,0.36576125447051544,PLXNB3,1
GO_Biological_Process_2023,Embryonic Forelimb Morphogenesis (GO:0035115),0.11677916525621423,0.36576125447051544,OXSR1,1
GO_Biological_Process_2023,Sensory Perception Of Sour Taste (GO:0050915),0.11677916525621423,0.36576125447051544,PKD2L1,1
GO_Biological_Process_2023,Skeletal Myofibril Assembly (GO:0014866),0.11677916525621423,0.36576125447051544,PROX1,1
GO_Biological_Process_2023,Skin Morphogenesis (GO:0043589),0.11677916525621423,0.36576125447051544,ITGB4,1
GO_Biological_Process_2023,Endothelial Cell Chemotaxis (GO:0035767),0.11677916525621423,0.36576125447051544,VEGFA,1
GO_Biological_Process_2023,Sphingosine-1-Phosphate Receptor Signaling Pathway (GO:0003376),0.11677916525621423,0.36576125447051544,S1PR1,1
GO_Biological_Process_2023,Fucose Catabolic Process (GO:0019317),0.11677916525621423,0.36576125447051544,FUT9,1
GO_Biological_Process_2023,Glutamine Transport (GO:0006868),0.11677916525621423,0.36576125447051544,SLC38A3,1
GO_Biological_Process_2023,Interleukin-12-Mediated Signaling Pathway (GO:0035722),0.11677916525621423,0.36576125447051544,PLCB1,1
GO_Biological_Process_2023,Intermembrane Lipid Transfer (GO:0120009),0.11677916525621423,0.36576125447051544,GLTP,1
GO_Biological_Process_2023,Lactation (GO:0007595),0.11677916525621423,0.36576125447051544,VEGFA,1
GO_Biological_Process_2023,Mesodermal Cell Differentiation (GO:0048333),0.11677916525621423,0.36576125447051544,ITGB4,1
GO_Biological_Process_2023,Negative Regulation Of Glial Cell Differentiation (GO:0045686),0.11677916525621423,0.36576125447051544,TMEM98,1
GO_Biological_Process_2023,Negative Regulation Of Lipase Activity (GO:0060192),0.11677916525621423,0.36576125447051544,SORT1,1
GO_Biological_Process_2023,Negative Regulation Of Long-Term Synaptic Potentiation (GO:1900272),0.11677916525621423,0.36576125447051544,PTN,1
GO_Biological_Process_2023,"Negative Regulation Of Retrograde Protein Transport, ER To Cytosol (GO:1904153)",0.11677916525621423,0.36576125447051544,SVIP,1
GO_Biological_Process_2023,Negative Regulation Of Systemic Arterial Blood Pressure (GO:0003085),0.11677916525621423,0.36576125447051544,GPR37L1,1
GO_Biological_Process_2023,Negative Regulation Of Transporter Activity (GO:0032410),0.11677916525621423,0.36576125447051544,OXSR1,1
GO_Biological_Process_2023,Neuronal Ion Channel Clustering (GO:0045161),0.11677916525621423,0.36576125447051544,CNTN2,1
GO_Biological_Process_2023,Peptidyl-Lysine Monomethylation (GO:0018026),0.11677916525621423,0.36576125447051544,SETD7,1
GO_Biological_Process_2023,Positive Regulation Of ATP Biosynthetic Process (GO:2001171),0.11677916525621423,0.36576125447051544,PPARGC1A,1
GO_Biological_Process_2023,Positive Regulation Of Blood Vessel Endothelial Cell Proliferation Involved In Sprouting Angiogenesis (GO:1903589),0.11677916525621423,0.36576125447051544,VEGFA,1
GO_Biological_Process_2023,Positive Regulation Of Extracellular Matrix Assembly (GO:1901203),0.11677916525621423,0.36576125447051544,PHLDB1,1
GO_Biological_Process_2023,Positive Regulation Of Macrophage Cytokine Production (GO:0060907),0.11677916525621423,0.36576125447051544,GPRC5B,1
GO_Biological_Process_2023,Positive Regulation Of Protein Kinase C Signaling (GO:0090037),0.11677916525621423,0.36576125447051544,VEGFA,1
GO_Biological_Process_2023,Presynaptic Membrane Assembly (GO:0097105),0.11677916525621423,0.36576125447051544,PTPRD,1
GO_Biological_Process_2023,Regulation Of ER-associated Ubiquitin-Dependent Protein Catabolic Process (GO:1903069),0.11677916525621423,0.36576125447051544,SVIP,1
GO_Biological_Process_2023,Regulation Of Protein Tyrosine Kinase Activity (GO:0061097),0.12092909367477916,0.36576125447051544,GRM5;GPRC5B,2
GO_Biological_Process_2023,Negative Regulation Of Cell-Substrate Adhesion (GO:0010812),0.12092909367477916,0.36576125447051544,SEMA3E;MAP4K4,2
GO_Biological_Process_2023,Odontogenesis (GO:0042476),0.12092909367477916,0.36576125447051544,OXSR1;FGFR2,2
GO_Biological_Process_2023,Organelle Transport Along Microtubule (GO:0072384),0.12092909367477916,0.36576125447051544,KIF5B;TRAK2,2
GO_Biological_Process_2023,Positive Regulation Of Intrinsic Apoptotic Signaling Pathway (GO:2001244),0.12092909367477916,0.36576125447051544,NACC2;SEPTIN4,2
GO_Biological_Process_2023,Positive Regulation Of Lipid Biosynthetic Process (GO:0046889),0.12092909367477916,0.36576125447051544,CREB1;ELOVL5,2
GO_Biological_Process_2023,Positive Regulation Of Cytoskeleton Organization (GO:0051495),0.12244157639940421,0.36576125447051544,CDC42EP2;CDC42EP1;PROX1,3
GO_Biological_Process_2023,Enzyme-Linked Receptor Protein Signaling Pathway (GO:0007167),0.12488824205993472,0.36576125447051544,PTPRD;TYRO3;PTN;FGFR2,4
GO_Biological_Process_2023,Heart Development (GO:0007507),0.12495348364370344,0.36576125447051544,SALL1;OXSR1;FGF12;APLN;VEGFA,5
GO_Biological_Process_2023,Regulation Of Protein Localization To Plasma Membrane (GO:1903076),0.12584654508013243,0.36576125447051544,KIF5B;TMBIM1;AKAP5,3
GO_Biological_Process_2023,Regulation Of Microtubule Polymerization (GO:0031113),0.12605772036266968,0.36576125447051544,SLAIN1;TUBB4A,2
GO_Biological_Process_2023,Negative Regulation Of Cell-Cell Adhesion (GO:0022408),0.12605772036266968,0.36576125447051544,WNK1;VEGFA,2
GO_Biological_Process_2023,Negative Regulation Of Protein Localization (GO:1903828),0.12605772036266968,0.36576125447051544,UBXN2B;GPM6B,2
GO_Biological_Process_2023,Regulation Of Autophagosome Assembly (GO:2000785),0.12605772036266968,0.36576125447051544,FEZ1;PIP4K2A,2
GO_Biological_Process_2023,Generation Of Neurons (GO:0048699),0.12718164731876672,0.36576125447051544,PTPRD;FUT9;ATP2B2;SEPTIN4;EML1,5
GO_Biological_Process_2023,Cytoskeleton-Dependent Cytokinesis (GO:0061640),0.1292853496672925,0.36576125447051544,ANLN;TRIM36;SEPTIN4,3
GO_Biological_Process_2023,B Cell Homeostasis (GO:0001782),0.13038618803432261,0.36576125447051544,DOCK10,1
GO_Biological_Process_2023,"DNA Damage Response, Signal Transduction Resulting In Transcription (GO:0042772)",0.13038618803432261,0.36576125447051544,HIPK2,1
GO_Biological_Process_2023,ER-associated Misfolded Protein Catabolic Process (GO:0071712),0.13038618803432261,0.36576125447051544,RNF5,1
GO_Biological_Process_2023,Golgi Inheritance (GO:0048313),0.13038618803432261,0.36576125447051544,GBF1,1
GO_Biological_Process_2023,Regulation Of Inflammatory Response To Wounding (GO:0106014),0.13038618803432261,0.36576125447051544,IL33,1
GO_Biological_Process_2023,T-helper 1 Type Immune Response (GO:0042088),0.13038618803432261,0.36576125447051544,TMEM98,1
GO_Biological_Process_2023,Adrenal Gland Development (GO:0030325),0.13038618803432261,0.36576125447051544,SALL1,1
GO_Biological_Process_2023,Alpha-Linolenic Acid Metabolic Process (GO:0036109),0.13038618803432261,0.36576125447051544,ELOVL5,1
GO_Biological_Process_2023,Camera-Type Eye Morphogenesis (GO:0048593),0.13038618803432261,0.36576125447051544,VEGFA,1
GO_Biological_Process_2023,Regulation Of Protein Lipidation (GO:1903059),0.13038618803432261,0.36576125447051544,SVIP,1
GO_Biological_Process_2023,Regulation Of Protein Localization To Centrosome (GO:1904779),0.13038618803432261,0.36576125447051544,UBXN2B,1
GO_Biological_Process_2023,Cell Differentiation In Spinal Cord (GO:0021515),0.13038618803432261,0.36576125447051544,SOX6,1
GO_Biological_Process_2023,Regulation Of Sequestering Of Calcium Ion (GO:0051282),0.13038618803432261,0.36576125447051544,UBASH3B,1
GO_Biological_Process_2023,Chloride Ion Homeostasis (GO:0055064),0.13038618803432261,0.36576125447051544,SLC12A2,1
GO_Biological_Process_2023,Response To Histamine (GO:0034776),0.13038618803432261,0.36576125447051544,GABRB2,1
GO_Biological_Process_2023,Smooth Muscle Tissue Development (GO:0048745),0.13038618803432261,0.36576125447051544,PROX1,1
GO_Biological_Process_2023,Forelimb Morphogenesis (GO:0035136),0.13038618803432261,0.36576125447051544,OXSR1,1
GO_Biological_Process_2023,Vasoconstriction (GO:0042310),0.13038618803432261,0.36576125447051544,EDNRB,1
GO_Biological_Process_2023,Mesenchymal To Epithelial Transition (GO:0060231),0.13038618803432261,0.36576125447051544,SALL1,1
GO_Biological_Process_2023,Mitotic Nuclear Membrane Organization (GO:0101024),0.13038618803432261,0.36576125447051544,REEP3,1
GO_Biological_Process_2023,Mitotic Nuclear Membrane Reassembly (GO:0007084),0.13038618803432261,0.36576125447051544,REEP3,1
GO_Biological_Process_2023,Monoatomic Anion Homeostasis (GO:0055081),0.13038618803432261,0.36576125447051544,SLC12A2,1
GO_Biological_Process_2023,Muscle Cell Migration (GO:0014812),0.13038618803432261,0.36576125447051544,MEGF10,1
GO_Biological_Process_2023,Myelin Assembly (GO:0032288),0.13038618803432261,0.36576125447051544,TPPP,1
GO_Biological_Process_2023,Myelin Maintenance (GO:0043217),0.13038618803432261,0.36576125447051544,MYRF,1
GO_Biological_Process_2023,Negative Regulation Of Bone Resorption (GO:0045779),0.13038618803432261,0.36576125447051544,UBASH3B,1
GO_Biological_Process_2023,Negative Regulation Of Cell Adhesion Mediated By Integrin (GO:0033629),0.13038618803432261,0.36576125447051544,WNK1,1
GO_Biological_Process_2023,Negative Regulation Of Cell-Cell Adhesion Mediated By Cadherin (GO:2000048),0.13038618803432261,0.36576125447051544,VEGFA,1
GO_Biological_Process_2023,Negative Regulation Of Delayed Rectifier Potassium Channel Activity (GO:1902260),0.13038618803432261,0.36576125447051544,KCNAB1,1
GO_Biological_Process_2023,Negative Regulation Of Heterotypic Cell-Cell Adhesion (GO:0034115),0.13038618803432261,0.36576125447051544,WNK1,1
GO_Biological_Process_2023,Negative Regulation Of Protein Autophosphorylation (GO:0031953),0.13038618803432261,0.36576125447051544,ENPP1,1
GO_Biological_Process_2023,Negative Regulation Of Protein Exit From Endoplasmic Reticulum (GO:0070862),0.13038618803432261,0.36576125447051544,SVIP,1
GO_Biological_Process_2023,Negative Regulation Of Protein Localization To Cell Surface (GO:2000009),0.13038618803432261,0.36576125447051544,GPM6B,1
GO_Biological_Process_2023,Negative Regulation Of Sodium Ion Transmembrane Transport (GO:1902306),0.13038618803432261,0.36576125447051544,OXSR1,1
GO_Biological_Process_2023,Negative Regulation Of Transcription By Competitive Promoter Binding (GO:0010944),0.13038618803432261,0.36576125447051544,CREB1,1
GO_Biological_Process_2023,Negative Regulation Of Transforming Growth Factor Beta Production (GO:0071635),0.13038618803432261,0.36576125447051544,LAPTM4B,1
GO_Biological_Process_2023,Neuron Projection Regeneration (GO:0031102),0.13038618803432261,0.36576125447051544,PTN,1
GO_Biological_Process_2023,Peptidyl-Lysine Dimethylation (GO:0018027),0.13038618803432261,0.36576125447051544,SETD7,1
GO_Biological_Process_2023,Phosphatidylcholine Catabolic Process (GO:0034638),0.13038618803432261,0.36576125447051544,PLA2G7,1
GO_Biological_Process_2023,Positive Regulation Of ATP Metabolic Process (GO:1903580),0.13038618803432261,0.36576125447051544,PPARGC1A,1
GO_Biological_Process_2023,Positive Regulation Of Acrosome Reaction (GO:2000344),0.13038618803432261,0.36576125447051544,PLCB1,1
GO_Biological_Process_2023,Positive Regulation Of Keratinocyte Migration (GO:0051549),0.13038618803432261,0.36576125447051544,MAP4K4,1
GO_Biological_Process_2023,Positive Regulation Of Lipase Activity (GO:0060193),0.13038618803432261,0.36576125447051544,FGFR2,1
GO_Biological_Process_2023,Positive Regulation Of Mesenchymal Cell Proliferation (GO:0002053),0.13038618803432261,0.36576125447051544,FGFR2,1
GO_Biological_Process_2023,Positive Regulation Of Protein Acetylation (GO:1901985),0.13038618803432261,0.36576125447051544,DIP2A,1
GO_Biological_Process_2023,Positive Regulation Of Tissue Remodeling (GO:0034105),0.13038618803432261,0.36576125447051544,TMBIM1,1
GO_Biological_Process_2023,Presynaptic Membrane Organization (GO:0097090),0.13038618803432261,0.36576125447051544,PTPRD,1
GO_Biological_Process_2023,Protein Insertion Into ER Membrane By Stop-Transfer Membrane-Anchor Sequence (GO:0045050),0.13038618803432261,0.36576125447051544,MMGT1,1
GO_Biological_Process_2023,Regulation Of PERK-mediated Unfolded Protein Response (GO:1903897),0.13038618803432261,0.36576125447051544,TMEM33,1
GO_Biological_Process_2023,Regulation Of Bile Acid Biosynthetic Process (GO:0070857),0.13038618803432261,0.36576125447051544,PROX1,1
GO_Biological_Process_2023,Regulation Of Cardiac Muscle Cell Differentiation (GO:2000725),0.13038618803432261,0.36576125447051544,SOX6,1
GO_Biological_Process_2023,Regulation Of Cell-Cell Adhesion Involved In Gastrulation (GO:0070587),0.13038618803432261,0.36576125447051544,WNK1,1
GO_Biological_Process_2023,Regulation Of Cell-Cell Adhesion Mediated By Integrin (GO:0033632),0.13038618803432261,0.36576125447051544,WNK1,1
GO_Biological_Process_2023,Regulation Of Cellular Extravasation (GO:0002691),0.13038618803432261,0.36576125447051544,FUT9,1
GO_Biological_Process_2023,Stem Cell Differentiation (GO:0048863),0.1312372092171248,0.3670227150735799,OXSR1;FGFR2,2
GO_Biological_Process_2023,Positive Regulation Of Actin Filament Polymerization (GO:0030838),0.1312372092171248,0.3670227150735799,CDC42EP2;CDC42EP1,2
GO_Biological_Process_2023,Negative Regulation Of Transcription By RNA Polymerase II (GO:0000122),0.1320444709895975,0.3687165457098837,IL33;DLX1;PAX6;PROX1;OXSR1;SOX10;MEIS2;SCRT1;ETV5;VEGFA;ZEB2;SALL1;EDNRB;NACC2;SOX8;FGFR2,16
GO_Biological_Process_2023,Sodium Ion Transmembrane Transport (GO:0035725),0.13275722464223616,0.36883785837614946,SLC12A2;PKD2L1;HCN2,3
GO_Biological_Process_2023,Regulation Of Anatomical Structure Morphogenesis (GO:0022603),0.132955418104564,0.36883785837614946,PHLDB1;KIF13B;FGFR2;SH3D19,4
GO_Biological_Process_2023,Vascular Transport (GO:0010232),0.1362614034334934,0.36883785837614946,SLC12A2;SLC44A1;SLC38A3,3
GO_Biological_Process_2023,Vesicle-Mediated Transport To The Plasma Membrane (GO:0098876),0.1362614034334934,0.36883785837614946,MICALL1;GOLGA7;EPS15,3
GO_Biological_Process_2023,Regulation Of Cell Division (GO:0051302),0.1362614034334934,0.36883785837614946,INSC;CCP110;FGFR2,3
GO_Biological_Process_2023,Positive Regulation Of Hydrolase Activity (GO:0051345),0.13627455339367583,0.36883785837614946,DOCK10;PKP4;RASGRP3;RAPGEF4;MAP4K4,5
GO_Biological_Process_2023,Regulation Of Osteoclast Differentiation (GO:0045670),0.13646479132576364,0.36883785837614946,UBASH3B;EEIG1,2
GO_Biological_Process_2023,Cardiac Ventricle Morphogenesis (GO:0003208),0.13646479132576364,0.36883785837614946,PROX1;FGFR2,2
GO_Biological_Process_2023,Protein Targeting (GO:0006605),0.1384497117085276,0.36883785837614946,MICALL1;KIF13B;GOLGA7;TRAK2,4
GO_Biological_Process_2023,Response To Amyloid-Beta (GO:1904645),0.14173777040837232,0.36883785837614946,NGFR;GRM5,2
GO_Biological_Process_2023,Energy Derivation By Oxidation Of Organic Compounds (GO:0015980),0.14173777040837232,0.36883785837614946,CYCS;PPARGC1A,2
GO_Biological_Process_2023,Glycolipid Biosynthetic Process (GO:0009247),0.14173777040837232,0.36883785837614946,FUT9;PIGQ,2
GO_Biological_Process_2023,Intracellular Glucose Homeostasis (GO:0001678),0.14173777040837232,0.36883785837614946,NGFR;PPARGC1A,2
GO_Biological_Process_2023,Positive Regulation Of Cell Division (GO:0051781),0.14173777040837232,0.36883785837614946,PKP4;FGFR2,2
GO_Biological_Process_2023,Positive Regulation Of Cell-Matrix Adhesion (GO:0001954),0.14173777040837232,0.36883785837614946,MAP4K4;VEGFA,2
GO_Biological_Process_2023,Positive Regulation Of miRNA Transcription (GO:1902895),0.14173777040837232,0.36883785837614946,NGFR;APLN,2
GO_Biological_Process_2023,Positive Regulation Of Stress Fiber Assembly (GO:0051496),0.14173777040837232,0.36883785837614946,LPAR1;PPM1E,2
GO_Biological_Process_2023,Regulation Of Cell-Cell Adhesion (GO:0022407),0.14173777040837232,0.36883785837614946,MEGF10;FUT9,2
GO_Biological_Process_2023,Cellular Respiration (GO:0045333),0.14336360362882217,0.36883785837614946,NDUFS8;CYCS;PPARGC1A,3
GO_Biological_Process_2023,Transport Across Blood-Brain Barrier (GO:0150104),0.14336360362882217,0.36883785837614946,SLC12A2;SLC44A1;SLC38A3,3
GO_Biological_Process_2023,Integrin-Mediated Signaling Pathway (GO:0007229),0.14336360362882217,0.36883785837614946,ITGB4;ERBIN;PTN,3
GO_Biological_Process_2023,L-serine Metabolic Process (GO:0006563),0.1437842498754481,0.36883785837614946,SERINC5,1
GO_Biological_Process_2023,T Cell Chemotaxis (GO:0010818),0.1437842498754481,0.36883785837614946,SLC12A2,1
GO_Biological_Process_2023,Acidic Amino Acid Transport (GO:0015800),0.1437842498754481,0.36883785837614946,SLC32A1,1
GO_Biological_Process_2023,Regulation Of Melanin Biosynthetic Process (GO:0048021),0.1437842498754481,0.36883785837614946,ZEB2,1
GO_Biological_Process_2023,Ammonium Transmembrane Transport (GO:0072488),0.1437842498754481,0.36883785837614946,SLC12A2,1
GO_Biological_Process_2023,Angiogenesis Involved In Wound Healing (GO:0060055),0.1437842498754481,0.36883785837614946,VEGFA,1
GO_Biological_Process_2023,Aromatic Amino Acid Family Catabolic Process (GO:0009074),0.1437842498754481,0.36883785837614946,QDPR,1
GO_Biological_Process_2023,Regulation Of Phospholipase Activity (GO:0010517),0.1437842498754481,0.36883785837614946,FGFR2,1
GO_Biological_Process_2023,Cellular Response To Interleukin-12 (GO:0071349),0.1437842498754481,0.36883785837614946,PLCB1,1
GO_Biological_Process_2023,Cellular Response To Interleukin-15 (GO:0071350),0.1437842498754481,0.36883785837614946,PLCB1,1
GO_Biological_Process_2023,Diol Metabolic Process (GO:0034311),0.1437842498754481,0.36883785837614946,SGPP2,1
GO_Biological_Process_2023,Serine Family Amino Acid Biosynthetic Process (GO:0009070),0.1437842498754481,0.36883785837614946,SERINC5,1
GO_Biological_Process_2023,Engulfment Of Apoptotic Cell (GO:0043652),0.1437842498754481,0.36883785837614946,MEGF10,1
GO_Biological_Process_2023,Surfactant Homeostasis (GO:0043129),0.1437842498754481,0.36883785837614946,VEGFA,1
GO_Biological_Process_2023,tRNA Threonylcarbamoyladenosine Metabolic Process (GO:0070525),0.1437842498754481,0.36883785837614946,TPRKB,1
GO_Biological_Process_2023,Glycine Transport (GO:0015816),0.1437842498754481,0.36883785837614946,SLC32A1,1
GO_Biological_Process_2023,Urogenital System Development (GO:0001655),0.1437842498754481,0.36883785837614946,OXSR1,1
GO_Biological_Process_2023,Induction Of Positive Chemotaxis (GO:0050930),0.1437842498754481,0.36883785837614946,VEGFA,1
GO_Biological_Process_2023,Insulin-Like Growth Factor Receptor Signaling Pathway (GO:0048009),0.1437842498754481,0.36883785837614946,PLCB1,1
GO_Biological_Process_2023,Interleukin-15-Mediated Signaling Pathway (GO:0035723),0.1437842498754481,0.36883785837614946,PLCB1,1
GO_Biological_Process_2023,Lens Fiber Cell Differentiation (GO:0070306),0.1437842498754481,0.36883785837614946,PLAAT3,1
GO_Biological_Process_2023,Mesonephros Development (GO:0001823),0.1437842498754481,0.36883785837614946,OXSR1,1
GO_Biological_Process_2023,Metanephric Mesenchyme Development (GO:0072075),0.1437842498754481,0.36883785837614946,OXSR1,1
GO_Biological_Process_2023,Monocyte Differentiation (GO:0030224),0.1437842498754481,0.36883785837614946,VEGFA,1
GO_Biological_Process_2023,Negative Regulation Of Hydrogen Peroxide-Induced Cell Death (GO:1903206),0.1437842498754481,0.36883785837614946,GPR37L1,1
GO_Biological_Process_2023,Negative Regulation Of Lymphocyte Migration (GO:2000402),0.1437842498754481,0.36883785837614946,PADI2,1
GO_Biological_Process_2023,Negative Regulation Of Sodium Ion Transmembrane Transporter Activity (GO:2000650),0.1437842498754481,0.36883785837614946,OXSR1,1
GO_Biological_Process_2023,Negative Regulation Of Steroid Biosynthetic Process (GO:0010894),0.1437842498754481,0.36883785837614946,PROX1,1
GO_Biological_Process_2023,Nucleoside Triphosphate Metabolic Process (GO:0009141),0.1437842498754481,0.36883785837614946,ENPP1,1
GO_Biological_Process_2023,Positive Regulation Of Chondrocyte Differentiation (GO:0032332),0.1437842498754481,0.36883785837614946,SOX6,1
GO_Biological_Process_2023,Positive Regulation Of Dendrite Development (GO:1900006),0.1437842498754481,0.36883785837614946,PTN,1
GO_Biological_Process_2023,Positive Regulation Of Epidermal Growth Factor-Activated Receptor Activity (GO:0045741),0.1437842498754481,0.36883785837614946,TGFA,1
GO_Biological_Process_2023,Positive Regulation Of Integrin Activation (GO:0033625),0.1437842498754481,0.36883785837614946,P2RY12,1
GO_Biological_Process_2023,Positive Regulation Of Nitric-Oxide Synthase Biosynthetic Process (GO:0051770),0.1437842498754481,0.36883785837614946,IL33,1
GO_Biological_Process_2023,Protein Kinase C-activating G Protein-Coupled Receptor Signaling Pathway (GO:0007205),0.1437842498754481,0.36883785837614946,PRKD3,1
GO_Biological_Process_2023,Receptor-Mediated Endocytosis Of Virus By Host Cell (GO:0019065),0.1437842498754481,0.36883785837614946,EPS15,1
GO_Biological_Process_2023,Regulation Of Axon Regeneration (GO:0048679),0.1437842498754481,0.36883785837614946,PTN,1
GO_Biological_Process_2023,Endosomal Transport (GO:0016197),0.14564766579334223,0.3730946508907884,LAPTM4B;SORT1;MICALL1;GBF1;EPS15,5
GO_Biological_Process_2023,Epithelial Cell Differentiation (GO:0030855),0.14685885975823693,0.3740763429619959,PLAAT3;PROX1;FGFR2;VEGFA,4
GO_Biological_Process_2023,Regulation Of Insulin Receptor Signaling Pathway (GO:0046626),0.14705352137215694,0.3740763429619959,ENPP1;PIP4K2A,2
GO_Biological_Process_2023,Cellular Response To Ketone (GO:1901655),0.14705352137215694,0.3740763429619959,CREB1;GNAI1,2
GO_Biological_Process_2023,Extracellular Matrix Disassembly (GO:0022617),0.14705352137215694,0.3740763429619959,ADAMTS4;MMP15,2
GO_Biological_Process_2023,Phosphatidylinositol Phosphate Biosynthetic Process (GO:0046854),0.14705352137215694,0.3740763429619959,PIP4K2A;PIK3C2B,2
GO_Biological_Process_2023,Negative Regulation Of Cell Motility (GO:2000146),0.14970529281783448,0.3756036015539811,NGFR;CLIC4;TMEFF2;PLXNB3,4
GO_Biological_Process_2023,Transmembrane Receptor Protein Tyrosine Kinase Signaling Pathway (GO:0007169),0.15010617206118942,0.3756036015539811,UBASH3B;SORT1;TYRO3;GAB1;PLCB1;FGFR2;VEGFA,7
GO_Biological_Process_2023,Glucose Homeostasis (GO:0042593),0.1505858136599502,0.3756036015539811,NGFR;PAX6;PPARGC1A,3
GO_Biological_Process_2023,Regulation Of Endothelial Cell Migration (GO:0010594),0.15424000734368132,0.3756036015539811,PROX1;PTN;VEGFA,3
GO_Biological_Process_2023,Positive Regulation Of Cell Adhesion (GO:0045785),0.15424000734368132,0.3756036015539811,P2RY12;MEGF10;VEGFA,3
GO_Biological_Process_2023,Phosphate-Containing Compound Metabolic Process (GO:0006796),0.15528955169615563,0.3756036015539811,PTPRD;INPP5J;ENPP1;PLAAT3;DUSP15,5
GO_Biological_Process_2023,Golgi To Lysosome Transport (GO:0090160),0.15697654933803734,0.3756036015539811,SORT1,1
GO_Biological_Process_2023,Regulation Of Keratinocyte Migration (GO:0051547),0.15697654933803734,0.3756036015539811,MAP4K4,1
GO_Biological_Process_2023,Regulation Of Leukocyte Tethering Or Rolling (GO:1903236),0.15697654933803734,0.3756036015539811,FUT9,1
GO_Biological_Process_2023,Regulation Of Mesenchymal Cell Proliferation (GO:0010464),0.15697654933803734,0.3756036015539811,FGFR2,1
GO_Biological_Process_2023,Regulation Of Microtubule-Based Movement (GO:0060632),0.15697654933803734,0.3756036015539811,NEFH,1
GO_Biological_Process_2023,Aspartate Family Amino Acid Catabolic Process (GO:0009068),0.15697654933803734,0.3756036015539811,ASPA,1
GO_Biological_Process_2023,Cell Differentiation In Hindbrain (GO:0021533),0.15697654933803734,0.3756036015539811,PROX1,1
GO_Biological_Process_2023,Cell Part Morphogenesis (GO:0032990),0.15697654933803734,0.3756036015539811,PACSIN2,1
GO_Biological_Process_2023,Regulation Of Stress-Activated Protein Kinase Signaling Cascade (GO:0070302),0.15697654933803734,0.3756036015539811,RNF13,1
GO_Biological_Process_2023,Digestive System Development (GO:0055123),0.15697654933803734,0.3756036015539811,FGFR2,1
GO_Biological_Process_2023,Skeletal Muscle Fiber Development (GO:0048741),0.15697654933803734,0.3756036015539811,MYORG,1
GO_Biological_Process_2023,Smooth Muscle Cell Differentiation (GO:0051145),0.15697654933803734,0.3756036015539811,EDNRB,1
GO_Biological_Process_2023,Sphingoid Metabolic Process (GO:0046519),0.15697654933803734,0.3756036015539811,SGPP2,1
GO_Biological_Process_2023,Lysosomal Membrane Organization (GO:0097212),0.15697654933803734,0.3756036015539811,LAPTM4B,1
GO_Biological_Process_2023,Macrophage Chemotaxis (GO:0048246),0.15697654933803734,0.3756036015539811,EDNRB,1
GO_Biological_Process_2023,Magnesium Ion Transport (GO:0015693),0.15697654933803734,0.3756036015539811,MMGT1,1
GO_Biological_Process_2023,Melanocyte Differentiation (GO:0030318),0.15697654933803734,0.3756036015539811,ENPP1,1
GO_Biological_Process_2023,Mitochondrion Distribution (GO:0048311),0.15697654933803734,0.3756036015539811,TRAK2,1
GO_Biological_Process_2023,Negative Regulation Of Amyloid Fibril Formation (GO:1905907),0.15697654933803734,0.3756036015539811,CRYAB,1
GO_Biological_Process_2023,Negative Regulation Of Bone Remodeling (GO:0046851),0.15697654933803734,0.3756036015539811,UBASH3B,1
GO_Biological_Process_2023,Negative Regulation Of Glucose Transmembrane Transport (GO:0010829),0.15697654933803734,0.3756036015539811,ENPP1,1
GO_Biological_Process_2023,Negative Regulation Of Leukocyte Chemotaxis (GO:0002689),0.15697654933803734,0.3756036015539811,PADI2,1
GO_Biological_Process_2023,Negative Regulation Of Microtubule Polymerization (GO:0031115),0.15697654933803734,0.3756036015539811,TUBB4A,1
GO_Biological_Process_2023,Negative Regulation Of Nitrogen Compound Metabolic Process (GO:0051172),0.15697654933803734,0.3756036015539811,EDNRB,1
GO_Biological_Process_2023,Negative Regulation Of Potassium Ion Transmembrane Transport (GO:1901380),0.15697654933803734,0.3756036015539811,OXSR1,1
GO_Biological_Process_2023,Negative Regulation Of Vascular Permeability (GO:0043116),0.15697654933803734,0.3756036015539811,VEGFA,1
GO_Biological_Process_2023,Negative Regulation Of Voltage-Gated Potassium Channel Activity (GO:1903817),0.15697654933803734,0.3756036015539811,KCNAB1,1
GO_Biological_Process_2023,Neurotransmitter Biosynthetic Process (GO:0042136),0.15697654933803734,0.3756036015539811,GAD1,1
GO_Biological_Process_2023,Nucleoside Phosphate Biosynthetic Process (GO:1901293),0.15697654933803734,0.3756036015539811,ME1,1
GO_Biological_Process_2023,Nucleoside Phosphate Catabolic Process (GO:1901292),0.15697654933803734,0.3756036015539811,ENPP1,1
GO_Biological_Process_2023,Pentose-Phosphate Shunt (GO:0006098),0.15697654933803734,0.3756036015539811,PHACTR1,1
GO_Biological_Process_2023,Phasic Smooth Muscle Contraction (GO:0014821),0.15697654933803734,0.3756036015539811,EDNRB,1
GO_Biological_Process_2023,Phosphatidylinositol-3-Phosphate Biosynthetic Process (GO:0036092),0.15697654933803734,0.3756036015539811,PIK3C2B,1
GO_Biological_Process_2023,Podocyte Differentiation (GO:0072112),0.15697654933803734,0.3756036015539811,MYO1E,1
GO_Biological_Process_2023,Positive Regulation Of Endoplasmic Reticulum Unfolded Protein Response (GO:1900103),0.15697654933803734,0.3756036015539811,TMEM33,1
GO_Biological_Process_2023,Positive Regulation Of Vascular Permeability (GO:0043117),0.15697654933803734,0.3756036015539811,VEGFA,1
GO_Biological_Process_2023,Presynapse Organization (GO:0099172),0.15697654933803734,0.3756036015539811,PTPRD,1
GO_Biological_Process_2023,Protein Polyglutamylation (GO:0018095),0.15697654933803734,0.3756036015539811,TTLL7,1
GO_Biological_Process_2023,Regulation Of Adipose Tissue Development (GO:1904177),0.15697654933803734,0.3756036015539811,PLAAT3,1
GO_Biological_Process_2023,Amino Acid Transport (GO:0006865),0.15780318506342436,0.3756036015539811,SLC32A1;SLC38A3,2
GO_Biological_Process_2023,Epithelial Cell Migration (GO:0010631),0.15780318506342436,0.3756036015539811,ANLN;ZEB2,2
GO_Biological_Process_2023,Cellular Response To Chemical Stress (GO:0062197),0.15792190792510194,0.3756036015539811,PRR5L;PPARGC1A;ETV5,3
GO_Biological_Process_2023,Regulation Of Vesicle-Mediated Transport (GO:0060627),0.15792190792510194,0.3756036015539811,LGI3;PACSIN2;SEPTIN4,3
GO_Biological_Process_2023,Sodium Ion Transport (GO:0006814),0.15792190792510194,0.3756036015539811,SLC12A2;PKD2L1;HCN2,3
GO_Biological_Process_2023,Cognition (GO:0050890),0.16323218959137997,0.384737928039227,GRM5;GPR155,2
GO_Biological_Process_2023,Response To Organonitrogen Compound (GO:0010243),0.16323218959137997,0.384737928039227,CREB1;RNF5,2
GO_Biological_Process_2023,Negative Regulation Of Hydrolase Activity (GO:0051346),0.16323218959137997,0.384737928039227,WNK1;PLXNB3,2
GO_Biological_Process_2023,Negative Regulation Of DNA-templated Transcription (GO:0045892),0.16560520633139855,0.384737928039227,IL33;DLX1;PAX6;PROX1;FOXN3;OXSR1;SOX10;MEIS2;SCRT1;ETV5;VEGFA;ZEB2;CREB1;SALL1;EDNRB;NACC2;SOX8;PLCB1;CRYAB;FGFR2,20
GO_Biological_Process_2023,Cytoplasmic Microtubule Organization (GO:0031122),0.16869414667822524,0.384737928039227,SLAIN1;TPPP,2
GO_Biological_Process_2023,Positive Regulation Of Neuron Projection Development (GO:0010976),0.16912624295881112,0.384737928039227,FUT9;PLXNB3;PTN,3
GO_Biological_Process_2023,acetyl-CoA Biosynthetic Process (GO:0006085),0.1699662361157438,0.384737928039227,DIP2A,1
GO_Biological_Process_2023,Regulation Of Leukocyte Adhesion To Vascular Endothelial Cell (GO:1904994),0.1699662361157438,0.384737928039227,FUT9,1
GO_Biological_Process_2023,Regulation Of Lymphocyte Migration (GO:2000401),0.1699662361157438,0.384737928039227,JAM2,1
GO_Biological_Process_2023,Adipose Tissue Development (GO:0060612),0.1699662361157438,0.384737928039227,SOX8,1
GO_Biological_Process_2023,Alanine Transport (GO:0032328),0.1699662361157438,0.384737928039227,SLC38A3,1
GO_Biological_Process_2023,Atrial Cardiac Muscle Tissue Development (GO:0003228),0.1699662361157438,0.384737928039227,PROX1,1
GO_Biological_Process_2023,Cell Projection Assembly (GO:0030031),0.1699662361157438,0.384737928039227,NEFH,1
GO_Biological_Process_2023,"Regulation Of Retrograde Protein Transport, ER To Cytosol (GO:1904152)",0.1699662361157438,0.384737928039227,SVIP,1
GO_Biological_Process_2023,Cellular Response To Acidic pH (GO:0071468),0.1699662361157438,0.384737928039227,PKD2L1,1
GO_Biological_Process_2023,Response To Muramyl Dipeptide (GO:0032495),0.1699662361157438,0.384737928039227,ERBIN,1
GO_Biological_Process_2023,Semaphorin-Plexin Signaling Pathway Involved In Neuron Projection Guidance (GO:1902285),0.1699662361157438,0.384737928039227,PLXNB3,1
GO_Biological_Process_2023,Synaptic Membrane Adhesion (GO:0099560),0.1699662361157438,0.384737928039227,PTPRD,1
GO_Biological_Process_2023,Eye Photoreceptor Cell Differentiation (GO:0001754),0.1699662361157438,0.384737928039227,VEGFA,1
GO_Biological_Process_2023,Glucose Import (GO:0046323),0.1699662361157438,0.384737928039227,SORT1,1
GO_Biological_Process_2023,Low-Density Lipoprotein Particle Remodeling (GO:0034374),0.1699662361157438,0.384737928039227,PLA2G7,1
GO_Biological_Process_2023,Macrophage Migration (GO:1905517),0.1699662361157438,0.384737928039227,EDNRB,1
GO_Biological_Process_2023,"Mitochondrial Electron Transport, Ubiquinol To Cytochrome C (GO:0006122)",0.1699662361157438,0.384737928039227,CYCS,1
GO_Biological_Process_2023,Negative Regulation Of Mononuclear Cell Migration (GO:0071676),0.1699662361157438,0.384737928039227,PLCB1,1
GO_Biological_Process_2023,Nuclear Body Organization (GO:0030575),0.1699662361157438,0.384737928039227,HIPK2,1
GO_Biological_Process_2023,Nucleotide Metabolic Process (GO:0009117),0.1699662361157438,0.384737928039227,ME1,1
GO_Biological_Process_2023,Phosphate Ion Homeostasis (GO:0055062),0.1699662361157438,0.384737928039227,ENPP1,1
GO_Biological_Process_2023,Polysaccharide Biosynthetic Process (GO:0000271),0.1699662361157438,0.384737928039227,FUT9,1
GO_Biological_Process_2023,Positive Regulation Of Cell Morphogenesis Involved In Differentiation (GO:0010770),0.1699662361157438,0.384737928039227,PTPRD,1
GO_Biological_Process_2023,Positive Regulation Of Fatty Acid Oxidation (GO:0046321),0.1699662361157438,0.384737928039227,PPARGC1A,1
GO_Biological_Process_2023,Positive Regulation Of mRNA Metabolic Process (GO:1903313),0.1699662361157438,0.384737928039227,PRR5L,1
GO_Biological_Process_2023,Positive Regulation Of Neuroinflammatory Response (GO:0150078),0.1699662361157438,0.384737928039227,IL33,1
GO_Biological_Process_2023,Positive Regulation Of Neuron Migration (GO:2001224),0.1699662361157438,0.384737928039227,SHTN1,1
GO_Biological_Process_2023,Positive Regulation Of Purine Nucleotide Biosynthetic Process (GO:1900373),0.1699662361157438,0.384737928039227,PPARGC1A,1
GO_Biological_Process_2023,Positive Regulation Of Ruffle Assembly (GO:1900029),0.1699662361157438,0.384737928039227,P2RY12,1
GO_Biological_Process_2023,Positive Regulation Of Vascular Endothelial Cell Proliferation (GO:1905564),0.1699662361157438,0.384737928039227,APLN,1
GO_Biological_Process_2023,pre-miRNA Processing (GO:0031054),0.1699662361157438,0.384737928039227,AGO3,1
GO_Biological_Process_2023,Quaternary Ammonium Group Transport (GO:0015697),0.1699662361157438,0.384737928039227,SLC44A1,1
GO_Biological_Process_2023,Regulation Of Acrosome Reaction (GO:0060046),0.1699662361157438,0.384737928039227,PLCB1,1
GO_Biological_Process_2023,Regulation Of Endothelial Cell Proliferation (GO:0001936),0.17291137520909458,0.3899567265812996,PLXNB3;PROX1;VEGFA,3
GO_Biological_Process_2023,Regulation Of Peptidyl-Serine Phosphorylation (GO:0033135),0.17291137520909458,0.3899567265812996,RASSF2;INPP5J;VEGFA,3
GO_Biological_Process_2023,Positive Regulation Of Cellular Component Biogenesis (GO:0044089),0.17291137520909458,0.3899567265812996,CDC42EP2;TPPP;VEGFA,3
GO_Biological_Process_2023,Erythrocyte Differentiation (GO:0030218),0.17418676446161807,0.3913852484033163,HIPK2;VEGFA,2
GO_Biological_Process_2023,Neurogenesis (GO:0022008),0.17418676446161807,0.3913852484033163,LPAR1;TRAK2,2
GO_Biological_Process_2023,Positive Regulation Of miRNA Metabolic Process (GO:2000630),0.17418676446161807,0.3913852484033163,NGFR;APLN,2
GO_Biological_Process_2023,Vesicle Organization (GO:0016050),0.17672042975883978,0.3923256777045071,LAPTM4B;SORT1;EPS15,3
GO_Biological_Process_2023,Negative Regulation Of Cell Projection Organization (GO:0031345),0.17970781340123204,0.3923256777045071,MAG;LPAR1,2
GO_Biological_Process_2023,Plasma Membrane Bounded Cell Projection Morphogenesis (GO:0120039),0.17970781340123204,0.3923256777045071,SHTN1;MAP4K4,2
GO_Biological_Process_2023,Positive Regulation Of Developmental Growth (GO:0048639),0.17970781340123204,0.3923256777045071,SHTN1;PLCB1,2
GO_Biological_Process_2023,Positive Regulation Of Fat Cell Differentiation (GO:0045600),0.17970781340123204,0.3923256777045071,FNDC5;CREB1,2
GO_Biological_Process_2023,Positive Regulation Of Epithelial Cell Migration (GO:0010634),0.18055265877797086,0.3923256777045071,PROX1;MAP4K4;VEGFA,3
GO_Biological_Process_2023,ERBB2 Signaling Pathway (GO:0038128),0.18275641192139971,0.3923256777045071,TGFA,1
GO_Biological_Process_2023,Regulation Of Leukocyte Migration (GO:0002685),0.18275641192139971,0.3923256777045071,VEGFA,1
GO_Biological_Process_2023,acyl-CoA Biosynthetic Process (GO:0071616),0.18275641192139971,0.3923256777045071,DIP2A,1
GO_Biological_Process_2023,Regulation Of Macrophage Cytokine Production (GO:0010935),0.18275641192139971,0.3923256777045071,GPRC5B,1
GO_Biological_Process_2023,Regulation Of Nitric-Oxide Synthase Biosynthetic Process (GO:0051769),0.18275641192139971,0.3923256777045071,IL33,1
GO_Biological_Process_2023,Body Fluid Secretion (GO:0007589),0.18275641192139971,0.3923256777045071,VEGFA,1
GO_Biological_Process_2023,Regulation Of Trophoblast Cell Migration (GO:1901163),0.18275641192139971,0.3923256777045071,VEGFA,1
GO_Biological_Process_2023,Chondroitin Sulfate Biosynthetic Process (GO:0030206),0.18275641192139971,0.3923256777045071,CHST3,1
GO_Biological_Process_2023,Clathrin Coat Assembly (GO:0048268),0.18275641192139971,0.3923256777045071,EPS15,1
GO_Biological_Process_2023,Cranial Nerve Development (GO:0021545),0.18275641192139971,0.3923256777045071,SALL1,1
GO_Biological_Process_2023,Signal Peptide Processing (GO:0006465),0.18275641192139971,0.3923256777045071,SEC11C,1
GO_Biological_Process_2023,Endoplasmic Reticulum Mannose Trimming (GO:1904380),0.18275641192139971,0.3923256777045071,RNF5,1
GO_Biological_Process_2023,Endothelial Cell Differentiation (GO:0045446),0.18275641192139971,0.3923256777045071,PROX1,1
GO_Biological_Process_2023,Eye Photoreceptor Cell Development (GO:0042462),0.18275641192139971,0.3923256777045071,VEGFA,1
GO_Biological_Process_2023,Glomerular Filtration (GO:0003094),0.18275641192139971,0.3923256777045071,MYO1E,1
GO_Biological_Process_2023,Intracellular Potassium Ion Homeostasis (GO:0030007),0.18275641192139971,0.3923256777045071,SLC12A2,1
GO_Biological_Process_2023,Mature B Cell Differentiation Involved In Immune Response (GO:0002313),0.18275641192139971,0.3923256777045071,DOCK10,1
GO_Biological_Process_2023,Membrane Depolarization During Action Potential (GO:0086010),0.18275641192139971,0.3923256777045071,HCN2,1
GO_Biological_Process_2023,Microvillus Organization (GO:0032528),0.18275641192139971,0.3923256777045071,MAP4K4,1
GO_Biological_Process_2023,Negative Regulation Of Bone Mineralization (GO:0030502),0.18275641192139971,0.3923256777045071,ENPP1,1
GO_Biological_Process_2023,Negative Regulation Of Myoblast Differentiation (GO:0045662),0.18275641192139971,0.3923256777045071,SOX8,1
GO_Biological_Process_2023,Negative Regulation Of Toll-Like Receptor Signaling Pathway (GO:0034122),0.18275641192139971,0.3923256777045071,TYRO3,1
GO_Biological_Process_2023,Positive Regulation Of Brown Fat Cell Differentiation (GO:0090336),0.18275641192139971,0.3923256777045071,FNDC5,1
GO_Biological_Process_2023,Positive Regulation Of Cardiac Muscle Cell Proliferation (GO:0060045),0.18275641192139971,0.3923256777045071,FGFR2,1
GO_Biological_Process_2023,Positive Regulation Of Fatty Acid Biosynthetic Process (GO:0045723),0.18275641192139971,0.3923256777045071,ELOVL5,1
GO_Biological_Process_2023,Positive Regulation Of Histone Deacetylation (GO:0031065),0.18275641192139971,0.3923256777045071,VEGFA,1
GO_Biological_Process_2023,Protein Hydroxylation (GO:0018126),0.18275641192139971,0.3923256777045071,PLOD1,1
GO_Biological_Process_2023,Protein Import Into Peroxisome Matrix (GO:0016558),0.18275641192139971,0.3923256777045071,PEX5L,1
GO_Biological_Process_2023,Protein Localization To Phagophore Assembly Site (GO:0034497),0.18275641192139971,0.3923256777045071,PACS2,1
GO_Biological_Process_2023,Purine Ribonucleoside Bisphosphate Metabolic Process (GO:0034035),0.18275641192139971,0.3923256777045071,ENPP1,1
GO_Biological_Process_2023,Regulation Of IRE1-mediated Unfolded Protein Response (GO:1903894),0.18275641192139971,0.3923256777045071,TMEM33,1
GO_Biological_Process_2023,Regulation Of Cell Projection Organization (GO:0031344),0.18275641192139971,0.3923256777045071,ERMN,1
GO_Biological_Process_2023,Regulation Of Stress-Activated MAPK Cascade (GO:0032872),0.18525512491125176,0.39616419893770005,PHLPP1;MAP4K4,2
GO_Biological_Process_2023,Positive Regulation Of Actin Filament Bundle Assembly (GO:0032233),0.18525512491125176,0.39616419893770005,LPAR1;PPM1E,2
GO_Biological_Process_2023,Positive Regulation Of Protein Localization To Plasma Membrane (GO:1903078),0.18525512491125176,0.39616419893770005,KIF5B;AKAP5,2
GO_Biological_Process_2023,Positive Regulation Of Protein Kinase Activity (GO:0045860),0.18541090994569231,0.39616419893770005,GRM5;GPRC5B;RASSF2;VEGFA,4
GO_Biological_Process_2023,Monocarboxylic Acid Metabolic Process (GO:0032787),0.18828366789894904,0.40095141712691557,FA2H;GATM;ME1,3
GO_Biological_Process_2023,Cartilage Development (GO:0051216),0.1908265901006792,0.40095141712691557,OXSR1;SOX6,2
GO_Biological_Process_2023,Sprouting Angiogenesis (GO:0002040),0.1908265901006792,0.40095141712691557,SEMA3E;VEGFA,2
GO_Biological_Process_2023,Dephosphorylation (GO:0016311),0.1916150696948267,0.40095141712691557,PTPRD;DUSP15;PPM1E;SGPP2,4
GO_Biological_Process_2023,Phosphatidylinositol Biosynthetic Process (GO:0006661),0.19218097197292272,0.40095141712691557,PIGQ;INPP5J;SYNJ2,3
GO_Biological_Process_2023,Positive Regulation Of Protein-Containing Complex Assembly (GO:0031334),0.19218097197292272,0.40095141712691557,CDC42EP2;TPPP;VEGFA,3
GO_Biological_Process_2023,Regulation Of Hemopoiesis (GO:1903706),0.19535013119922356,0.40095141712691557,PTN,1
GO_Biological_Process_2023,Bone Morphogenesis (GO:0060349),0.19535013119922356,0.40095141712691557,FGFR2,1
GO_Biological_Process_2023,Cardiac Cell Development (GO:0055006),0.19535013119922356,0.40095141712691557,VEGFA,1
GO_Biological_Process_2023,Cellular Response To ATP (GO:0071318),0.19535013119922356,0.40095141712691557,P2RY12,1
GO_Biological_Process_2023,Ceramide Transport (GO:0035627),0.19535013119922356,0.40095141712691557,GLTP,1
GO_Biological_Process_2023,Renal Water Homeostasis (GO:0003091),0.19535013119922356,0.40095141712691557,AQP4,1
GO_Biological_Process_2023,Respiratory Electron Transport Chain (GO:0022904),0.19535013119922356,0.40095141712691557,PPARGC1A,1
GO_Biological_Process_2023,Electron Transport Chain (GO:0022900),0.19535013119922356,0.40095141712691557,PPARGC1A,1
GO_Biological_Process_2023,Embryonic Cranial Skeleton Morphogenesis (GO:0048701),0.19535013119922356,0.40095141712691557,FGFR2,1
GO_Biological_Process_2023,Striated Muscle Cell Development (GO:0055002),0.19535013119922356,0.40095141712691557,TMOD1,1
GO_Biological_Process_2023,Establishment Of Spindle Localization (GO:0051293),0.19535013119922356,0.40095141712691557,MAP4,1
GO_Biological_Process_2023,Glucosamine-Containing Compound Metabolic Process (GO:1901071),0.19535013119922356,0.40095141712691557,CHST3,1
GO_Biological_Process_2023,Membrane Raft Organization (GO:0031579),0.19535013119922356,0.40095141712691557,FA2H,1
GO_Biological_Process_2023,miRNA-mediated Gene Silencing By Inhibition Of Translation (GO:0035278),0.19535013119922356,0.40095141712691557,AGO3,1
GO_Biological_Process_2023,Microvillus Assembly (GO:0030033),0.19535013119922356,0.40095141712691557,MAP4K4,1
GO_Biological_Process_2023,Mitochondrion Transport Along Microtubule (GO:0047497),0.19535013119922356,0.40095141712691557,NEFL,1
GO_Biological_Process_2023,Myotube Cell Development (GO:0014904),0.19535013119922356,0.40095141712691557,MYORG,1
GO_Biological_Process_2023,Negative Regulation Of Cilium Assembly (GO:1902018),0.19535013119922356,0.40095141712691557,MAP4,1
GO_Biological_Process_2023,Neuron Cell-Cell Adhesion (GO:0007158),0.19535013119922356,0.40095141712691557,NRXN3,1
GO_Biological_Process_2023,Pancreas Development (GO:0031016),0.19535013119922356,0.40095141712691557,PROX1,1
GO_Biological_Process_2023,Photoreceptor Cell Development (GO:0042461),0.19535013119922356,0.40095141712691557,VEGFA,1
GO_Biological_Process_2023,Positive Regulation Of Endothelial Cell Chemotaxis (GO:2001028),0.19535013119922356,0.40095141712691557,VEGFA,1
GO_Biological_Process_2023,Positive Regulation Of Histone Acetylation (GO:0035066),0.19535013119922356,0.40095141712691557,PPARGC1A,1
GO_Biological_Process_2023,Positive Regulation Of Long-Term Synaptic Potentiation (GO:1900273),0.19535013119922356,0.40095141712691557,AKAP5,1
GO_Biological_Process_2023,Positive Regulation Of Membrane Protein Ectodomain Proteolysis (GO:0051044),0.19535013119922356,0.40095141712691557,SH3D19,1
GO_Biological_Process_2023,Positive Regulation Of Transcription From RNA Polymerase II Promoter Involved In Cellular Response To Chemical Stimulus (GO:1901522),0.19535013119922356,0.40095141712691557,VEGFA,1
GO_Biological_Process_2023,Positive Regulation Of Transporter Activity (GO:0032411),0.19535013119922356,0.40095141712691557,PPARGC1A,1
GO_Biological_Process_2023,Regulation Of ATP Biosynthetic Process (GO:2001169),0.19535013119922356,0.40095141712691557,PPARGC1A,1
GO_Biological_Process_2023,Regulation Of Bone Remodeling (GO:0046850),0.19535013119922356,0.40095141712691557,S1PR1,1
GO_Biological_Process_2023,Actin Cytoskeleton Reorganization (GO:0031532),0.19642015841755953,0.40095141712691557,S1PR1;PHACTR1,2
GO_Biological_Process_2023,Blood Vessel Morphogenesis (GO:0048514),0.19642015841755953,0.40095141712691557,PROX1;VEGFA,2
GO_Biological_Process_2023,Regulation Of Proteasomal Protein Catabolic Process (GO:0061136),0.19642015841755953,0.40095141712691557,DESI1;GNA12,2
GO_Biological_Process_2023,Cellular Response To Alcohol (GO:0097306),0.19642015841755953,0.40095141712691557,CREB1;GNAI1,2
GO_Biological_Process_2023,Gonad Development (GO:0008406),0.19642015841755953,0.40095141712691557,SALL1;SOX8,2
GO_Biological_Process_2023,Regulation Of Organelle Organization (GO:0033043),0.20003552270751823,0.4078762218863443,CLIC4;ZEB2;TMEM33,3
GO_Biological_Process_2023,Regulation Of Exocytosis (GO:0017157),0.20203383626142332,0.4101219606239104,LGI3;SEPTIN4,2
GO_Biological_Process_2023,Regulation Of Myoblast Differentiation (GO:0045661),0.20203383626142332,0.4101219606239104,SOX8;PLCB1,2
GO_Biological_Process_2023,Negative Regulation Of Neuron Projection Development (GO:0010977),0.20203383626142332,0.4101219606239104,MAG;LPAR1,2
GO_Biological_Process_2023,Protein K63-linked Ubiquitination (GO:0070534),0.20203383626142332,0.4101219606239104,ZFP91;RNF5,2
GO_Biological_Process_2023,"Regulation Of Synaptic Transmission, Glutamatergic (GO:0051966)",0.20766568594817436,0.4103406963152315,GRM3;GRM5,2
GO_Biological_Process_2023,Regulation Of Cellular Response To Heat (GO:1900034),0.2077504017429767,0.4103406963152315,CHORDC1,1
GO_Biological_Process_2023,3'-Phosphoadenosine 5'-Phosphosulfate Metabolic Process (GO:0050427),0.2077504017429767,0.4103406963152315,ENPP1,1
GO_Biological_Process_2023,Regulation Of Clathrin-Dependent Endocytosis (GO:2000369),0.2077504017429767,0.4103406963152315,BMP2K,1
GO_Biological_Process_2023,DNA Double-Strand Break Processing (GO:0000729),0.2077504017429767,0.4103406963152315,EXD2,1
GO_Biological_Process_2023,N-acetylglucosamine Metabolic Process (GO:0006044),0.2077504017429767,0.4103406963152315,CHST3,1
GO_Biological_Process_2023,Regulation Of Intrinsic Apoptotic Signaling Pathway In Response To DNA Damage (GO:1902229),0.2077504017429767,0.4103406963152315,NACC2,1
GO_Biological_Process_2023,Activation Of NF-kappaB-inducing Kinase Activity (GO:0007250),0.2077504017429767,0.4103406963152315,ZFP91,1
GO_Biological_Process_2023,Regulation Of Lipoprotein Lipase Activity (GO:0051004),0.2077504017429767,0.4103406963152315,SORT1,1
GO_Biological_Process_2023,Cardiac Myofibril Assembly (GO:0055003),0.2077504017429767,0.4103406963152315,PROX1,1
GO_Biological_Process_2023,Regulation Of Systemic Arterial Blood Pressure (GO:0003073),0.2077504017429767,0.4103406963152315,GPR37L1,1
GO_Biological_Process_2023,Renal Filtration (GO:0097205),0.2077504017429767,0.4103406963152315,MYO1E,1
GO_Biological_Process_2023,Digestive Tract Morphogenesis (GO:0048546),0.2077504017429767,0.4103406963152315,FGFR2,1
GO_Biological_Process_2023,Epiboly Involved In Wound Healing (GO:0090505),0.2077504017429767,0.4103406963152315,TMEFF2,1
GO_Biological_Process_2023,Stem Cell Development (GO:0048864),0.2077504017429767,0.4103406963152315,SOX8,1
GO_Biological_Process_2023,Glutamine Family Amino Acid Catabolic Process (GO:0009065),0.2077504017429767,0.4103406963152315,GAD1,1
GO_Biological_Process_2023,Negative Regulation Of Epithelial Cell Differentiation (GO:0030857),0.2077504017429767,0.4103406963152315,OXSR1,1
GO_Biological_Process_2023,Neurotrophin Signaling Pathway (GO:0038179),0.2077504017429767,0.4103406963152315,SORT1,1
GO_Biological_Process_2023,Oogenesis (GO:0048477),0.2077504017429767,0.4103406963152315,PTN,1
GO_Biological_Process_2023,Positive Regulation Of Cyclin-Dependent Protein Serine/Threonine Kinase Activity (GO:0045737),0.2077504017429767,0.4103406963152315,PROX1,1
GO_Biological_Process_2023,Positive Regulation Of Glucose Metabolic Process (GO:0010907),0.2077504017429767,0.4103406963152315,PPARGC1A,1
GO_Biological_Process_2023,Positive Regulation Of Potassium Ion Transport (GO:0043268),0.2077504017429767,0.4103406963152315,KIF5B,1
GO_Biological_Process_2023,Positive Regulation Of Sprouting Angiogenesis (GO:1903672),0.2077504017429767,0.4103406963152315,VEGFA,1
GO_Biological_Process_2023,Presynapse Assembly (GO:0099054),0.2077504017429767,0.4103406963152315,PTPRD,1
GO_Biological_Process_2023,Regulation Of Amyloid Fibril Formation (GO:1905906),0.2077504017429767,0.4103406963152315,CRYAB,1
GO_Biological_Process_2023,Inorganic Cation Import Across Plasma Membrane (GO:0098659),0.2119563808525063,0.4181965702041359,SLC12A2;KCNJ10;HCN2,3
GO_Biological_Process_2023,Positive Regulation Of Cell Population Proliferation (GO:0008284),0.2129844676449016,0.4186868612449324,MEGF10;TGFA;SOX8;PROX1;PTN;OXSR1;S100B;MEIS2;FGFR2;VEGFA,10
GO_Biological_Process_2023,Cellular Response To Peptide (GO:1901653),0.21331382421613335,0.4186868612449324,NGFR;GRM5,2
GO_Biological_Process_2023,Peptide Metabolic Process (GO:0006518),0.21331382421613335,0.4186868612449324,CPD;SEC11C,2
GO_Biological_Process_2023,Regulation Of Canonical Wnt Signaling Pathway (GO:0060828),0.21531875832270045,0.4186868612449324,GPRC5B;ZEB2;WNK1;FAM53B;FGFR2,5
GO_Biological_Process_2023,Positive Regulation Of Inflammatory Response (GO:0050729),0.2159642256239815,0.4186868612449324,IL33;GPRC5B;PLA2G7,3
GO_Biological_Process_2023,Positive Regulation Of Kinase Activity (GO:0033674),0.2159642256239815,0.4186868612449324,RASSF2;TYRO3;FGFR2,3
GO_Biological_Process_2023,Positive Regulation Of Vasculature Development (GO:1904018),0.2159642256239815,0.4186868612449324,GAB1;HIPK2;VEGFA,3
GO_Biological_Process_2023,Chemokine-Mediated Signaling Pathway (GO:0070098),0.2189764212265011,0.4186868612449324,WNK1;OXSR1,2
GO_Biological_Process_2023,Signal Transduction In Response To DNA Damage (GO:0042770),0.2189764212265011,0.4186868612449324,MYO6;NDRG1,2
GO_Biological_Process_2023,Monoatomic Anion Transport (GO:0006820),0.2189764212265011,0.4186868612449324,CLIC4;LRRC8B,2
GO_Biological_Process_2023,Regulation Of Establishment Of Endothelial Barrier (GO:1903140),0.21996018550273033,0.4186868612449324,VEGFA,1
GO_Biological_Process_2023,Regulation Of Fatty Acid Oxidation (GO:0046320),0.21996018550273033,0.4186868612449324,PPARGC1A,1
GO_Biological_Process_2023,acetyl-CoA Metabolic Process (GO:0006084),0.21996018550273033,0.4186868612449324,DIP2A,1
GO_Biological_Process_2023,Activation Of Cysteine-Type Endopeptidase Activity (GO:0097202),0.21996018550273033,0.4186868612449324,CYCS,1
GO_Biological_Process_2023,Regulation Of Protein Kinase A Signaling (GO:0010738),0.21996018550273033,0.4186868612449324,AKAP5,1
GO_Biological_Process_2023,Regulation Of Protein Kinase C Signaling (GO:0090036),0.21996018550273033,0.4186868612449324,VEGFA,1
GO_Biological_Process_2023,Cell Communication By Electrical Coupling Involved In Cardiac Conduction (GO:0086064),0.21996018550273033,0.4186868612449324,GJC3,1
GO_Biological_Process_2023,Regulation Of Secretion (GO:0051046),0.21996018550273033,0.4186868612449324,MYO6,1
GO_Biological_Process_2023,Regulation Of Stem Cell Proliferation (GO:0072091),0.21996018550273033,0.4186868612449324,AGO3,1
GO_Biological_Process_2023,Cellular Response To Gamma Radiation (GO:0071480),0.21996018550273033,0.4186868612449324,CRYAB,1
GO_Biological_Process_2023,Chondroitin Sulfate Metabolic Process (GO:0030204),0.21996018550273033,0.4186868612449324,CHST3,1
GO_Biological_Process_2023,Tail-Anchored Membrane Protein Insertion Into ER Membrane (GO:0071816),0.21996018550273033,0.4186868612449324,MMGT1,1
GO_Biological_Process_2023,Intracellular Cholesterol Transport (GO:0032367),0.21996018550273033,0.4186868612449324,PIP4K2A,1
GO_Biological_Process_2023,Membrane Depolarization During Cardiac Muscle Cell Action Potential (GO:0086012),0.21996018550273033,0.4186868612449324,HCN2,1
GO_Biological_Process_2023,"Mitochondrial Electron Transport, Cytochrome C To Oxygen (GO:0006123)",0.21996018550273033,0.4186868612449324,CYCS,1
GO_Biological_Process_2023,Positive Regulation Of Autophagosome Assembly (GO:2000786),0.21996018550273033,0.4186868612449324,PIP4K2A,1
GO_Biological_Process_2023,Positive Regulation Of Cardiac Muscle Tissue Growth (GO:0055023),0.21996018550273033,0.4186868612449324,FGFR2,1
GO_Biological_Process_2023,Positive Regulation Of Cell Migration Involved In Sprouting Angiogenesis (GO:0090050),0.21996018550273033,0.4186868612449324,VEGFA,1
GO_Biological_Process_2023,Positive Regulation Of Lymphocyte Migration (GO:2000403),0.21996018550273033,0.4186868612449324,JAM2,1
GO_Biological_Process_2023,Positive Regulation Of Myeloid Leukocyte Cytokine Production Involved In Immune Response (GO:0061081),0.21996018550273033,0.4186868612449324,GPRC5B,1
GO_Biological_Process_2023,Positive Regulation Of Positive Chemotaxis (GO:0050927),0.21996018550273033,0.4186868612449324,VEGFA,1
GO_Biological_Process_2023,"Protein Alpha-1,2-Demannosylation (GO:0036508)",0.21996018550273033,0.4186868612449324,RNF5,1
GO_Biological_Process_2023,Protein Localization To Endoplasmic Reticulum (GO:0070972),0.21996018550273033,0.4186868612449324,GBF1,1
GO_Biological_Process_2023,Cellular Response To Organonitrogen Compound (GO:0071417),0.2199880118405577,0.4186868612449324,P2RY12;GABRB2;HCN2,3
GO_Biological_Process_2023,Inorganic Anion Transport (GO:0015698),0.22465169923919434,0.4224864599740089,CLIC4;ENPP1,2
GO_Biological_Process_2023,Memory (GO:0007613),0.22465169923919434,0.4224864599740089,PTN;PLCB1,2
GO_Biological_Process_2023,Positive Regulation Of Signal Transduction (GO:0009967),0.22798859893682244,0.4224864599740089,SALL1;BMP2K;FGFR2;MYORG;KLK6;VEGFA,6
GO_Biological_Process_2023,Regulation Of miRNA Transcription (GO:1902893),0.23033793150966414,0.4224864599740089,NGFR;APLN,2
GO_Biological_Process_2023,Microtubule Cytoskeleton Organization Involved In Mitosis (GO:1902850),0.23033793150966414,0.4224864599740089,MAP4;EML1,2
GO_Biological_Process_2023,Mitotic Cytokinesis (GO:0000281),0.23033793150966414,0.4224864599740089,ANLN;TRIM36,2
GO_Biological_Process_2023,Negative Regulation Of Protein-Containing Complex Assembly (GO:0031333),0.23033793150966414,0.4224864599740089,CRYAB;SVIP,2
GO_Biological_Process_2023,Negative Regulation Of Signal Transduction (GO:0009968),0.2304797626161425,0.4224864599740089,UBASH3B;TMBIM1;TYRO3;PIP4K2A;ENPP1;APLN,6
GO_Biological_Process_2023,Regulation Of Delayed Rectifier Potassium Channel Activity (GO:1902259),0.23198239914578056,0.4224864599740089,KCNAB1,1
GO_Biological_Process_2023,G Protein-Coupled Acetylcholine Receptor Signaling Pathway (GO:0007213),0.23198239914578056,0.4224864599740089,PLCB1,1
GO_Biological_Process_2023,Regulation Of Establishment Of Cell Polarity (GO:2000114),0.23198239914578056,0.4224864599740089,SHTN1,1
GO_Biological_Process_2023,Golgi To Vacuole Transport (GO:0006896),0.23198239914578056,0.4224864599740089,SORT1,1
GO_Biological_Process_2023,Regulation Of Leukocyte Chemotaxis (GO:0002688),0.23198239914578056,0.4224864599740089,PTN,1
GO_Biological_Process_2023,Amyloid Precursor Protein Metabolic Process (GO:0042982),0.23198239914578056,0.4224864599740089,KLK6,1
GO_Biological_Process_2023,Aorta Morphogenesis (GO:0035909),0.23198239914578056,0.4224864599740089,PROX1,1
GO_Biological_Process_2023,cGMP-mediated Signaling (GO:0019934),0.23198239914578056,0.4224864599740089,GUCY1A1,1
GO_Biological_Process_2023,Cell Migration Involved In Sprouting Angiogenesis (GO:0002042),0.23198239914578056,0.4224864599740089,VEGFA,1
GO_Biological_Process_2023,Regulation Of Tubulin Deacetylation (GO:0090043),0.23198239914578056,0.4224864599740089,TPPP,1
GO_Biological_Process_2023,Regulation Of Vacuole Organization (GO:0044088),0.23198239914578056,0.4224864599740089,LAPTM4B,1
GO_Biological_Process_2023,Response To Acidic pH (GO:0010447),0.23198239914578056,0.4224864599740089,PKD2L1,1
GO_Biological_Process_2023,Diol Biosynthetic Process (GO:0034312),0.23198239914578056,0.4224864599740089,QDPR,1
GO_Biological_Process_2023,Sensory Perception Of Taste (GO:0050909),0.23198239914578056,0.4224864599740089,PKD2L1,1
GO_Biological_Process_2023,Extracellular Matrix Assembly (GO:0085029),0.23198239914578056,0.4224864599740089,GPM6B,1
GO_Biological_Process_2023,Transepithelial Transport (GO:0070633),0.23198239914578056,0.4224864599740089,SLC12A2,1
GO_Biological_Process_2023,Intracellular Estrogen Receptor Signaling Pathway (GO:0030520),0.23198239914578056,0.4224864599740089,PADI2,1
GO_Biological_Process_2023,Leukocyte Tethering Or Rolling (GO:0050901),0.23198239914578056,0.4224864599740089,JAM2,1
GO_Biological_Process_2023,Mesenchyme Development (GO:0060485),0.23198239914578056,0.4224864599740089,FGFR2,1
GO_Biological_Process_2023,Muscle Tissue Morphogenesis (GO:0060415),0.23198239914578056,0.4224864599740089,PROX1,1
GO_Biological_Process_2023,Negative Regulation Of Striated Muscle Cell Differentiation (GO:0051154),0.23198239914578056,0.4224864599740089,SOX6,1
GO_Biological_Process_2023,Negative Regulation Of Vascular Associated Smooth Muscle Cell Proliferation (GO:1904706),0.23198239914578056,0.4224864599740089,APLN,1
GO_Biological_Process_2023,Neural Tube Development (GO:0021915),0.23198239914578056,0.4224864599740089,PROX1,1
GO_Biological_Process_2023,Nicotinamide Nucleotide Metabolic Process (GO:0046496),0.23198239914578056,0.4224864599740089,ME1,1
GO_Biological_Process_2023,Nuclear Envelope Organization (GO:0006998),0.23198239914578056,0.4224864599740089,REEP3,1
GO_Biological_Process_2023,Peptidyl-Threonine Dephosphorylation (GO:0035970),0.23198239914578056,0.4224864599740089,PPM1E,1
GO_Biological_Process_2023,Polyol Metabolic Process (GO:0019751),0.23198239914578056,0.4224864599740089,INPP5J,1
GO_Biological_Process_2023,Positive Regulation Of Cartilage Development (GO:0061036),0.23198239914578056,0.4224864599740089,SOX6,1
GO_Biological_Process_2023,Positive Regulation Of Cell Adhesion Mediated By Integrin (GO:0033630),0.23198239914578056,0.4224864599740089,P2RY12,1
GO_Biological_Process_2023,Positive Regulation Of Dendrite Morphogenesis (GO:0050775),0.23198239914578056,0.4224864599740089,PTPRD,1
GO_Biological_Process_2023,Positive Regulation Of Glial Cell Differentiation (GO:0045687),0.23198239914578056,0.4224864599740089,PTN,1
GO_Biological_Process_2023,Positive Regulation Of Macrophage Activation (GO:0043032),0.23198239914578056,0.4224864599740089,IL33,1
GO_Biological_Process_2023,Positive Regulation Of Transcription From RNA Polymerase II Promoter In Response To Stress (GO:0036003),0.23198239914578056,0.4224864599740089,VEGFA,1
GO_Biological_Process_2023,Regulation Of Brown Fat Cell Differentiation (GO:0090335),0.23198239914578056,0.4224864599740089,FNDC5,1
GO_Biological_Process_2023,Regulation Of Cartilage Development (GO:0061035),0.23198239914578056,0.4224864599740089,SOX6,1
GO_Biological_Process_2023,Glycerophospholipid Biosynthetic Process (GO:0046474),0.23214810949911371,0.4224864599740089,SLC44A1;INPP5J;SYNJ2,3
GO_Biological_Process_2023,Homophilic Cell Adhesion Via Plasma Membrane Adhesion Molecules (GO:0007156),0.23603344113970887,0.42756148083525397,PLXNB3;CNTN2,2
GO_Biological_Process_2023,Cellular Response To Salt (GO:1902075),0.23622878273642267,0.42756148083525397,P2RY12;SLC12A2;CLIC4,3
GO_Biological_Process_2023,Regulation Of Wnt Signaling Pathway (GO:0030111),0.23622878273642267,0.42756148083525397,SALL1;FAM53B;FGFR2,3
GO_Biological_Process_2023,Autophagosome Organization (GO:1905037),0.24173659999637134,0.42756148083525397,UBXN2B;PACS2,2
GO_Biological_Process_2023,Positive Regulation Of Organelle Assembly (GO:1902117),0.24173659999637134,0.42756148083525397,CCP110;PIP4K2A,2
GO_Biological_Process_2023,Positive Regulation Of Nucleic Acid-Templated Transcription (GO:1903508),0.2417387887494806,0.42756148083525397,CREB1;SALL1;TMEM98;MYRF;SOX8;PAX6;PLCB1;SOX10;PPARGC1A;HIPK2;CREB5,11
GO_Biological_Process_2023,Positive Regulation Of Cell Migration (GO:0030335),0.2430628919174635,0.42756148083525397,SHTN1;SEMA6D;GAB1;SEMA3E;MAP4K4;VEGFA,6
GO_Biological_Process_2023,Negative Regulation Of Cell Migration (GO:0030336),0.24333584338567318,0.42756148083525397,NGFR;CLIC4;TMEFF2;PLXNB3,4
GO_Biological_Process_2023,Nitrogen Compound Transport (GO:0071705),0.24333584338567318,0.42756148083525397,SLC48A1;SLC12A2;SLC38A3;SFXN5,4
GO_Biological_Process_2023,Regulation Of Epithelial Cell Differentiation (GO:0030856),0.24381991498697095,0.42756148083525397,OXSR1,1
GO_Biological_Process_2023,Regulation Of Establishment Or Maintenance Of Cell Polarity (GO:0032878),0.24381991498697095,0.42756148083525397,SHTN1,1
GO_Biological_Process_2023,T-helper Cell Differentiation (GO:0042093),0.24381991498697095,0.42756148083525397,TMEM98,1
GO_Biological_Process_2023,Branching Involved In Ureteric Bud Morphogenesis (GO:0001658),0.24381991498697095,0.42756148083525397,SALL1,1
GO_Biological_Process_2023,Cardiac Atrium Morphogenesis (GO:0003209),0.24381991498697095,0.42756148083525397,PROX1,1
GO_Biological_Process_2023,Cardiac Muscle Cell Contraction (GO:0086003),0.24381991498697095,0.42756148083525397,FGF12,1
GO_Biological_Process_2023,Regulation Of Vascular Endothelial Cell Proliferation (GO:1905562),0.24381991498697095,0.42756148083525397,APLN,1
GO_Biological_Process_2023,Response To Axon Injury (GO:0048678),0.24381991498697095,0.42756148083525397,P2RY12,1
GO_Biological_Process_2023,Response To Organophosphorus (GO:0046683),0.24381991498697095,0.42756148083525397,ENPP1,1
GO_Biological_Process_2023,Detection Of Mechanical Stimulus (GO:0050982),0.24381991498697095,0.42756148083525397,PKD2L1,1
GO_Biological_Process_2023,Glycerolipid Catabolic Process (GO:0046503),0.24381991498697095,0.42756148083525397,ENPP6,1
GO_Biological_Process_2023,Ureteric Bud Morphogenesis (GO:0060675),0.24381991498697095,0.42756148083525397,SALL1,1
GO_Biological_Process_2023,Heart Trabecula Morphogenesis (GO:0061384),0.24381991498697095,0.42756148083525397,S1PR1,1
GO_Biological_Process_2023,Intracellular Lipid Transport (GO:0032365),0.24381991498697095,0.42756148083525397,GLTP,1
GO_Biological_Process_2023,Intracellular Sodium Ion Homeostasis (GO:0006883),0.24381991498697095,0.42756148083525397,SLC12A2,1
GO_Biological_Process_2023,Myoblast Fusion (GO:0007520),0.24381991498697095,0.42756148083525397,JAM2,1
GO_Biological_Process_2023,Negative Regulation Of Nervous System Development (GO:0051961),0.24381991498697095,0.42756148083525397,PAX6,1
GO_Biological_Process_2023,Neural Crest Cell Differentiation (GO:0014033),0.24381991498697095,0.42756148083525397,SOX8,1
GO_Biological_Process_2023,Neuron Fate Commitment (GO:0048663),0.24381991498697095,0.42756148083525397,PAX6,1
GO_Biological_Process_2023,Nitric Oxide Mediated Signal Transduction (GO:0007263),0.24381991498697095,0.42756148083525397,GUCY1A1,1
GO_Biological_Process_2023,Positive Regulation Of CREB Transcription Factor Activity (GO:0032793),0.24381991498697095,0.42756148083525397,VEGFA,1
GO_Biological_Process_2023,Positive Regulation Of G Protein-Coupled Receptor Signaling Pathway (GO:0045745),0.24381991498697095,0.42756148083525397,KLK6,1
GO_Biological_Process_2023,Positive Regulation Of Cyclin-Dependent Protein Kinase Activity (GO:1904031),0.24381991498697095,0.42756148083525397,PROX1,1
GO_Biological_Process_2023,Positive Regulation Of Macrophage Migration (GO:1905523),0.24381991498697095,0.42756148083525397,P2RY12,1
GO_Biological_Process_2023,Positive Regulation Of Monocyte Chemotaxis (GO:0090026),0.24381991498697095,0.42756148083525397,PLA2G7,1
GO_Biological_Process_2023,Positive Regulation Of Osteoclast Differentiation (GO:0045672),0.24381991498697095,0.42756148083525397,EEIG1,1
GO_Biological_Process_2023,Positive Regulation Of Phosphoprotein Phosphatase Activity (GO:0032516),0.24381991498697095,0.42756148083525397,GNA12,1
GO_Biological_Process_2023,Positive Regulation Of Stress-Activated Protein Kinase Signaling Cascade (GO:0070304),0.24381991498697095,0.42756148083525397,RNF13,1
GO_Biological_Process_2023,Regulation Of Cell-Cell Adhesion Mediated By Cadherin (GO:2000047),0.24381991498697095,0.42756148083525397,VEGFA,1
GO_Biological_Process_2023,Regulation Of Embryonic Development (GO:0045995),0.24744582754042654,0.4326753523627535,PHLDB1;PLCB1,2
GO_Biological_Process_2023,Fat Cell Differentiation (GO:0045444),0.24744582754042654,0.4326753523627535,SOX8;PPARGC1A,2
GO_Biological_Process_2023,Negative Regulation Of Kinase Activity (GO:0033673),0.24744582754042654,0.4326753523627535,UBASH3B;PPM1E,2
GO_Biological_Process_2023,Small GTPase Mediated Signal Transduction (GO:0007264),0.24854336093193283,0.43345528915444115,SHTN1;RASGRP3;RAPGEF4,3
GO_Biological_Process_2023,Protein Deubiquitination (GO:0016579),0.24854336093193283,0.43345528915444115,USP31;DESI1;JOSD2,3
GO_Biological_Process_2023,Plasma Membrane Bounded Cell Projection Assembly (GO:0120031),0.2507091749902256,0.43345528915444115,P2RY12;SHTN1;GBF1;S1PR1;FHDC1;MAP4K4,6
GO_Biological_Process_2023,Positive Regulation Of Cellular Component Organization (GO:0051130),0.2526702215388568,0.43345528915444115,CDC42EP2;TPPP;VEGFA,3
GO_Biological_Process_2023,NADP Metabolic Process (GO:0006739),0.2554755613496378,0.43345528915444115,ME1,1
GO_Biological_Process_2023,Regulation Of Insulin-Like Growth Factor Receptor Signaling Pathway (GO:0043567),0.2554755613496378,0.43345528915444115,MYORG,1
GO_Biological_Process_2023,Regulation Of Neuroinflammatory Response (GO:0150077),0.2554755613496378,0.43345528915444115,IL33,1
GO_Biological_Process_2023,Calcium-Independent Cell-Cell Adhesion Via Plasma Membrane Cell-Adhesion Molecules (GO:0016338),0.2554755613496378,0.43345528915444115,CLDN11,1
GO_Biological_Process_2023,Cardiac Ventricle Development (GO:0003231),0.2554755613496378,0.43345528915444115,SALL1,1
GO_Biological_Process_2023,Cellular Response To Misfolded Protein (GO:0071218),0.2554755613496378,0.43345528915444115,RNF5,1
GO_Biological_Process_2023,Regulation Of Vascular Endothelial Growth Factor Signaling Pathway (GO:1900746),0.2554755613496378,0.43345528915444115,VEGFA,1
GO_Biological_Process_2023,Chondroitin Sulfate Proteoglycan Biosynthetic Process (GO:0050650),0.2554755613496378,0.43345528915444115,CHST3,1
GO_Biological_Process_2023,Cyclic Nucleotide Biosynthetic Process (GO:0009190),0.2554755613496378,0.43345528915444115,GUCY1A1,1
GO_Biological_Process_2023,Dopaminergic Neuron Differentiation (GO:0071542),0.2554755613496378,0.43345528915444115,VEGFA,1
GO_Biological_Process_2023,Sphingosine Metabolic Process (GO:0006670),0.2554755613496378,0.43345528915444115,SGPP2,1
GO_Biological_Process_2023,Establishment Of Skin Barrier (GO:0061436),0.2554755613496378,0.43345528915444115,FA2H,1
GO_Biological_Process_2023,Eye Morphogenesis (GO:0048592),0.2554755613496378,0.43345528915444115,VEGFA,1
GO_Biological_Process_2023,Fluid Transport (GO:0042044),0.2554755613496378,0.43345528915444115,AQP4,1
GO_Biological_Process_2023,Glycosphingolipid Biosynthetic Process (GO:0006688),0.2554755613496378,0.43345528915444115,FUT9,1
GO_Biological_Process_2023,Water Transport (GO:0006833),0.2554755613496378,0.43345528915444115,AQP4,1
GO_Biological_Process_2023,Interleukin-1-Mediated Signaling Pathway (GO:0070498),0.2554755613496378,0.43345528915444115,PLCB1,1
GO_Biological_Process_2023,Intrinsic Apoptotic Signaling Pathway In Response To DNA Damage By P53 Class Mediator (GO:0042771),0.2554755613496378,0.43345528915444115,HIPK2,1
GO_Biological_Process_2023,Leukocyte Adhesion To Vascular Endothelial Cell (GO:0061756),0.2554755613496378,0.43345528915444115,JAM2,1
GO_Biological_Process_2023,Linoleic Acid Metabolic Process (GO:0043651),0.2554755613496378,0.43345528915444115,ELOVL5,1
GO_Biological_Process_2023,Mesoderm Development (GO:0007498),0.2554755613496378,0.43345528915444115,VEGFA,1
GO_Biological_Process_2023,Multicellular Organismal-Level Water Homeostasis (GO:0050891),0.2554755613496378,0.43345528915444115,AQP4,1
GO_Biological_Process_2023,Negative Regulation Of Leukocyte Cell-Cell Adhesion (GO:1903038),0.2554755613496378,0.43345528915444115,WNK1,1
GO_Biological_Process_2023,Neuron Apoptotic Process (GO:0051402),0.2554755613496378,0.43345528915444115,NGFR,1
GO_Biological_Process_2023,Nucleotide Biosynthetic Process (GO:0009165),0.2554755613496378,0.43345528915444115,ME1,1
GO_Biological_Process_2023,Phosphatidylcholine Biosynthetic Process (GO:0006656),0.2554755613496378,0.43345528915444115,SLC44A1,1
GO_Biological_Process_2023,Positive Regulation Of Alpha-Beta T Cell Activation (GO:0046635),0.2554755613496378,0.43345528915444115,HSPH1,1
GO_Biological_Process_2023,Receptor Clustering (GO:0043113),0.2554755613496378,0.43345528915444115,PTN,1
GO_Biological_Process_2023,Response To Endoplasmic Reticulum Stress (GO:0034976),0.2568070073630399,0.4349074226546296,TMEM33;RNF5;PDIA4,3
GO_Biological_Process_2023,Protein Modification By Small Protein Removal (GO:0070646),0.2568070073630399,0.4349074226546296,USP31;DESI1;JOSD2,3
GO_Biological_Process_2023,Regulation Of Secretion By Cell (GO:1903530),0.25887639821619063,0.43760160105121315,LGI3;SEPTIN4,2
GO_Biological_Process_2023,Endocytic Recycling (GO:0032456),0.25887639821619063,0.43760160105121315,MICALL1;EPS15,2
GO_Biological_Process_2023,Autophagosome Assembly (GO:0000045),0.2645948089506401,0.44427246029178064,UBXN2B;PACS2,2
GO_Biological_Process_2023,Regulation Of Membrane Depolarization (GO:0003254),0.2669521234886096,0.44427246029178064,HCN2,1
GO_Biological_Process_2023,Calcium-Mediated Signaling Using Intracellular Calcium Source (GO:0035584),0.2669521234886096,0.44427246029178064,GRM5,1
GO_Biological_Process_2023,Regulation Of Spindle Organization (GO:0090224),0.2669521234886096,0.44427246029178064,GNAI1,1
GO_Biological_Process_2023,Regulation Of Toll-Like Receptor Signaling Pathway (GO:0034121),0.2669521234886096,0.44427246029178064,TYRO3,1
GO_Biological_Process_2023,Cellular Response To pH (GO:0071467),0.2669521234886096,0.44427246029178064,PKD2L1,1
GO_Biological_Process_2023,Endoplasmic Reticulum Calcium Ion Homeostasis (GO:0032469),0.2669521234886096,0.44427246029178064,PACS2,1
GO_Biological_Process_2023,Epithelial Cilium Movement Involved In Extracellular Fluid Movement (GO:0003351),0.2669521234886096,0.44427246029178064,AQP4,1
GO_Biological_Process_2023,Striated Muscle Cell Differentiation (GO:0051146),0.2669521234886096,0.44427246029178064,SORT1,1
GO_Biological_Process_2023,Glutamate Metabolic Process (GO:0006536),0.2669521234886096,0.44427246029178064,GAD1,1
GO_Biological_Process_2023,Mesoderm Formation (GO:0001707),0.2669521234886096,0.44427246029178064,ITGB4,1
GO_Biological_Process_2023,Negative Regulation Of Protein Localization To Cell Periphery (GO:1904376),0.2669521234886096,0.44427246029178064,TMBIM1,1
GO_Biological_Process_2023,Negative Regulation Of Protein Localization To Plasma Membrane (GO:1903077),0.2669521234886096,0.44427246029178064,TMBIM1,1
GO_Biological_Process_2023,Positive Regulation Of Leukocyte Activation (GO:0002696),0.2669521234886096,0.44427246029178064,IL33,1
GO_Biological_Process_2023,Positive Regulation Of Phospholipase Activity (GO:0010518),0.2669521234886096,0.44427246029178064,FGFR2,1
GO_Biological_Process_2023,Regulation Of Calcium Ion Transmembrane Transport (GO:1903169),0.2669521234886096,0.44427246029178064,UBASH3B,1
GO_Biological_Process_2023,Regulation Of Cardiac Muscle Cell Proliferation (GO:0060043),0.2669521234886096,0.44427246029178064,FGFR2,1
GO_Biological_Process_2023,Cellular Response To Oxidative Stress (GO:0034599),0.2692706054562201,0.4473169276834029,PRR5L;PPARGC1A;ETV5,3
GO_Biological_Process_2023,Positive Regulation Of Protein Serine/Threonine Kinase Activity (GO:0071902),0.2692706054562201,0.4473169276834029,TGFA;PROX1;VEGFA,3
GO_Biological_Process_2023,Metal Ion Transport (GO:0030001),0.2702900012043246,0.44860291488449155,KCNJ10;MMGT1;KCNAB1;ATP2B2,4
GO_Biological_Process_2023,Positive Regulation Of Cell Differentiation (GO:0045597),0.27141700068885505,0.4500649993290262,DLX1;GPRC5B;CREB1;PTN;SOX6;PLCB1,6
GO_Biological_Process_2023,Positive Regulation Of Cell Cycle Process (GO:0090068),0.2734408173840277,0.45301019474219806,UBXN2B;TGFA;PKP4,3
GO_Biological_Process_2023,Activation Of Cysteine-Type Endopeptidase Activity Involved In Apoptotic Process (GO:0006919),0.27603087756684636,0.45520888859170766,NGFR;CYCS,2
GO_Biological_Process_2023,Regulation Of Protein Kinase Activity (GO:0045859),0.2776178533870959,0.45520888859170766,RASSF2;UBASH3B;PPM1E,3
GO_Biological_Process_2023,Positive Regulation Of Angiogenesis (GO:0045766),0.2776178533870959,0.45520888859170766,GAB1;HIPK2;VEGFA,3
GO_Biological_Process_2023,Regulation Of Membrane Protein Ectodomain Proteolysis (GO:0051043),0.2782523441473642,0.45520888859170766,SH3D19,1
GO_Biological_Process_2023,Skin Epidermis Development (GO:0098773),0.2782523441473642,0.45520888859170766,FA2H,1
GO_Biological_Process_2023,Sodium Ion Import Across Plasma Membrane (GO:0098719),0.2782523441473642,0.45520888859170766,SLC12A2,1
GO_Biological_Process_2023,Lipid Catabolic Process (GO:0016042),0.2782523441473642,0.45520888859170766,PLAAT3,1
GO_Biological_Process_2023,Negative Regulation Of Biomineral Tissue Development (GO:0070168),0.2782523441473642,0.45520888859170766,ENPP1,1
GO_Biological_Process_2023,Positive Regulation Of Heart Contraction (GO:0045823),0.2782523441473642,0.45520888859170766,APLN,1
GO_Biological_Process_2023,Positive Regulation Of Transcription Regulatory Region DNA Binding (GO:2000679),0.2782523441473642,0.45520888859170766,PAX6,1
GO_Biological_Process_2023,Positive Regulation Of Vacuole Organization (GO:0044090),0.2782523441473642,0.45520888859170766,PIP4K2A,1
GO_Biological_Process_2023,Protein Mannosylation (GO:0035268),0.2782523441473642,0.45520888859170766,DPY19L1,1
GO_Biological_Process_2023,Regulation Of Cardiac Conduction (GO:1903779),0.2782523441473642,0.45520888859170766,ATP2B2,1
GO_Biological_Process_2023,Regulation Of Cell-Substrate Junction Assembly (GO:0090109),0.2782523441473642,0.45520888859170766,GPM6B,1
GO_Biological_Process_2023,Aerobic Electron Transport Chain (GO:0019646),0.28174586093988135,0.45824593262778623,NDUFS8;CYCS,2
GO_Biological_Process_2023,Cell-Cell Junction Organization (GO:0045216),0.28174586093988135,0.45824593262778623,CDH10;PKP4,2
GO_Biological_Process_2023,Skin Development (GO:0043588),0.28174586093988135,0.45824593262778623,CLIC4;ITGB4,2
GO_Biological_Process_2023,Neuropeptide Signaling Pathway (GO:0007218),0.28174586093988135,0.45824593262778623,GPR37;SORT1,2
GO_Biological_Process_2023,Positive Regulation Of I-kappaB kinase/NF-kappaB Signaling (GO:0043123),0.2839619205403915,0.45824593262778623,GPRC5B;LPAR1;S100B;LITAF,4
GO_Biological_Process_2023,Regulation Of I-kappaB kinase/NF-kappaB Signaling (GO:0043122),0.28722957192549214,0.45824593262778623,GPRC5B;LPAR1;TRIM59;S100B;LITAF,5
GO_Biological_Process_2023,Regulation Of Heart Contraction (GO:0008016),0.28745709550603454,0.45824593262778623,ATP2B2;APLN,2
GO_Biological_Process_2023,Regulation Of Monoatomic Ion Transmembrane Transporter Activity (GO:0032412),0.28745709550603454,0.45824593262778623,FGF12;HCN2,2
GO_Biological_Process_2023,Establishment Of Protein Localization To Membrane (GO:0090150),0.28745709550603454,0.45824593262778623,MICALL1;GOLGA7,2
GO_Biological_Process_2023,Phagocytosis (GO:0006909),0.28745709550603454,0.45824593262778623,MEGF10;TYRO3,2
GO_Biological_Process_2023,Phospholipid Metabolic Process (GO:0006644),0.28745709550603454,0.45824593262778623,MBOAT1;PLAAT3,2
GO_Biological_Process_2023,Positive Regulation Of Phosphatidylinositol 3-Kinase Signaling (GO:0014068),0.28745709550603454,0.45824593262778623,UNC5B;SEMA3E,2
GO_Biological_Process_2023,NAD Metabolic Process (GO:0019674),0.28937892410338606,0.45824593262778623,ME1,1
GO_Biological_Process_2023,Regulation Of Histone Acetylation (GO:0035065),0.28937892410338606,0.45824593262778623,PPARGC1A,1
GO_Biological_Process_2023,Acetylcholine Receptor Signaling Pathway (GO:0095500),0.28937892410338606,0.45824593262778623,PLCB1,1
GO_Biological_Process_2023,Regulation Of Neural Precursor Cell Proliferation (GO:2000177),0.28937892410338606,0.45824593262778623,PROX1,1
GO_Biological_Process_2023,Blood Vessel Endothelial Cell Migration (GO:0043534),0.28937892410338606,0.45824593262778623,VEGFA,1
GO_Biological_Process_2023,Response To Gamma Radiation (GO:0010332),0.28937892410338606,0.45824593262778623,CRYAB,1
GO_Biological_Process_2023,tRNA Aminoacylation (GO:0043039),0.28937892410338606,0.45824593262778623,LARS2,1
GO_Biological_Process_2023,Glucose Transmembrane Transport (GO:1904659),0.28937892410338606,0.45824593262778623,SORT1,1
GO_Biological_Process_2023,Mammary Gland Development (GO:0030879),0.28937892410338606,0.45824593262778623,VEGFA,1
GO_Biological_Process_2023,Natural Killer Cell Mediated Immunity (GO:0002228),0.28937892410338606,0.45824593262778623,KIF5B,1
GO_Biological_Process_2023,Negative Regulation Of Axonogenesis (GO:0050771),0.28937892410338606,0.45824593262778623,MAG,1
GO_Biological_Process_2023,Negative Regulation Of Cell Communication (GO:0010648),0.28937892410338606,0.45824593262778623,UBASH3B,1
GO_Biological_Process_2023,Negative Regulation Of Cell Development (GO:0010721),0.28937892410338606,0.45824593262778623,PAX6,1
GO_Biological_Process_2023,Negative Regulation Of Extrinsic Apoptotic Signaling Pathway In Absence Of Ligand (GO:2001240),0.28937892410338606,0.45824593262778623,UNC5B,1
GO_Biological_Process_2023,Negative Regulation Of Macroautophagy (GO:0016242),0.28937892410338606,0.45824593262778623,FEZ1,1
GO_Biological_Process_2023,Negative Regulation Of Myeloid Cell Differentiation (GO:0045638),0.28937892410338606,0.45824593262778623,MEIS2,1
GO_Biological_Process_2023,Negative Regulation Of Signal Transduction In Absence Of Ligand (GO:1901099),0.28937892410338606,0.45824593262778623,UNC5B,1
GO_Biological_Process_2023,Oligosaccharide Biosynthetic Process (GO:0009312),0.28937892410338606,0.45824593262778623,FUT9,1
GO_Biological_Process_2023,Oxoacid Metabolic Process (GO:0043436),0.28937892410338606,0.45824593262778623,ENPP1,1
GO_Biological_Process_2023,peptidyl-L-cysteine S-palmitoylation (GO:0018230),0.28937892410338606,0.45824593262778623,GOLGA7,1
GO_Biological_Process_2023,peptidyl-S-diacylglycerol-L-cysteine Biosynthetic Process From Peptidyl-Cysteine (GO:0018231),0.28937892410338606,0.45824593262778623,GOLGA7,1
GO_Biological_Process_2023,Peptidyl-Glutamic Acid Modification (GO:0018200),0.28937892410338606,0.45824593262778623,TTLL7,1
GO_Biological_Process_2023,Positive Regulation Of Cilium Assembly (GO:0045724),0.28937892410338606,0.45824593262778623,CCP110,1
GO_Biological_Process_2023,Positive Regulation Of Phosphatase Activity (GO:0010922),0.28937892410338606,0.45824593262778623,GNA12,1
GO_Biological_Process_2023,Positive Regulation Of Viral Life Cycle (GO:1903902),0.28937892410338606,0.45824593262778623,TYRO3,1
GO_Biological_Process_2023,Mitochondrial ATP Synthesis Coupled Electron Transport (GO:0042775),0.293163344985217,0.46266876387419414,NDUFS8;CYCS,2
GO_Biological_Process_2023,Negative Regulation Of Extrinsic Apoptotic Signaling Pathway (GO:2001237),0.293163344985217,0.46266876387419414,UNC5B;TMBIM1,2
GO_Biological_Process_2023,Regulation Of Actin Filament Polymerization (GO:0030833),0.293163344985217,0.46266876387419414,CDC42EP2;CDC42EP1,2
GO_Biological_Process_2023,Positive Regulation Of GTPase Activity (GO:0043547),0.29318376015866104,0.46266876387419414,DOCK10;PKP4;RAPGEF4;MAP4K4;RASGRP3,5
GO_Biological_Process_2023,Modulation Of Chemical Synaptic Transmission (GO:0050804),0.29438238671204947,0.46415981491063657,GRM3;SLC12A2;GRM5,3
GO_Biological_Process_2023,Protein Localization (GO:0008104),0.29758959921422223,0.4671019069547543,NGFR;PEX5L;PACS2;INSC;MYO6;ERBIN;MAL,7
GO_Biological_Process_2023,Positive Regulation Of Defense Response (GO:0031349),0.29858472061488267,0.4671019069547543,IL33;GPRC5B;PLA2G7,3
GO_Biological_Process_2023,Protein Dephosphorylation (GO:0006470),0.29858472061488267,0.4671019069547543,PTPRD;UBASH3B;PPM1E,3
GO_Biological_Process_2023,Regulation Of Hydrolase Activity (GO:0051336),0.29886341178278364,0.4671019069547543,CHN2;PLXNB3,2
GO_Biological_Process_2023,Myeloid Leukocyte Differentiation (GO:0002573),0.29886341178278364,0.4671019069547543,IL33;VEGFA,2
GO_Biological_Process_2023,Negative Regulation Of Supramolecular Fiber Organization (GO:1902904),0.29886341178278364,0.4671019069547543,CRYAB;TUBB4A,2
GO_Biological_Process_2023,Protein Autoubiquitination (GO:0051865),0.29886341178278364,0.4671019069547543,RNF13;RNF141,2
GO_Biological_Process_2023,Regulation Of Cellular Response To Transforming Growth Factor Beta Stimulus (GO:1903844),0.3003345230064467,0.4671019069547543,DLX1,1
GO_Biological_Process_2023,Artery Development (GO:0060840),0.3003345230064467,0.4671019069547543,VEGFA,1
GO_Biological_Process_2023,Response To BMP (GO:0071772),0.3003345230064467,0.4671019069547543,DLX1,1
GO_Biological_Process_2023,Endocrine System Development (GO:0035270),0.3003345230064467,0.4671019069547543,SALL1,1
GO_Biological_Process_2023,Hepaticobiliary System Development (GO:0061008),0.3003345230064467,0.4671019069547543,PROX1,1
GO_Biological_Process_2023,Negative Regulation Of Extrinsic Apoptotic Signaling Pathway Via Death Domain Receptors (GO:1902042),0.3003345230064467,0.4671019069547543,TMBIM1,1
GO_Biological_Process_2023,Negative Regulation Of Neuron Differentiation (GO:0045665),0.3003345230064467,0.4671019069547543,DLX1,1
GO_Biological_Process_2023,Potassium Ion Homeostasis (GO:0055075),0.3003345230064467,0.4671019069547543,SLC12A2,1
GO_Biological_Process_2023,Protein Alkylation (GO:0008213),0.3003345230064467,0.4671019069547543,PRMT8,1
GO_Biological_Process_2023,Vesicle-Mediated Transport (GO:0016192),0.30067868427605154,0.4672398585734055,MYO1E;SORT1;MICALL1;MYO6;KIF5A;PIP4K2A;EPS15;SYTL2,8
GO_Biological_Process_2023,Protein Targeting To Membrane (GO:0006612),0.3045561360726915,0.47286347442865256,MICALL1;GOLGA7,2
GO_Biological_Process_2023,Regulation Of Rho Protein Signal Transduction (GO:0035023),0.31024039506733403,0.4773839754703586,GPR17;LPAR1,2
GO_Biological_Process_2023,Regulation Of Heterotypic Cell-Cell Adhesion (GO:0034114),0.3111217598472758,0.4773839754703586,WNK1,1
GO_Biological_Process_2023,Cell Morphogenesis Involved In Differentiation (GO:0000904),0.3111217598472758,0.4773839754703586,PROX1,1
GO_Biological_Process_2023,Regulation Of Ruffle Assembly (GO:1900027),0.3111217598472758,0.4773839754703586,P2RY12,1
GO_Biological_Process_2023,Regulation Of Viral Life Cycle (GO:1903900),0.3111217598472758,0.4773839754703586,TYRO3,1
GO_Biological_Process_2023,Mononuclear Cell Differentiation (GO:1903131),0.3111217598472758,0.4773839754703586,VEGFA,1
GO_Biological_Process_2023,Natural Killer Cell Mediated Cytotoxicity (GO:0042267),0.3111217598472758,0.4773839754703586,KIF5B,1
GO_Biological_Process_2023,Negative Regulation Of Ion Transmembrane Transporter Activity (GO:0032413),0.3111217598472758,0.4773839754703586,OXSR1,1
GO_Biological_Process_2023,Negative Regulation Of Ossification (GO:0030279),0.3111217598472758,0.4773839754703586,ENPP1,1
GO_Biological_Process_2023,Outflow Tract Septum Morphogenesis (GO:0003148),0.3111217598472758,0.4773839754703586,FGFR2,1
GO_Biological_Process_2023,Peroxisome Organization (GO:0007031),0.3111217598472758,0.4773839754703586,PLAAT3,1
GO_Biological_Process_2023,Positive Regulation Of Lipid Metabolic Process (GO:0045834),0.3111217598472758,0.4773839754703586,CREB1,1
GO_Biological_Process_2023,Positive Regulation Of p38MAPK Cascade (GO:1900745),0.3111217598472758,0.4773839754703586,VEGFA,1
GO_Biological_Process_2023,Protein Kinase B Signaling (GO:0043491),0.3111217598472758,0.4773839754703586,TYRO3,1
GO_Biological_Process_2023,Organelle Organization (GO:0006996),0.3165350284126704,0.4839377777836989,UBXN2B;SORT1;GBF1;PACSIN2;PLAAT3;PPARGC1A;EPS15;SH3D19,8
GO_Biological_Process_2023,Regulation Of Fat Cell Differentiation (GO:0045598),0.3215792055105339,0.4839377777836989,CREB1;ENPP1,2
GO_Biological_Process_2023,Regulation Of Chondrocyte Differentiation (GO:0032330),0.3217432136604581,0.4839377777836989,SOX6,1
GO_Biological_Process_2023,Regulation Of Glycogen Biosynthetic Process (GO:0005979),0.3217432136604581,0.4839377777836989,ENPP1,1
GO_Biological_Process_2023,Regulation Of Hippo Signaling (GO:0035330),0.3217432136604581,0.4839377777836989,MOB3B,1
GO_Biological_Process_2023,Regulation Of Keratinocyte Proliferation (GO:0010837),0.3217432136604581,0.4839377777836989,FGFR2,1
GO_Biological_Process_2023,Regulation Of Monocyte Chemotaxis (GO:0090025),0.3217432136604581,0.4839377777836989,PLA2G7,1
GO_Biological_Process_2023,Carbohydrate Biosynthetic Process (GO:0016051),0.3217432136604581,0.4839377777836989,FUT9,1
GO_Biological_Process_2023,Sodium Ion Homeostasis (GO:0055078),0.3217432136604581,0.4839377777836989,SLC12A2,1
GO_Biological_Process_2023,Vesicle-Mediated Transport Between Endosomal Compartments (GO:0098927),0.3217432136604581,0.4839377777836989,MYO1D,1
GO_Biological_Process_2023,"Wound Healing, Spreading Of Cells (GO:0044319)",0.3217432136604581,0.4839377777836989,TMEFF2,1
GO_Biological_Process_2023,Long-Chain Fatty Acid Biosynthetic Process (GO:0042759),0.3217432136604581,0.4839377777836989,ELOVL6,1
GO_Biological_Process_2023,Metanephros Development (GO:0001656),0.3217432136604581,0.4839377777836989,OXSR1,1
GO_Biological_Process_2023,Mismatch Repair (GO:0006298),0.3217432136604581,0.4839377777836989,MLH3,1
GO_Biological_Process_2023,Negative Regulation Of Protein Localization To Membrane (GO:1905476),0.3217432136604581,0.4839377777836989,TMBIM1,1
GO_Biological_Process_2023,Negative Regulation Of Proteolysis Involved In Protein Catabolic Process (GO:1903051),0.3217432136604581,0.4839377777836989,HIPK2,1
GO_Biological_Process_2023,Negative Regulation Of Response To Wounding (GO:1903035),0.3217432136604581,0.4839377777836989,IL33,1
GO_Biological_Process_2023,Negative Regulation Of Smoothened Signaling Pathway (GO:0045879),0.3217432136604581,0.4839377777836989,ENPP1,1
GO_Biological_Process_2023,Negative Regulation Of Stress Fiber Assembly (GO:0051497),0.3217432136604581,0.4839377777836989,TMEFF2,1
GO_Biological_Process_2023,Phosphatidylethanolamine Metabolic Process (GO:0046337),0.3217432136604581,0.4839377777836989,PLAAT3,1
GO_Biological_Process_2023,Positive Regulation Of Striated Muscle Cell Differentiation (GO:0051155),0.3217432136604581,0.4839377777836989,PROX1,1
GO_Biological_Process_2023,Purine Ribonucleotide Catabolic Process (GO:0009154),0.3217432136604581,0.4839377777836989,NUDT4,1
GO_Biological_Process_2023,Regulation Of Actin Cytoskeleton Reorganization (GO:2000249),0.3217432136604581,0.4839377777836989,SEMA3E,1
GO_Biological_Process_2023,Regulation Of Cell Size (GO:0008361),0.3217432136604581,0.4839377777836989,ARHGAP5,1
GO_Biological_Process_2023,Negative Regulation Of Macromolecule Metabolic Process (GO:0010605),0.32201743199096905,0.48395224577771767,EDNRB;DIP2A;APLN;VEGFA,4
GO_Biological_Process_2023,Golgi Organization (GO:0007030),0.32384996745604727,0.48590778546112423,UBXN2B;GBF1;FHDC1,3
GO_Biological_Process_2023,Positive Regulation Of Peptidyl-Tyrosine Phosphorylation (GO:0050731),0.32384996745604727,0.48590778546112423,GRM5;GPRC5B;VEGFA,3
GO_Biological_Process_2023,Regulation Of Epidermal Growth Factor-Activated Receptor Activity (GO:0007176),0.33220142404712866,0.49090254820522217,TGFA,1
GO_Biological_Process_2023,Regulation Of Fatty Acid Biosynthetic Process (GO:0042304),0.33220142404712866,0.49090254820522217,ELOVL5,1
GO_Biological_Process_2023,Regulation Of Myeloid Cell Differentiation (GO:0045637),0.33220142404712866,0.49090254820522217,MEIS2,1
GO_Biological_Process_2023,cAMP-mediated Signaling (GO:0019933),0.33220142404712866,0.49090254820522217,CREB1,1
GO_Biological_Process_2023,Camera-Type Eye Development (GO:0043010),0.33220142404712866,0.49090254820522217,VEGFA,1
GO_Biological_Process_2023,Cardiac Muscle Cell Development (GO:0055013),0.33220142404712866,0.49090254820522217,VEGFA,1
GO_Biological_Process_2023,Cell-Cell Adhesion Mediated By Cadherin (GO:0044331),0.33220142404712866,0.49090254820522217,CDH10,1
GO_Biological_Process_2023,Cellular Response To Xenobiotic Stimulus (GO:0071466),0.33220142404712866,0.49090254820522217,PPM1E,1
GO_Biological_Process_2023,Establishment Or Maintenance Of Apical/Basal Cell Polarity (GO:0035088),0.33220142404712866,0.49090254820522217,ERBIN,1
GO_Biological_Process_2023,miRNA-mediated Gene Silencing (GO:0035195),0.33220142404712866,0.49090254820522217,AGO3,1
GO_Biological_Process_2023,Negative Regulation Of Catalytic Activity (GO:0043086),0.33220142404712866,0.49090254820522217,TMBIM1,1
GO_Biological_Process_2023,Negative Regulation Of Protein Polymerization (GO:0032272),0.33220142404712866,0.49090254820522217,TUBB4A,1
GO_Biological_Process_2023,Nuclear Membrane Organization (GO:0071763),0.33220142404712866,0.49090254820522217,UBXN2B,1
GO_Biological_Process_2023,Positive Regulation Of Adenylate Cyclase Activity (GO:0045762),0.33220142404712866,0.49090254820522217,AKAP5,1
GO_Biological_Process_2023,Positive Regulation Of Microtubule Polymerization Or Depolymerization (GO:0031112),0.33220142404712866,0.49090254820522217,SLAIN1,1
GO_Biological_Process_2023,Positive Regulation Of Nuclear Division (GO:0051785),0.33220142404712866,0.49090254820522217,TGFA,1
GO_Biological_Process_2023,Positive Regulation Of Phosphatidylinositol 3-Kinase Activity (GO:0043552),0.33220142404712866,0.49090254820522217,P2RY12,1
GO_Biological_Process_2023,Protein Export From Nucleus (GO:0006611),0.33220142404712866,0.49090254820522217,DESI1,1
GO_Biological_Process_2023,Circulatory System Development (GO:0072359),0.3322784880689257,0.49090254820522217,SALL1;OXSR1;FGF12,3
GO_Biological_Process_2023,Embryonic Organ Development (GO:0048568),0.33287156746469676,0.49098556201042776,SALL1;FGFR2,2
GO_Biological_Process_2023,Monoatomic Cation Homeostasis (GO:0055080),0.33287156746469676,0.49098556201042776,SLC12A2;WNK1,2
GO_Biological_Process_2023,Long-Chain Fatty Acid Metabolic Process (GO:0001676),0.3384978920298192,0.49807936003422315,ELOVL5;ELOVL6,2
GO_Biological_Process_2023,Negative Regulation Of Protein Modification Process (GO:0031400),0.3384978920298192,0.49807936003422315,PRR5L;TPPP,2
GO_Biological_Process_2023,Organonitrogen Compound Catabolic Process (GO:1901565),0.3384978920298192,0.49807936003422315,PLA2G7;RNF5,2
GO_Biological_Process_2023,GPI Anchor Metabolic Process (GO:0006505),0.34249889196152894,0.49835359856613876,PIGQ,1
GO_Biological_Process_2023,Regulation Of Extrinsic Apoptotic Signaling Pathway In Absence Of Ligand (GO:2001239),0.34249889196152894,0.49835359856613876,UNC5B,1
GO_Biological_Process_2023,Amino Acid Import Across Plasma Membrane (GO:0089718),0.34249889196152894,0.49835359856613876,SLC38A3,1
GO_Biological_Process_2023,Cardiac Muscle Cell Differentiation (GO:0055007),0.34249889196152894,0.49835359856613876,VEGFA,1
GO_Biological_Process_2023,Cellular Response To Acid Chemical (GO:0071229),0.34249889196152894,0.49835359856613876,VEGFA,1
GO_Biological_Process_2023,Ventricular Septum Morphogenesis (GO:0060412),0.34249889196152894,0.49835359856613876,PROX1,1
GO_Biological_Process_2023,Monoubiquitinated Histone H2A Deubiquitination (GO:0035522),0.34249889196152894,0.49835359856613876,TMEM98,1
GO_Biological_Process_2023,Monoubiquitinated Histone Deubiquitination (GO:0035521),0.34249889196152894,0.49835359856613876,TMEM98,1
GO_Biological_Process_2023,Peptidyl-Lysine Methylation (GO:0018022),0.34249889196152894,0.49835359856613876,SETD7,1
GO_Biological_Process_2023,Phospholipid Biosynthetic Process (GO:0008654),0.34249889196152894,0.49835359856613876,MBOAT1,1
GO_Biological_Process_2023,Positive Regulation Of Immune System Process (GO:0002684),0.34249889196152894,0.49835359856613876,VEGFA,1
GO_Biological_Process_2023,Positive Regulation Of Mitotic Cell Cycle (GO:0045931),0.34249889196152894,0.49835359856613876,MEIS2,1
GO_Biological_Process_2023,Positive Regulation Of Response To Wounding (GO:1903036),0.34249889196152894,0.49835359856613876,PTN,1
GO_Biological_Process_2023,Protein Quality Control For Misfolded Or Incompletely Synthesized Proteins (GO:0006515),0.34249889196152894,0.49835359856613876,RNF5,1
GO_Biological_Process_2023,Positive Regulation Of MAPK Cascade (GO:0043410),0.34380410829915825,0.49950533414860887,GPR37;LPAR1;TGFA;GPR37L1;FGFR2;VEGFA,6
GO_Biological_Process_2023,Response To Insulin (GO:0032868),0.34410974359062174,0.49950533414860887,SORT1;ENPP1,2
GO_Biological_Process_2023,Positive Regulation Of Protein Localization To Membrane (GO:1905477),0.34410974359062174,0.49950533414860887,KIF5B;AKAP5,2
GO_Biological_Process_2023,Regulation Of Signal Transduction (GO:0009966),0.34643682548269744,0.5024844994511131,UBASH3B;GNG7;PLCB1;FGFR2,4
GO_Biological_Process_2023,Regulation Of Protein Kinase B Signaling (GO:0051896),0.3491214019499825,0.5034934023084195,P2RY12;PHLPP1;MYORG,3
GO_Biological_Process_2023,Regulation Of Cytokinesis (GO:0032465),0.3497062349871045,0.5034934023084195,CCP110;PKP4,2
GO_Biological_Process_2023,Regulation Of Chemotaxis (GO:0050920),0.3526380800202763,0.5034934023084195,P2RY12,1
GO_Biological_Process_2023,Golgi To Plasma Membrane Protein Transport (GO:0043001),0.3526380800202763,0.5034934023084195,GOLGA7,1
GO_Biological_Process_2023,Regulation Of Lipid Biosynthetic Process (GO:0046890),0.3526380800202763,0.5034934023084195,CREB1,1
GO_Biological_Process_2023,Regulation Of Monoatomic Ion Transport (GO:0043269),0.3526380800202763,0.5034934023084195,KCNJ10,1
GO_Biological_Process_2023,Regulation Of Plasma Membrane Bounded Cell Projection Organization (GO:0120035),0.3526380800202763,0.5034934023084195,MBOAT1,1
GO_Biological_Process_2023,Cell-Substrate Junction Assembly (GO:0007044),0.3526380800202763,0.5034934023084195,ITGB4,1
GO_Biological_Process_2023,Regulation Of Sodium Ion Transmembrane Transport (GO:1902305),0.3526380800202763,0.5034934023084195,FGF12,1
GO_Biological_Process_2023,Cellular Response To Osmotic Stress (GO:0071470),0.3526380800202763,0.5034934023084195,OXSR1,1
GO_Biological_Process_2023,Vascular Endothelial Growth Factor Receptor Signaling Pathway (GO:0048010),0.3526380800202763,0.5034934023084195,VEGFA,1
GO_Biological_Process_2023,Limb Development (GO:0060173),0.3526380800202763,0.5034934023084195,SALL1,1
GO_Biological_Process_2023,Membrane Fusion (GO:0061025),0.3526380800202763,0.5034934023084195,UBXN2B,1
GO_Biological_Process_2023,Negative Regulation Of Actin Filament Bundle Assembly (GO:0032232),0.3526380800202763,0.5034934023084195,TMEFF2,1
GO_Biological_Process_2023,Negative Regulation Of Cation Channel Activity (GO:2001258),0.3526380800202763,0.5034934023084195,KCNAB1,1
GO_Biological_Process_2023,Negative Regulation Of Signaling (GO:0023057),0.3526380800202763,0.5034934023084195,UBASH3B,1
GO_Biological_Process_2023,Negative Regulation Of Wound Healing (GO:0061045),0.3526380800202763,0.5034934023084195,SLC12A2,1
GO_Biological_Process_2023,Phospholipid Catabolic Process (GO:0009395),0.3526380800202763,0.5034934023084195,ENPP6,1
GO_Biological_Process_2023,Protein Localization To Golgi Apparatus (GO:0034067),0.3526380800202763,0.5034934023084195,GBF1,1
GO_Biological_Process_2023,Regulation Of Cardiac Muscle Cell Action Potential (GO:0098901),0.3526380800202763,0.5034934023084195,HCN2,1
GO_Biological_Process_2023,Protein Localization To Organelle (GO:0033365),0.35332638373671543,0.5040826488724279,MICALL1;GBF1;PACSIN2,3
GO_Biological_Process_2023,Activation Of Protein Kinase Activity (GO:0032147),0.35528650961867403,0.5064840421609936,ZFP91;VEGFA,2
GO_Biological_Process_2023,Endomembrane System Organization (GO:0010256),0.3569186006037258,0.508414424068703,LAPTM4B;UBXN2B;REEP3;GBF1,4
GO_Biological_Process_2023,Regulation Of Developmental Growth (GO:0048638),0.3626214133141005,0.5137370758725716,PLCB1,1
GO_Biological_Process_2023,RNA-mediated Gene Silencing (GO:0031047),0.3626214133141005,0.5137370758725716,AGO3,1
GO_Biological_Process_2023,TOR Signaling (GO:0031929),0.3626214133141005,0.5137370758725716,PRR5L,1
GO_Biological_Process_2023,Regulation Of Voltage-Gated Calcium Channel Activity (GO:1901385),0.3626214133141005,0.5137370758725716,AKAP5,1
GO_Biological_Process_2023,Peptidyl-Tyrosine Dephosphorylation (GO:0035335),0.3626214133141005,0.5137370758725716,UBASH3B,1
GO_Biological_Process_2023,Positive Regulation Of Microtubule Polymerization (GO:0031116),0.3626214133141005,0.5137370758725716,SLAIN1,1
GO_Biological_Process_2023,Protein Insertion Into ER Membrane (GO:0045048),0.3626214133141005,0.5137370758725716,MMGT1,1
GO_Biological_Process_2023,Regulation Of Cysteine-Type Endopeptidase Activity Involved In Apoptotic Process (GO:0043281),0.3719219103586665,0.5232053692685219,CYCS;VEGFA,2
GO_Biological_Process_2023,GPI Anchor Biosynthetic Process (GO:0006506),0.37245127981826986,0.5232053692685219,PIGQ,1
GO_Biological_Process_2023,Artery Morphogenesis (GO:0048844),0.37245127981826986,0.5232053692685219,VEGFA,1
GO_Biological_Process_2023,Cardiac Muscle Cell Action Potential Involved In Contraction (GO:0086002),0.37245127981826986,0.5232053692685219,FGF12,1
GO_Biological_Process_2023,Extrinsic Apoptotic Signaling Pathway Via Death Domain Receptors (GO:0008625),0.37245127981826986,0.5232053692685219,SORT1,1
GO_Biological_Process_2023,Mitotic G2 DNA Damage Checkpoint Signaling (GO:0007095),0.37245127981826986,0.5232053692685219,FOXN3,1
GO_Biological_Process_2023,"Phagocytosis, Engulfment (GO:0006911)",0.37245127981826986,0.5232053692685219,MEGF10,1
GO_Biological_Process_2023,Positive Regulation Of Lipid Kinase Activity (GO:0090218),0.37245127981826986,0.5232053692685219,P2RY12,1
GO_Biological_Process_2023,Positive Regulation Of Locomotion (GO:0040017),0.37245127981826986,0.5232053692685219,P2RY12,1
GO_Biological_Process_2023,Protein Palmitoylation (GO:0018345),0.37245127981826986,0.5232053692685219,GOLGA7,1
GO_Biological_Process_2023,Regulation Of Cell Migration Involved In Sprouting Angiogenesis (GO:0090049),0.37245127981826986,0.5232053692685219,VEGFA,1
GO_Biological_Process_2023,Regulation Of Kinase Activity (GO:0043549),0.37742933824719,0.528170053293122,TYRO3;FGFR2,2
GO_Biological_Process_2023,Epidermis Development (GO:0008544),0.37742933824719,0.528170053293122,PLOD1;FGFR2,2
GO_Biological_Process_2023,mRNA Metabolic Process (GO:0016071),0.37742933824719,0.528170053293122,AGO3;PPARGC1A,2
GO_Biological_Process_2023,Mitotic Spindle Organization (GO:0007052),0.37742933824719,0.528170053293122,MAP4;EML1,2
GO_Biological_Process_2023,Positive Regulation Of Endothelial Cell Migration (GO:0010595),0.37742933824719,0.528170053293122,PROX1;VEGFA,2
GO_Biological_Process_2023,Positive Regulation Of Transferase Activity (GO:0051347),0.37847293666839693,0.5282810483820949,TYRO3;FGFR2;SERINC5,3
GO_Biological_Process_2023,Regulation Of Dendrite Morphogenesis (GO:0048814),0.38213003116977123,0.5282810483820949,PTPRD,1
GO_Biological_Process_2023,Regulation Of Extrinsic Apoptotic Signaling Pathway Via Death Domain Receptors (GO:1902041),0.38213003116977123,0.5282810483820949,TMBIM1,1
GO_Biological_Process_2023,Regulation Of Gluconeogenesis (GO:0006111),0.38213003116977123,0.5282810483820949,PPARGC1A,1
GO_Biological_Process_2023,Actin Filament Polymerization (GO:0030041),0.38213003116977123,0.5282810483820949,FHDC1,1
GO_Biological_Process_2023,Regulation Of Macrophage Activation (GO:0043030),0.38213003116977123,0.5282810483820949,IL33,1
GO_Biological_Process_2023,Cellular Response To cAMP (GO:0071320),0.38213003116977123,0.5282810483820949,HCN2,1
GO_Biological_Process_2023,Central Nervous System Neuron Differentiation (GO:0021953),0.38213003116977123,0.5282810483820949,PROX1,1
GO_Biological_Process_2023,Endodermal Cell Differentiation (GO:0035987),0.38213003116977123,0.5282810483820949,MMP15,1
GO_Biological_Process_2023,Leukocyte Cell-Cell Adhesion (GO:0007159),0.38213003116977123,0.5282810483820949,JAM2,1
GO_Biological_Process_2023,Negative Regulation Of Developmental Growth (GO:0048640),0.38213003116977123,0.5282810483820949,MAG,1
GO_Biological_Process_2023,Negative Regulation Of Microtubule Polymerization Or Depolymerization (GO:0031111),0.38213003116977123,0.5282810483820949,TUBB4A,1
GO_Biological_Process_2023,Organic Cation Transport (GO:0015695),0.38213003116977123,0.5282810483820949,SLC44A1,1
GO_Biological_Process_2023,Positive Regulation Of G1/S Transition Of Mitotic Cell Cycle (GO:1900087),0.38213003116977123,0.5282810483820949,PLCB1,1
GO_Biological_Process_2023,Presynaptic Endocytosis (GO:0140238),0.38213003116977123,0.5282810483820949,SYNJ2,1
GO_Biological_Process_2023,Regulation Of Cell Morphogenesis (GO:0022604),0.38213003116977123,0.5282810483820949,SH3D19,1
GO_Biological_Process_2023,Regulation Of Cell Adhesion (GO:0030155),0.3826461045628383,0.5285695429043624,PLXNB3;PKP4;VEGFA,3
GO_Biological_Process_2023,Negative Regulation Of Angiogenesis (GO:0016525),0.38291670002639705,0.5285695429043624,SLC12A2;SEMA3E,2
GO_Biological_Process_2023,Intracellular Protein Transport (GO:0006886),0.3848997931659077,0.530906275792191,NGFR;DESI1;MYO6;KIF13B;FAM53B;TRAK2,6
GO_Biological_Process_2023,Regulation Of Angiogenesis (GO:0045765),0.3883260274311067,0.5352285638067025,GAB1;SEMA3E;HIPK2;VEGFA,4
GO_Biological_Process_2023,Positive Regulation Of Cellular Catabolic Process (GO:0031331),0.3909733577261922,0.5353857316661053,PRR5L;SVIP;SH3D19,3
GO_Biological_Process_2023,NIK/NF-kappaB Signaling (GO:0038061),0.3916599830340344,0.5353857316661053,ZFP91,1
GO_Biological_Process_2023,Regulation Of Transmembrane Transport (GO:0034762),0.3916599830340344,0.5353857316661053,KCNJ10,1
GO_Biological_Process_2023,Female Gamete Generation (GO:0007292),0.3916599830340344,0.5353857316661053,PTN,1
GO_Biological_Process_2023,Gluconeogenesis (GO:0006094),0.3916599830340344,0.5353857316661053,PPARGC1A,1
GO_Biological_Process_2023,miRNA Processing (GO:0035196),0.3916599830340344,0.5353857316661053,AGO3,1
GO_Biological_Process_2023,Negative Regulation Of G1/S Transition Of Mitotic Cell Cycle (GO:2000134),0.3916599830340344,0.5353857316661053,NACC2,1
GO_Biological_Process_2023,Negative Regulation Of Fat Cell Differentiation (GO:0045599),0.3916599830340344,0.5353857316661053,ENPP1,1
GO_Biological_Process_2023,Negative Regulation Of Proteasomal Ubiquitin-Dependent Protein Catabolic Process (GO:0032435),0.3916599830340344,0.5353857316661053,SVIP,1
GO_Biological_Process_2023,Positive Regulation Of Synapse Assembly (GO:0051965),0.3916599830340344,0.5353857316661053,PTPRD,1
GO_Biological_Process_2023,Purine Ribonucleoside Triphosphate Metabolic Process (GO:0009205),0.3916599830340344,0.5353857316661053,ENPP1,1
GO_Biological_Process_2023,Negative Regulation Of Protein Kinase Activity (GO:0006469),0.3938284995114013,0.5379479653520186,UBASH3B;PPM1E,2
GO_Biological_Process_2023,Negative Regulation Of Cell Differentiation (GO:0045596),0.3952840127066095,0.5395331785376035,ENPP1;SOX8;OXSR1;MEIS2,4
GO_Biological_Process_2023,Regulation Of Lamellipodium Assembly (GO:0010591),0.4010434155730197,0.542134816765006,PLXNB3,1
GO_Biological_Process_2023,Regulation Of Potassium Ion Transmembrane Transport (GO:1901379),0.4010434155730197,0.542134816765006,KCNAB1,1
GO_Biological_Process_2023,Regulation Of Protein Polymerization (GO:0032271),0.4010434155730197,0.542134816765006,TPPP,1
GO_Biological_Process_2023,Regulation Of Sprouting Angiogenesis (GO:1903670),0.4010434155730197,0.542134816765006,VEGFA,1
GO_Biological_Process_2023,Glycolipid Metabolic Process (GO:0006664),0.4010434155730197,0.542134816765006,GLTP,1
GO_Biological_Process_2023,Vasculogenesis (GO:0001570),0.4010434155730197,0.542134816765006,VEGFA,1
GO_Biological_Process_2023,Inositol Lipid-Mediated Signaling (GO:0048017),0.4010434155730197,0.542134816765006,PLCB1,1
GO_Biological_Process_2023,Monoubiquitinated Protein Deubiquitination (GO:0035520),0.4010434155730197,0.542134816765006,TMEM98,1
GO_Biological_Process_2023,Positive Regulation Of Notch Signaling Pathway (GO:0045747),0.4010434155730197,0.542134816765006,BMP2K,1
GO_Biological_Process_2023,Positive Regulation Of Epidermal Growth Factor Receptor Signaling Pathway (GO:0045742),0.4010434155730197,0.542134816765006,TGFA,1
GO_Biological_Process_2023,Positive Regulation Of Interleukin-12 Production (GO:0032735),0.4010434155730197,0.542134816765006,PLCB1,1
GO_Biological_Process_2023,Positive Regulation Of Protein Dephosphorylation (GO:0035307),0.4010434155730197,0.542134816765006,GNA12,1
GO_Biological_Process_2023,Regulation Of Cell Adhesion Mediated By Integrin (GO:0033628),0.4010434155730197,0.542134816765006,P2RY12,1
GO_Biological_Process_2023,Skeletal System Development (GO:0001501),0.4034106717520642,0.5449321407935933,ADAMTS4;SOX6;FGFR2,3
GO_Biological_Process_2023,Regulation Of Phosphatidylinositol 3-Kinase Signaling (GO:0014066),0.4046521112264075,0.5462056910945382,UNC5B;SEMA3E,2
GO_Biological_Process_2023,Neuron Development (GO:0048666),0.407540648541356,0.5477422105581774,WNK1;MICALL1;MAP4,3
GO_Biological_Process_2023,Positive Regulation Of MAP Kinase Activity (GO:0043406),0.41002933053777013,0.5477422105581774,TGFA;VEGFA,2
GO_Biological_Process_2023,Regulation Of Actin Cytoskeleton Organization (GO:0032956),0.41002933053777013,0.5477422105581774,SEMA3E;GPM6B,2
GO_Biological_Process_2023,ATP Metabolic Process (GO:0046034),0.4102825743382739,0.5477422105581774,ENPP1,1
GO_Biological_Process_2023,Regulation Of Metal Ion Transport (GO:0010959),0.4102825743382739,0.5477422105581774,WNK1,1
GO_Biological_Process_2023,Regulation Of Phosphatidylinositol 3-Kinase Activity (GO:0043551),0.4102825743382739,0.5477422105581774,P2RY12,1
GO_Biological_Process_2023,Embryonic Skeletal System Development (GO:0048706),0.4102825743382739,0.5477422105581774,OXSR1,1
GO_Biological_Process_2023,Transcription Initiation-Coupled Chromatin Remodeling (GO:0045815),0.4102825743382739,0.5477422105581774,PADI2,1
GO_Biological_Process_2023,Histone Deubiquitination (GO:0016578),0.4102825743382739,0.5477422105581774,TMEM98,1
GO_Biological_Process_2023,"Mitochondrial Electron Transport, NADH To Ubiquinone (GO:0006120)",0.4102825743382739,0.5477422105581774,NDUFS8,1
GO_Biological_Process_2023,Negative Regulation Of Cell Cycle Process (GO:0010948),0.4102825743382739,0.5477422105581774,CCP110,1
GO_Biological_Process_2023,Organophosphate Biosynthetic Process (GO:0090407),0.4102825743382739,0.5477422105581774,MBOAT1,1
GO_Biological_Process_2023,Positive Regulation Of Organelle Organization (GO:0010638),0.4102825743382739,0.5477422105581774,PPARGC1A,1
GO_Biological_Process_2023,Purine Nucleotide Metabolic Process (GO:0006163),0.4102825743382739,0.5477422105581774,ME1,1
GO_Biological_Process_2023,Regulation Of calcineurin-NFAT Signaling Cascade (GO:0070884),0.4102825743382739,0.5477422105581774,AKAP5,1
GO_Biological_Process_2023,Adherens Junction Organization (GO:0034332),0.4193796704799202,0.5554275288253252,CDH10,1
GO_Biological_Process_2023,Regulation Of mRNA Processing (GO:0050684),0.4193796704799202,0.5554275288253252,QKI,1
GO_Biological_Process_2023,Regulation Of Postsynaptic Membrane Potential (GO:0060078),0.4193796704799202,0.5554275288253252,GABRA1,1
GO_Biological_Process_2023,Regulatory ncRNA Processing (GO:0070918),0.4193796704799202,0.5554275288253252,AGO3,1
GO_Biological_Process_2023,Endoderm Formation (GO:0001706),0.4193796704799202,0.5554275288253252,MMP15,1
GO_Biological_Process_2023,tRNA Aminoacylation For Protein Translation (GO:0006418),0.4193796704799202,0.5554275288253252,LARS2,1
GO_Biological_Process_2023,Hexose Biosynthetic Process (GO:0019319),0.4193796704799202,0.5554275288253252,PPARGC1A,1
GO_Biological_Process_2023,Intrinsic Apoptotic Signaling Pathway By P53 Class Mediator (GO:0072332),0.4193796704799202,0.5554275288253252,HIPK2,1
GO_Biological_Process_2023,Liver Development (GO:0001889),0.4193796704799202,0.5554275288253252,PROX1,1
GO_Biological_Process_2023,Positive Regulation Of Mitotic Nuclear Division (GO:0045840),0.4193796704799202,0.5554275288253252,TGFA,1
GO_Biological_Process_2023,Protein Methylation (GO:0006479),0.4193796704799202,0.5554275288253252,PRMT8,1
GO_Biological_Process_2023,Positive Regulation Of Protein Kinase B Signaling (GO:0051897),0.4207117700411724,0.5563859923393378,P2RY12;MYORG,2
GO_Biological_Process_2023,Protein O-linked Glycosylation (GO:0006493),0.4207117700411724,0.5563859923393378,FUT9;PLOD1,2
GO_Biological_Process_2023,Muscle Contraction (GO:0006936),0.4260159279108093,0.5620001118417918,TMOD1;CRYAB,2
GO_Biological_Process_2023,Cellular Response To Growth Factor Stimulus (GO:0071363),0.428055988093479,0.5620001118417918,DLX1;SOX6;VEGFA,3
GO_Biological_Process_2023,Regulation Of Glucose Import (GO:0046324),0.428336881305335,0.5620001118417918,ENPP1,1
GO_Biological_Process_2023,Regulation Of Intracellular Protein Transport (GO:0033157),0.428336881305335,0.5620001118417918,PRR5L,1
GO_Biological_Process_2023,Blood Vessel Diameter Maintenance (GO:0097746),0.428336881305335,0.5620001118417918,EDNRB,1
GO_Biological_Process_2023,Regulation Of Receptor Internalization (GO:0002090),0.428336881305335,0.5620001118417918,VEGFA,1
GO_Biological_Process_2023,Substrate Adhesion-Dependent Cell Spreading (GO:0034446),0.428336881305335,0.5620001118417918,TYRO3,1
GO_Biological_Process_2023,Histone H3 Acetylation (GO:0043966),0.428336881305335,0.5620001118417918,TMEM98,1
GO_Biological_Process_2023,Negative Regulation Of Protein Kinase B Signaling (GO:0051898),0.428336881305335,0.5620001118417918,PHLPP1,1
GO_Biological_Process_2023,Negative Regulation Of Sequestering Of Calcium Ion (GO:0051283),0.428336881305335,0.5620001118417918,PLCB1,1
GO_Biological_Process_2023,Positive Regulation Of Signaling Receptor Activity (GO:2000273),0.428336881305335,0.5620001118417918,TGFA,1
GO_Biological_Process_2023,T Cell Receptor Signaling Pathway (GO:0050852),0.43129470612752,0.564665724772537,MOG;WNK1,2
GO_Biological_Process_2023,Cell Junction Assembly (GO:0034329),0.43129470612752,0.564665724772537,CDH10;PKP4,2
GO_Biological_Process_2023,Positive Regulation Of Transmembrane Receptor Protein Serine/Threonine Kinase Signaling Pathway (GO:0090100),0.43129470612752,0.564665724772537,ZEB2;HIPK2,2
GO_Biological_Process_2023,Positive Regulation Of Cellular Process (GO:0048522),0.4324349683082485,0.5657536173360419,DLX1;MYRF;TGFA;PROX1;PTN;TPPP;S100B;MEIS2;FGFR2;VEGFA,10
GO_Biological_Process_2023,Regulation Of Protein Metabolic Process (GO:0051246),0.43654762748352965,0.5690811144407528,GRM5;EDNRB,2
GO_Biological_Process_2023,Cellular Response To Transforming Growth Factor Beta Stimulus (GO:0071560),0.43654762748352965,0.5690811144407528,DLX1;SOX6,2
GO_Biological_Process_2023,Regulation Of Phosphoprotein Phosphatase Activity (GO:0043666),0.437156350896259,0.5690811144407528,GNA12,1
GO_Biological_Process_2023,Regulation Of Vascular Associated Smooth Muscle Cell Proliferation (GO:1904705),0.437156350896259,0.5690811144407528,APLN,1
GO_Biological_Process_2023,Synaptic Vesicle Cycle (GO:0099504),0.437156350896259,0.5690811144407528,SLC32A1,1
GO_Biological_Process_2023,Muscle Cell Differentiation (GO:0042692),0.437156350896259,0.5690811144407528,MEGF10,1
GO_Biological_Process_2023,Negative Regulation Of Endothelial Cell Proliferation (GO:0001937),0.437156350896259,0.5690811144407528,NGFR,1
GO_Biological_Process_2023,Positive Regulation Of Cell Motility (GO:2000147),0.44354182307559076,0.5762838931458063,SEMA6D;SEMA3E;MAP4K4;VEGFA,4
GO_Biological_Process_2023,G2/M Transition Of Mitotic Cell Cycle (GO:0000086),0.44584019070602293,0.5762838931458063,PLCB1,1
GO_Biological_Process_2023,Calcium-Dependent Cell-Cell Adhesion Via Plasma Membrane Cell Adhesion Molecules (GO:0016339),0.44584019070602293,0.5762838931458063,CDH10,1
GO_Biological_Process_2023,Response To cAMP (GO:0051591),0.44584019070602293,0.5762838931458063,HCN2,1
GO_Biological_Process_2023,Signal Release From Synapse (GO:0099643),0.44584019070602293,0.5762838931458063,SLC32A1,1
GO_Biological_Process_2023,Establishment Of Protein Localization To Plasma Membrane (GO:0061951),0.44584019070602293,0.5762838931458063,GOLGA7,1
GO_Biological_Process_2023,Fatty Acid Transport (GO:0015908),0.44584019070602293,0.5762838931458063,FABP7,1
GO_Biological_Process_2023,mRNA Transcription By RNA Polymerase II (GO:0042789),0.44584019070602293,0.5762838931458063,CREB1,1
GO_Biological_Process_2023,Positive Regulation Of Cation Channel Activity (GO:2001259),0.44584019070602293,0.5762838931458063,AKAP5,1
GO_Biological_Process_2023,Positive Regulation Of Myoblast Differentiation (GO:0045663),0.44584019070602293,0.5762838931458063,PLCB1,1
GO_Biological_Process_2023,MAPK Cascade (GO:0000165),0.4469740930786745,0.5769340975588536,RASGRP3;MAP4K4,2
GO_Biological_Process_2023,Negative Regulation Of Macromolecule Biosynthetic Process (GO:0010558),0.4469740930786745,0.5769340975588536,TMEFF2;ENPP1,2
GO_Biological_Process_2023,Cellular Response To Insulin Stimulus (GO:0032869),0.45214678382274287,0.5807688241230407,GAB1;ENPP1,2
GO_Biological_Process_2023,Regulation Of Mitochondrial Membrane Potential (GO:0051881),0.45439047967199075,0.5807688241230407,SPART,1
GO_Biological_Process_2023,Regulation Of Mitotic Spindle Organization (GO:0060236),0.45439047967199075,0.5807688241230407,GNAI1,1
GO_Biological_Process_2023,Axonal Transport (GO:0098930),0.45439047967199075,0.5807688241230407,NEFL,1
GO_Biological_Process_2023,Carboxylic Acid Transmembrane Transport (GO:1905039),0.45439047967199075,0.5807688241230407,SLC38A3,1
GO_Biological_Process_2023,Regulation Of Receptor-Mediated Endocytosis (GO:0048259),0.45439047967199075,0.5807688241230407,BMP2K,1
GO_Biological_Process_2023,Release Of Sequestered Calcium Ion Into Cytosol (GO:0051209),0.45439047967199075,0.5807688241230407,PLCB1,1
GO_Biological_Process_2023,Fibroblast Growth Factor Receptor Signaling Pathway (GO:0008543),0.45439047967199075,0.5807688241230407,FGFR2,1
GO_Biological_Process_2023,Heterochromatin Organization (GO:0070828),0.45439047967199075,0.5807688241230407,SETD7,1
GO_Biological_Process_2023,Negative Regulation Of Transport (GO:0051051),0.45439047967199075,0.5807688241230407,CRYAB,1
GO_Biological_Process_2023,Negative Regulation Of Ubiquitin-Dependent Protein Catabolic Process (GO:2000059),0.45439047967199075,0.5807688241230407,HIPK2,1
GO_Biological_Process_2023,Neuron Projection Extension (GO:1990138),0.45439047967199075,0.5807688241230407,S100B,1
GO_Biological_Process_2023,Positive Regulation Of Cytokinesis (GO:0032467),0.45439047967199075,0.5807688241230407,PKP4,1
GO_Biological_Process_2023,Positive Regulation Of Intracellular Transport (GO:0032388),0.45439047967199075,0.5807688241230407,PRR5L,1
GO_Biological_Process_2023,Protein Autophosphorylation (GO:0046777),0.45634088648933796,0.5828543864448318,TYRO3;OXSR1;FGFR2,3
GO_Biological_Process_2023,Protein Complex Oligomerization (GO:0051259),0.4572919096266198,0.5836614813029223,PRMT8;NACC2,2
GO_Biological_Process_2023,Regulation Of Cytosolic Calcium Ion Concentration (GO:0051480),0.4628092652741306,0.5866099419171066,ATP2B2,1
GO_Biological_Process_2023,L-alpha-amino Acid Transmembrane Transport (GO:1902475),0.4628092652741306,0.5866099419171066,SLC38A3,1
GO_Biological_Process_2023,Cell Cycle G2/M Phase Transition (GO:0044839),0.4628092652741306,0.5866099419171066,PLCB1,1
GO_Biological_Process_2023,Endothelial Cell Migration (GO:0043542),0.4628092652741306,0.5866099419171066,VEGFA,1
GO_Biological_Process_2023,Establishment Or Maintenance Of Epithelial Cell Apical/Basal Polarity (GO:0045197),0.4628092652741306,0.5866099419171066,ERBIN,1
GO_Biological_Process_2023,Synaptic Vesicle Endocytosis (GO:0048488),0.4628092652741306,0.5866099419171066,SYNJ2,1
GO_Biological_Process_2023,Nucleic Acid-Templated Transcription (GO:0097659),0.4628092652741306,0.5866099419171066,PTMA,1
GO_Biological_Process_2023,Positive Regulation Of Cell Cycle G1/S Phase Transition (GO:1902808),0.4628092652741306,0.5866099419171066,PLCB1,1
GO_Biological_Process_2023,Positive Regulation Of Monoatomic Ion Transport (GO:0043270),0.4628092652741306,0.5866099419171066,KIF5B,1
GO_Biological_Process_2023,Positive Regulation Of Myeloid Leukocyte Differentiation (GO:0002763),0.4628092652741306,0.5866099419171066,EEIG1,1
GO_Biological_Process_2023,Cilium Organization (GO:0044782),0.46725183214489757,0.5917327214149198,GBF1;CCP110;MAP4;FHDC1,4
GO_Biological_Process_2023,Regulation Of RNA Splicing (GO:0043484),0.4674979674382499,0.5917327214149198,TMEM98;QKI,2
GO_Biological_Process_2023,Regulation Of Chemokine Production (GO:0032642),0.47109856336291256,0.5930070697802938,IL33,1
GO_Biological_Process_2023,Regulation Of Dendrite Development (GO:0050773),0.47109856336291256,0.5930070697802938,PTN,1
GO_Biological_Process_2023,Regulation Of Heart Rate By Cardiac Conduction (GO:0086091),0.47109856336291256,0.5930070697802938,HCN2,1
GO_Biological_Process_2023,Acylglycerol Metabolic Process (GO:0006639),0.47109856336291256,0.5930070697802938,PLAAT3,1
GO_Biological_Process_2023,Cellular Response To Retinoic Acid (GO:0071300),0.47109856336291256,0.5930070697802938,CREB1,1
GO_Biological_Process_2023,Lymphocyte Migration (GO:0072676),0.47109856336291256,0.5930070697802938,S1PR1,1
GO_Biological_Process_2023,Positive Regulation Of Viral Process (GO:0048524),0.47109856336291256,0.5930070697802938,TYRO3,1
GO_Biological_Process_2023,Regulation Of Amide Metabolic Process (GO:0034248),0.47109856336291256,0.5930070697802938,GRM5,1
GO_Biological_Process_2023,Regulation Of Cytokine Production (GO:0001817),0.47618192703978823,0.5989936344950293,IL33;MOG;LITAF,3
GO_Biological_Process_2023,Positive Regulation Of Phosphorylation (GO:0042327),0.4773036001257844,0.5991573459961157,TYRO3;MOB3B;FGFR2;VEGFA,4
GO_Biological_Process_2023,Amino Acid Transmembrane Transport (GO:0003333),0.4792603593178334,0.5991573459961157,SLC38A3,1
GO_Biological_Process_2023,Regulation Of Neurotransmitter Receptor Activity (GO:0099601),0.4792603593178334,0.5991573459961157,LYNX1,1
GO_Biological_Process_2023,Ceramide Biosynthetic Process (GO:0046513),0.4792603593178334,0.5991573459961157,FA2H,1
GO_Biological_Process_2023,Skeletal Muscle Tissue Development (GO:0007519),0.4792603593178334,0.5991573459961157,MYORG,1
GO_Biological_Process_2023,Keratinocyte Differentiation (GO:0030216),0.4792603593178334,0.5991573459961157,CLIC4,1
GO_Biological_Process_2023,Lysosome Localization (GO:0032418),0.4792603593178334,0.5991573459961157,KIF5B,1
GO_Biological_Process_2023,Monoatomic Cation Transport (GO:0006812),0.4792603593178334,0.5991573459961157,PKD2L1,1
GO_Biological_Process_2023,Negative Regulation Of I-kappaB kinase/NF-kappaB Signaling (GO:0043124),0.4792603593178334,0.5991573459961157,TRIM59,1
GO_Biological_Process_2023,Intrinsic Apoptotic Signaling Pathway (GO:0097193),0.48259141432809344,0.6029096289659036,CYCS;HIPK2,2
GO_Biological_Process_2023,DNA-templated DNA Replication Maintenance Of Fidelity (GO:0045005),0.48729660793550733,0.6050682253320047,EXD2,1
GO_Biological_Process_2023,Skeletal System Morphogenesis (GO:0048705),0.48729660793550733,0.6050682253320047,FGFR2,1
GO_Biological_Process_2023,Intracellular Steroid Hormone Receptor Signaling Pathway (GO:0030518),0.48729660793550733,0.6050682253320047,PADI2,1
GO_Biological_Process_2023,mRNA Catabolic Process (GO:0006402),0.48729660793550733,0.6050682253320047,AGO3,1
GO_Biological_Process_2023,mRNA Destabilization (GO:0061157),0.48729660793550733,0.6050682253320047,AGO3,1
GO_Biological_Process_2023,mRNA Transcription (GO:0009299),0.48729660793550733,0.6050682253320047,CREB1,1
GO_Biological_Process_2023,Neurotransmitter Secretion (GO:0007269),0.48729660793550733,0.6050682253320047,SLC32A1,1
GO_Biological_Process_2023,Positive Regulation Of Receptor-Mediated Endocytosis (GO:0048260),0.48729660793550733,0.6050682253320047,VEGFA,1
GO_Biological_Process_2023,Regulation Of Cellular Component Size (GO:0032535),0.48729660793550733,0.6050682253320047,ARHGAP5,1
GO_Biological_Process_2023,Regulation Of Cellular Response To Stress (GO:0080135),0.49250633800814786,0.6107469248517935,TMEM98;CHORDC1,2
GO_Biological_Process_2023,Bone Development (GO:0060348),0.49520923431121366,0.6107469248517935,FGFR2,1
GO_Biological_Process_2023,Regulation Of Transport (GO:0051049),0.49520923431121366,0.6107469248517935,MYO6,1
GO_Biological_Process_2023,Response To Unfolded Protein (GO:0006986),0.49520923431121366,0.6107469248517935,HSPH1,1
GO_Biological_Process_2023,Embryonic Organ Morphogenesis (GO:0048562),0.49520923431121366,0.6107469248517935,FGFR2,1
GO_Biological_Process_2023,Synaptic Vesicle Recycling (GO:0036465),0.49520923431121366,0.6107469248517935,SYNJ2,1
GO_Biological_Process_2023,Lymphocyte Chemotaxis (GO:0048247),0.49520923431121366,0.6107469248517935,SLC12A2,1
GO_Biological_Process_2023,Negative Regulation Of Immune System Process (GO:0002683),0.49520923431121366,0.6107469248517935,TYRO3,1
GO_Biological_Process_2023,Nucleus Organization (GO:0006997),0.49520923431121366,0.6107469248517935,REEP3,1
GO_Biological_Process_2023,Positive Regulation Of Biosynthetic Process (GO:0009891),0.49520923431121366,0.6107469248517935,CREB1,1
GO_Biological_Process_2023,Lipid Transport (GO:0006869),0.49741875513160744,0.6130585600644947,GLTP;FABP7,2
GO_Biological_Process_2023,Regulation Of Proteasomal Ubiquitin-Dependent Protein Catabolic Process (GO:0032434),0.5023008083616388,0.6145539378515142,DESI1;GNA12,2
GO_Biological_Process_2023,Extracellular Structure Organization (GO:0043062),0.5023008083616388,0.6145539378515142,ADAMTS4;MMP15,2
GO_Biological_Process_2023,Positive Regulation Of Cysteine-Type Endopeptidase Activity Involved In Apoptotic Process (GO:0043280),0.5023008083616388,0.6145539378515142,NGFR;CYCS,2
GO_Biological_Process_2023,Regulation Of Protein Modification Process (GO:0031399),0.503000133933142,0.6145539378515142,GRM5,1
GO_Biological_Process_2023,Regulation Of Stem Cell Differentiation (GO:2000736),0.503000133933142,0.6145539378515142,PTN,1
GO_Biological_Process_2023,Detection Of Chemical Stimulus Involved In Sensory Perception Of Taste (GO:0050912),0.503000133933142,0.6145539378515142,PKD2L1,1
GO_Biological_Process_2023,Establishment Of Protein Localization To Extracellular Region (GO:0035592),0.503000133933142,0.6145539378515142,PDIA4,1
GO_Biological_Process_2023,Triglyceride Metabolic Process (GO:0006641),0.503000133933142,0.6145539378515142,PLAAT3,1
GO_Biological_Process_2023,Zymogen Activation (GO:0031638),0.503000133933142,0.6145539378515142,CYCS,1
GO_Biological_Process_2023,Negative Regulation Of Response To Biotic Stimulus (GO:0002832),0.503000133933142,0.6145539378515142,TYRO3,1
GO_Biological_Process_2023,Organic Hydroxy Compound Transport (GO:0015850),0.503000133933142,0.6145539378515142,SLC44A1,1
GO_Biological_Process_2023,Positive Regulation Of mRNA Catabolic Process (GO:0061014),0.503000133933142,0.6145539378515142,PRR5L,1
GO_Biological_Process_2023,Regulation Of Apoptotic Signaling Pathway (GO:2001233),0.503000133933142,0.6145539378515142,TMBIM1,1
GO_Biological_Process_2023,Positive Regulation Of Cellular Biosynthetic Process (GO:0031328),0.5033832916109565,0.6146115089161812,ZEB2;ELOVL5;PPARGC1A,3
GO_Biological_Process_2023,Regulation Of Inflammatory Response (GO:0050727),0.5070038367701669,0.6183876624677397,IL33;GPRC5B;TYRO3;PLA2G7,4
GO_Biological_Process_2023,External Encapsulating Structure Organization (GO:0045229),0.507152265555828,0.6183876624677397,ADAMTS4;MMP15,2
GO_Biological_Process_2023,Regulation Of mRNA Catabolic Process (GO:0061013),0.5106711734960226,0.6184930320735331,PRR5L,1
GO_Biological_Process_2023,Regulation Of Nervous System Development (GO:0051960),0.5106711734960226,0.6184930320735331,PTN,1
GO_Biological_Process_2023,Cardiac Conduction (GO:0061337),0.5106711734960226,0.6184930320735331,HCN2,1
GO_Biological_Process_2023,Replication Fork Processing (GO:0031297),0.5106711734960226,0.6184930320735331,EXD2,1
GO_Biological_Process_2023,Development Of Primary Male Sexual Characteristics (GO:0046546),0.5106711734960226,0.6184930320735331,SOX8,1
GO_Biological_Process_2023,Male Gonad Development (GO:0008584),0.5106711734960226,0.6184930320735331,SOX8,1
GO_Biological_Process_2023,Mitotic G2/M Transition Checkpoint (GO:0044818),0.5106711734960226,0.6184930320735331,FOXN3,1
GO_Biological_Process_2023,Myofibril Assembly (GO:0030239),0.5106711734960226,0.6184930320735331,TMOD1,1
GO_Biological_Process_2023,Positive Regulation Of Blood Vessel Endothelial Cell Migration (GO:0043536),0.5106711734960226,0.6184930320735331,VEGFA,1
GO_Biological_Process_2023,Positive Regulation Of Cell-Cell Adhesion (GO:0022409),0.5106711734960226,0.6184930320735331,MEGF10,1
GO_Biological_Process_2023,Extracellular Matrix Organization (GO:0030198),0.5110222065518418,0.6184930320735331,ADAMTS4;MMP15;GPM6B,3
GO_Biological_Process_2023,Regulation Of Transforming Growth Factor Beta Receptor Signaling Pathway (GO:0017015),0.5119729089990865,0.6184930320735331,ZEB2;HIPK2,2
GO_Biological_Process_2023,Cytoskeleton Organization (GO:0007010),0.5119729089990865,0.6184930320735331,PACSIN2;SH3D19,2
GO_Biological_Process_2023,Negative Regulation Of Inflammatory Response (GO:0050728),0.5119729089990865,0.6184930320735331,IL33;TYRO3,2
GO_Biological_Process_2023,Cellular Response To Cytokine Stimulus (GO:0071345),0.5154585491319134,0.6222928622853264,SLC12A2;WNK1;ERBIN;AQP4;OXSR1,5
GO_Biological_Process_2023,Golgi To Plasma Membrane Transport (GO:0006893),0.5182241910376963,0.6239842300249813,GOLGA7,1
GO_Biological_Process_2023,Bicellular Tight Junction Assembly (GO:0070830),0.5182241910376963,0.6239842300249813,CLDN11,1
GO_Biological_Process_2023,Regulation Of Signal Transduction By P53 Class Mediator (GO:1901796),0.5182241910376963,0.6239842300249813,HIPK2,1
GO_Biological_Process_2023,Insulin Receptor Signaling Pathway (GO:0008286),0.5182241910376963,0.6239842300249813,GAB1,1
GO_Biological_Process_2023,Regulation Of Intrinsic Apoptotic Signaling Pathway (GO:2001242),0.5256609965513406,0.6312764036063047,SEPTIN4,1
GO_Biological_Process_2023,Cellular Response To Radiation (GO:0071478),0.5256609965513406,0.6312764036063047,GPR88,1
GO_Biological_Process_2023,"Retrograde Vesicle-Mediated Transport, Golgi To Endoplasmic Reticulum (GO:0006890)",0.5256609965513406,0.6312764036063047,GBF1,1
GO_Biological_Process_2023,Oligosaccharide Metabolic Process (GO:0009311),0.5256609965513406,0.6312764036063047,FUT9,1
GO_Biological_Process_2023,Regulation Of MAP Kinase Activity (GO:0043405),0.5262479844971231,0.631566642811836,TGFA;VEGFA,2
GO_Biological_Process_2023,Unsaturated Fatty Acid Metabolic Process (GO:0033559),0.5329833724531501,0.6367254005335151,ELOVL5,1
GO_Biological_Process_2023,Heterophilic Cell-Cell Adhesion Via Plasma Membrane Cell Adhesion Molecules (GO:0007157),0.5329833724531501,0.6367254005335151,PTPRD,1
GO_Biological_Process_2023,Intrinsic Apoptotic Signaling Pathway In Response To DNA Damage (GO:0008630),0.5329833724531501,0.6367254005335151,HIPK2,1
GO_Biological_Process_2023,Negative Regulation Of Cysteine-Type Endopeptidase Activity Involved In Apoptotic Process (GO:0043154),0.5329833724531501,0.6367254005335151,VEGFA,1
GO_Biological_Process_2023,Nuclear Export (GO:0051168),0.5329833724531501,0.6367254005335151,DESI1,1
GO_Biological_Process_2023,Positive Regulation Of Nervous System Development (GO:0051962),0.5329833724531501,0.6367254005335151,PTPRD,1
GO_Biological_Process_2023,Regulation Of Cell Communication (GO:0010646),0.5329833724531501,0.6367254005335151,HCN2,1
GO_Biological_Process_2023,Negative Regulation Of Programmed Cell Death (GO:0043069),0.5352523226293759,0.6390186018858541,SOX8;OXSR1;CRYAB;PTMA;VEGFA;MAP4K4,6
GO_Biological_Process_2023,Regulation Of Epithelial Cell Migration (GO:0010632),0.5401930736610003,0.6424012559986799,PTN,1
GO_Biological_Process_2023,Regulation Of Interleukin-12 Production (GO:0032655),0.5401930736610003,0.6424012559986799,PLCB1,1
GO_Biological_Process_2023,Regulation Of Mitochondrion Organization (GO:0010821),0.5401930736610003,0.6424012559986799,PPARGC1A,1
GO_Biological_Process_2023,Blood Circulation (GO:0008015),0.5401930736610003,0.6424012559986799,GUCY1A1,1
GO_Biological_Process_2023,Dicarboxylic Acid Metabolic Process (GO:0043648),0.5401930736610003,0.6424012559986799,ME1,1
GO_Biological_Process_2023,Pyruvate Metabolic Process (GO:0006090),0.5401930736610003,0.6424012559986799,ME1,1
GO_Biological_Process_2023,Regulation Of Protein Binding (GO:0043393),0.5448391557917295,0.64708494541758,PRMT8;HIPK2,2
GO_Biological_Process_2023,Regulation Of Small GTPase Mediated Signal Transduction (GO:0051056),0.5448391557917295,0.64708494541758,CHN2;ARHGAP5,2
GO_Biological_Process_2023,SMAD Protein Signal Transduction (GO:0060395),0.5472918285336403,0.6474752615705227,HIPK2,1
GO_Biological_Process_2023,Amide Biosynthetic Process (GO:0043604),0.5472918285336403,0.6474752615705227,FA2H,1
GO_Biological_Process_2023,Regulation Of Release Of Sequestered Calcium Ion Into Cytosol (GO:0051279),0.5472918285336403,0.6474752615705227,UBASH3B,1
GO_Biological_Process_2023,Regulation Of Smoothened Signaling Pathway (GO:0008589),0.5472918285336403,0.6474752615705227,FGFR2,1
GO_Biological_Process_2023,Regulation Of Synapse Assembly (GO:0051963),0.5472918285336403,0.6474752615705227,PTPRD,1
GO_Biological_Process_2023,Microtubule Bundle Formation (GO:0001578),0.5472918285336403,0.6474752615705227,TPPP,1
GO_Biological_Process_2023,Regulation Of Protein Localization To Nucleus (GO:1900180),0.5542813387812806,0.6527885181139487,NGFR,1
GO_Biological_Process_2023,Cellular Response To Ionizing Radiation (GO:0071479),0.5542813387812806,0.6527885181139487,CRYAB,1
GO_Biological_Process_2023,Fatty Acid Oxidation (GO:0019395),0.5542813387812806,0.6527885181139487,PPARGC1A,1
GO_Biological_Process_2023,Negative Regulation Of Innate Immune Response (GO:0045824),0.5542813387812806,0.6527885181139487,TYRO3,1
GO_Biological_Process_2023,Negative Regulation Of Response To Stimulus (GO:0048585),0.5542813387812806,0.6527885181139487,UBASH3B,1
GO_Biological_Process_2023,Neurotransmitter Transport (GO:0006836),0.5542813387812806,0.6527885181139487,SLC32A1,1
GO_Biological_Process_2023,Regulation Of Cell Development (GO:0060284),0.5542813387812806,0.6527885181139487,PTN,1
GO_Biological_Process_2023,Negative Regulation Of Nucleic Acid-Templated Transcription (GO:1903507),0.5565397328140028,0.6550264937688617,SALL1;NACC2;SOX8;PROX1;FOXN3;PLCB1;CRYAB,7
GO_Biological_Process_2023,NADH Dehydrogenase Complex Assembly (GO:0010257),0.5611632803414411,0.6554071773591927,NDUFS8,1
GO_Biological_Process_2023,Actin Polymerization Or Depolymerization (GO:0008154),0.5611632803414411,0.6554071773591927,FHDC1,1
GO_Biological_Process_2023,Regulation Of Macromolecule Biosynthetic Process (GO:0010556),0.5611632803414411,0.6554071773591927,GRM5,1
GO_Biological_Process_2023,Carboxylic Acid Transport (GO:0046942),0.5611632803414411,0.6554071773591927,SLC38A3,1
GO_Biological_Process_2023,Endosome Organization (GO:0007032),0.5611632803414411,0.6554071773591927,LAPTM4B,1
GO_Biological_Process_2023,Spermatid Development (GO:0007286),0.5611632803414411,0.6554071773591927,JAM2,1
GO_Biological_Process_2023,Tight Junction Assembly (GO:0120192),0.5611632803414411,0.6554071773591927,CLDN11,1
GO_Biological_Process_2023,Mitochondrial Respiratory Chain Complex I Assembly (GO:0032981),0.5611632803414411,0.6554071773591927,NDUFS8,1
GO_Biological_Process_2023,Negative Regulation Of Cysteine-Type Endopeptidase Activity (GO:2000117),0.5611632803414411,0.6554071773591927,VEGFA,1
GO_Biological_Process_2023,Negative Regulation Of Viral Genome Replication (GO:0045071),0.5611632803414411,0.6554071773591927,PROX1,1
GO_Biological_Process_2023,Positive Regulation Of Chemokine Production (GO:0032722),0.5611632803414411,0.6554071773591927,IL33,1
GO_Biological_Process_2023,Proton Motive Force-Driven Mitochondrial ATP Synthesis (GO:0042776),0.5611632803414411,0.6554071773591927,NDUFS8,1
GO_Biological_Process_2023,Fatty Acid Metabolic Process (GO:0006631),0.5629171672483139,0.656198533395262,FA2H;PPARGC1A,2
GO_Biological_Process_2023,Positive Regulation Of Macromolecule Biosynthetic Process (GO:0010557),0.5629171672483139,0.656198533395262,IL33;HSPH1,2
GO_Biological_Process_2023,Receptor-Mediated Endocytosis (GO:0006898),0.5629171672483139,0.656198533395262,MICALL1;EPS15,2
GO_Biological_Process_2023,Apical Junction Assembly (GO:0043297),0.5679393032240558,0.6595307845059035,CLDN11,1
GO_Biological_Process_2023,Regulation Of Smooth Muscle Cell Proliferation (GO:0048660),0.5679393032240558,0.6595307845059035,PPARGC1A,1
GO_Biological_Process_2023,Epidermal Cell Differentiation (GO:0009913),0.5679393032240558,0.6595307845059035,CLIC4,1
GO_Biological_Process_2023,Mesenchymal Cell Differentiation (GO:0048762),0.5679393032240558,0.6595307845059035,FGFR2,1
GO_Biological_Process_2023,Peptidyl-Tyrosine Modification (GO:0018212),0.5679393032240558,0.6595307845059035,FGFR2,1
GO_Biological_Process_2023,Regulation Of Blood Vessel Endothelial Cell Migration (GO:0043535),0.5679393032240558,0.6595307845059035,VEGFA,1
GO_Biological_Process_2023,Cellular Component Assembly (GO:0022607),0.5701040492672258,0.6616245597143122,PTPRD;PPARGC1A;NEFH;GPM6B,4
GO_Biological_Process_2023,Cellular Response To Fibroblast Growth Factor Stimulus (GO:0044344),0.5746110325990433,0.6651668219137027,FGFR2,1
GO_Biological_Process_2023,Ceramide Metabolic Process (GO:0006672),0.5746110325990433,0.6651668219137027,FA2H,1
GO_Biological_Process_2023,Positive Regulation Of Tyrosine Phosphorylation Of STAT Protein (GO:0042531),0.5746110325990433,0.6651668219137027,VEGFA,1
GO_Biological_Process_2023,Purine Ribonucleotide Biosynthetic Process (GO:0009152),0.5746110325990433,0.6651668219137027,GUCY1A1,1
GO_Biological_Process_2023,Regulation Of Mitotic Cell Cycle (GO:0007346),0.5761353519840068,0.6660882166743037,GBF1;MEIS2,2
GO_Biological_Process_2023,Negative Regulation Of Cell Growth (GO:0030308),0.5761353519840068,0.6660882166743037,MAG;ENPP1,2
GO_Biological_Process_2023,Regulation Of Programmed Cell Death (GO:0043067),0.5803148209188291,0.669803620016502,PHLPP1;SEPTIN4;CRYAB,3
GO_Biological_Process_2023,Positive Regulation Of Intracellular Protein Transport (GO:0090316),0.5804762598935816,0.669803620016502,PRR5L;AKAP5,2
GO_Biological_Process_2023,Regulation Of Mitotic Nuclear Division (GO:0007088),0.5811800683248707,0.669803620016502,TGFA,1
GO_Biological_Process_2023,Regulation Of Stem Cell Population Maintenance (GO:2000036),0.5811800683248707,0.669803620016502,PTN,1
GO_Biological_Process_2023,Mitotic DNA Damage Checkpoint Signaling (GO:0044773),0.5811800683248707,0.669803620016502,FOXN3,1
GO_Biological_Process_2023,Regulation Of Protein Phosphorylation (GO:0001932),0.5851678877562545,0.67397485308954,GRM5;PRR5L;MOB3B;VEGFA,4
GO_Biological_Process_2023,Endosome To Lysosome Transport (GO:0008333),0.5876479861425162,0.675150550209428,SORT1,1
GO_Biological_Process_2023,Myeloid Cell Differentiation (GO:0030099),0.5876479861425162,0.675150550209428,HIPK2,1
GO_Biological_Process_2023,Post-Transcriptional Regulation Of Gene Expression (GO:0010608),0.5876479861425162,0.675150550209428,GRM5,1
GO_Biological_Process_2023,Negative Regulation Of Cellular Process (GO:0048523),0.5876652137416126,0.675150550209428,TMEM98;FABP7;NACC2;PLXNB3;ENPP1;PROX1;CRYAB;JAM2,8
GO_Biological_Process_2023,Response To Organic Cyclic Compound (GO:0014070),0.5940163375522773,0.6807367677839069,CREB1,1
GO_Biological_Process_2023,Glycosaminoglycan Biosynthetic Process (GO:0006024),0.5940163375522773,0.6807367677839069,CHST3,1
GO_Biological_Process_2023,Muscle Organ Development (GO:0007517),0.5940163375522773,0.6807367677839069,SOX6,1
GO_Biological_Process_2023,Positive Regulation Of Mitochondrion Organization (GO:0010822),0.5940163375522773,0.6807367677839069,PPARGC1A,1
GO_Biological_Process_2023,Cellular Response To Oxygen-Containing Compound (GO:1901701),0.5974163685574778,0.683639030836935,SLC12A2;P2RY12;CLIC4;CREB1;PPM1E;HCN2,6
GO_Biological_Process_2023,DNA-templated Transcription Initiation (GO:0006352),0.6002866503685717,0.683639030836935,PPARGC1A,1
GO_Biological_Process_2023,Aerobic Respiration (GO:0009060),0.6002866503685717,0.683639030836935,NDUFS8,1
GO_Biological_Process_2023,Regulation Of Multicellular Organismal Development (GO:2000026),0.6002866503685717,0.683639030836935,PTN,1
GO_Biological_Process_2023,Glucose Metabolic Process (GO:0006006),0.6002866503685717,0.683639030836935,PPARGC1A,1
GO_Biological_Process_2023,Heart Morphogenesis (GO:0003007),0.6002866503685717,0.683639030836935,VEGFA,1
GO_Biological_Process_2023,Negative Regulation Of Cytokine-Mediated Signaling Pathway (GO:0001960),0.6002866503685717,0.683639030836935,PADI2,1
GO_Biological_Process_2023,Positive Regulation Of Protein Binding (GO:0032092),0.6002866503685717,0.683639030836935,HIPK2,1
GO_Biological_Process_2023,Positive Regulation Of Proteolysis (GO:0045862),0.6002866503685717,0.683639030836935,SH3D19,1
GO_Biological_Process_2023,Regulation Of Cell Death (GO:0010941),0.6002866503685717,0.683639030836935,CRYAB,1
GO_Biological_Process_2023,Organic Substance Transport (GO:0071702),0.6008745349719343,0.6838827159076962,SLC48A1;AQP4;ATP2B2,3
GO_Biological_Process_2023,Plasma Membrane Bounded Cell Projection Organization (GO:0120036),0.605835516269891,0.6876727368462483,MICALL1;MAP4,2
GO_Biological_Process_2023,Response To Light Stimulus (GO:0009416),0.6064604289409505,0.6876727368462483,GPR88,1
GO_Biological_Process_2023,Response To Retinoic Acid (GO:0032526),0.6064604289409505,0.6876727368462483,CREB1,1
GO_Biological_Process_2023,Histone Acetylation (GO:0016573),0.6064604289409505,0.6876727368462483,TMEM98,1
GO_Biological_Process_2023,protein-DNA Complex Organization (GO:0071824),0.6064604289409505,0.6876727368462483,SETD7,1
GO_Biological_Process_2023,Proton Motive Force-Driven ATP Synthesis (GO:0015986),0.6064604289409505,0.6876727368462483,NDUFS8,1
GO_Biological_Process_2023,Negative Regulation Of Viral Process (GO:0048525),0.6125391548262741,0.6941351388954494,PROX1,1
GO_Biological_Process_2023,Antigen Receptor-Mediated Signaling Pathway (GO:0050851),0.6140270843408838,0.6953904255476635,MOG;WNK1,2
GO_Biological_Process_2023,Cellular Response To Metal Ion (GO:0071248),0.6180738998113812,0.6991847468235559,SLC12A2;CLIC4,2
GO_Biological_Process_2023,Positive Regulation Of Apoptotic Signaling Pathway (GO:2001235),0.6185242866924622,0.6991847468235559,SEPTIN4,1
GO_Biological_Process_2023,Protein Lipidation (GO:0006497),0.6185242866924622,0.6991847468235559,PIGQ,1
GO_Biological_Process_2023,Oxidative Phosphorylation (GO:0006119),0.6244172609572466,0.7045398953058631,NDUFS8,1
GO_Biological_Process_2023,Positive Regulation Of Mitotic Cell Cycle Phase Transition (GO:1901992),0.6244172609572466,0.7045398953058631,PLCB1,1
GO_Biological_Process_2023,Regulation Of Cellular Catabolic Process (GO:0031329),0.6244172609572466,0.7045398953058631,PIP4K2A,1
GO_Biological_Process_2023,Cellular Response To Virus (GO:0098586),0.6302194921440342,0.7089000314461491,GBF1,1
GO_Biological_Process_2023,Response To Metal Ion (GO:0010038),0.6302194921440342,0.7089000314461491,NDRG1,1
GO_Biological_Process_2023,Positive Regulation Of Cysteine-Type Endopeptidase Activity (GO:2001056),0.6302194921440342,0.7089000314461491,CYCS,1
GO_Biological_Process_2023,Positive Regulation Of Macroautophagy (GO:0016239),0.6302194921440342,0.7089000314461491,PIP4K2A,1
GO_Biological_Process_2023,Protein N-linked Glycosylation (GO:0006487),0.6302194921440342,0.7089000314461491,FUT9,1
GO_Biological_Process_2023,Monoatomic Cation Transmembrane Transport (GO:0098655),0.6312557746147865,0.7096292635343852,SLC12A2;KCNG4;PKD2L1;HCN2,4
GO_Biological_Process_2023,Intracellular Calcium Ion Homeostasis (GO:0006874),0.6339355821091912,0.7122040415710754,PACS2;ATP2B2,2
GO_Biological_Process_2023,Cellular Response To Light Stimulus (GO:0071482),0.6359323730543238,0.7131332374717095,GPR88,1
GO_Biological_Process_2023,Regulation Of Tyrosine Phosphorylation Of STAT Protein (GO:0042509),0.6359323730543238,0.7131332374717095,VEGFA,1
GO_Biological_Process_2023,Monocarboxylic Acid Biosynthetic Process (GO:0072330),0.6359323730543238,0.7131332374717095,GATM,1
GO_Biological_Process_2023,Inorganic Cation Transmembrane Transport (GO:0098662),0.6395238441309821,0.7167212689433616,SLC12A2;KCNG4;PKD2L1;HCN2,4
GO_Biological_Process_2023,Regulation Of Endocytosis (GO:0030100),0.6415572751890012,0.7172422104649653,PACSIN2,1
GO_Biological_Process_2023,Cellular Response To BMP Stimulus (GO:0071773),0.6415572751890012,0.7172422104649653,DLX1,1
GO_Biological_Process_2023,Cellular Response To Type II Interferon (GO:0071346),0.6415572751890012,0.7172422104649653,AQP4,1
GO_Biological_Process_2023,Negative Regulation Of Immune Response (GO:0050777),0.6415572751890012,0.7172422104649653,TYRO3,1
GO_Biological_Process_2023,Regulation Of Neurogenesis (GO:0050767),0.6470955490441685,0.7207903527416469,PAX6,1
GO_Biological_Process_2023,Regulation Of Viral Genome Replication (GO:0045069),0.6470955490441685,0.7207903527416469,PROX1,1
GO_Biological_Process_2023,Extrinsic Apoptotic Signaling Pathway (GO:0097191),0.6470955490441685,0.7207903527416469,SORT1,1
GO_Biological_Process_2023,tRNA Modification (GO:0006400),0.6470955490441685,0.7207903527416469,TPRKB,1
GO_Biological_Process_2023,Peptidyl-Tyrosine Phosphorylation (GO:0018108),0.6470955490441685,0.7207903527416469,FGFR2,1
GO_Biological_Process_2023,Protein Secretion (GO:0009306),0.6470955490441685,0.7207903527416469,PDIA4,1
GO_Biological_Process_2023,Intermediate Filament Organization (GO:0045109),0.6525485246376201,0.7264219425211242,NEFL,1
GO_Biological_Process_2023,Protein Phosphorylation (GO:0006468),0.653177858976839,0.7266802336183932,CREB1;WNK1;TYRO3;OXSR1;FGFR2;MAP4K4;HIPK2,7
GO_Biological_Process_2023,Cellular Response To Calcium Ion (GO:0071277),0.6579175112912986,0.7310638688649971,CLIC4,1
GO_Biological_Process_2023,Response To Molecule Of Bacterial Origin (GO:0002237),0.6579175112912986,0.7310638688649971,ERBIN,1
GO_Biological_Process_2023,Protein Modification Process (GO:0036211),0.6594986490682085,0.7323758525475127,PTPRD;CREB1;WNK1;MMP15;FUT9;GAD1;OXSR1;PPM1E;MAP4K4;HIPK2,10
GO_Biological_Process_2023,Positive Regulation Of Macromolecule Metabolic Process (GO:0010604),0.6628072794733344,0.7324877703249889,IL33;PAX6;OXSR1;PPARGC1A;VEGFA,5
GO_Biological_Process_2023,Sulfur Compound Biosynthetic Process (GO:0044272),0.6632037986102689,0.7324877703249889,CHST3,1
GO_Biological_Process_2023,Negative Regulation Of Epithelial Cell Proliferation (GO:0050680),0.6632037986102689,0.7324877703249889,FGFR2,1
GO_Biological_Process_2023,Neutrophil Chemotaxis (GO:0030593),0.6632037986102689,0.7324877703249889,GBF1,1
GO_Biological_Process_2023,Positive Regulation Of Protein Transport (GO:0051222),0.6632037986102689,0.7324877703249889,PRR5L,1
GO_Biological_Process_2023,Protein K48-linked Ubiquitination (GO:0070936),0.6632037986102689,0.7324877703249889,RNF5,1
GO_Biological_Process_2023,Regulation Of Notch Signaling Pathway (GO:0008593),0.6632037986102689,0.7324877703249889,BMP2K,1
GO_Biological_Process_2023,Regulation Of Actin Filament-Based Process (GO:0032970),0.6632037986102689,0.7324877703249889,GPM6B,1
GO_Biological_Process_2023,Regulation Of Cellular Biosynthetic Process (GO:0031326),0.6632037986102689,0.7324877703249889,GRM5,1
GO_Biological_Process_2023,Negative Regulation Of Protein Metabolic Process (GO:0051248),0.6641088039051838,0.7326025345853928,EDNRB;CRYAB,2
GO_Biological_Process_2023,Protein Glycosylation (GO:0006486),0.6641088039051838,0.7326025345853928,FUT9;PLOD1,2
GO_Biological_Process_2023,Regulation Of Gene Expression (GO:0010468),0.6676238472758876,0.7360141074607012,IL33;MOG;SORT1;PAX6;ESRRG;PROX1;FOXN3;OXSR1;LITAF;SCRT1;APLN;VEGFA;TMEM98;DIP2A;SOX6;PPARGC1A,16
GO_Biological_Process_2023,Regulation Of Cilium Assembly (GO:1902017),0.6684086563653497,0.7360141074607012,CCP110,1
GO_Biological_Process_2023,Lipid Biosynthetic Process (GO:0008610),0.6684086563653497,0.7360141074607012,MBOAT1,1
GO_Biological_Process_2023,Negative Regulation Of DNA-binding Transcription Factor Activity (GO:0043433),0.671332963539374,0.7387894045207671,ERBIN;PROX1,2
GO_Biological_Process_2023,Negative Regulation Of Catabolic Process (GO:0009895),0.6735333346965843,0.7398753568528844,HIPK2,1
GO_Biological_Process_2023,Negative Regulation Of Cell Adhesion (GO:0007162),0.6735333346965843,0.7398753568528844,PLXNB3,1
GO_Biological_Process_2023,Positive Regulation Of Protein Localization To Nucleus (GO:1900182),0.6735333346965843,0.7398753568528844,NGFR,1
GO_Biological_Process_2023,Positive Regulation Of Protein Modification Process (GO:0031401),0.6763122402290992,0.7422345600933153,SVIP;MOB3B;VEGFA,3
GO_Biological_Process_2023,Regulation Of Cell Cycle (GO:0051726),0.6764926253010152,0.7422345600933153,GBF1;PROX1;FGFR2;HIPK2,4
GO_Biological_Process_2023,Ubiquitin-Dependent ERAD Pathway (GO:0030433),0.6785790649979432,0.7427415379301245,RNF5,1
GO_Biological_Process_2023,Granulocyte Chemotaxis (GO:0071621),0.6785790649979432,0.7427415379301245,GBF1,1
GO_Biological_Process_2023,Monocarboxylic Acid Transport (GO:0015718),0.6785790649979432,0.7427415379301245,FABP7,1
GO_Biological_Process_2023,Positive Regulation Of Secretion By Cell (GO:1903532),0.6785790649979432,0.7427415379301245,SLC12A2,1
GO_Biological_Process_2023,Import Into Nucleus (GO:0051170),0.683547059416934,0.7477318012401749,FAM53B,1
GO_Biological_Process_2023,Apoptotic Process (GO:0006915),0.6849638765539691,0.7483864577163736,NGFR;MAL;SEPTIN4,3
GO_Biological_Process_2023,Cellular Response To Lipid (GO:0071396),0.6849638765539691,0.7483864577163736,CREB1;PPM1E;GNAI1,3
GO_Biological_Process_2023,Regulation Of Cellular Component Organization (GO:0051128),0.6854040867999528,0.7484203431385753,PACSIN2;ERMN,2
GO_Biological_Process_2023,Negative Regulation Of Phosphorylation (GO:0042326),0.6884385118432741,0.7512852256332628,PRR5L,1
GO_Biological_Process_2023,Regulation Of Transcription By RNA Polymerase II (GO:0006357),0.69193663285591,0.7546524159173879,DLX1;LITAF;SALL1;EDNRB;NACC2;SOX8;SOX6;PPARGC1A;IL33;ZFP91;PAX6;ESRRG;OLIG1;PROX1;OLIG2;OXSR1;SOX10;MEIS2;SCRT1;ETV5;VEGFA;HIPK2;ZEB2;CREB1;TMEM98;SP8;PTMA;FGFR2;CREB5,29
GO_Biological_Process_2023,Transcription Initiation At RNA Polymerase II Promoter (GO:0006367),0.6932545977580088,0.7551891955326969,PPARGC1A,1
GO_Biological_Process_2023,Positive Regulation Of Interleukin-6 Production (GO:0032755),0.6932545977580088,0.7551891955326969,IL33,1
GO_Biological_Process_2023,Negative Regulation Of Blood Vessel Morphogenesis (GO:2000181),0.6979964745751296,0.7589985445885328,SEMA3E,1
GO_Biological_Process_2023,Neutrophil Migration (GO:1990266),0.6979964745751296,0.7589985445885328,GBF1,1
GO_Biological_Process_2023,Positive Regulation Of Synaptic Transmission (GO:0050806),0.6979964745751296,0.7589985445885328,AKAP5,1
GO_Biological_Process_2023,Peptidyl-Serine Phosphorylation (GO:0018105),0.7022958647836879,0.7622626341588077,WNK1;HIPK2,2
GO_Biological_Process_2023,Regulation Of Innate Immune Response (GO:0045088),0.7026652822262164,0.7622626341588077,TYRO3,1
GO_Biological_Process_2023,Positive Regulation Of Tumor Necrosis Factor Production (GO:0032760),0.7026652822262164,0.7622626341588077,IL33,1
GO_Biological_Process_2023,Regulation Of TOR Signaling (GO:0032006),0.7026652822262164,0.7622626341588077,GNA12,1
GO_Biological_Process_2023,Response To Lipopolysaccharide (GO:0032496),0.7055826014727745,0.7645286404000683,ERBIN;PPM1E,2
GO_Biological_Process_2023,Regulation Of Cyclin-Dependent Protein Serine/Threonine Kinase Activity (GO:0000079),0.7072621430054212,0.7645286404000683,PROX1,1
GO_Biological_Process_2023,Regulation Of Neuron Differentiation (GO:0045664),0.7072621430054212,0.7645286404000683,GPRC5B,1
GO_Biological_Process_2023,Vesicle Fusion (GO:0006906),0.7072621430054212,0.7645286404000683,PIP4K2A,1
GO_Biological_Process_2023,Positive Regulation Of Protein Modification By Small Protein Conjugation Or Removal (GO:1903322),0.7072621430054212,0.7645286404000683,SEPTIN4,1
GO_Biological_Process_2023,Protein Import Into Nucleus (GO:0006606),0.7072621430054212,0.7645286404000683,FAM53B,1
GO_Biological_Process_2023,Response To Type II Interferon (GO:0034341),0.7117881619286078,0.7685127202877353,AQP4,1
GO_Biological_Process_2023,Glycoprotein Biosynthetic Process (GO:0009101),0.7117881619286078,0.7685127202877353,FUT9,1
GO_Biological_Process_2023,Protein Transport (GO:0015031),0.7131009197989427,0.7694758597712484,NGFR;MYO6;GOLGA7;PDIA4,4
GO_Biological_Process_2023,Regulation Of Macromolecule Metabolic Process (GO:0060255),0.715262151169591,0.7701417153080881,SORT1;PROX1,2
GO_Biological_Process_2023,Mitochondrion Organization (GO:0007005),0.715262151169591,0.7701417153080881,PPARGC1A;TRAK2,2
GO_Biological_Process_2023,Cellular Response To Interleukin-1 (GO:0071347),0.7162444274133721,0.7701417153080881,PLCB1,1
GO_Biological_Process_2023,Macromolecule Modification (GO:0043412),0.7162444274133721,0.7701417153080881,MMP15,1
GO_Biological_Process_2023,Negative Regulation Of NF-kappaB Transcription Factor Activity (GO:0032088),0.7162444274133721,0.7701417153080881,ERBIN,1
GO_Biological_Process_2023,Positive Regulation Of Growth (GO:0045927),0.7162444274133721,0.7701417153080881,PLCB1,1
GO_Biological_Process_2023,Regulation Of Phosphorylation (GO:0042325),0.7206320108757164,0.7734952745843223,GRM5,1
GO_Biological_Process_2023,Negative Regulation Of Apoptotic Signaling Pathway (GO:2001234),0.7206320108757164,0.7734952745843223,TMBIM1,1
GO_Biological_Process_2023,Positive Regulation Of Tumor Necrosis Factor Superfamily Cytokine Production (GO:1903557),0.7206320108757164,0.7734952745843223,IL33,1
GO_Biological_Process_2023,Regulation Of Epithelial To Mesenchymal Transition (GO:0010717),0.7249519676552971,0.7763098061133128,PHLDB1,1
GO_Biological_Process_2023,Calcium Ion Transmembrane Import Into Cytosol (GO:0097553),0.7249519676552971,0.7763098061133128,PLCB1,1
GO_Biological_Process_2023,Epigenetic Regulation Of Gene Expression (GO:0040029),0.7249519676552971,0.7763098061133128,PADI2,1
GO_Biological_Process_2023,Regulation Of NIK/NF-kappaB Signaling (GO:1901222),0.7249519676552971,0.7763098061133128,RASSF2,1
GO_Biological_Process_2023,Peptidyl-Serine Modification (GO:0018209),0.7277523478241588,0.7788525711939066,WNK1;HIPK2,2
GO_Biological_Process_2023,Positive Regulation Of Protein Ubiquitination (GO:0031398),0.7292053365725685,0.7794953597844697,SEPTIN4,1
GO_Biological_Process_2023,Purine Ribonucleotide Metabolic Process (GO:0009150),0.7292053365725685,0.7794953597844697,ENPP1,1
GO_Biological_Process_2023,Positive Regulation Of DNA-binding Transcription Factor Activity (GO:0051091),0.733264502963359,0.7814202761966778,PPARGC1A;HIPK2;VEGFA,3
GO_Biological_Process_2023,Regulation Of Osteoblast Differentiation (GO:0045667),0.7333931408311533,0.7814202761966778,FGFR2,1
GO_Biological_Process_2023,Establishment Of Protein Localization To Organelle (GO:0072594),0.7333931408311533,0.7814202761966778,FAM53B,1
GO_Biological_Process_2023,Macromolecule Catabolic Process (GO:0009057),0.7333931408311533,0.7814202761966778,RNF5,1
GO_Biological_Process_2023,Positive Regulation Of Protein Localization (GO:1903829),0.7333931408311533,0.7814202761966778,NGFR,1
GO_Biological_Process_2023,Organelle Assembly (GO:0070925),0.7335694993054651,0.7814202761966778,PACS2;UBXN2B;GBF1;FHDC1,4
GO_Biological_Process_2023,Regulation Of Mitotic Cell Cycle Phase Transition (GO:1901990),0.7375163877603289,0.7847105719683779,ANLN,1
GO_Biological_Process_2023,Exocytosis (GO:0006887),0.7375163877603289,0.7847105719683779,SYTL2,1
GO_Biological_Process_2023,Regulation Of Cell Population Proliferation (GO:0042127),0.7463693333928556,0.793668320218333,AGO3;FABP7;NACC2;TGFA;PROX1;PTN;S100B;MEIS2;FGFR2;VEGFA,10
GO_Biological_Process_2023,ERAD Pathway (GO:0036503),0.7495086292407231,0.7951573566596767,RNF5,1
GO_Biological_Process_2023,Cellular Response To Peptide Hormone Stimulus (GO:0071375),0.7495086292407231,0.7951573566596767,ENPP1,1
GO_Biological_Process_2023,Sensory Perception Of Mechanical Stimulus (GO:0050954),0.7495086292407231,0.7951573566596767,ATP2B2,1
GO_Biological_Process_2023,Positive Regulation Of Peptidyl-Serine Phosphorylation (GO:0033138),0.7495086292407231,0.7951573566596767,VEGFA,1
GO_Biological_Process_2023,Proteolysis (GO:0006508),0.7508297999914978,0.7960972198170722,ADAMTS4;DESI1;MMP15;CPD,4
GO_Biological_Process_2023,Positive Regulation Of Gene Expression (GO:0010628),0.7519226359895638,0.796794033154642,IL33;PADI2;PAX6;OXSR1;PPARGC1A;VEGFA,6
GO_Biological_Process_2023,Regulation Of Peptidyl-Tyrosine Phosphorylation (GO:0050730),0.7533834161630436,0.7974179792605364,VEGFA,1
GO_Biological_Process_2023,Mitochondrial Respiratory Chain Complex Assembly (GO:0033108),0.7533834161630436,0.7974179792605364,NDUFS8,1
GO_Biological_Process_2023,Positive Regulation Of Binding (GO:0051099),0.7571984562492913,0.8005294661733837,HIPK2,1
GO_Biological_Process_2023,Regulation Of RNA Metabolic Process (GO:0051252),0.7571984562492913,0.8005294661733837,TMEM98,1
GO_Biological_Process_2023,Sensory Perception Of Sound (GO:0007605),0.7609546677060126,0.8035716438997097,ATP2B2,1
GO_Biological_Process_2023,Positive Regulation Of Protein Catabolic Process (GO:0045732),0.7609546677060126,0.8035716438997097,SH3D19,1
GO_Biological_Process_2023,Regulation Of Apoptotic Process (GO:0042981),0.7618344890112753,0.804036514946118,RASSF2;PHLPP1;SOX8;SEPTIN4;OXSR1;CRYAB;PTMA;VEGFA;MAP4K4,9
GO_Biological_Process_2023,Negative Regulation Of Gene Expression (GO:0010629),0.7632053176032284,0.8050187577256659,AGO3;DIP2A;APLN;VEGFA,4
GO_Biological_Process_2023,"Regulation Of mRNA Splicing, Via Spliceosome (GO:0048024)",0.7682942075737695,0.8089868196041592,QKI,1
GO_Biological_Process_2023,"Retrograde Transport, Endosome To Golgi (GO:0042147)",0.7682942075737695,0.8089868196041592,GBF1,1
GO_Biological_Process_2023,Peptidyl-Lysine Modification (GO:0018205),0.7682942075737695,0.8089868196041592,PLOD1,1
GO_Biological_Process_2023,Recombinational Repair (GO:0000725),0.7718793032324189,0.8122941574292832,EXD2,1
GO_Biological_Process_2023,Regulation Of Protein Localization (GO:0032880),0.7788844627748427,0.8191947569955074,GBF1,1
GO_Biological_Process_2023,RNA Splicing (GO:0008380),0.782306213704839,0.8218484002677486,PPARGC1A,1
GO_Biological_Process_2023,Mitochondrial Translation (GO:0032543),0.782306213704839,0.8218484002677486,LARS2,1
GO_Biological_Process_2023,Hemopoiesis (GO:0030097),0.792258004741889,0.8313481874199168,FGFR2,1
GO_Biological_Process_2023,Visual Perception (GO:0007601),0.792258004741889,0.8313481874199168,PAX6,1
GO_Biological_Process_2023,Phosphorylation (GO:0016310),0.7931872492792753,0.8318460314975886,CREB1;WNK1;OXSR1;MAP4K4;HIPK2,5
GO_Biological_Process_2023,Regulation Of Protein Secretion (GO:0050708),0.7954734452503094,0.8328110654624017,SLC12A2,1
GO_Biological_Process_2023,Sensory Perception Of Light Stimulus (GO:0050953),0.7954734452503094,0.8328110654624017,PAX6,1
GO_Biological_Process_2023,Protein Catabolic Process (GO:0030163),0.7954734452503094,0.8328110654624017,RNF5,1
GO_Biological_Process_2023,Transcription By RNA Polymerase II (GO:0006366),0.7980736770700211,0.8341010030634678,CREB1;PPARGC1A,2
GO_Biological_Process_2023,Modification-Dependent Protein Catabolic Process (GO:0019941),0.7980736770700211,0.8341010030634678,RNF13;RNF5,2
GO_Biological_Process_2023,Protein Localization To Membrane (GO:0072657),0.7980736770700211,0.8341010030634678,PACS2;PTN,2
GO_Biological_Process_2023,Mitochondrial Gene Expression (GO:0140053),0.7986392755630461,0.8342154397514627,LARS2,1
GO_Biological_Process_2023,Macroautophagy (GO:0016236),0.8017562586878069,0.8369932632077618,PIP4K2A,1
GO_Biological_Process_2023,Lysosomal Transport (GO:0007041),0.8048251459075129,0.8397177363746954,SORT1,1
GO_Biological_Process_2023,Response To Calcium Ion (GO:0051592),0.8078466770610202,0.8414302803784771,CLIC4,1
GO_Biological_Process_2023,Positive Regulation Of Cell Growth (GO:0030307),0.8078466770610202,0.8414302803784771,SHTN1,1
GO_Biological_Process_2023,Regulation Of G1/S Transition Of Mitotic Cell Cycle (GO:2000045),0.8078466770610202,0.8414302803784771,PLCB1,1
GO_Biological_Process_2023,Negative Regulation Of Translation (GO:0017148),0.8108215803298935,0.8435680719131827,AGO3,1
GO_Biological_Process_2023,Positive Regulation Of Autophagy (GO:0010508),0.8108215803298935,0.8435680719131827,SVIP,1
GO_Biological_Process_2023,Response To Tumor Necrosis Factor (GO:0034612),0.8137505732255521,0.8461340525466372,ERBIN,1
GO_Biological_Process_2023,Cell-Matrix Adhesion (GO:0007160),0.8166343618310643,0.8486501407892141,ITGB4,1
GO_Biological_Process_2023,Response To Lipid (GO:0033993),0.8194736415459162,0.8511171438884048,ERBIN,1
GO_Biological_Process_2023,RNA Metabolic Process (GO:0016070),0.8222690972421483,0.8520850871704755,AGO3,1
GO_Biological_Process_2023,T Cell Activation (GO:0042110),0.8222690972421483,0.8520850871704755,KIF13B,1
GO_Biological_Process_2023,Double-Strand Break Repair Via Homologous Recombination (GO:0000724),0.8222690972421483,0.8520850871704755,EXD2,1
GO_Biological_Process_2023,Mitotic Cell Cycle Phase Transition (GO:0044772),0.8222690972421483,0.8520850871704755,PLCB1,1
GO_Biological_Process_2023,Calcium Ion Transport (GO:0006816),0.8250214030794913,0.8539695224857894,ATP2B2,1
GO_Biological_Process_2023,Negative Regulation Of Defense Response (GO:0031348),0.8250214030794913,0.8539695224857894,TYRO3,1
GO_Biological_Process_2023,Regulation Of Protein Ubiquitination (GO:0031396),0.8277312230661326,0.8562898229569891,SEPTIN4,1
GO_Biological_Process_2023,Regulation Of Nucleic Acid-Templated Transcription (GO:1903506),0.8286441540331253,0.8567496651930956,ESRRG;FOXN3;SOX6;PPARGC1A;SCRT1,5
GO_Biological_Process_2023,Regulation Of Interleukin-6 Production (GO:0032675),0.8303992107552194,0.8580791844470601,IL33,1
GO_Biological_Process_2023,Endoplasmic Reticulum To Golgi Vesicle-Mediated Transport (GO:0006888),0.8330260099643829,0.860307494198112,GBF1,1
GO_Biological_Process_2023,Cellular Response To Molecule Of Bacterial Origin (GO:0071219),0.8381585685009553,0.8643253859703616,PPM1E,1
GO_Biological_Process_2023,Protein Maturation (GO:0051604),0.8381585685009553,0.8643253859703616,CPD,1
GO_Biological_Process_2023,Negative Regulation Of Cell Population Proliferation (GO:0008285),0.8383341906568734,0.8643253859703616,FABP7;NACC2;PROX1;PPARGC1A,4
GO_Biological_Process_2023,Cellular Response To Tumor Necrosis Factor (GO:0071356),0.8431338535422935,0.8687841228894958,ERBIN,1
GO_Biological_Process_2023,Protein Localization To Nucleus (GO:0034504),0.8503123618482141,0.8756876744484142,FAM53B,1
GO_Biological_Process_2023,Regulation Of Cell Motility (GO:2000145),0.8526316726879071,0.8775820649106257,DOCK10,1
GO_Biological_Process_2023,Cellular Response To Lipopolysaccharide (GO:0071222),0.8549151617163302,0.878449343134364,PPM1E,1
GO_Biological_Process_2023,Negative Regulation Of Growth (GO:0045926),0.8549151617163302,0.878449343134364,ENPP1,1
GO_Biological_Process_2023,Regulation Of DNA Metabolic Process (GO:0051052),0.8549151617163302,0.878449343134364,TMEM98,1
GO_Biological_Process_2023,Proteasomal Protein Catabolic Process (GO:0010498),0.8553983850447723,0.8784523561184102,UBXN2B;RNF5,2
GO_Biological_Process_2023,Protein-Containing Complex Organization (GO:0043933),0.8593768717750222,0.8820428162045542,PPARGC1A,1
GO_Biological_Process_2023,Regulation Of Response To External Stimulus (GO:0032101),0.8615561706036934,0.8832882488980691,P2RY12,1
GO_Biological_Process_2023,Regulation Of Tumor Necrosis Factor Production (GO:0032680),0.8615561706036934,0.8832882488980691,IL33,1
GO_Biological_Process_2023,Protein Polyubiquitination (GO:0000209),0.8655741074458192,0.8866597609964508,ZFP91;RNF5,2
GO_Biological_Process_2023,Regulation Of DNA Repair (GO:0006282),0.8658142882119525,0.8866597609964508,TMEM98,1
GO_Biological_Process_2023,Transmembrane Receptor Protein Serine/Threonine Kinase Signaling Pathway (GO:0007178),0.8678941358450902,0.8877955114433277,HIPK2,1
GO_Biological_Process_2023,Regulation Of Cell Cycle Process (GO:0010564),0.8678941358450902,0.8877955114433277,CCP110,1
GO_Biological_Process_2023,Chromatin Remodeling (GO:0006338),0.86881774038018,0.8882435143406089,SETD7;PADI2,2
GO_Biological_Process_2023,Negative Regulation Of Intracellular Signal Transduction (GO:1902532),0.8735488713713058,0.8925815004123566,PHLPP1;TRIM59,2
GO_Biological_Process_2023,Non-Membrane-Bounded Organelle Assembly (GO:0140694),0.8778211395450659,0.8964460436783503,TMOD1,1
GO_Biological_Process_2023,Negative Regulation Of Cellular Biosynthetic Process (GO:0031327),0.8815804889712728,0.8992809338139756,PROX1,1
GO_Biological_Process_2023,Protein Localization To Plasma Membrane (GO:0072659),0.8815804889712728,0.8992809338139756,PACS2,1
GO_Biological_Process_2023,Protein-Containing Complex Assembly (GO:0065003),0.8835539634389361,0.9007916383109331,ANLN;PPARGC1A;EPS15,3
GO_Biological_Process_2023,Regulation Of Autophagy (GO:0010506),0.888209076509861,0.9050330924437525,PIP4K2A;SVIP,2
GO_Biological_Process_2023,Detection Of Chemical Stimulus Involved In Sensory Perception (GO:0050907),0.8887567823274954,0.9050869459225996,PKD2L1,1
GO_Biological_Process_2023,Protein Localization To Cell Periphery (GO:1990778),0.8904820626338585,0.9063069857314037,PACS2,1
GO_Biological_Process_2023,Cilium Assembly (GO:0060271),0.890945850380024,0.9063069857314037,GBF1;FHDC1,2
GO_Biological_Process_2023,Positive Regulation Of Programmed Cell Death (GO:0043068),0.8936204737161613,0.9085224271411111,RASSF2;SEPTIN4,2
GO_Biological_Process_2023,Negative Regulation Of Response To External Stimulus (GO:0032102),0.8971205372377227,0.9115741458932194,TYRO3,1
GO_Biological_Process_2023,Defense Response To Symbiont (GO:0140546),0.9002877881847722,0.9142844889450018,SERINC5,1
GO_Biological_Process_2023,protein-RNA Complex Assembly (GO:0022618),0.9033578367062068,0.9168931650031367,AGO3,1
GO_Biological_Process_2023,Cytokine-Mediated Signaling Pathway (GO:0019221),0.9084305785424521,0.9215305203295313,IL33;PLCB1,2
GO_Biological_Process_2023,Chromatin Organization (GO:0006325),0.9202940560583904,0.933047576790907,SETD7;PADI2,2
GO_Biological_Process_2023,Regulation Of DNA-templated Transcription (GO:0006355),0.9208091521662125,0.9330525979567882,MYRF;ZFP91;PAX6;ESRRG;PROX1;FOXN3;OXSR1;SOX10;SCRT1;ETV5;HIPK2;ZEB2;CREB1;SALL1;TMEM98;NACC2;SOX8;SP8;SOX6;PLCB1;PPARGC1A;CRYAB;CREB5,23
GO_Biological_Process_2023,Positive Regulation Of Apoptotic Process (GO:0043065),0.9222898449595922,0.9340355074369292,RASSF2;SEPTIN4,2
GO_Biological_Process_2023,Ubiquitin-Dependent Protein Catabolic Process (GO:0006511),0.9240057835537299,0.935255438915203,UBXN2B;RNF13;RNF5,3
GO_Biological_Process_2023,Double-Strand Break Repair (GO:0006302),0.927076133802692,0.9378441641178782,EXD2,1
GO_Biological_Process_2023,Positive Regulation Of Protein Phosphorylation (GO:0001934),0.9320716855024068,0.942376513423937,RASSF2;MOB3B;VEGFA,3
GO_Biological_Process_2023,Positive Regulation Of ERK1 And ERK2 Cascade (GO:0070374),0.9386127597020231,0.948465600825967,FGFR2,1
GO_Biological_Process_2023,DNA Repair (GO:0006281),0.9405908637509922,0.9499396409721507,EXD2;MLH3,2
GO_Biological_Process_2023,RNA Processing (GO:0006396),0.9423404931660775,0.9506567909546364,PPARGC1A,1
GO_Biological_Process_2023,Macromolecule Biosynthetic Process (GO:0009059),0.9423404931660775,0.9506567909546364,FUT9,1
GO_Biological_Process_2023,Defense Response To Virus (GO:0051607),0.9475132234742265,0.9553482280784786,SERINC5,1
GO_Biological_Process_2023,Intracellular Monoatomic Cation Homeostasis (GO:0030003),0.9483291978015859,0.9556441337625898,SLC12A2,1
GO_Biological_Process_2023,Golgi Vesicle Transport (GO:0048193),0.953697677845735,0.9605248087994764,GBF1,1
GO_Biological_Process_2023,DNA-templated Transcription (GO:0006351),0.955126744089059,0.961434680758882,PTMA,1
GO_Biological_Process_2023,Regulation Of Translation (GO:0006417),0.9571883226735367,0.9629798911825624,GRM5,1
GO_Biological_Process_2023,Proteasome-Mediated Ubiquitin-Dependent Protein Catabolic Process (GO:0043161),0.9587161328851675,0.9639866998608969,UBXN2B;RNF5,2
GO_Biological_Process_2023,Positive Regulation Of Cytokine Production (GO:0001819),0.9592540087608056,0.963997572540392,IL33;PLCB1,2
GO_Biological_Process_2023,mRNA Processing (GO:0006397),0.9645325242325318,0.9687698994076336,PPARGC1A,1
GO_Biological_Process_2023,Regulation Of Cell Growth (GO:0001558),0.9710777419115603,0.9748085565072688,ENPP1,1
GO_Biological_Process_2023,Negative Regulation Of Multicellular Organismal Process (GO:0051241),0.9728381247336977,0.9760400055611262,DLX1,1
GO_Biological_Process_2023,Translation (GO:0006412),0.97408794403093,0.9767581412459272,LARS2,1
GO_Biological_Process_2023,Regulation Of ERK1 And ERK2 Cascade (GO:0070372),0.9778544188944047,0.9799976614563651,FGFR2,1
GO_Biological_Process_2023,DNA Metabolic Process (GO:0006259),0.9889147116427901,0.9905394346082492,EXD2,1
GO_Biological_Process_2023,Gene Expression (GO:0010467),0.9902268308679949,0.9913108230200125,ENPP1,1
GO_Biological_Process_2023,Protein Ubiquitination (GO:0016567),0.9912425300313348,0.9917847852446998,RNF13;RNF141,2
GO_Biological_Process_2023,DNA Damage Response (GO:0006974),0.997562488393385,0.997562488393385,SETD7,1
PanglaoDB_Augmented_2021,Oligodendrocytes,2.3292550144639676e-61,3.284249570394194e-59,TMEM151A;ITGB4;NCAN;AQP4;DUSP15;ADAMTS4;GRM3;GRM5;KIF13B;SOX8;ENPP6;BCAS1;GPR37;OPALIN;PLLP;OLIG1;ELOVL7;OLIG2;EML1;SOX10;ERMN;CLDN11;MAG;GPRC5B;TYRO3;PRR18;RGS7BP;ASPA;CREB5;RAPGEF4;TMEM63A;MYRF;PHYHIPL;KLK6;GJC3;GJC2;TMEM125;MOBP;MBP;ARSG;TPPP;S1PR5;PLEKHH1;GPM6B;IL33;KCNJ10;MOG;LGI3;ATP2B2;MYO1D;ANLN;FA2H;PEX5L;DPY19L1;GJB1;PLP1;CNTN2;FGFR2,58
PanglaoDB_Augmented_2021,Schwann Cells,1.1671887070224068e-18,5.812069490337584e-17,NGFR;PHLDB1;CNP;MEGF10;ITGB4;CMTM5;LGI3;PHYHIPL;AQP4;OLIG1;GPR37L1;PTN;S100B;SOX10;NDRG1;MAG;GPRC5B;NFASC;EDNRB;PLP1;CNTN2;ASPA;CRYAB;BCAS1,24
PanglaoDB_Augmented_2021,Astrocytes,1.2366105298590602e-18,5.812069490337584e-17,NCAN;PHYHIPL;AQP4;PTN;PLA2G7;GRM5;EDNRB;S1PR1;BAALC;GPM6B;KCNJ10;OPALIN;CMTM5;LGI3;ATP2B2;GPR37L1;S100B;GPRC5B;NFASC;FABP7;PLP1;CNTN2;RGS7BP;CRYAB;RAPGEF4,25
PanglaoDB_Augmented_2021,Bergmann Glia,8.590941738049428e-17,3.0283069626624236e-15,KCNJ10;METRN;OPALIN;NCAN;NRXN3;PHYHIPL;AQP4;ATP2B2;GPR37L1;SEPTIN4;S100B;GRM3;GRM5;ZEB2;NFASC;FABP7;PLP1;BAALC;CNTN2;RGS7BP;GPM6B;RAPGEF4,22
PanglaoDB_Augmented_2021,Oligodendrocyte Progenitor Cells,6.507315417676865e-14,1.835062947784876e-12,GPR17;CNP;MEGF10;NCAN;LGI3;PHYHIPL;AQP4;OLIG1;ATP2B2;GPR37L1;OLIG2;PTN;SOX10;SCRT1;ETV5;GPRC5B;NFASC;PLP1;CNTN2,19
PanglaoDB_Augmented_2021,Enteric Glia Cells,1.2267092436649534e-12,2.8827667226126406e-11,MEGF10;LGI3;PHYHIPL;AQP4;PTN;S100B;SOX10;PTPRD;GPRC5B;NFASC;EDNRB;PLP1;CNTN2;RGS7BP;CRYAB;GPM6B;RAPGEF4,17
PanglaoDB_Augmented_2021,Radial Glia Cells,1.9192709605737378e-12,3.8659600777271004e-11,MEGF10;SEMA6D;NCAN;PHYHIPL;AQP4;PAX6;OLIG2;PTN;PTPRD;TMEM47;GPRC5B;NFASC;PLP1;CNTN2;FAT3;RGS7BP;GPM6B,17
PanglaoDB_Augmented_2021,Müller Cells,1.3089898313983712e-11,2.3070945778396292e-10,IL33;GPR37;KCNJ10;MEGF10;SEMA6D;AQP4;PTN;VEGFA;PTPRD;TMEM47;GPRC5B;NFASC;EDNRB;PLP1;RGS7BP;SLC38A3;EDIL3;CRYAB,18
PanglaoDB_Augmented_2021,Gamma (PP) Cells,1.279124429842455e-09,2.0039616067531796e-08,SEMA6D;PHYHIPL;AQP4;ESRRG;PAX6;SEMA3E;PROX1;PTPRD;NFASC;CHN2;RGS7BP;PPARGC1A;FGF12;PAK5;RAPGEF4,15
PanglaoDB_Augmented_2021,Satellite Glial Cells,2.4668787943766733e-09,3.478299100071109e-08,P2RY12;IL33;LYNX1;KCNJ10;OPALIN;TGFA;AQP4;PLXDC2;S100B;GRM5;EDNRB;PLP1;BAALC;RGS7BP,14
PanglaoDB_Augmented_2021,Neuroendocrine Cells,6.72544008010284e-09,8.62079137540455e-08,GABRA1;NCAN;GPR88;PHYHIPL;AQP4;SCRT1;GRM3;GRM5;NFASC;PLP1;CNTN2;RGS7BP;SFXN5;PAK5,14
PanglaoDB_Augmented_2021,Purkinje Neurons,1.8132344551715172e-08,2.1305504848265326e-07,GABRA1;SLC32A1;NCAN;GAD1;ATP2B2;PPM1E;SCRT1;GRM3;GRM5;KIF5A;PLP1;CNTN2;PKP4;PVALB;PAK5,15
PanglaoDB_Augmented_2021,GABAergic Neurons,2.0591247403219584e-08,2.233358372195355e-07,DLX1;SLC32A1;NCAN;GAD1;LGI3;PHYHIPL;AQP4;SCRT1;GRM5;CNTN2;RGS7BP;PVALB;PAK5,13
PanglaoDB_Augmented_2021,Peri-islet Schwann Cells,2.2924115868584113e-08,2.3087859553359714e-07,NGFR;PHLDB1;SEMA6D;PTN;EML1;TMEM47;GPRC5B;NFASC;TMEM98;INSC;PLP1;EDIL3;CHST3,13
PanglaoDB_Augmented_2021,Immature Neurons,1.8912099873988022e-07,1.777737388154874e-06,NCAN;PHYHIPL;PAX6;PROX1;SCRT1;GRM3;CREB1;FUT9;KIF5A;CNTN2;FAT3;GPM6B;PAK5,13
PanglaoDB_Augmented_2021,Trigeminal Neurons,3.6849383276705257e-07,3.2473519012596507e-06,NCAN;PHYHIPL;AQP4;PTPRD;GRM5;NFASC;KIF5A;PLP1;CNTN2;NEFM;RGS7BP;NEFH;PAK5,13
PanglaoDB_Augmented_2021,Neural Stem/Precursor Cells,6.872101493095281e-07,5.699801826626087e-06,DLX1;MEGF10;NCAN;PHYHIPL;PTN;S100B;SCRT1;FABP7;PLP1;CNTN2;SP8;GPM6B;PAK5,13
PanglaoDB_Augmented_2021,Interneurons,1.322221957721801e-06,1.035740533548744e-05,DLX1;LYNX1;NCAN;GAD1;PHYHIPL;AQP4;PAX6;SEMA3E;SCRT1;GRM3;GRM5;KIF5A;CNTN2;NEFM;RGS7BP;FGF12;PAK5;PVALB,18
PanglaoDB_Augmented_2021,Glutaminergic Neurons,6.097175648792098e-06,4.524746139366768e-05,GRM3;GABRA1;GRM5;FUT9;NCAN;PHYHIPL;CNTN2;MEIS2;SCRT1;PAK5,10
PanglaoDB_Augmented_2021,Alpha Cells,8.534008405502612e-06,6.016475925879341e-05,PTPRD;TMEM47;NFASC;TMEM98;SEMA6D;PHYHIPL;PAX6;PROX1;RGS7BP;EDIL3;RAPGEF4,11
PanglaoDB_Augmented_2021,Neurons,1.1511400517710974e-05,7.729083204748797e-05,GABRA1;SLC32A1;NCAN;GAD1;PHYHIPL;PROX1;GNAI1;SCRT1;GRM3;GRM5;KIF5A;CNTN2;NEFM;RGS7BP;NEFH;PAK5,16
PanglaoDB_Augmented_2021,Cajal-Retzius Cells,1.6996378664598475e-05,0.00010893133598674476,MEGF10;FUT9;NCAN;KIF5A;CNTN2;NEFL;FAT3;NEFM;EDIL3;GPM6B;SCRT1;PAK5,12
PanglaoDB_Augmented_2021,Tanycytes,1.816722584239495e-05,0.00011137299320772555,PTPRD;TMEM47;GPRC5B;NFASC;MEGF10;SEMA6D;RGS7BP;PTN;EDIL3;CRYAB,10
PanglaoDB_Augmented_2021,Purkinje Fiber Cells,2.8336128481431834e-05,0.00016647475482841202,PTPRD;NFASC;NCAN;PLP1;CNTN2;NEFL;FAT3;NEFM;GPM6B,9
PanglaoDB_Augmented_2021,Delta Cells,3.617911943951205e-05,0.00020405023363884796,PTPRD;NFASC;GJB1;UNC5B;SEMA6D;PHYHIPL;PROX1;RGS7BP;PPARGC1A;RAPGEF4,10
PanglaoDB_Augmented_2021,Enterochromaffin Cells,4.801951672976807e-05,0.00026041353303451147,PTPRD;NFASC;EDNRB;GJB1;PDE1C;SEMA6D;PHYHIPL;PROX1;PPARGC1A,9
PanglaoDB_Augmented_2021,Parietal Cells,5.540780438487343e-05,0.0002893518673432279,TMEM125;GJB1;PHYHIPL;MYH14;AQP4;TPPP;PLEKHH1;FGFR2;PIK3C2B,9
PanglaoDB_Augmented_2021,Taste Receptor Cells,7.308554628060054e-05,0.0003680379294844527,GABRA1;MOBP;MOG;GNG7;CNTN2;PKD2L1;ATP2B2;PROX1;ASPA,9
PanglaoDB_Augmented_2021,Chromaffin Cells,0.00011542145143730436,0.0005611870569882729,PTPRD;SLC12A2;TTLL7;NFASC;SEMA6D;PHYHIPL;CNTN2;RGS7BP;RAPGEF4,9
PanglaoDB_Augmented_2021,Glomus Cells,0.000156863665340133,0.0007167260269278975,TMEM47;PHLDB1;GPRC5B;NFASC;SEMA6D;PTN;EDIL3;CRYAB;CHST3,9
PanglaoDB_Augmented_2021,Glycinergic Neurons,0.00015757806265790652,0.0007167260269278975,TMEM151A;GRM5;SLC32A1;NCAN;GAD1;KIF5A;CNTN2;SCRT1,8
PanglaoDB_Augmented_2021,Enteroendocrine Cells,0.0003089555869094536,0.00136133555481978,NFASC;NCAN;PHYHIPL;PAX6;TMEM229A;HAPLN4;SCRT1;PAK5;VEGFA,9
PanglaoDB_Augmented_2021,Endothelial Cells (Blood Brain Barrier),0.00036482404261729297,0.0015587936366375243,GPRC5B;SALL1;GPR37;LGI3;TYRO3;GPR37L1;SLC38A3;CHST3,8
PanglaoDB_Augmented_2021,Meningeal Cells,0.00041069094939531043,0.0017031595254334935,TMEM47;IL33;PHLDB1;GPRC5B;SEMA6D;PTN;EML1;CRYAB,8
PanglaoDB_Augmented_2021,Podocytes,0.0005872667724084432,0.002365846140274014,TMEM47;MYO1D;MYO1E;PHLDB1;ZFP91;SEMA3E;QKI;SH3D19;CHST3;VEGFA,10
PanglaoDB_Augmented_2021,His Bundle Cells,0.0008026376338492944,0.003143664065909736,TMEM47;PHLDB1;NFASC;SEMA6D;TYRO3;EML1;CHST3,7
PanglaoDB_Augmented_2021,Pyramidal Cells,0.0009251762900676829,0.0035256718080957645,GRM3;GABRA1;GRM5;SLC32A1;NCAN;CNTN2;SCRT1;PAK5,8
PanglaoDB_Augmented_2021,Principal Cells,0.0012386596547248074,0.004596079245163101,FA2H;GPRC5B;TMEM125;ITGB4;MYH14;AQP4;PHACTR1;TMEM229A,8
PanglaoDB_Augmented_2021,Retinal Progenitor Cells,0.0017519525505915931,0.006333982298292683,MEGF10;NCAN;PHYHIPL;PAX6;NEFH;SCRT1;PAK5,7
PanglaoDB_Augmented_2021,Neuroblasts,0.0019439772370483403,0.0068525197605954,GRM5;NCAN;KIF5A;SP8;NEFM;PPM1E;SCRT1;PAK5,8
PanglaoDB_Augmented_2021,Photoreceptor Cells,0.0022078986151196594,0.007593017188582243,GABRA1;GRM5;CNTN2;NEFM;PROX1;NLK;SCRT1;PAK5,8
PanglaoDB_Augmented_2021,Transient Cells,0.002593187520015031,0.008705700960050461,MYO1D;TMEM125;UNC5B;MMP15;MYO6;INPP5J;MYH14,7
PanglaoDB_Augmented_2021,Retinal Ganglion Cells,0.003976750159646107,0.013040041221165142,NCAN;KIF5A;CNTN2;NEFL;NEFM;FGF12;SCRT1;PAK5,8
PanglaoDB_Augmented_2021,Enteric Neurons,0.004277533385286407,0.013707550166485985,NFASC;NCAN;PHYHIPL;CNTN2;NEFM;RGS7BP;SCRT1;PAK5,8
PanglaoDB_Augmented_2021,Gastric Chief Cells,0.006844162269192731,0.02144504177680389,FA2H;TMEM125;GJB1;ITGB4;MYH14;FGFR2,6
PanglaoDB_Augmented_2021,Beta Cells,0.007284816875200086,0.0223295473783307,NFASC;PHYHIPL;PAX6;PROX1;FGF12;PAK5;RAPGEF4,7
PanglaoDB_Augmented_2021,Loop Of Henle Cells,0.007830018931375724,0.023490056794127172,TMEM47;IL33;PHLDB1;ARC;EDNRB;PLA2G7;CRYAB,7
PanglaoDB_Augmented_2021,Choroid Plexus Cells,0.009553048813284407,0.028062080889022945,TMEM47;GPRC5B;TMEM98;MMP15;PHYHIPL;MYH14,6
PanglaoDB_Augmented_2021,Dopaminergic Neurons,0.010334820215948446,0.029738972458137364,NCAN;KIF5A;PHYHIPL;CNTN2;SCRT1;PAK5,6
PanglaoDB_Augmented_2021,Pancreatic Progenitor Cells,0.031665072939382054,0.08929550568905739,MMP15;MYO6;INPP5J;MYH14;DUSP15,5
PanglaoDB_Augmented_2021,Peritubular Myoid Cells,0.03821427178598413,0.10565122199654436,TMEM47;PHLDB1;TMEM98;CRYAB;SH3D19,5
PanglaoDB_Augmented_2021,Luteal Cells,0.04426011097083037,0.12001299320936698,TMEM47;MMP15;ME1;SH3D19;CHST3,5
PanglaoDB_Augmented_2021,Pulmonary Alveolar Type I Cells,0.05223039907356766,0.13895257112024606,ITGB4;SEMA3E;AKAP5;SH3D19;VEGFA,5
PanglaoDB_Augmented_2021,Hepatic Stellate Cells,0.05363501022780942,0.14004697115039128,TMEM47;NGFR;PHLDB1;CRYAB;VEGFA,5
PanglaoDB_Augmented_2021,Melanocytes,0.0550614249032454,0.14115747111559274,PHLDB1;ENPP1;PTN;CRYAB;CHST3,5
PanglaoDB_Augmented_2021,Cholangiocytes,0.056509640146073827,0.14228320108207873,TMEM125;GJB1;ITGB4;MYH14;AQP4,5
PanglaoDB_Augmented_2021,Distal Tubule Cells,0.06098498251734715,0.15085758833238508,WNK1;MYH14;ESRRG;PPARGC1A;PVALB,5
PanglaoDB_Augmented_2021,Luminal Epithelial Cells,0.06565593261088139,0.15961183617472888,SLC12A2;TMEM125;ITGB4;FGFR2;SYTL2,5
PanglaoDB_Augmented_2021,Myofibroblasts,0.06880142997614844,0.16442375638367676,TMEM47;PHLDB1;PTN;CRYAB,4
PanglaoDB_Augmented_2021,Cholinergic Neurons,0.07285408176674779,0.1712070921518573,NCAN;KIF5A;NEFM;PPM1E,4
PanglaoDB_Augmented_2021,Parathyroid Chief Cells,0.08131454102428101,0.18795656203973152,TMEM151A;INPP5J;DUSP15;VEGFA,4
PanglaoDB_Augmented_2021,Endothelial Cells,0.0869403733037489,0.19771923606175154,IL33;CLIC4;EDNRB;PROX1;GNG11;RASGRP3;APLN,7
PanglaoDB_Augmented_2021,Crypt Cells,0.09023775524163405,0.20196069030270478,SLC12A2;TMEM125;MYH14;FGFR2,4
PanglaoDB_Augmented_2021,Sertoli Cells,0.09771248260990656,0.2152728132499504,CLDN11;LYNX1;PADI2;CDC42EP1;CRYAB,5
PanglaoDB_Augmented_2021,Myoblasts,0.13024280118229475,0.2825266917954394,TMEM47;PHLDB1;CRYAB;CHST3,4
PanglaoDB_Augmented_2021,Anterior Pituitary Gland Cells,0.14970529281783448,0.31982494374719184,PTPRD;NFASC;SEMA6D;NEFM,4
PanglaoDB_Augmented_2021,Mast Cells,0.1558633339197972,0.3280108967565882,IL33;EDNRB;PDE1C;LPAR1;MEIS2;GNAI1,6
PanglaoDB_Augmented_2021,Satellite Cells,0.1672154717650966,0.3467261988070386,TMEM47;SOX8;SH3D19;CHST3,4
PanglaoDB_Augmented_2021,Mesothelial Cells,0.18233399920395102,0.3725955635906826,ME1;KCNAB1;CRYAB;SH3D19,4
PanglaoDB_Augmented_2021,Leydig Cells,0.18541090994569231,0.3734705471763231,TMEM47;ESRRG;CRYAB;SH3D19,4
PanglaoDB_Augmented_2021,Chondrocytes,0.18850472001770288,0.37364714025812207,TMEM47;SOX6;CRYAB;VEGFA,4
PanglaoDB_Augmented_2021,Osteocytes,0.19218097197292272,0.37364714025812207,TMEM47;PTN;CHST3,3
PanglaoDB_Augmented_2021,Mesangial Cells,0.19474159874942665,0.37364714025812207,TMEM47;PHLDB1;PTN;CRYAB,4
PanglaoDB_Augmented_2021,Pulmonary Vascular Smooth Muscle Cells,0.1960984991425605,0.37364714025812207,PTN;GNG11;CRYAB,3
PanglaoDB_Augmented_2021,Airway Epithelial Cells,0.2119563808525063,0.3984779960027118,IL33;TMEM125;MYH14,3
PanglaoDB_Augmented_2021,Kidney Progenitor Cells,0.2199880118405577,0.4081356535462978,LAPTM4B;SALL1;CHST3,3
PanglaoDB_Augmented_2021,Adrenergic Neurons,0.22402704549747385,0.41023134305381576,MMP15;PHYHIPL;HAPLN4,3
PanglaoDB_Augmented_2021,Ionocytes,0.22808063861939215,0.41229961596582426,SLC12A2;TMEM125;MYH14,3
PanglaoDB_Augmented_2021,Cardiac Stem And Precursor Cells,0.2526702215388568,0.4465734561093391,LAPTM4B;SH3D19;CHST3,3
PanglaoDB_Augmented_2021,Plasma Cells,0.25337501055849027,0.4465734561093391,GNG7;ENPP1;CYCS;RASGRP3,4
PanglaoDB_Augmented_2021,Smooth Muscle Cells,0.26349863093325365,0.458682801994923,TMEM47;PHLDB1;KCNAB1;CRYAB,4
PanglaoDB_Augmented_2021,Ductal Cells,0.3322784880689257,0.5713569124112015,TMEM125;GJB1;MYH14,3
PanglaoDB_Augmented_2021,Mammary Epithelial Cells,0.3407035967373798,0.5787856281924163,TMEM125;ITGB4;PADI2,3
PanglaoDB_Augmented_2021,Ependymal Cells,0.3491214019499825,0.586025210416042,AQP4;S100B;PVALB,3
PanglaoDB_Augmented_2021,Epsilon Cells,0.35752813666599287,0.593076085528294,GJB1;PROX1;PPARGC1A,3
PanglaoDB_Augmented_2021,Megakaryocytes,0.37847293666839693,0.6205195822121392,KIF5B;PROX1;VEGFA,3
PanglaoDB_Augmented_2021,Platelets,0.4195280159993882,0.6799247155852154,P2RY12;IL33;GNG11;VEGFA,4
PanglaoDB_Augmented_2021,Spermatozoa,0.49741875513160744,0.7798232170113409,IL33;ANKUB1,2
PanglaoDB_Augmented_2021,Undefined Placental Cells,0.49741875513160744,0.7798232170113409,MMP15;PDIA4,2
PanglaoDB_Augmented_2021,Embryonic Stem Cells,0.5110222065518418,0.7798232170113409,LAPTM4B;GJB1;SH3D19,3
PanglaoDB_Augmented_2021,Motor Neurons,0.5119729089990865,0.7798232170113409,DLX1;NGFR,2
PanglaoDB_Augmented_2021,Pancreatic Stellate Cells,0.5119729089990865,0.7798232170113409,TMEM47;CRYAB,2
PanglaoDB_Augmented_2021,Hematopoietic Stem Cells,0.5185991017560541,0.7798232170113409,GJB1;BAALC;PLXDC2,3
PanglaoDB_Augmented_2021,Clara Cells,0.5215209523129871,0.7798232170113409,TMEM125;ITGB4,2
PanglaoDB_Augmented_2021,Hepatoblasts,0.5262479844971231,0.7798232170113409,GJB1;PROX1,2
PanglaoDB_Augmented_2021,Adipocyte Progenitor Cells,0.5309434669013385,0.7798232170113409,SH3D19;CHST3,2
PanglaoDB_Augmented_2021,Endothelial Cells (Aorta),0.5446095254954328,0.7916488978851137,TMEM47;ITGB4;SH3D19,3
PanglaoDB_Augmented_2021,Microfold Cells,0.5804762598935816,0.8328749273005248,TMBIM1;SOX8,2
PanglaoDB_Augmented_2021,Keratinocytes,0.5847845234237727,0.8328749273005248,NGFR;ITGB4,2
PanglaoDB_Augmented_2021,Adipocytes,0.6304536956472447,0.888939710862615,METRN;PPARGC1A;CRYAB,3
PanglaoDB_Augmented_2021,Epithelial Cells,0.6554505570964475,0.9048385105387816,ANLN;TMEM125;ITGB4,3
PanglaoDB_Augmented_2021,Hepatocytes,0.6645069653832189,0.9048385105387816,GJB1;KIF13B;PROX1,3
PanglaoDB_Augmented_2021,Germ Cells,0.6674872062463609,0.9048385105387816,MYO1D;MLH3;CREB5,3
PanglaoDB_Augmented_2021,Olfactory Epithelial Cells,0.6792153725437298,0.9048385105387816,PDE1C;METRN;FGF12,3
PanglaoDB_Augmented_2021,Osteoblasts,0.6888439791897193,0.9048385105387816,IL33;FGFR2,2
PanglaoDB_Augmented_2021,Pericytes,0.6922529691446231,0.9048385105387816,CRYAB;VEGFA,2
PanglaoDB_Augmented_2021,Fibroblasts,0.6962302850344441,0.9048385105387816,ZEB2;PIP4K2A;VEGFA,3
PanglaoDB_Augmented_2021,Microglia,0.7022958647836879,0.9048385105387816,P2RY12;SALL1,2
PanglaoDB_Augmented_2021,Myocytes,0.7184289478273503,0.9048385105387816,MYH14;CRYAB,2
PanglaoDB_Augmented_2021,Proximal Tubule Cells,0.7215661409468059,0.9048385105387816,GJB1;FUT9,2
PanglaoDB_Augmented_2021,Cardiomyocytes,0.7513454837057304,0.9048385105387816,FNDC5;CRYAB,2
PanglaoDB_Augmented_2021,B Cells,0.7731618045540137,0.9048385105387816,SEMA6D;RASGRP3,2
PanglaoDB_Augmented_2021,Airway Smooth Muscle Cells,0.7856751820311901,0.9048385105387816,GNG11,1
PanglaoDB_Augmented_2021,Juxtaglomerular Cells,0.7986392755630461,0.9048385105387816,CRYAB,1
PanglaoDB_Augmented_2021,Trichocytes,0.7986392755630461,0.9048385105387816,ITGB4,1
PanglaoDB_Augmented_2021,Trophoblast Progenitor Cells,0.7986392755630461,0.9048385105387816,LITAF,1
PanglaoDB_Augmented_2021,Vascular Smooth Muscle Cells,0.7986392755630461,0.9048385105387816,CRYAB,1
PanglaoDB_Augmented_2021,Ciliated Cells,0.8017562586878069,0.9048385105387816,ANKUB1,1
PanglaoDB_Augmented_2021,Noradrenergic Neurons,0.8017562586878069,0.9048385105387816,PHYHIPL,1
PanglaoDB_Augmented_2021,Pinealocytes,0.8108215803298935,0.9048385105387816,KCNG4,1
PanglaoDB_Augmented_2021,Dendritic Cells,0.8140445048971978,0.9048385105387816,PPP1R14A;S100B,2
PanglaoDB_Augmented_2021,Epiblast Cells,0.8166343618310643,0.9048385105387816,FGFR2,1
PanglaoDB_Augmented_2021,Merkel Cells,0.8222690972421483,0.9048385105387816,GNAI1,1
PanglaoDB_Augmented_2021,Enterocytes,0.8226568497394844,0.9048385105387816,GJB1;SOX10,2
PanglaoDB_Augmented_2021,Granulosa Cells,0.8250214030794913,0.9048385105387816,CHST3,1
PanglaoDB_Augmented_2021,Pluripotent Stem Cells,0.8250214030794913,0.9048385105387816,PRMT8,1
PanglaoDB_Augmented_2021,Foveolar Cells,0.8303992107552194,0.9048385105387816,IL33,1
PanglaoDB_Augmented_2021,Myoepithelial Cells,0.8330260099643829,0.9048385105387816,NGFR,1
PanglaoDB_Augmented_2021,Airway Goblet Cells,0.840665566528939,0.9048385105387816,TMEM125,1
PanglaoDB_Augmented_2021,Intercalated Cells,0.840665566528939,0.9048385105387816,ESRRG,1
PanglaoDB_Augmented_2021,Natural Killer T Cells,0.840665566528939,0.9048385105387816,S1PR1,1
PanglaoDB_Augmented_2021,Acinar Cells,0.8549151617163302,0.9063386300902448,GJB1,1
PanglaoDB_Augmented_2021,Sebocytes,0.8549151617163302,0.9063386300902448,TGFA,1
PanglaoDB_Augmented_2021,T Memory Cells,0.8739428431405015,0.9168354124137356,ENPP1,1
PanglaoDB_Augmented_2021,Pulmonary Alveolar Type II Cells,0.8778211395450659,0.9168354124137356,ETV5,1
PanglaoDB_Augmented_2021,Basal Cells,0.8887567823274954,0.9182538177117029,ITGB4,1
PanglaoDB_Augmented_2021,Gamma Delta T Cells,0.8971205372377227,0.9182538177117029,S100B,1
PanglaoDB_Augmented_2021,B Cells Memory,0.898716502441241,0.9182538177117029,GNG7,1
PanglaoDB_Augmented_2021,NK Cells,0.9133796592937036,0.9265218126648359,SEMA6D,1
PanglaoDB_Augmented_2021,T Cells,0.9235706424223641,0.9282086433167125,SEMA6D,1
PanglaoDB_Augmented_2021,Basophils,0.9282086433167125,0.9282086433167125,MBOAT1,1
WikiPathways_2019_Mouse,G Protein Signaling Pathways WP232,0.0005496153864028013,0.03142644466104989,PDE1C;PRKD3;GNG7;GNA12;AKAP5;GNG11;GNAI1,7
WikiPathways_2019_Mouse,Mecp2 and Associated Rett Syndrome WP2910,0.0007572637267722867,0.03142644466104989,MAG;CREB1;CNP;GAD1;MBP,5
WikiPathways_2019_Mouse,"GPCRs, Class C Metabotropic glutamate, pheromone WP327",0.0014344093333819913,0.0338634125320672,GRM3;GRM5;GPRC5B,3
WikiPathways_2019_Mouse,Focal Adhesion-PI3K-Akt-mTOR-signaling pathway WP2841,0.001631971688292395,0.0338634125320672,NGFR;PHLPP1;ITGB4;LPAR1;GNG11;VEGFA;PIK3C2B;CREB1;GNG7;PPARGC1A;FGF12;FGFR2;CREB5,13
WikiPathways_2019_Mouse,Signal Transduction of S1P Receptor WP57,0.004483351518678616,0.06558174078059748,S1PR1;S1PR5;GNAI1,3
WikiPathways_2019_Mouse,Neural Crest Differentiation WP2074,0.004740848731127528,0.06558174078059748,GJB1;MBP;OLIG1;OLIG2;SOX10;FGFR2,6
WikiPathways_2019_Mouse,Endochondral Ossification WP1270,0.015289838263582297,0.18129379655390437,ADAMTS4;ENPP1;SOX6;VEGFA,4
WikiPathways_2019_Mouse,Spinal Cord Injury WP2432,0.018531341042729094,0.19129446904856542,NGFR;MAG;NCAN;AQP4;MBP,5
WikiPathways_2019_Mouse,Alanine and aspartate metabolism WP240,0.021746426604858735,0.19129446904856542,GAD1;ASPA,2
WikiPathways_2019_Mouse,Non-odorant GPCRs WP1396,0.023047526391393423,0.19129446904856542,P2RY12;GRM3;GPR17;GPRC5B;GRM5;EDNRB;LPAR1;S1PR1;S1PR5,9
WikiPathways_2019_Mouse,Calcium Regulation in the Cardiac Cell WP553,0.026475250093935566,0.19629301868063742,GJC2;GJB1;GNG7;ATP2B2;GNG11;GNAI1,6
WikiPathways_2019_Mouse,Serotonin and anxiety WP2141,0.030744689672870917,0.19629301868063742,GABRA1;ARC,2
WikiPathways_2019_Mouse,Small Ligand GPCRs WP353,0.030744689672870917,0.19629301868063742,LPAR1;S1PR1,2
WikiPathways_2019_Mouse,Mitochondrial Gene Expression WP1263,0.0340183315901975,0.20168010871331377,CREB1;PPARGC1A,2
WikiPathways_2019_Mouse,BMP Signaling Pathway in Eyelid Development WP3663,0.03742092360286015,0.20706244393582618,TGFA;FGFR2,2
WikiPathways_2019_Mouse,Synthesis and Degradation of Ketone Bodies WP543,0.0746716001513243,0.3690395589454555,OXCT1,1
WikiPathways_2019_Mouse,Hypothetical Network for Drug Addiction WP1246,0.0820886888895104,0.3690395589454555,GRM5;CREB1,2
WikiPathways_2019_Mouse,Regulation of Actin Cytoskeleton WP523,0.08627206664532888,0.3690395589454555,GNA12;PIP4K2A;FGF12;FGFR2;PIK3C2B,5
WikiPathways_2019_Mouse,Myometrial Relaxation and Contraction Pathways WP385,0.08812734396665932,0.3690395589454555,GUCY1A1;CREB1;GNG7;LPAR1;GNG11,5
WikiPathways_2019_Mouse,Robo4 and VEGF Signaling Pathways Crosstalk WP3864,0.08892519492661577,0.3690395589454555,VEGFA,1
WikiPathways_2019_Mouse,Insulin Signaling WP65,0.09969050094677823,0.39401483707536156,CAP1;KIF5B;GAB1;ENPP1;MAP4K4,5
WikiPathways_2019_Mouse,Parkinsons Disease Pathway WP3638,0.12092909367477916,0.45091890028536574,GPR37;CYCS,2
WikiPathways_2019_Mouse,PPAR signaling pathway WP2316,0.1292853496672925,0.45091890028536574,FABP7;ME1;SCD2,3
WikiPathways_2019_Mouse,NLR Proteins WP1256,0.13038618803432261,0.45091890028536574,ERBIN,1
WikiPathways_2019_Mouse,EGFR1 Signaling Pathway WP572,0.14092678438265824,0.46777372715229365,CREB1;WNK1;GAB1;EPS15;PIK3C2B,5
WikiPathways_2019_Mouse,Ptf1a related regulatory pathway WP201,0.15697654933803734,0.46777372715229365,PROX1,1
WikiPathways_2019_Mouse,SREBF and miR33 in cholesterol and lipid homeostasis WP2084,0.15697654933803734,0.46777372715229365,PPARGC1A,1
WikiPathways_2019_Mouse,ErbB signaling pathway WP1261,0.15780318506342436,0.46777372715229365,GAB1;TGFA,2
WikiPathways_2019_Mouse,Cholesterol metabolism (includes both Bloch and Kandutsch-Russell pathways) WP4346,0.17418676446161807,0.49853453276945864,ELOVL5;SCD2,2
WikiPathways_2019_Mouse,Serotonin and anxiety-related events WP2140,0.18275641192139971,0.5056260729825391,ARC,1
WikiPathways_2019_Mouse,Biogenic Amine Synthesis WP522,0.2077504017429767,0.5388526045208458,GAD1,1
WikiPathways_2019_Mouse,Iron Homeostasis WP1596,0.2077504017429767,0.5388526045208458,TRF,1
WikiPathways_2019_Mouse,"GPCRs, Other WP41",0.21705001008853167,0.5459136617378221,GPR88;S1PR1;GPR37L1;S1PR5,4
WikiPathways_2019_Mouse,Wnt Signaling Pathway NetPath WP539,0.23214810949911371,0.5667145026007776,SALL1;NLK;HIPK2,3
WikiPathways_2019_Mouse,SIDS Susceptibility Pathways WP1266,0.24173659999637134,0.5732610799913949,CREB1;PPARGC1A,2
WikiPathways_2019_Mouse,Orphan GPCRs WP1398,0.2554755613496378,0.5874503291807243,GPR155,1
WikiPathways_2019_Mouse,Hypertrophy Model WP202,0.2669521234886096,0.5874503291807243,VEGFA,1
WikiPathways_2019_Mouse,ESC Pluripotency Pathways WP339,0.2734408173840277,0.5874503291807243,GAB1;FGF12;FGFR2,3
WikiPathways_2019_Mouse,Alpha6-Beta4 Integrin Signaling Pathway WP488,0.27603087756684636,0.5874503291807243,ITGB4;ERBIN,2
WikiPathways_2019_Mouse,Primary Focal Segmental Glomerulosclerosis FSGS WP2573,0.3045561360726915,0.6319539823508349,MYO1E;ITGB4,2
WikiPathways_2019_Mouse,IL-2 Signaling Pathway WP450,0.3272316884703313,0.6484834857974165,CREB1;PLCB1,2
WikiPathways_2019_Mouse,Odorant GPCRs WP1397,0.3324722431198289,0.6484834857974165,GPR37;GPR88;GPR37L1;GPR155,4
WikiPathways_2019_Mouse,Chemokine signaling pathway WP2292,0.33596132396733625,0.6484834857974165,GNG7;PLCB1;GNG11;GNAI1,4
WikiPathways_2019_Mouse,MAPK Cascade WP251,0.3526380800202763,0.6652036509473395,MBP,1
WikiPathways_2019_Mouse,Matrix Metalloproteinases WP441,0.3626214133141005,0.6677147778446418,MMP15,1
WikiPathways_2019_Mouse,Prostaglandin Synthesis and Regulation WP374,0.38213003116977123,0.6677147778446418,EDNRB,1
WikiPathways_2019_Mouse,Factors and pathways affecting insulin-like growth factor (IGF1)-Akt signaling WP3675,0.38213003116977123,0.6677147778446418,PPARGC1A,1
WikiPathways_2019_Mouse,White fat cell differentiation WP2872,0.3916599830340344,0.6677147778446418,CREB1,1
WikiPathways_2019_Mouse,Toll Like Receptor signaling WP88,0.4010434155730197,0.6677147778446418,MAL,1
WikiPathways_2019_Mouse,Signaling of Hepatocyte Growth Factor Receptor WP193,0.4102825743382739,0.6677147778446418,GAB1,1
WikiPathways_2019_Mouse,Glycogen Metabolism WP317,0.4102825743382739,0.6677147778446418,PHKB,1
WikiPathways_2019_Mouse,p38 MAPK Signaling Pathway WP350,0.428336881305335,0.6733711470395288,CREB1,1
WikiPathways_2019_Mouse,MAPK signaling pathway WP493,0.44428675952808766,0.6733711470395288,GNA12;NLK;MAP4K4,3
WikiPathways_2019_Mouse,IL-6 signaling Pathway WP387,0.45214678382274287,0.6733711470395288,GAB1;NLK,2
WikiPathways_2019_Mouse,G13 Signaling Pathway WP298,0.45439047967199075,0.6733711470395288,PIP4K2A,1
WikiPathways_2019_Mouse,IL-3 Signaling Pathway WP373,0.4572919096266198,0.6733711470395288,CREB1;GAB1,2
WikiPathways_2019_Mouse,"GPCRs, Class A Rhodopsin-like WP189",0.46725183214489757,0.6733711470395288,P2RY12;EDNRB;GPR37;GPR37L1,4
WikiPathways_2019_Mouse,Splicing factor NOVA regulated synaptic proteins WP1983,0.4792603593178334,0.6733711470395288,MAP4,1
WikiPathways_2019_Mouse,Oxidative Damage WP1496,0.4792603593178334,0.6733711470395288,CYCS,1
WikiPathways_2019_Mouse,Purine metabolism WP2185,0.4918120515447147,0.6733711470395288,GUCY1A1;PDE1C;ENPP1,3
WikiPathways_2019_Mouse,Heart Development WP2067,0.49520923431121366,0.6733711470395288,VEGFA,1
WikiPathways_2019_Mouse,Striated Muscle Contraction WP216,0.503000133933142,0.6733711470395288,TMOD1,1
WikiPathways_2019_Mouse,Exercise-induced Circadian Regulation WP544,0.5329833724531501,0.6866470316245715,TUBB4A,1
WikiPathways_2019_Mouse,Focal Adhesion WP85,0.5446095254954328,0.6866470316245715,ITGB4;ARHGAP5;VEGFA,3
WikiPathways_2019_Mouse,Id Signaling Pathway WP512,0.5472918285336403,0.6866470316245715,VEGFA,1
WikiPathways_2019_Mouse,TGF Beta Signaling Pathway WP113,0.5542813387812806,0.6866470316245715,ZEB2,1
WikiPathways_2019_Mouse,One carbon metabolism and related pathways WP1770,0.5542813387812806,0.6866470316245715,GAD1,1
WikiPathways_2019_Mouse,Lung fibrosis WP3632,0.6125391548262741,0.7333930827924908,TGFA,1
WikiPathways_2019_Mouse,Adipogenesis genes WP447,0.6140270843408838,0.7333930827924908,CREB1;PPARGC1A,2
WikiPathways_2019_Mouse,Oxidative phosphorylation WP1248,0.6185242866924622,0.7333930827924908,NDUFS8,1
WikiPathways_2019_Mouse,Metapathway biotransformation WP1251,0.6416718041555546,0.7459573690370276,KCNAB1;CHST3,2
WikiPathways_2019_Mouse,p53 signaling WP2902,0.6470955490441685,0.7459573690370276,CYCS,1
WikiPathways_2019_Mouse,PluriNetWork WP1763,0.660977317431129,0.7497016010584329,SALL1;CREB1;GAB1;ETV5,4
WikiPathways_2019_Mouse,Peptide GPCRs WP234,0.6684086563653497,0.7497016010584329,EDNRB,1
WikiPathways_2019_Mouse,Alzheimers Disease WP2075,0.6884385118432741,0.7618719531065566,PLCB1,1
WikiPathways_2019_Mouse,Estrogen signaling WP1244,0.6979964745751296,0.7622856235491546,CREB1,1
WikiPathways_2019_Mouse,MicroRNAs in Cardiomyocyte Hypertrophy WP1560,0.7206320108757164,0.7767851545803177,FGFR2,1
WikiPathways_2019_Mouse,Amino Acid metabolism WP662,0.7718793032324189,0.8183216507634423,LARS2,1
WikiPathways_2019_Mouse,Wnt Signaling Pathway and Pluripotency WP723,0.7788844627748427,0.8183216507634423,NLK,1
WikiPathways_2019_Mouse,Integrin-mediated Cell Adhesion WP6,0.7889921793753106,0.8183587638485535,ITGB4,1
WikiPathways_2019_Mouse,Electron Transport Chain WP295,0.7986392755630461,0.8183587638485535,NDUFS8,1
WikiPathways_2019_Mouse,TNF-alpha NF-kB Signaling Pathway WP246,0.9458425416474352,0.9573772067894771,GAB1,1
WikiPathways_2019_Mouse,mRNA processing WP310,0.9936323864085054,0.9936323864085054,SYNJ2;PPARGC1A,2
KEGG_2019_Mouse,GABAergic synapse,1.0264907446519476e-05,0.00196059732228522,GABRB2;GABRA1;SLC32A1;GNG7;GAD1;SLC38A3;GNG11;GNAI1;TRAK2,9
KEGG_2019_Mouse,Biosynthesis of unsaturated fatty acids,0.00012002354700964477,0.011462248739421076,ELOVL5;SCD2;ELOVL6;HSD17B12;ELOVL7,5
KEGG_2019_Mouse,Retrograde endocannabinoid signaling,0.0005400668758657837,0.02624413470073376,GABRB2;GABRA1;GRM5;NDUFS8;SLC32A1;GNG7;PLCB1;GNG11;GNAI1,9
KEGG_2019_Mouse,Morphine addiction,0.0005496153864028013,0.02624413470073376,GABRB2;GABRA1;SLC32A1;PDE1C;GNG7;GNG11;GNAI1,7
KEGG_2019_Mouse,Fatty acid elongation,0.0009667282196650634,0.030956308365838042,ELOVL5;ELOVL6;HSD17B12;ELOVL7,4
KEGG_2019_Mouse,Relaxin signaling pathway,0.000972449477460881,0.030956308365838042,EDNRB;CREB1;GNG7;PLCB1;GNG11;GNAI1;CREB5;VEGFA,8
KEGG_2019_Mouse,Dopaminergic synapse,0.0011812487028056403,0.032231214605125326,CREB1;KIF5B;GNG7;KIF5A;PLCB1;GNG11;GNAI1;CREB5,8
KEGG_2019_Mouse,Glutamatergic synapse,0.0019388312404444586,0.04517822858992873,GRM3;GRM5;GNG7;SLC38A3;PLCB1;GNG11;GNAI1,7
KEGG_2019_Mouse,Gap junction,0.0021288170539756996,0.04517822858992873,GRM5;GUCY1A1;LPAR1;PLCB1;TUBB4A;GNAI1,6
KEGG_2019_Mouse,Circadian entrainment,0.004299538633014553,0.0758678105535437,GUCY1A1;CREB1;GNG7;PLCB1;GNG11;GNAI1,6
KEGG_2019_Mouse,Rap1 signaling pathway,0.005241001372804959,0.0758678105535437,NGFR;PRKD3;LPAR1;PLCB1;GNAI1;FGFR2;RAPGEF4;VEGFA;RASGRP3,9
KEGG_2019_Mouse,cGMP-PKG signaling pathway,0.005285763397754028,0.0758678105535437,GUCY1A1;EDNRB;CREB1;GNA12;ATP2B2;PLCB1;GNAI1;CREB5,8
KEGG_2019_Mouse,Inositol phosphate metabolism,0.0053627558136641945,0.0758678105535437,INPP5J;PIP4K2A;SYNJ2;PLCB1;PIK3C2B,5
KEGG_2019_Mouse,"Parathyroid hormone synthesis, secretion and action",0.006264912991121337,0.0758678105535437,CREB1;MMP15;GNA12;PLCB1;GNAI1;CREB5,6
KEGG_2019_Mouse,Cocaine addiction,0.006301813765037737,0.0758678105535437,GRM3;CREB1;GNAI1;CREB5,4
KEGG_2019_Mouse,Renin secretion,0.006355418685113609,0.0758678105535437,GUCY1A1;CREB1;PDE1C;PLCB1;GNAI1,5
KEGG_2019_Mouse,Cholinergic synapse,0.00811757570225242,0.08449010372163877,CREB1;GNG7;PLCB1;GNG11;GNAI1;CREB5,6
KEGG_2019_Mouse,Amyotrophic lateral sclerosis (ALS),0.008358521856884196,0.08449010372163877,NEFL;CYCS;NEFM;NEFH,4
KEGG_2019_Mouse,Phospholipase D signaling pathway,0.008404774715765114,0.08449010372163877,GRM3;GRM5;GNA12;LPAR1;GAB1;PLCB1;RAPGEF4,7
KEGG_2019_Mouse,Taurine and hypotaurine metabolism,0.011861363680670488,0.11327602315040318,GAD1;ADO,2
KEGG_2019_Mouse,Sphingolipid signaling pathway,0.01248621653697115,0.11356511231245188,GNA12;S1PR1;PLCB1;S1PR5;SGPP2;GNAI1,6
KEGG_2019_Mouse,Long-term depression,0.014474284410707708,0.12566310556568963,GUCY1A1;GNA12;PLCB1;GNAI1,4
KEGG_2019_Mouse,Serotonergic synapse,0.016553309272882673,0.13085382061938394,GABRB2;CYP2J12;GNG7;PLCB1;GNG11;GNAI1,6
KEGG_2019_Mouse,Prostate cancer,0.017112462158103244,0.13085382061938394,CREB1;TGFA;FGFR2;ETV5;CREB5,5
KEGG_2019_Mouse,Human cytomegalovirus infection,0.017708585582390465,0.13085382061938394,CREB1;GNG7;GNA12;CYCS;PLCB1;GNG11;GNAI1;VEGFA;CREB5,9
KEGG_2019_Mouse,Phosphatidylinositol signaling system,0.0178125619691308,0.13085382061938394,INPP5J;PIP4K2A;SYNJ2;PLCB1;PIK3C2B,5
KEGG_2019_Mouse,Apelin signaling pathway,0.02014642785830054,0.13700321916809718,GNG7;PLCB1;PPARGC1A;GNG11;GNAI1;APLN,6
KEGG_2019_Mouse,Aldosterone synthesis and secretion,0.02080153589463256,0.13700321916809718,CREB1;PRKD3;ATP2B2;PLCB1;CREB5,5
KEGG_2019_Mouse,Glucagon signaling pathway,0.02080153589463256,0.13700321916809718,CREB1;PHKB;PLCB1;PPARGC1A;CREB5,5
KEGG_2019_Mouse,PI3K-Akt signaling pathway,0.02308640650591386,0.14469946080756027,NGFR;PHLPP1;CREB1;ITGB4;GNG7;LPAR1;TGFA;GNG11;FGFR2;VEGFA;CREB5,11
KEGG_2019_Mouse,Nicotine addiction,0.023485252801227062,0.14469946080756027,GABRB2;GABRA1;SLC32A1,3
KEGG_2019_Mouse,Thyroid hormone synthesis,0.026190963041284474,0.1505121492785352,CREB1;PLCB1;PDIA4;CREB5,4
KEGG_2019_Mouse,Adrenergic signaling in cardiomyocytes,0.027251093543339086,0.1505121492785352,CREB1;ATP2B2;PLCB1;GNAI1;CREB5;RAPGEF4,6
KEGG_2019_Mouse,Gastric acid secretion,0.027362991181450334,0.1505121492785352,CAR2;KCNJ10;PLCB1;GNAI1,4
KEGG_2019_Mouse,Ras signaling pathway,0.028366360599759163,0.1505121492785352,NGFR;GNG7;GAB1;TGFA;GNG11;FGFR2;VEGFA;RASGRP3,8
KEGG_2019_Mouse,Vasopressin-regulated water reabsorption,0.028368782062969986,0.1505121492785352,CREB1;AQP4;CREB5,3
KEGG_2019_Mouse,Huntington disease,0.02955229651433697,0.15255374687130707,GRM5;CREB1;NDUFS8;CYCS;PLCB1;PPARGC1A;CREB5,7
KEGG_2019_Mouse,Salivary secretion,0.032361074873369707,0.16016447664355693,SLC12A2;GUCY1A1;ATP2B2;PLCB1,4
KEGG_2019_Mouse,Leukocyte transendothelial migration,0.03270374130418178,0.16016447664355693,CLDN11;ARHGAP5;GNAI1;JAM2;RAPGEF4,5
KEGG_2019_Mouse,Ether lipid metabolism,0.035650638361533885,0.1702317981763243,UGT8A;ENPP6;PLA2G7,3
KEGG_2019_Mouse,Insulin secretion,0.04386083711086004,0.20279739369029323,CREB1;PLCB1;RAPGEF4;CREB5,4
KEGG_2019_Mouse,Proximal tubule bicarbonate reclamation,0.044594191282682286,0.20279739369029323,CAR2;SLC38A3,2
KEGG_2019_Mouse,Cell adhesion molecules (CAMs),0.04823959376138933,0.21427354438198518,CLDN11;MAG;NFASC;NRXN3;CNTN2;JAM2,6
KEGG_2019_Mouse,Estrogen signaling pathway,0.056509640146073827,0.2453032106340932,CREB1;TGFA;PLCB1;GNAI1;CREB5,5
KEGG_2019_Mouse,Butanoate metabolism,0.06446724236347506,0.27362762869830526,OXCT1;GAD1,2
KEGG_2019_Mouse,Melanogenesis,0.06880142997614844,0.2856755027270511,EDNRB;CREB1;PLCB1;GNAI1,4
KEGG_2019_Mouse,Calcium signaling pathway,0.07269751710525524,0.2898985336968506,GRM5;EDNRB;PDE1C;PHKB;ATP2B2;PLCB1,6
KEGG_2019_Mouse,Longevity regulating pathway,0.07285408176674779,0.2898985336968506,CREB1;PPARGC1A;CRYAB;CREB5,4
KEGG_2019_Mouse,Pancreatic secretion,0.07915551343456177,0.30854496053063873,SLC12A2;CAR2;ATP2B2;PLCB1,4
KEGG_2019_Mouse,MAPK signaling pathway,0.085740124436107,0.3204840711077313,NGFR;GNA12;TGFA;NLK;FGFR2;MAP4K4;VEGFA;RASGRP3,8
KEGG_2019_Mouse,Amphetamine addiction,0.08743642937368246,0.3204840711077313,ARC;CREB1;CREB5,3
KEGG_2019_Mouse,Renal cell carcinoma,0.08743642937368246,0.3204840711077313,GAB1;TGFA;VEGFA,3
KEGG_2019_Mouse,Cortisol synthesis and secretion,0.09041950197787724,0.3204840711077313,CREB1;PLCB1;CREB5,3
KEGG_2019_Mouse,Neuroactive ligand-receptor interaction,0.09060806198857324,0.3204840711077313,GRM3;GABRA1;GABRB2;GRM5;EDNRB;LPAR1;S1PR1;S1PR5;APLN,9
KEGG_2019_Mouse,Protein processing in endoplasmic reticulum,0.10780191028454764,0.3698067590515142,HSPH1;CRYAB;RNF5;SVIP;PDIA4,5
KEGG_2019_Mouse,cAMP signaling pathway,0.1084250183606534,0.3698067590515142,CREB1;ATP2B2;GNAI1;HCN2;RAPGEF4;CREB5,6
KEGG_2019_Mouse,"Alanine, aspartate and glutamate metabolism",0.11083587593700733,0.3713974088415509,GAD1;ASPA,2
KEGG_2019_Mouse,Riboflavin metabolism,0.11677916525621423,0.38456587179201585,ENPP1,1
KEGG_2019_Mouse,Regulation of actin cytoskeleton,0.11949644270177393,0.38684441620404775,ITGB4;GNA12;LPAR1;PIP4K2A;MYH14;FGFR2,6
KEGG_2019_Mouse,Lysosome,0.12488824205993472,0.39232099931490816,LAPTM4B;SORT1;ARSG;LITAF,4
KEGG_2019_Mouse,Pathways in cancer,0.12529623538329526,0.39232099931490816,EDNRB;GNG7;GNA12;LPAR1;TGFA;CYCS;PLCB1;GNG11;GNAI1;FGFR2;VEGFA;RASGRP3,12
KEGG_2019_Mouse,Platelet activation,0.1275536360045674,0.3929474915624576,P2RY12;GUCY1A1;PLCB1;GNAI1,4
KEGG_2019_Mouse,AMPK signaling pathway,0.13024280118229475,0.3948630956479095,CREB1;SCD2;PPARGC1A;CREB5,4
KEGG_2019_Mouse,PPAR signaling pathway,0.14336360362882217,0.4278507545797662,FABP7;ME1;SCD2,3
KEGG_2019_Mouse,Axon guidance,0.14564766579334223,0.42798006410043643,UNC5B;SEMA6D;PLXNB3;SEMA3E;GNAI1,5
KEGG_2019_Mouse,Taste transduction,0.15424000734368132,0.4463612333733808,GABRA1;PDE1C;PKD2L1,3
KEGG_2019_Mouse,Synthesis and degradation of ketone bodies,0.15697654933803734,0.4475003122920169,OXCT1,1
KEGG_2019_Mouse,Sphingolipid metabolism,0.16869414667822524,0.47114030296596826,UGT8A;SGPP2,2
KEGG_2019_Mouse,Vascular smooth muscle contraction,0.17020251782540216,0.47114030296596826,PPP1R14A;GUCY1A1;GNA12;PLCB1,4
KEGG_2019_Mouse,Parkinson disease,0.18233399920395102,0.49751134068506636,GPR37;NDUFS8;CYCS;GNAI1,4
KEGG_2019_Mouse,Alcoholism,0.1936301611341798,0.5208924053046246,CREB1;GNG7;GNG11;GNAI1;CREB5,5
KEGG_2019_Mouse,Cushing syndrome,0.23009805817382553,0.5967506399662001,CREB1;PLCB1;GNAI1;CREB5,4
KEGG_2019_Mouse,Lysine degradation,0.23033793150966414,0.5967506399662001,SETD7;PLOD1,2
KEGG_2019_Mouse,Nitrogen metabolism,0.23198239914578056,0.5967506399662001,CAR2,1
KEGG_2019_Mouse,Endocytosis,0.2354880041795053,0.5967506399662001,KIF5B;GBF1;KIF5A;ARAP2;EPS15;FGFR2,6
KEGG_2019_Mouse,Insulin resistance,0.24032198942579872,0.5967506399662001,CREB1;PPARGC1A;CREB5,3
KEGG_2019_Mouse,Kaposi sarcoma-associated herpesvirus infection,0.24057486532668804,0.5967506399662001,CREB1;GNG7;CYCS;GNG11;VEGFA,5
KEGG_2019_Mouse,Pantothenate and CoA biosynthesis,0.24381991498697095,0.5970462020834801,ENPP1,1
KEGG_2019_Mouse,Long-term potentiation,0.27603087756684636,0.6673657925983247,GRM5;PLCB1,2
KEGG_2019_Mouse,Neurotrophin signaling pathway,0.2859900122733459,0.6823626481944041,NGFR;SORT1;GAB1,3
KEGG_2019_Mouse,Mismatch repair,0.28937892410338606,0.6823626481944041,MLH3,1
KEGG_2019_Mouse,Mannose type O-glycan biosynthesis,0.3003345230064467,0.6995596816369672,FUT9,1
KEGG_2019_Mouse,Bile secretion,0.3045561360726915,0.7008460480708926,CAR2;AQP4,2
KEGG_2019_Mouse,Histidine metabolism,0.3111217598472758,0.7074316206051152,ASPA,1
KEGG_2019_Mouse,Pancreatic cancer,0.3215792055105339,0.7145692303389244,TGFA;VEGFA,2
KEGG_2019_Mouse,Glycosylphosphatidylinositol (GPI)-anchor biosynthesis,0.3217432136604581,0.7145692303389244,PIGQ,1
KEGG_2019_Mouse,Folate biosynthesis,0.33220142404712866,0.7211953547859636,QDPR,1
KEGG_2019_Mouse,FoxO signaling pathway,0.3322784880689257,0.7211953547859636,SETD7;S1PR1;NLK,3
KEGG_2019_Mouse,Collecting duct acid secretion,0.34249889196152894,0.7268587596072448,CAR2,1
KEGG_2019_Mouse,Maturity onset diabetes of the young,0.34249889196152894,0.7268587596072448,PAX6,1
KEGG_2019_Mouse,Purine metabolism,0.3491214019499825,0.7321073183029649,GUCY1A1;PDE1C;ENPP1,3
KEGG_2019_Mouse,Protein export,0.3526380800202763,0.7321073183029649,SEC11C,1
KEGG_2019_Mouse,Chemokine signaling pathway,0.3604125871813262,0.7402021951788527,GNG7;PLCB1;GNG11;GNAI1,4
KEGG_2019_Mouse,ErbB signaling pathway,0.3719219103586665,0.7488230994241005,GAB1;TGFA,2
KEGG_2019_Mouse,Circadian rhythm,0.37245127981826986,0.7488230994241005,CREB1,1
KEGG_2019_Mouse,beta-Alanine metabolism,0.3916599830340344,0.7754767361513161,GAD1,1
KEGG_2019_Mouse,Colorectal cancer,0.3938284995114013,0.7754767361513161,TGFA;CYCS,2
KEGG_2019_Mouse,Starch and sucrose metabolism,0.4010434155730197,0.781625432392314,ENPP1,1
KEGG_2019_Mouse,Oxytocin signaling pathway,0.42397200268140567,0.8179661869913988,GUCY1A1;PLCB1;GNAI1,3
KEGG_2019_Mouse,Nicotinate and nicotinamide metabolism,0.428336881305335,0.8181234432931898,ENPP1,1
KEGG_2019_Mouse,Pyruvate metabolism,0.44584019070602293,0.8209931159869138,ME1,1
KEGG_2019_Mouse,African trypanosomiasis,0.45439047967199075,0.8209931159869138,PLCB1,1
KEGG_2019_Mouse,Hepatitis B,0.4603347294736913,0.8209931159869138,CREB1;CYCS;CREB5,3
KEGG_2019_Mouse,AGE-RAGE signaling pathway in diabetic complications,0.4624090911933732,0.8209931159869138,PLCB1;VEGFA,2
KEGG_2019_Mouse,Ferroptosis,0.4628092652741306,0.8209931159869138,TRF,1
KEGG_2019_Mouse,"Glycine, serine and threonine metabolism",0.4628092652741306,0.8209931159869138,GATM,1
KEGG_2019_Mouse,Bladder cancer,0.47109856336291256,0.8209931159869138,VEGFA,1
KEGG_2019_Mouse,Chagas disease (American trypanosomiasis),0.4725581947828772,0.8209931159869138,PLCB1;GNAI1,2
KEGG_2019_Mouse,Tight junction,0.47618192703978823,0.8209931159869138,CLDN11;MYH14;JAM2,3
KEGG_2019_Mouse,Thermogenesis,0.4773036001257844,0.8209931159869138,CREB1;NDUFS8;PPARGC1A;CREB5,4
KEGG_2019_Mouse,HIF-1 signaling pathway,0.4775894469198066,0.8209931159869138,TRF;VEGFA,2
KEGG_2019_Mouse,Amoebiasis,0.4875638038507583,0.8209931159869138,SERPINB1A;PLCB1,2
KEGG_2019_Mouse,Mineral absorption,0.49520923431121366,0.8209931159869138,TRF,1
KEGG_2019_Mouse,Toxoplasmosis,0.49741875513160744,0.8209931159869138,CYCS;GNAI1,2
KEGG_2019_Mouse,Human immunodeficiency virus 1 infection,0.500466588936352,0.8209931159869138,GNG7;CYCS;GNG11;GNAI1,4
KEGG_2019_Mouse,Glycosphingolipid biosynthesis,0.503000133933142,0.8209931159869138,FUT9,1
KEGG_2019_Mouse,TNF signaling pathway,0.507152265555828,0.8209931159869138,CREB1;CREB5,2
KEGG_2019_Mouse,Alzheimer disease,0.5072104067353709,0.8209931159869138,NDUFS8;CYCS;PLCB1,3
KEGG_2019_Mouse,Cholesterol metabolism,0.5329833724531501,0.8457121071250088,SORT1,1
KEGG_2019_Mouse,Transcriptional misregulation in cancer,0.537260631610836,0.8457121071250088,NGFR;BMP2K;ETV5,3
KEGG_2019_Mouse,Arginine and proline metabolism,0.5401930736610003,0.8457121071250088,GATM,1
KEGG_2019_Mouse,Linoleic acid metabolism,0.5401930736610003,0.8457121071250088,CYP2J12,1
KEGG_2019_Mouse,Glycosaminoglycan biosynthesis,0.5611632803414411,0.8596374583136787,CHST3,1
KEGG_2019_Mouse,Endocrine and other factor-regulated calcium reabsorption,0.5746110325990433,0.8596374583136787,PLCB1,1
KEGG_2019_Mouse,"Valine, leucine and isoleucine degradation",0.5811800683248707,0.8596374583136787,OXCT1,1
KEGG_2019_Mouse,Regulation of lipolysis in adipocytes,0.5811800683248707,0.8596374583136787,GNAI1,1
KEGG_2019_Mouse,Inflammatory mediator regulation of TRP channels,0.5847845234237727,0.8596374583136787,CYP2J12;PLCB1,2
KEGG_2019_Mouse,Ovarian steroidogenesis,0.5876479861425162,0.8596374583136787,CYP2J12,1
KEGG_2019_Mouse,VEGF signaling pathway,0.5940163375522773,0.8596374583136787,VEGFA,1
KEGG_2019_Mouse,Legionellosis,0.5940163375522773,0.8596374583136787,CYCS,1
KEGG_2019_Mouse,Pyrimidine metabolism,0.5940163375522773,0.8596374583136787,ENPP1,1
KEGG_2019_Mouse,Focal adhesion,0.5940949973686156,0.8596374583136787,ITGB4;ARHGAP5;VEGFA,3
KEGG_2019_Mouse,Cytosolic DNA-sensing pathway,0.6125391548262741,0.8616540867493493,IL33,1
KEGG_2019_Mouse,Glycerolipid metabolism,0.6125391548262741,0.8616540867493493,MBOAT1,1
KEGG_2019_Mouse,Signaling pathways regulating pluripotency of stem cells,0.6260697652198591,0.8616540867493493,PAX6;FGFR2,2
KEGG_2019_Mouse,Central carbon metabolism in cancer,0.6302194921440342,0.8616540867493493,FGFR2,1
KEGG_2019_Mouse,Insulin signaling pathway,0.6339355821091912,0.8616540867493493,PHKB;PPARGC1A,2
KEGG_2019_Mouse,Aminoacyl-tRNA biosynthesis,0.6415572751890012,0.8616540867493493,LARS2,1
KEGG_2019_Mouse,Non-small cell lung cancer,0.6415572751890012,0.8616540867493493,TGFA,1
KEGG_2019_Mouse,Apoptosis,0.6416718041555546,0.8616540867493493,NGFR;CYCS,2
KEGG_2019_Mouse,Type I diabetes mellitus,0.6579175112912986,0.8616540867493493,GAD1,1
KEGG_2019_Mouse,Adipocytokine signaling pathway,0.6684086563653497,0.8616540867493493,PPARGC1A,1
KEGG_2019_Mouse,p53 signaling pathway,0.6684086563653497,0.8616540867493493,CYCS,1
KEGG_2019_Mouse,Adherens junction,0.6735333346965843,0.8616540867493493,NLK,1
KEGG_2019_Mouse,Arrhythmogenic right ventricular cardiomyopathy (ARVC),0.6735333346965843,0.8616540867493493,ITGB4,1
KEGG_2019_Mouse,B cell receptor signaling pathway,0.6735333346965843,0.8616540867493493,RASGRP3,1
KEGG_2019_Mouse,Gastric cancer,0.6748977211792034,0.8616540867493493,GAB1;FGFR2,2
KEGG_2019_Mouse,Non-alcoholic fatty liver disease (NAFLD),0.6784310815684126,0.8616540867493493,NDUFS8;CYCS,2
KEGG_2019_Mouse,Bacterial invasion of epithelial cells,0.683547059416934,0.8616540867493493,GAB1,1
KEGG_2019_Mouse,Glioma,0.6884385118432741,0.8616540867493493,TGFA,1
KEGG_2019_Mouse,Pertussis,0.6932545977580088,0.8616540867493493,GNAI1,1
KEGG_2019_Mouse,Synaptic vesicle cycle,0.6979964745751296,0.8616540867493493,SLC32A1,1
KEGG_2019_Mouse,Wnt signaling pathway,0.708839129309694,0.8616540867493493,NLK;PLCB1,2
KEGG_2019_Mouse,Hepatitis C,0.708839129309694,0.8616540867493493,CLDN11;CYCS,2
KEGG_2019_Mouse,ECM-receptor interaction,0.7249519676552971,0.8616540867493493,ITGB4,1
KEGG_2019_Mouse,Peroxisome,0.7292053365725685,0.8616540867493493,PEX5L,1
KEGG_2019_Mouse,Rheumatoid arthritis,0.7292053365725685,0.8616540867493493,VEGFA,1
KEGG_2019_Mouse,Influenza A,0.7338220557865045,0.8616540867493493,IL33;CYCS,2
KEGG_2019_Mouse,Hypertrophic cardiomyopathy (HCM),0.7375163877603289,0.8616540867493493,ITGB4,1
KEGG_2019_Mouse,Viral myocarditis,0.7415760694996405,0.8616540867493493,CYCS,1
KEGG_2019_Mouse,Hepatocellular carcinoma,0.742711068421345,0.8616540867493493,GAB1;TGFA,2
KEGG_2019_Mouse,Steroid hormone biosynthesis,0.7495086292407231,0.8616540867493493,HSD17B12,1
KEGG_2019_Mouse,Arachidonic acid metabolism,0.7495086292407231,0.8616540867493493,CYP2J12,1
KEGG_2019_Mouse,Antigen processing and presentation,0.7533834161630436,0.8616540867493493,CREB1,1
KEGG_2019_Mouse,Dilated cardiomyopathy (DCM),0.7533834161630436,0.8616540867493493,ITGB4,1
KEGG_2019_Mouse,GnRH signaling pathway,0.7533834161630436,0.8616540867493493,PLCB1,1
KEGG_2019_Mouse,Progesterone-mediated oocyte maturation,0.7533834161630436,0.8616540867493493,GNAI1,1
KEGG_2019_Mouse,Small cell lung cancer,0.7609546677060126,0.8617265652490983,CYCS,1
KEGG_2019_Mouse,Tuberculosis,0.7624701022361131,0.8617265652490983,CREB1;CYCS,2
KEGG_2019_Mouse,Glycerophospholipid metabolism,0.7788844627748427,0.875099602294088,MBOAT1,1
KEGG_2019_Mouse,Choline metabolism in cancer,0.7856751820311901,0.8775670161868849,SLC44A1,1
KEGG_2019_Mouse,Human papillomavirus infection,0.8079749358721474,0.8972279811138381,CREB1;ITGB4;VEGFA;CREB5,4
KEGG_2019_Mouse,Proteoglycans in cancer,0.8226568497394844,0.9076097471754774,GAB1;VEGFA,2
KEGG_2019_Mouse,NOD-like receptor signaling pathway,0.8268277277933669,0.9076097471754774,ERBIN;PLCB1,2
KEGG_2019_Mouse,Thyroid hormone signaling pathway,0.8330260099643829,0.9091883880182694,PLCB1,1
KEGG_2019_Mouse,Osteoclast differentiation,0.8637018033032419,0.9339819786220087,CREB1,1
KEGG_2019_Mouse,Autophagy,0.8678941358450902,0.9339819786220087,TRP53INP2,1
KEGG_2019_Mouse,Viral carcinogenesis,0.870412524579673,0.9339819786220087,CREB1;CREB5,2
KEGG_2019_Mouse,Oxidative phosphorylation,0.8758970914141163,0.9346164494977441,NDUFS8,1
KEGG_2019_Mouse,Fluid shear stress and atherosclerosis,0.8921806703245129,0.9380545393901655,VEGFA,1
KEGG_2019_Mouse,Human T-cell leukemia virus 1 infection,0.8936204737161613,0.9380545393901655,CREB1;CREB5,2
KEGG_2019_Mouse,Measles,0.8938530165916759,0.9380545393901655,CYCS,1
KEGG_2019_Mouse,Hippo signaling pathway,0.9160478117596588,0.9560936177382231,RASSF2,1
KEGG_2019_Mouse,MicroRNAs in cancer,0.9324525885898879,0.9591845832998688,ZEB2;VEGFA,2
KEGG_2019_Mouse,Necroptosis,0.9356601693568982,0.9591845832998688,IL33,1
KEGG_2019_Mouse,Phagosome,0.9395666282321812,0.9591845832998688,TUBB4A,1
KEGG_2019_Mouse,Cytokine-cytokine receptor interaction,0.941351551419765,0.9591845832998688,NGFR;IL33,2
KEGG_2019_Mouse,Cellular senescence,0.9441188568606038,0.9591845832998688,HIPK2,1
KEGG_2019_Mouse,Epstein-Barr virus infection,0.9719717069221747,0.9822571218102402,CYCS,1
KEGG_2019_Mouse,Herpes simplex virus 1 infection,0.9988770514477981,0.9999957337720764,CYCS,1
KEGG_2019_Mouse,Olfactory transduction,0.9999957337720764,0.9999957337720764,PDE1C;GNG7,2
