library,term,p,padj,overlap,n
GO_Biological_Process_2023,Positive Regulation Of ERK1 And ERK2 Cascade (GO:0070374),5.343299889435633e-07,0.00045418049060202883,DDR1;CD74;PTK2B;ADRA1D;PRKCA;APOE;MT3;PDE8A,8
GO_Biological_Process_2023,Regulation Of ERK1 And ERK2 Cascade (GO:0070372),5.412039057403687e-06,0.0022100602326046025,DDR1;CD74;PTK2B;ADRA1D;PRKCA;APOE;MT3;PDE8A,8
GO_Biological_Process_2023,Regulation Of Monoatomic Ion Transmembrane Transporter Activity (GO:0032412),7.800212585663303e-06,0.0022100602326046025,RELN;STK39;PTK2B;SCN4B;SHISA6,5
GO_Biological_Process_2023,Negative Regulation Of Potassium Ion Transport (GO:0043267),1.2718420695265558e-05,0.002702664397743931,STK39;PTK2B;VIP,3
GO_Biological_Process_2023,Positive Regulation Of MAPK Cascade (GO:0043410),3.056911823116542e-05,0.005196750099298122,DDR1;CD74;PTK2B;ADRA1D;PRKCA;APOE;MT3;PDE8A,8
GO_Biological_Process_2023,Regulation Of Establishment Of Cell Polarity (GO:2000114),3.875575091663454e-05,0.005490398046523227,PLEKHG3;GSN;PTK2B,3
GO_Biological_Process_2023,Positive Regulation Of Kinase Activity (GO:0033674),5.731259541372098e-05,0.006959386585951834,DDR1;CD74;RELN;PTK2B;MET,5
GO_Biological_Process_2023,Regulation Of Small GTPase Mediated Signal Transduction (GO:0051056),0.00010444942313709462,0.011097751208316303,PLEKHG3;PREX1;RELN;CGNL1;ARHGAP23,5
GO_Biological_Process_2023,Negative Regulation Of Stress Fiber Assembly (GO:0051497),0.00012813523752554392,0.012101661321856924,TJP1;MET;CGNL1,3
GO_Biological_Process_2023,Negative Regulation Of Actin Filament Bundle Assembly (GO:0032232),0.00018095885177124468,0.015381502400555799,TJP1;MET;CGNL1,3
GO_Biological_Process_2023,Negative Regulation Of Neuron Apoptotic Process (GO:0043524),0.00021031463177662772,0.016251585182739413,CX3CR1;PTK2B;APOE;MT3,4
GO_Biological_Process_2023,Actin Filament Polymerization (GO:0030041),0.0002461854495432418,0.01743813600931296,PREX1;GSN;INF2,3
GO_Biological_Process_2023,Monosaccharide Biosynthetic Process (GO:0046364),0.0003193825184084565,0.020882703126706773,UST;CHST15,2
GO_Biological_Process_2023,Regulation Of Endothelial Cell Migration (GO:0010594),0.0004087868856679164,0.0225649871895682,PTK2B;PRKCA;NR2F2;APOE,4
GO_Biological_Process_2023,Regulation Of Sodium Ion Transmembrane Transporter Activity (GO:2000649),0.00041836178375380655,0.0225649871895682,STK39;SCN4B;FGF11,3
GO_Biological_Process_2023,Regulation Of Macrophage Migration (GO:1905521),0.0004247527000389308,0.0225649871895682,CX3CR1;PTK2B,2
GO_Biological_Process_2023,Positive Regulation Of Neuron Projection Development (GO:0010976),0.0004840151365930183,0.023305419536415097,DDR1;RELN;PTK2B;APOE,4
GO_Biological_Process_2023,Regulation Of Endothelial Cell Proliferation (GO:0001936),0.0005042629640226791,0.023305419536415097,PRKCA;NR2F2;APOE;VIP,4
GO_Biological_Process_2023,Positive Regulation Of Supramolecular Fiber Organization (GO:1902905),0.0005686228582336353,0.023305419536415097,GSN;PTK2B;APOE;MET,4
GO_Biological_Process_2023,Generation Of Neurons (GO:0048699),0.0005984474291132912,0.023305419536415097,RELN;CCK;MET;VXN;LHX8,5
GO_Biological_Process_2023,Regulation Of Neurotransmitter Receptor Activity (GO:0099601),0.0006094103496587906,0.023305419536415097,RELN;PTK2B;SHISA6,3
GO_Biological_Process_2023,Negative Regulation Of Apoptotic Process (GO:0043066),0.0006263262254807971,0.023305419536415097,TJP1;CX3CR1;CD74;PTK2B;PRKCA;APOE;VIP;MT3,8
GO_Biological_Process_2023,Regulation Of Neuron Projection Development (GO:0010975),0.0006306172345147614,0.023305419536415097,DDR1;RELN;PTK2B;APOE;MT3,5
GO_Biological_Process_2023,Peptidyl-Tyrosine Autophosphorylation (GO:0038083),0.0011681732417668706,0.04006569635706865,DDR1;PTK2B,2
GO_Biological_Process_2023,Actin Polymerization Or Depolymerization (GO:0008154),0.001205379804854676,0.04006569635706865,PREX1;INF2;GSN,3
GO_Biological_Process_2023,Positive Regulation Of Cell Projection Organization (GO:0031346),0.001230255001376497,0.04006569635706865,DDR1;RELN;PTK2B;APOE,4
GO_Biological_Process_2023,Negative Regulation Of Neuron Projection Development (GO:0010977),0.0012726750607539453,0.04006569635706865,EFNB3;APOE;MT3,3
GO_Biological_Process_2023,Retrograde Axonal Transport (GO:0008090),0.0015645072954225583,0.04585624831410947,DLG2;KIF1C,2
GO_Biological_Process_2023,Protein Localization To Cell-Cell Junction (GO:0150105),0.0015645072954225583,0.04585624831410947,TJP1;CGNL1,2
GO_Biological_Process_2023,Regulation Of Cell Migration (GO:0030334),0.001632595562640162,0.04625687427480459,PLEKHG3;TJP1;CD74;RELN;DAAM2;PTK2B;PRKCA,7
GO_Biological_Process_2023,Regulation Of NMDA Receptor Activity (GO:2000310),0.0017834370707108008,0.0482276785973095,RELN;PTK2B,2
GO_Biological_Process_2023,Protein Polymerization (GO:0051258),0.0019863039176509197,0.0482276785973095,PREX1;INF2;GSN,3
GO_Biological_Process_2023,Amyloid Precursor Protein Metabolic Process (GO:0042982),0.002016062515791275,0.0482276785973095,TMCC2;APOE,2
GO_Biological_Process_2023,Positive Regulation Of Lymphocyte Chemotaxis (GO:0140131),0.002016062515791275,0.0482276785973095,STK39;PTK2B,2
GO_Biological_Process_2023,Positive Regulation Of Phosphorylation (GO:0042327),0.002216511956297833,0.0482276785973095,DDR1;CD74;RELN;MT3;MET,5
GO_Biological_Process_2023,Regulation Of Establishment Or Maintenance Of Cell Polarity (GO:0032878),0.0022622747962299803,0.0482276785973095,PLEKHG3;PTK2B,2
GO_Biological_Process_2023,Negative Regulation Of Monoatomic Ion Transport (GO:0043271),0.0022622747962299803,0.0482276785973095,PTK2B;VIP,2
GO_Biological_Process_2023,Cardiac Muscle Cell Contraction (GO:0086003),0.0022622747962299803,0.0482276785973095,GSN;SCN4B,2
GO_Biological_Process_2023,Positive Regulation Of Neuroblast Proliferation (GO:0002052),0.0022622747962299803,0.0482276785973095,CX3CR1;HAPLN1,2
GO_Biological_Process_2023,Peptidyl-Threonine Modification (GO:0018210),0.0022695378163439766,0.0482276785973095,GALNT6;STK39;PRKCA,3
GO_Biological_Process_2023,Peptidyl-Tyrosine Phosphorylation (GO:0018108),0.0023692169033343595,0.049117911410590374,DDR1;RELN;PTK2B,3
GO_Biological_Process_2023,Positive Regulation Of Transferase Activity (GO:0051347),0.002485934150567966,0.04985281044826087,DDR1;CD74;APOE;MET,4
GO_Biological_Process_2023,Regulation Of Behavior (GO:0050795),0.0025219657050296676,0.04985281044826087,RELN;APOE,2
GO_Biological_Process_2023,Regulation Of Stress Fiber Assembly (GO:0051492),0.00326494779876482,0.059868996681922367,TJP1;MET;CGNL1,3
GO_Biological_Process_2023,Positive Regulation Of Neurogenesis (GO:0050769),0.00326494779876482,0.059868996681922367,CX3CR1;SERPINF1;HAPLN1,3
GO_Biological_Process_2023,Positive Regulation Of Excitatory Postsynaptic Potential (GO:2000463),0.003380837459685028,0.059868996681922367,RELN;PTK2B,2
GO_Biological_Process_2023,"Positive Regulation Of Synaptic Transmission, Glutamatergic (GO:0051968)",0.003380837459685028,0.059868996681922367,RELN;PTK2B,2
GO_Biological_Process_2023,Negative Regulation Of Axonogenesis (GO:0050771),0.003380837459685028,0.059868996681922367,EFNB3;MT3,2
GO_Biological_Process_2023,Positive Regulation Of Synaptic Transmission (GO:0050806),0.003517020358351479,0.06100953682854607,RELN;PTK2B;ADRA1D,3
GO_Biological_Process_2023,Protein Localization To Cell Junction (GO:1902414),0.0036933732314508604,0.062697914091515,TJP1;CGNL1,2
GO_Biological_Process_2023,Negative Regulation Of Programmed Cell Death (GO:0043069),0.0039694017946597234,0.062697914091515,TJP1;CD74;PTK2B;VIP;MT3;MET,6
GO_Biological_Process_2023,Regulation Of Neuroblast Proliferation (GO:1902692),0.0040188558859007165,0.062697914091515,CX3CR1;HAPLN1,2
GO_Biological_Process_2023,Gliogenesis (GO:0042063),0.0040188558859007165,0.062697914091515,RELN;HAPLN1,2
GO_Biological_Process_2023,Regulation Of AMPA Receptor Activity (GO:2000311),0.0040188558859007165,0.062697914091515,RELN;SHISA6,2
GO_Biological_Process_2023,Positive Regulation Of Signal Transduction (GO:0009967),0.004056923852980382,0.062697914091515,CD74;RELN;PTK2B;PRKCA;MT3,5
GO_Biological_Process_2023,Phospholipase C-activating G Protein-Coupled Receptor Signaling Pathway (GO:0007200),0.004343479432381304,0.06592781281293052,CX3CR1;ADRA1D;VIP,3
GO_Biological_Process_2023,Chemical Synaptic Transmission (GO:0007268),0.004526608386729827,0.06688921985042938,UNC13C;DLG2;APOE;CPLX1;SHISA6,5
GO_Biological_Process_2023,Regulation Of Kinase Activity (GO:0043549),0.004642898789618039,0.06688921985042938,DDR1;CD74;MET,3
GO_Biological_Process_2023,Positive Regulation Of Endothelial Cell Migration (GO:0010595),0.004642898789618039,0.06688921985042938,PTK2B;PRKCA;MET,3
GO_Biological_Process_2023,Negative Regulation Of Neuron Death (GO:1901215),0.005114968460825303,0.07246205319502513,PTK2B;APOE;MT3,3
GO_Biological_Process_2023,Regulation Of Peptidyl-Tyrosine Phosphorylation (GO:0050730),0.00544517569483972,0.07587539902645511,CD74;RELN;PTK2B,3
GO_Biological_Process_2023,Regulation Of Actin Cytoskeleton Organization (GO:0032956),0.005614977027987286,0.07697952377079344,DAAM2;RHOG;PTK2B,3
GO_Biological_Process_2023,Positive Regulation Of Neural Precursor Cell Proliferation (GO:2000179),0.005836835601970421,0.07875095653452155,CX3CR1;HAPLN1,2
GO_Biological_Process_2023,Regulation Of Potassium Ion Transport (GO:0043266),0.0062378258777614345,0.08284612493901905,PTK2B;VIP,2
GO_Biological_Process_2023,Regulation Of Long-Term Synaptic Potentiation (GO:1900271),0.006651044056183717,0.08565738557206301,RELN;APOE,2
GO_Biological_Process_2023,Modulation Of Excitatory Postsynaptic Potential (GO:0098815),0.006651044056183717,0.08565738557206301,RELN;PTK2B,2
GO_Biological_Process_2023,Transition Metal Ion Transport (GO:0000041),0.007076389798850988,0.08977509446303492,FTH1;MT3,2
GO_Biological_Process_2023,Nervous System Development (GO:0007399),0.0073167494566024225,0.08995350488873578,GSN;EFNB3;RELN;MET;VXN;FGF11,6
GO_Biological_Process_2023,Negative Regulation Of Epithelial Cell Migration (GO:0010633),0.007513763349529695,0.08995350488873578,APOE;NR2F2,2
GO_Biological_Process_2023,Cardiac Muscle Contraction (GO:0060048),0.007513763349529695,0.08995350488873578,GSN;SCN4B,2
GO_Biological_Process_2023,Positive Regulation Of Ion Transmembrane Transporter Activity (GO:0032414),0.007513763349529695,0.08995350488873578,RELN;STK39,2
GO_Biological_Process_2023,Regulation Of Neuronal Synaptic Plasticity (GO:0048168),0.00796306553563679,0.09146764466609826,APOE;SHISA6,2
GO_Biological_Process_2023,Superoxide Metabolic Process (GO:0006801),0.00796306553563679,0.09146764466609826,PREX1;MT3,2
GO_Biological_Process_2023,Glial Cell Differentiation (GO:0010001),0.00796306553563679,0.09146764466609826,RELN;HAPLN1,2
GO_Biological_Process_2023,Regulation Of Neuron Apoptotic Process (GO:0043523),0.008329874721427367,0.09299439090103427,PTK2B;APOE;MT3,3
GO_Biological_Process_2023,Positive Regulation Of Cell Development (GO:0010720),0.008424197763976045,0.09299439090103427,CX3CR1;SERPINF1,2
GO_Biological_Process_2023,Regulation Of Axon Extension (GO:0030516),0.008424197763976045,0.09299439090103427,APOE;MT3,2
GO_Biological_Process_2023,Regulation Of Trans-Synaptic Signaling (GO:0099177),0.008897062011138539,0.09607622540357211,CX3CR1;RELN,2
GO_Biological_Process_2023,Regulation Of Canonical Wnt Signaling Pathway (GO:0060828),0.009152555938875736,0.09607622540357211,DAAM2;IGFBP2;APOE;SHISA6,4
GO_Biological_Process_2023,Negative Regulation Of Endothelial Cell Migration (GO:0010596),0.009381560833525277,0.09607622540357211,APOE;NR2F2,2
GO_Biological_Process_2023,Negative Regulation Of Endothelial Cell Proliferation (GO:0001937),0.009381560833525277,0.09607622540357211,APOE;NR2F2,2
GO_Biological_Process_2023,Negative Regulation Of Smooth Muscle Cell Proliferation (GO:0048662),0.009381560833525277,0.09607622540357211,APOE;VIP,2
GO_Biological_Process_2023,Regulation Of Cellular Component Biogenesis (GO:0044087),0.009381560833525277,0.09607622540357211,TJP1;APOE,2
GO_Biological_Process_2023,Anterograde Axonal Transport (GO:0008089),0.010385075258319628,0.10297498445450713,DLG2;KIF1C,2
GO_Biological_Process_2023,Regulation Of Cytoskeleton Organization (GO:0051493),0.010418645485985428,0.10297498445450713,TJP1;DAAM2;RHOG,3
GO_Biological_Process_2023,Negative Regulation Of Canonical Wnt Signaling Pathway (GO:0090090),0.010418645485985428,0.10297498445450713,IGFBP2;APOE;SHISA6,3
GO_Biological_Process_2023,Positive Regulation Of Myeloid Leukocyte Differentiation (GO:0002763),0.010903898802162078,0.10653234461882491,CD74;PRKCA,2
GO_Biological_Process_2023,Positive Regulation Of Cell Motility (GO:2000147),0.011432200513113028,0.10920086382810426,TJP1;DAAM2;PTK2B;PRKCA,4
GO_Biological_Process_2023,Synaptic Vesicle Exocytosis (GO:0016079),0.011433972800825034,0.10920086382810426,UNC13C;CPLX1,2
GO_Biological_Process_2023,Positive Regulation Of Cell Population Proliferation (GO:0008284),0.012123709244461697,0.11450169841991603,TJP1;CD74;RHOG;PTK2B;ADRA1D;VIP,6
GO_Biological_Process_2023,Modulation Of Chemical Synaptic Transmission (GO:0050804),0.012785226694597624,0.11942244714734046,CX3CR1;RELN;CPLX1,3
GO_Biological_Process_2023,Regulation Of Viral Entry Into Host Cell (GO:0046596),0.013090754016721117,0.12094718385014076,CD74;GSN,2
GO_Biological_Process_2023,Regulation Of Fibroblast Proliferation (GO:0048145),0.0142498070129418,0.12238921523377098,CD74;FTH1,2
GO_Biological_Process_2023,Positive Regulation Of Peptidyl-Tyrosine Phosphorylation (GO:0050731),0.014821590511242148,0.12238921523377098,CD74;RELN;PTK2B,3
GO_Biological_Process_2023,Cellular Defense Response (GO:0006968),0.015451624403589763,0.12238921523377098,CX3CR1;PTK2B,2
GO_Biological_Process_2023,Positive Regulation Of Nervous System Development (GO:0051962),0.016068341738612064,0.12238921523377098,CX3CR1;SERPINF1,2
GO_Biological_Process_2023,Negative Regulation Of Cell Projection Organization (GO:0031345),0.016695477638347864,0.12238921523377098,APOE;MT3,2
GO_Biological_Process_2023,Positive Regulation Of Protein Phosphorylation (GO:0001934),0.016755955467005274,0.12238921523377098,CX3CR1;CD74;RELN;PTK2B;MT3,5
GO_Biological_Process_2023,Negative Regulation Of Cell Population Proliferation (GO:0008285),0.017103967478061477,0.12238921523377098,FTH1;PTK2B;ADRA1D;APOE;VIP,5
GO_Biological_Process_2023,Regulated Exocytosis (GO:0045055),0.01733294237283156,0.12238921523377098,STEAP2;CPLX1,2
GO_Biological_Process_2023,Rho Protein Signal Transduction (GO:0007266),0.017980646739873686,0.12238921523377098,RTKN;RHOG,2
GO_Biological_Process_2023,Negative Regulation Of Wnt Signaling Pathway (GO:0030178),0.018031828167919164,0.12238921523377098,IGFBP2;APOE;SHISA6,3
GO_Biological_Process_2023,Peptidyl-Tyrosine Modification (GO:0018212),0.019306420224279683,0.12238921523377098,RELN;PTK2B,2
GO_Biological_Process_2023,Regulation Of Smooth Muscle Cell Proliferation (GO:0048660),0.019306420224279683,0.12238921523377098,APOE;VIP,2
GO_Biological_Process_2023,Regulation Of Blood Vessel Endothelial Cell Migration (GO:0043535),0.019306420224279683,0.12238921523377098,PRKCA;APOE,2
GO_Biological_Process_2023,Actin Filament Organization (GO:0007015),0.019415880850943274,0.12238921523377098,GSN;RHOG;CGNL1,3
GO_Biological_Process_2023,Regulation Of Epinephrine Secretion (GO:0014060),0.019596384739634504,0.12238921523377098,VIP,1
GO_Biological_Process_2023,Regulation Of Establishment Of T Cell Polarity (GO:1903903),0.019596384739634504,0.12238921523377098,GSN,1
GO_Biological_Process_2023,Negative Regulation Of Myeloid Leukocyte Mediated Immunity (GO:0002887),0.019596384739634504,0.12238921523377098,CX3CR1,1
GO_Biological_Process_2023,Autocrine Signaling (GO:0035425),0.019596384739634504,0.12238921523377098,CX3CR1,1
GO_Biological_Process_2023,Cell Junction Disassembly (GO:0150146),0.019596384739634504,0.12238921523377098,CX3CR1,1
GO_Biological_Process_2023,Podocyte Cell Migration (GO:0090521),0.019596384739634504,0.12238921523377098,DAAM2,1
GO_Biological_Process_2023,Regulation Of Type 2 Immune Response (GO:0002828),0.019596384739634504,0.12238921523377098,CD74,1
GO_Biological_Process_2023,Positive Regulation Of I-kappaB Phosphorylation (GO:1903721),0.019596384739634504,0.12238921523377098,CX3CR1,1
GO_Biological_Process_2023,Cerebral Cortex Cell Migration (GO:0021795),0.019596384739634504,0.12238921523377098,RELN,1
GO_Biological_Process_2023,Chemokine (C-X-C Motif) Ligand 12 Signaling Pathway (GO:0038146),0.019596384739634504,0.12238921523377098,STK39,1
GO_Biological_Process_2023,Dermatan Sulfate Metabolic Process (GO:0030205),0.019596384739634504,0.12238921523377098,UST,1
GO_Biological_Process_2023,Endothelin Receptor Signaling Pathway (GO:0086100),0.019596384739634504,0.12238921523377098,PTK2B,1
GO_Biological_Process_2023,Female Gonad Development (GO:0008585),0.019596384739634504,0.12238921523377098,NR2F2,1
GO_Biological_Process_2023,Forebrain Neuron Differentiation (GO:0021879),0.019596384739634504,0.12238921523377098,LHX8,1
GO_Biological_Process_2023,Positive Regulation Of Monoatomic Ion Transmembrane Transport (GO:0034767),0.019596384739634504,0.12238921523377098,STK39,1
GO_Biological_Process_2023,Lipoprotein Metabolic Process (GO:0042157),0.019596384739634504,0.12238921523377098,APOE,1
GO_Biological_Process_2023,Protein Sulfation (GO:0006477),0.019596384739634504,0.12238921523377098,UST,1
GO_Biological_Process_2023,Neuron Migration (GO:0001764),0.0199843135713589,0.12238921523377098,RELN;CCK,2
GO_Biological_Process_2023,"Regulation Of Synaptic Transmission, Glutamatergic (GO:0051966)",0.0199843135713589,0.12238921523377098,RELN;PTK2B,2
GO_Biological_Process_2023,Chemokine-Mediated Signaling Pathway (GO:0070098),0.02136967794266685,0.12238921523377098,STK39;PTK2B,2
GO_Biological_Process_2023,Peptidyl-Threonine Phosphorylation (GO:0018107),0.022076976308450007,0.12238921523377098,STK39;PRKCA,2
GO_Biological_Process_2023,Glycosaminoglycan Biosynthetic Process (GO:0006024),0.022076976308450007,0.12238921523377098,UST;CHST15,2
GO_Biological_Process_2023,Positive Regulation Of Cell Migration (GO:0030335),0.022702504439231993,0.12238921523377098,TJP1;DAAM2;PTK2B;PRKCA,4
GO_Biological_Process_2023,Cellular Response To Chemokine (GO:1990869),0.02279390454541644,0.12238921523377098,STK39;PTK2B,2
GO_Biological_Process_2023,AV Node Cell Action Potential (GO:0086016),0.023469931862476083,0.12238921523377098,SCN4B,1
GO_Biological_Process_2023,Regulation Of Glial Cell Apoptotic Process (GO:0034350),0.023469931862476083,0.12238921523377098,PRKCA,1
GO_Biological_Process_2023,Regulation Of Inositol Phosphate Biosynthetic Process (GO:0010919),0.023469931862476083,0.12238921523377098,PTK2B,1
GO_Biological_Process_2023,Adherens Junction Maintenance (GO:0034334),0.023469931862476083,0.12238921523377098,TJP1,1
GO_Biological_Process_2023,Regulation Of Microglial Cell Migration (GO:1904139),0.023469931862476083,0.12238921523377098,CX3CR1,1
GO_Biological_Process_2023,Regulation Of Prostaglandin Biosynthetic Process (GO:0031392),0.023469931862476083,0.12238921523377098,CD74,1
GO_Biological_Process_2023,Cellular Hypotonic Response (GO:0071476),0.023469931862476083,0.12238921523377098,STK39,1
GO_Biological_Process_2023,Cholesterol Catabolic Process (GO:0006707),0.023469931862476083,0.12238921523377098,APOE,1
GO_Biological_Process_2023,Positive Regulation Of Amyloid-Beta Clearance (GO:1900223),0.023469931862476083,0.12238921523377098,APOE,1
GO_Biological_Process_2023,Copper Ion Import (GO:0015677),0.023469931862476083,0.12238921523377098,STEAP2,1
GO_Biological_Process_2023,Positive Regulation Of Catecholamine Secretion (GO:0033605),0.023469931862476083,0.12238921523377098,VIP,1
GO_Biological_Process_2023,Dense Core Granule Cytoskeletal Transport (GO:0099519),0.023469931862476083,0.12238921523377098,KIF1C,1
GO_Biological_Process_2023,Desmosome Organization (GO:0002934),0.023469931862476083,0.12238921523377098,PRKCA,1
GO_Biological_Process_2023,Development Of Primary Female Sexual Characteristics (GO:0046545),0.023469931862476083,0.12238921523377098,NR2F2,1
GO_Biological_Process_2023,Positive Regulation Of Cysteine-Type Endopeptidase Activity Involved In Apoptotic Signaling Pathway (GO:2001269),0.023469931862476083,0.12238921523377098,GSN,1
GO_Biological_Process_2023,Smooth Muscle Cell Migration (GO:0014909),0.023469931862476083,0.12238921523377098,DDR1,1
GO_Biological_Process_2023,Sterol Catabolic Process (GO:0016127),0.023469931862476083,0.12238921523377098,APOE,1
GO_Biological_Process_2023,Excitatory Chemical Synaptic Transmission (GO:0098976),0.023469931862476083,0.12238921523377098,SHISA6,1
GO_Biological_Process_2023,Synaptic Vesicle Docking (GO:0016081),0.023469931862476083,0.12238921523377098,UNC13C,1
GO_Biological_Process_2023,Positive Regulation Of Lipopolysaccharide-Mediated Signaling Pathway (GO:0031666),0.023469931862476083,0.12238921523377098,PRKCA,1
GO_Biological_Process_2023,Forebrain Neuron Development (GO:0021884),0.023469931862476083,0.12238921523377098,LHX8,1
GO_Biological_Process_2023,Positive Regulation Of Necrotic Cell Death (GO:0010940),0.023469931862476083,0.12238921523377098,MT3,1
GO_Biological_Process_2023,Host-Mediated Regulation Of Intestinal Microbiota Composition (GO:0048874),0.023469931862476083,0.12238921523377098,CX3CR1,1
GO_Biological_Process_2023,Hypotonic Response (GO:0006971),0.023469931862476083,0.12238921523377098,STK39,1
GO_Biological_Process_2023,Positive Regulation Of Receptor Catabolic Process (GO:2000646),0.023469931862476083,0.12238921523377098,APOE,1
GO_Biological_Process_2023,Positive Regulation Of Steroid Metabolic Process (GO:0045940),0.023469931862476083,0.12238921523377098,APOE,1
GO_Biological_Process_2023,Intracellular Sequestering Of Iron Ion (GO:0006880),0.023469931862476083,0.12238921523377098,FTH1,1
GO_Biological_Process_2023,Positive Regulation Of Unsaturated Fatty Acid Biosynthetic Process (GO:2001280),0.023469931862476083,0.12238921523377098,CD74,1
GO_Biological_Process_2023,Maintenance Of Lens Transparency (GO:0036438),0.023469931862476083,0.12238921523377098,STK39,1
GO_Biological_Process_2023,Marginal Zone B Cell Differentiation (GO:0002315),0.023469931862476083,0.12238921523377098,PTK2B,1
GO_Biological_Process_2023,Mitotic Nuclear Membrane Disassembly (GO:0007077),0.023469931862476083,0.12238921523377098,PRKCA,1
GO_Biological_Process_2023,Regulation Of I-kappaB Phosphorylation (GO:1903719),0.023469931862476083,0.12238921523377098,CX3CR1,1
GO_Biological_Process_2023,Regulation Of Blood-Brain Barrier Permeability (GO:1905603),0.023469931862476083,0.12238921523377098,TJP1,1
GO_Biological_Process_2023,Negative Regulation Of Autophagy (GO:0010507),0.02425631092262124,0.12571868465992714,LZTS1;MET,2
GO_Biological_Process_2023,Transmembrane Receptor Protein Tyrosine Kinase Signaling Pathway (GO:0007169),0.026076076166664394,0.12787481992475128,DDR1;EFNB3;PTK2B;MET,4
GO_Biological_Process_2023,Protein Autophosphorylation (GO:0046777),0.02635478247475553,0.12787481992475128,DDR1;STK39;PTK2B,3
GO_Biological_Process_2023,Negative Regulation Of Glial Cell Apoptotic Process (GO:0034351),0.027328369111917827,0.12787481992475128,PRKCA,1
GO_Biological_Process_2023,Regulation Of Extent Of Cell Growth (GO:0061387),0.027328369111917827,0.12787481992475128,APOE,1
GO_Biological_Process_2023,Regulation Of Nitric Oxide Metabolic Process (GO:0080164),0.027328369111917827,0.12787481992475128,CX3CR1,1
GO_Biological_Process_2023,Cellular Response To Leptin Stimulus (GO:0044320),0.027328369111917827,0.12787481992475128,MT3,1
GO_Biological_Process_2023,Cellular Response To Potassium Ion (GO:0035865),0.027328369111917827,0.12787481992475128,DLG2,1
GO_Biological_Process_2023,Positive Regulation Of CoA-transferase Activity (GO:1905920),0.027328369111917827,0.12787481992475128,APOE,1
GO_Biological_Process_2023,Dermatan Sulfate Proteoglycan Biosynthetic Process (GO:0050651),0.027328369111917827,0.12787481992475128,UST,1
GO_Biological_Process_2023,Response To Potassium Ion (GO:0035864),0.027328369111917827,0.12787481992475128,DLG2,1
GO_Biological_Process_2023,Very-Low-Density Lipoprotein Particle Remodeling (GO:0034372),0.027328369111917827,0.12787481992475128,APOE,1
GO_Biological_Process_2023,Lactate Metabolic Process (GO:0006089),0.027328369111917827,0.12787481992475128,LDHB,1
GO_Biological_Process_2023,Lymphatic Endothelial Cell Differentiation (GO:0060836),0.027328369111917827,0.12787481992475128,NR2F2,1
GO_Biological_Process_2023,Regulation Of Cdc42 Protein Signal Transduction (GO:0032489),0.027328369111917827,0.12787481992475128,APOE,1
GO_Biological_Process_2023,Regulation Of CoA-transferase Activity (GO:1905918),0.027328369111917827,0.12787481992475128,APOE,1
GO_Biological_Process_2023,Negative Regulation Of Endopeptidase Activity (GO:0010951),0.0280749577018175,0.12787481992475128,SERPINF1;MT3,2
GO_Biological_Process_2023,Response To Reactive Oxygen Species (GO:0000302),0.0280749577018175,0.12787481992475128,APOE;MT3,2
GO_Biological_Process_2023,Regulation Of Neurogenesis (GO:0050767),0.02886590526384066,0.12787481992475128,CX3CR1;SERPINF1,2
GO_Biological_Process_2023,Positive Regulation Of Cellular Process (GO:0048522),0.029997037090911165,0.12787481992475128,TJP1;RHOG;PTK2B;ADRA1D;PRKCA;VIP,6
GO_Biological_Process_2023,Metal Ion Transport (GO:0030001),0.030260135392749764,0.12787481992475128,TRPC4;KCNJ13;SCN4B,3
GO_Biological_Process_2023,Phagocytosis (GO:0006909),0.03047436707326384,0.12787481992475128,GSN;MET,2
GO_Biological_Process_2023,Neuron Differentiation (GO:0030182),0.031167286659613512,0.12787481992475128,MET;VXN;LHX8,3
GO_Biological_Process_2023,Negative Regulation Of Long-Term Synaptic Potentiation (GO:1900272),0.031171754372239124,0.12787481992475128,APOE,1
GO_Biological_Process_2023,Alcohol Catabolic Process (GO:0046164),0.031171754372239124,0.12787481992475128,APOE,1
GO_Biological_Process_2023,Negative Regulation Of Transporter Activity (GO:0032410),0.031171754372239124,0.12787481992475128,STK39,1
GO_Biological_Process_2023,Regulation Of Necrotic Cell Death (GO:0010939),0.031171754372239124,0.12787481992475128,MT3,1
GO_Biological_Process_2023,Nuclear Membrane Disassembly (GO:0051081),0.031171754372239124,0.12787481992475128,PRKCA,1
GO_Biological_Process_2023,Bone Resorption (GO:0045453),0.031171754372239124,0.12787481992475128,PTK2B,1
GO_Biological_Process_2023,Regulation Of Podosome Assembly (GO:0071801),0.031171754372239124,0.12787481992475128,GSN,1
GO_Biological_Process_2023,Regulation Of Tumor Necrosis Factor Superfamily Cytokine Production (GO:1903555),0.031171754372239124,0.12787481992475128,CX3CR1,1
GO_Biological_Process_2023,Cobalamin Transport (GO:0015889),0.031171754372239124,0.12787481992475128,TCN2,1
GO_Biological_Process_2023,Collagen-Activated Signaling Pathway (GO:0038065),0.031171754372239124,0.12787481992475128,DDR1,1
GO_Biological_Process_2023,Positive Regulation Of Cell-Cell Adhesion Mediated By Cadherin (GO:2000049),0.031171754372239124,0.12787481992475128,TJP1,1
GO_Biological_Process_2023,Positive Regulation Of Dendritic Spine Morphogenesis (GO:0061003),0.031171754372239124,0.12787481992475128,RELN,1
GO_Biological_Process_2023,Synapse Pruning (GO:0098883),0.031171754372239124,0.12787481992475128,CX3CR1,1
GO_Biological_Process_2023,Triglyceride-Rich Lipoprotein Particle Remodeling (GO:0034370),0.031171754372239124,0.12787481992475128,APOE,1
GO_Biological_Process_2023,Positive Regulation Of Protein Kinase C Signaling (GO:0090037),0.031171754372239124,0.12787481992475128,ADRA1D,1
GO_Biological_Process_2023,Positive Regulation Of Synapse Maturation (GO:0090129),0.031171754372239124,0.12787481992475128,RELN,1
GO_Biological_Process_2023,Leptin-Mediated Signaling Pathway (GO:0033210),0.031171754372239124,0.12787481992475128,MT3,1
GO_Biological_Process_2023,Negative Regulation Of Epithelial Cell Proliferation (GO:0050680),0.03129172064040972,0.12787481992475128,APOE;NR2F2,2
GO_Biological_Process_2023,Sulfur Compound Biosynthetic Process (GO:0044272),0.03129172064040972,0.12787481992475128,UST;CHST15,2
GO_Biological_Process_2023,Positive Regulation Of Protein Polymerization (GO:0032273),0.03129172064040972,0.12787481992475128,PTK2B;MET,2
GO_Biological_Process_2023,Regulation Of Actin Filament Polymerization (GO:0030833),0.03129172064040972,0.12787481992475128,DAAM2;PTK2B,2
GO_Biological_Process_2023,Regulation Of Actin Filament-Based Process (GO:0032970),0.03129172064040972,0.12787481992475128,DAAM2;RHOG,2
GO_Biological_Process_2023,Cell-Cell Junction Assembly (GO:0007043),0.03211771632903872,0.13062229129034886,TJP1;PRKCA,2
GO_Biological_Process_2023,Regulation Of Cellular Localization (GO:0060341),0.032952274997818554,0.1333782559435513,GSN;VIP,2
GO_Biological_Process_2023,Regulation Of Rho Protein Signal Transduction (GO:0035023),0.033795317979728026,0.13461594381425404,APOE;MET,2
GO_Biological_Process_2023,Regulation Of mRNA Stability (GO:0043488),0.034646767085650974,0.13461594381425404,PRKCA;VIP,2
GO_Biological_Process_2023,Negative Regulation Of Potassium Ion Transmembrane Transporter Activity (GO:1901017),0.03500014539170605,0.13461594381425404,STK39,1
GO_Biological_Process_2023,Actin-Mediated Cell Contraction (GO:0070252),0.03500014539170605,0.13461594381425404,GSN,1
GO_Biological_Process_2023,Negative Regulation Of Sodium Ion Transmembrane Transport (GO:1902306),0.03500014539170605,0.13461594381425404,STK39,1
GO_Biological_Process_2023,Regulation Of Sequestering Of Calcium Ion (GO:0051282),0.03500014539170605,0.13461594381425404,PTK2B,1
GO_Biological_Process_2023,Positive Regulation Of Monocyte Differentiation (GO:0045657),0.03500014539170605,0.13461594381425404,CD74,1
GO_Biological_Process_2023,High-Density Lipoprotein Particle Assembly (GO:0034380),0.03500014539170605,0.13461594381425404,APOE,1
GO_Biological_Process_2023,Positive Regulation Of Vascular Endothelial Growth Factor Receptor Signaling Pathway (GO:0030949),0.03500014539170605,0.13461594381425404,MT3,1
GO_Biological_Process_2023,Protein O-linked Glycosylation Via Threonine (GO:0018243),0.03500014539170605,0.13461594381425404,GALNT6,1
GO_Biological_Process_2023,Muscle Cell Migration (GO:0014812),0.03500014539170605,0.13461594381425404,DDR1,1
GO_Biological_Process_2023,Actomyosin Structure Organization (GO:0031032),0.037250776312679576,0.1359561089526882,TJP1;CSRP1,2
GO_Biological_Process_2023,Positive Regulation Of Endothelial Cell Proliferation (GO:0001938),0.037250776312679576,0.1359561089526882,PRKCA;VIP,2
GO_Biological_Process_2023,Axonogenesis (GO:0007409),0.03842270605617498,0.1359561089526882,EFNB3;RELN;CCK,3
GO_Biological_Process_2023,Regulation Of Cysteine-Type Endopeptidase Activity Involved In Apoptotic Signaling Pathway (GO:2001267),0.03881359976770236,0.1359561089526882,GSN,1
GO_Biological_Process_2023,Negative Regulation Of Hemostasis (GO:1900047),0.03881359976770236,0.1359561089526882,APOE,1
GO_Biological_Process_2023,Negative Regulation Of Hydrogen Peroxide-Induced Cell Death (GO:1903206),0.03881359976770236,0.1359561089526882,MET,1
GO_Biological_Process_2023,Negative Regulation Of Oxidoreductase Activity (GO:0051354),0.03881359976770236,0.1359561089526882,MT3,1
GO_Biological_Process_2023,Actin Filament Depolymerization (GO:0030042),0.03881359976770236,0.1359561089526882,GSN,1
GO_Biological_Process_2023,Negative Regulation Of Sodium Ion Transmembrane Transporter Activity (GO:2000650),0.03881359976770236,0.1359561089526882,STK39,1
GO_Biological_Process_2023,Regulation Of Synapse Maturation (GO:0090128),0.03881359976770236,0.1359561089526882,RELN,1
GO_Biological_Process_2023,Removal Of Superoxide Radicals (GO:0019430),0.03881359976770236,0.1359561089526882,MT3,1
GO_Biological_Process_2023,Positive Regulation Of Actin Nucleation (GO:0051127),0.03881359976770236,0.1359561089526882,GSN,1
GO_Biological_Process_2023,Copper Ion Transport (GO:0006825),0.03881359976770236,0.1359561089526882,STEAP2,1
GO_Biological_Process_2023,Positive Regulation Of Bone Resorption (GO:0045780),0.03881359976770236,0.1359561089526882,PRKCA,1
GO_Biological_Process_2023,Positive Regulation Of Cholesterol Metabolic Process (GO:0090205),0.03881359976770236,0.1359561089526882,APOE,1
GO_Biological_Process_2023,Epithelial Cell Apoptotic Process (GO:1904019),0.03881359976770236,0.1359561089526882,GSN,1
GO_Biological_Process_2023,Establishment Of Endothelial Intestinal Barrier (GO:0090557),0.03881359976770236,0.1359561089526882,TJP1,1
GO_Biological_Process_2023,Fatty Acid Homeostasis (GO:0055089),0.03881359976770236,0.1359561089526882,APOE,1
GO_Biological_Process_2023,Positive Regulation Of Macrophage Differentiation (GO:0045651),0.03881359976770236,0.1359561089526882,PRKCA,1
GO_Biological_Process_2023,Positive Regulation Of Phospholipid Transport (GO:2001140),0.03881359976770236,0.1359561089526882,APOE,1
GO_Biological_Process_2023,Lipoprotein Catabolic Process (GO:0042159),0.03881359976770236,0.1359561089526882,APOE,1
GO_Biological_Process_2023,Endocytosis (GO:0006897),0.03893454170763767,0.1359561089526882,APOE;STEAP2;MET,3
GO_Biological_Process_2023,Positive Regulation Of Cytoskeleton Organization (GO:0051495),0.0390274006875952,0.1359561089526882,GSN;PTK2B,2
GO_Biological_Process_2023,Negative Regulation Of Protein Serine/Threonine Kinase Activity (GO:0071901),0.03992767077528032,0.13852457207750313,NR2F2;APOE,2
GO_Biological_Process_2023,Activation Of Protein Kinase Activity (GO:0032147),0.04083581271183965,0.1410993528661126,PTK2B;MT3,2
GO_Biological_Process_2023,Negative Regulation Of Nitrogen Compound Metabolic Process (GO:0051172),0.04261217490903927,0.1425997979239503,APOE,1
GO_Biological_Process_2023,Regulation Of Homotypic Cell-Cell Adhesion (GO:0034110),0.04261217490903927,0.1425997979239503,PRKCA,1
GO_Biological_Process_2023,Negative Regulation Of Potassium Ion Transmembrane Transport (GO:1901380),0.04261217490903927,0.1425997979239503,STK39,1
GO_Biological_Process_2023,Phospholipid Efflux (GO:0033700),0.04261217490903927,0.1425997979239503,APOE,1
GO_Biological_Process_2023,Cellular Response To Superoxide (GO:0071451),0.04261217490903927,0.1425997979239503,MT3,1
GO_Biological_Process_2023,Positive Regulation Of Lipid Transport (GO:0032370),0.04261217490903927,0.1425997979239503,APOE,1
GO_Biological_Process_2023,Positive Regulation Of Vascular Permeability (GO:0043117),0.04261217490903927,0.1425997979239503,TJP1,1
GO_Biological_Process_2023,Regulation Of Amyloid Precursor Protein Catabolic Process (GO:1902991),0.04261217490903927,0.1425997979239503,APOE,1
GO_Biological_Process_2023,Anterograde Trans-Synaptic Signaling (GO:0098916),0.04424388017292611,0.14498727511596993,UNC13C;DLG2;CPLX1,3
GO_Biological_Process_2023,Exocytosis (GO:0006887),0.04549200894918328,0.14498727511596993,STEAP2;CPLX1,2
GO_Biological_Process_2023,Negative Regulation Of Intrinsic Apoptotic Signaling Pathway In Response To DNA Damage By P53 Class Mediator (GO:1902166),0.04639592803711037,0.14498727511596993,CD74,1
GO_Biological_Process_2023,Calcium Ion Import (GO:0070509),0.04639592803711037,0.14498727511596993,TRPC4,1
GO_Biological_Process_2023,Cell Projection Assembly (GO:0030031),0.04639592803711037,0.14498727511596993,GSN,1
GO_Biological_Process_2023,Cell-Cell Junction Maintenance (GO:0045217),0.04639592803711037,0.14498727511596993,TJP1,1
GO_Biological_Process_2023,Regulation Of Sensory Perception (GO:0051931),0.04639592803711037,0.14498727511596993,VIP,1
GO_Biological_Process_2023,Positive Regulation By Symbiont Of Entry Into Host (GO:0075294),0.04639592803711037,0.14498727511596993,CD74,1
GO_Biological_Process_2023,Positive Regulation Of T Cell Chemotaxis (GO:0010820),0.04639592803711037,0.14498727511596993,STK39,1
GO_Biological_Process_2023,Relaxation Of Cardiac Muscle (GO:0055119),0.04639592803711037,0.14498727511596993,GSN,1
GO_Biological_Process_2023,Secretion (GO:0046903),0.04639592803711037,0.14498727511596993,VIP,1
GO_Biological_Process_2023,Epithelial Cell Morphogenesis (GO:0003382),0.04639592803711037,0.14498727511596993,MET,1
GO_Biological_Process_2023,Spinal Cord Development (GO:0021510),0.04639592803711037,0.14498727511596993,RELN,1
GO_Biological_Process_2023,Granulocyte Activation (GO:0036230),0.04639592803711037,0.14498727511596993,PREX1,1
GO_Biological_Process_2023,Positive Regulation Of Sodium Ion Transport (GO:0010765),0.04639592803711037,0.14498727511596993,SCN4B,1
GO_Biological_Process_2023,Ionotropic Glutamate Receptor Signaling Pathway (GO:0035235),0.04639592803711037,0.14498727511596993,PTK2B,1
GO_Biological_Process_2023,Positive Regulation Of Viral Entry Into Host Cell (GO:0046598),0.04639592803711037,0.14498727511596993,CD74,1
GO_Biological_Process_2023,Negative Regulation Of Coagulation (GO:0050819),0.04639592803711037,0.14498727511596993,APOE,1
GO_Biological_Process_2023,Protein Phosphorylation (GO:0006468),0.047824533823498286,0.14890422619037927,DDR1;RELN;STK39;PTK2B;PRKCA,5
GO_Biological_Process_2023,Regulation Of Intrinsic Apoptotic Signaling Pathway In Response To DNA Damage By P53 Class Mediator (GO:1902165),0.05016491617181362,0.1490728786517848,CD74,1
GO_Biological_Process_2023,Regulation Of Nitrogen Compound Metabolic Process (GO:0051171),0.05016491617181362,0.1490728786517848,APOE,1
GO_Biological_Process_2023,Regulation Of Oxidoreductase Activity (GO:0051341),0.05016491617181362,0.1490728786517848,MT3,1
GO_Biological_Process_2023,Body Fluid Secretion (GO:0007589),0.05016491617181362,0.1490728786517848,VIP,1
GO_Biological_Process_2023,Regulation Of Short-Term Neuronal Synaptic Plasticity (GO:0048172),0.05016491617181362,0.1490728786517848,SHISA6,1
GO_Biological_Process_2023,Relaxation Of Muscle (GO:0090075),0.05016491617181362,0.1490728786517848,GSN,1
GO_Biological_Process_2023,Chondroitin Sulfate Biosynthetic Process (GO:0030206),0.05016491617181362,0.1490728786517848,CHST15,1
GO_Biological_Process_2023,Response To Chemokine (GO:1990868),0.05016491617181362,0.1490728786517848,STK39,1
GO_Biological_Process_2023,Mature B Cell Differentiation Involved In Immune Response (GO:0002313),0.05016491617181362,0.1490728786517848,PTK2B,1
GO_Biological_Process_2023,Membrane Depolarization During Action Potential (GO:0086010),0.05016491617181362,0.1490728786517848,SCN4B,1
GO_Biological_Process_2023,"Negative Regulation Of DNA Damage Response, Signal Transduction By P53 Class Mediator (GO:0043518)",0.05016491617181362,0.1490728786517848,CD74,1
GO_Biological_Process_2023,Regulation Of T Cell Chemotaxis (GO:0010819),0.05016491617181362,0.1490728786517848,STK39,1
GO_Biological_Process_2023,Negative Regulation Of Bone Mineralization (GO:0030502),0.05016491617181362,0.1490728786517848,PTK2B,1
GO_Biological_Process_2023,Positive Regulation Of Binding (GO:0051099),0.05033401902713205,0.1490728786517848,APOE;MET,2
GO_Biological_Process_2023,Positive Regulation Of Protein Catabolic Process (GO:0045732),0.05132393359357497,0.1492876765821225,APOE;VIP,2
GO_Biological_Process_2023,Muscle Contraction (GO:0006936),0.05332471559461204,0.1492876765821225,SMTN;ADRA1D,2
GO_Biological_Process_2023,Regulation Of Endothelial Cell Chemotaxis (GO:2001026),0.05391919613024895,0.1492876765821225,MET,1
GO_Biological_Process_2023,Negative Regulation Of Leukocyte Mediated Cytotoxicity (GO:0001911),0.05391919613024895,0.1492876765821225,CX3CR1,1
GO_Biological_Process_2023,Regulation Of Extracellular Matrix Disassembly (GO:0010715),0.05391919613024895,0.1492876765821225,DDR1,1
GO_Biological_Process_2023,Regulation Of Leukocyte Activation (GO:0002694),0.05391919613024895,0.1492876765821225,CD74,1
GO_Biological_Process_2023,Regulation Of Macrophage Differentiation (GO:0045649),0.05391919613024895,0.1492876765821225,PRKCA,1
GO_Biological_Process_2023,Regulation Of Non-Canonical Wnt Signaling Pathway (GO:2000050),0.05391919613024895,0.1492876765821225,DAAM2,1
GO_Biological_Process_2023,Calcium Ion-Regulated Exocytosis Of Neurotransmitter (GO:0048791),0.05391919613024895,0.1492876765821225,UNC13C,1
GO_Biological_Process_2023,Pancreas Development (GO:0031016),0.05391919613024895,0.1492876765821225,MET,1
GO_Biological_Process_2023,Regulation Of Sensory Perception Of Pain (GO:0051930),0.05391919613024895,0.1492876765821225,VIP,1
GO_Biological_Process_2023,Response To Muscle Stretch (GO:0035994),0.05391919613024895,0.1492876765821225,GSN,1
GO_Biological_Process_2023,Positive Regulation Of Endothelial Cell Chemotaxis (GO:2001028),0.05391919613024895,0.1492876765821225,MET,1
GO_Biological_Process_2023,Smooth Muscle Contraction (GO:0006939),0.05391919613024895,0.1492876765821225,SMTN,1
GO_Biological_Process_2023,Positive Regulation Of Long-Term Synaptic Potentiation (GO:1900273),0.05391919613024895,0.1492876765821225,RELN,1
GO_Biological_Process_2023,Positive Regulation Of Membrane Protein Ectodomain Proteolysis (GO:0051044),0.05391919613024895,0.1492876765821225,APOE,1
GO_Biological_Process_2023,Positive Regulation Of Response To Cytokine Stimulus (GO:0060760),0.05391919613024895,0.1492876765821225,CD74,1
GO_Biological_Process_2023,Positive Regulation Of Transporter Activity (GO:0032411),0.05391919613024895,0.1492876765821225,STK39,1
GO_Biological_Process_2023,Lipoprotein Biosynthetic Process (GO:0042158),0.05391919613024895,0.1492876765821225,APOE,1
GO_Biological_Process_2023,Prostanoid Biosynthetic Process (GO:0046457),0.05391919613024895,0.1492876765821225,CD74,1
GO_Biological_Process_2023,Positive Regulation Of Epithelial Cell Migration (GO:0010634),0.05433544503114455,0.14995171518335346,PTK2B;PRKCA,2
GO_Biological_Process_2023,Positive Regulation Of Intracellular Signal Transduction (GO:1902533),0.05670180880814334,0.1531562526546557,DDR1;CX3CR1;CD74;RELN;ADRA1D,5
GO_Biological_Process_2023,Regulation Of Cholesterol Biosynthetic Process (GO:0045540),0.05765882452881156,0.1531562526546557,APOE,1
GO_Biological_Process_2023,B Cell Mediated Immunity (GO:0019724),0.05765882452881156,0.1531562526546557,CD74,1
GO_Biological_Process_2023,Negative Regulation Of Platelet Activation (GO:0010544),0.05765882452881156,0.1531562526546557,APOE,1
GO_Biological_Process_2023,Adenylate Cyclase-Activating Adrenergic Receptor Signaling Pathway (GO:0071880),0.05765882452881156,0.1531562526546557,ADRA1D,1
GO_Biological_Process_2023,Regulation Of Monocyte Differentiation (GO:0045655),0.05765882452881156,0.1531562526546557,CD74,1
GO_Biological_Process_2023,Epiboly Involved In Wound Healing (GO:0090505),0.05765882452881156,0.1531562526546557,DDR1,1
GO_Biological_Process_2023,High-Density Lipoprotein Particle Remodeling (GO:0034375),0.05765882452881156,0.1531562526546557,APOE,1
GO_Biological_Process_2023,Positive Regulation Of Sprouting Angiogenesis (GO:1903672),0.05765882452881156,0.1531562526546557,TJP1,1
GO_Biological_Process_2023,Regulation Of Amyloid-Beta Clearance (GO:1900221),0.05765882452881156,0.1531562526546557,APOE,1
GO_Biological_Process_2023,Regulation Of Bicellular Tight Junction Assembly (GO:2000810),0.05765882452881156,0.1531562526546557,TJP1,1
GO_Biological_Process_2023,Negative Regulation Of Cation Transmembrane Transport (GO:1904063),0.05765882452881156,0.1531562526546557,STK39,1
GO_Biological_Process_2023,Positive Regulation Of Protein Modification Process (GO:0031401),0.05963440280607029,0.15668552282178166,CD74;RELN;MT3,3
GO_Biological_Process_2023,Regulation Of Apoptotic Process (GO:0042981),0.0599898096982741,0.15668552282178166,TJP1;CD74;RTKN;PTK2B;VIP;MT3,6
GO_Biological_Process_2023,Negative Regulation Of Intrinsic Apoptotic Signaling Pathway By P53 Class Mediator (GO:1902254),0.06138385776429799,0.15668552282178166,CD74,1
GO_Biological_Process_2023,Antifungal Innate Immune Response (GO:0061760),0.06138385776429799,0.15668552282178166,CX3CR1,1
GO_Biological_Process_2023,Regulation Of Protein Kinase C Signaling (GO:0090036),0.06138385776429799,0.15668552282178166,ADRA1D,1
GO_Biological_Process_2023,Chondroitin Sulfate Metabolic Process (GO:0030204),0.06138385776429799,0.15668552282178166,CHST15,1
GO_Biological_Process_2023,Reverse Cholesterol Transport (GO:0043691),0.06138385776429799,0.15668552282178166,APOE,1
GO_Biological_Process_2023,Sulfation (GO:0051923),0.06138385776429799,0.15668552282178166,UST,1
GO_Biological_Process_2023,"Synaptic Transmission, Cholinergic (GO:0007271)",0.06138385776429799,0.15668552282178166,APOE,1
GO_Biological_Process_2023,Positive Regulation Of Muscle Hypertrophy (GO:0014742),0.06138385776429799,0.15668552282178166,PRKCA,1
GO_Biological_Process_2023,Positive Regulation Of Myeloid Leukocyte Cytokine Production Involved In Immune Response (GO:0061081),0.06138385776429799,0.15668552282178166,CD74,1
GO_Biological_Process_2023,Membrane Depolarization During Cardiac Muscle Cell Action Potential (GO:0086012),0.06138385776429799,0.15668552282178166,SCN4B,1
GO_Biological_Process_2023,Negative Regulation Of Amyloid-Beta Formation (GO:1902430),0.06138385776429799,0.15668552282178166,APOE,1
GO_Biological_Process_2023,Positive Regulation Of Stress-Activated MAPK Cascade (GO:0032874),0.06480572087256982,0.1589948254100976,STK39;PTK2B,2
GO_Biological_Process_2023,Negative Regulation Of Fibroblast Proliferation (GO:0048147),0.06509435205025173,0.1589948254100976,FTH1,1
GO_Biological_Process_2023,Rac Protein Signal Transduction (GO:0016601),0.06509435205025173,0.1589948254100976,RHOG,1
GO_Biological_Process_2023,Regulation Of Leukocyte Chemotaxis (GO:0002688),0.06509435205025173,0.1589948254100976,PTK2B,1
GO_Biological_Process_2023,Positive Chemotaxis (GO:0050918),0.06509435205025173,0.1589948254100976,MET,1
GO_Biological_Process_2023,Central Nervous System Neuron Development (GO:0021954),0.06509435205025173,0.1589948254100976,LHX8,1
GO_Biological_Process_2023,Positive Regulation Of Cardiac Muscle Hypertrophy (GO:0010613),0.06509435205025173,0.1589948254100976,PRKCA,1
GO_Biological_Process_2023,Positive Regulation Of Dendrite Morphogenesis (GO:0050775),0.06509435205025173,0.1589948254100976,RELN,1
GO_Biological_Process_2023,Positive Regulation Of Heart Rate (GO:0010460),0.06509435205025173,0.1589948254100976,ADRA1D,1
GO_Biological_Process_2023,Positive Regulation Of Nitric-Oxide Synthase Activity (GO:0051000),0.06509435205025173,0.1589948254100976,APOE,1
GO_Biological_Process_2023,Positive Regulation Of Small GTPase Mediated Signal Transduction (GO:0051057),0.06509435205025173,0.1589948254100976,RELN,1
GO_Biological_Process_2023,Intracellular Zinc Ion Homeostasis (GO:0006882),0.06509435205025173,0.1589948254100976,MT3,1
GO_Biological_Process_2023,Leukocyte Tethering Or Rolling (GO:0050901),0.06509435205025173,0.1589948254100976,CX3CR1,1
GO_Biological_Process_2023,Prostaglandin Biosynthetic Process (GO:0001516),0.06509435205025173,0.1589948254100976,CD74,1
GO_Biological_Process_2023,Negative Regulation Of Rho Protein Signal Transduction (GO:0035024),0.06509435205025173,0.1589948254100976,MET,1
GO_Biological_Process_2023,Positive Regulation Of Multicellular Organismal Process (GO:0051240),0.06705076555524733,0.15975904061677035,ADRA1D;PRKCA;APOE;VIP,4
GO_Biological_Process_2023,Actin Filament Capping (GO:0051693),0.0687903633714564,0.15975904061677035,GSN,1
GO_Biological_Process_2023,Negative Regulation Of Signal Transduction By P53 Class Mediator (GO:1901797),0.0687903633714564,0.15975904061677035,CD74,1
GO_Biological_Process_2023,Adrenergic Receptor Signaling Pathway (GO:0071875),0.0687903633714564,0.15975904061677035,ADRA1D,1
GO_Biological_Process_2023,Negative Regulation Of Viral Entry Into Host Cell (GO:0046597),0.0687903633714564,0.15975904061677035,GSN,1
GO_Biological_Process_2023,Neutrophil Activation (GO:0042119),0.0687903633714564,0.15975904061677035,PREX1,1
GO_Biological_Process_2023,Nitric Oxide Mediated Signal Transduction (GO:0007263),0.0687903633714564,0.15975904061677035,APOE,1
GO_Biological_Process_2023,Regulation Of Oligodendrocyte Differentiation (GO:0048713),0.0687903633714564,0.15975904061677035,DAAM2,1
GO_Biological_Process_2023,Barbed-End Actin Filament Capping (GO:0051016),0.0687903633714564,0.15975904061677035,GSN,1
GO_Biological_Process_2023,Positive Regulation Of CREB Transcription Factor Activity (GO:0032793),0.0687903633714564,0.15975904061677035,RELN,1
GO_Biological_Process_2023,Positive Regulation Of G Protein-Coupled Receptor Signaling Pathway (GO:0045745),0.0687903633714564,0.15975904061677035,PRKCA,1
GO_Biological_Process_2023,Regulation Of Ventricular Cardiac Muscle Cell Membrane Repolarization (GO:0060307),0.0687903633714564,0.15975904061677035,SCN4B,1
GO_Biological_Process_2023,Renal Absorption (GO:0070293),0.0687903633714564,0.15975904061677035,GSN,1
GO_Biological_Process_2023,Energy Reserve Metabolic Process (GO:0006112),0.0687903633714564,0.15975904061677035,MT3,1
GO_Biological_Process_2023,Positive Regulation Of Neutrophil Chemotaxis (GO:0090023),0.0687903633714564,0.15975904061677035,CD74,1
GO_Biological_Process_2023,Vesicle-Mediated Transport In Synapse (GO:0099003),0.0687903633714564,0.15975904061677035,CPLX1,1
GO_Biological_Process_2023,Negative Regulation Of Amyloid Precursor Protein Catabolic Process (GO:1902992),0.0687903633714564,0.15975904061677035,APOE,1
GO_Biological_Process_2023,Regulation Of Cell-Cell Adhesion Mediated By Cadherin (GO:2000047),0.0687903633714564,0.15975904061677035,TJP1,1
GO_Biological_Process_2023,Positive Regulation Of Nucleic Acid-Templated Transcription (GO:1903508),0.06936993882256338,0.16066607084244924,CD74;RHOG;NR2F2;APOE;MT3,5
GO_Biological_Process_2023,Adenylate Cyclase-Activating G Protein-Coupled Receptor Signaling Pathway (GO:0007189),0.0702752107191517,0.16232045954151889,ADRA1D;VIP,2
GO_Biological_Process_2023,Cytoskeleton Organization (GO:0007010),0.0713868334389153,0.16426974770105948,RHOG;APOE,2
GO_Biological_Process_2023,Regulation Of Insulin-Like Growth Factor Receptor Signaling Pathway (GO:0043567),0.0724719475151733,0.16426974770105948,IGFBP2,1
GO_Biological_Process_2023,Chondroitin Sulfate Proteoglycan Biosynthetic Process (GO:0050650),0.0724719475151733,0.16426974770105948,CHST15,1
GO_Biological_Process_2023,Positive Regulation Of Activated T Cell Proliferation (GO:0042104),0.0724719475151733,0.16426974770105948,IGFBP2,1
GO_Biological_Process_2023,Establishment Of Skin Barrier (GO:0061436),0.0724719475151733,0.16426974770105948,MET,1
GO_Biological_Process_2023,Leukocyte Adhesion To Vascular Endothelial Cell (GO:0061756),0.0724719475151733,0.16426974770105948,CX3CR1,1
GO_Biological_Process_2023,Negative Regulation Of Cyclin-Dependent Protein Serine/Threonine Kinase Activity (GO:0045736),0.0724719475151733,0.16426974770105948,NR2F2,1
GO_Biological_Process_2023,Positive Regulation Of Cellular Component Organization (GO:0051130),0.07362730616661911,0.1664447080894315,RELN;APOE,2
GO_Biological_Process_2023,Negative Regulation Of Small GTPase Mediated Signal Transduction (GO:0051058),0.0761391600452789,0.1667997062847605,CGNL1,1
GO_Biological_Process_2023,Regulation Of Macrophage Chemotaxis (GO:0010758),0.0761391600452789,0.1667997062847605,PTK2B,1
GO_Biological_Process_2023,Negative Regulation Of Viral Life Cycle (GO:1903901),0.0761391600452789,0.1667997062847605,GSN,1
GO_Biological_Process_2023,Cell Projection Organization (GO:0030030),0.0761391600452789,0.1667997062847605,GSN,1
GO_Biological_Process_2023,Cellular Response To Copper Ion (GO:0071280),0.0761391600452789,0.1667997062847605,MT3,1
GO_Biological_Process_2023,Endothelial Cell Development (GO:0001885),0.0761391600452789,0.1667997062847605,MET,1
GO_Biological_Process_2023,Positive Regulation Of Protein Processing (GO:0010954),0.0761391600452789,0.1667997062847605,GSN,1
GO_Biological_Process_2023,Intracellular Monoatomic Ion Homeostasis (GO:0006873),0.0761391600452789,0.1667997062847605,MT3,1
GO_Biological_Process_2023,Long-Term Synaptic Potentiation (GO:0060291),0.0761391600452789,0.1667997062847605,PTK2B,1
GO_Biological_Process_2023,Microglial Cell Activation (GO:0001774),0.0761391600452789,0.1667997062847605,CX3CR1,1
GO_Biological_Process_2023,Regulation Of Calcium Ion Transmembrane Transport (GO:1903169),0.0761391600452789,0.1667997062847605,PTK2B,1
GO_Biological_Process_2023,Negative Regulation Of Cyclin-Dependent Protein Kinase Activity (GO:1904030),0.0761391600452789,0.1667997062847605,NR2F2,1
GO_Biological_Process_2023,Cellular Response To Oxygen-Containing Compound (GO:1901701),0.07695078241934383,0.1681443831785148,CX3CR1;DLG2;PTK2B;MT3,4
GO_Biological_Process_2023,Vesicle-Mediated Transport (GO:0016192),0.07967281564555205,0.16955811971655363,KIF1C;STEAP2;CPLX1;SPTBN2,4
GO_Biological_Process_2023,Negative Regulation Of Reactive Oxygen Species Metabolic Process (GO:2000378),0.07979205633720171,0.16955811971655363,MT3,1
GO_Biological_Process_2023,Regulation Of Lipopolysaccharide-Mediated Signaling Pathway (GO:0031664),0.07979205633720171,0.16955811971655363,PRKCA,1
GO_Biological_Process_2023,Regulation Of Membrane Protein Ectodomain Proteolysis (GO:0051043),0.07979205633720171,0.16955811971655363,APOE,1
GO_Biological_Process_2023,Regulation Of Neurotransmitter Transport (GO:0051588),0.07979205633720171,0.16955811971655363,CPLX1,1
GO_Biological_Process_2023,Regulation Of Steroid Metabolic Process (GO:0019218),0.07979205633720171,0.16955811971655363,APOE,1
GO_Biological_Process_2023,Positive Regulation Of Dendritic Spine Development (GO:0060999),0.07979205633720171,0.16955811971655363,RELN,1
GO_Biological_Process_2023,Skin Epidermis Development (GO:0098773),0.07979205633720171,0.16955811971655363,MET,1
GO_Biological_Process_2023,Positive Regulation Of Granulocyte Chemotaxis (GO:0071624),0.07979205633720171,0.16955811971655363,CD74,1
GO_Biological_Process_2023,Positive Regulation Of Heart Contraction (GO:0045823),0.07979205633720171,0.16955811971655363,ADRA1D,1
GO_Biological_Process_2023,Negative Regulation Of Biomineral Tissue Development (GO:0070168),0.07979205633720171,0.16955811971655363,PTK2B,1
GO_Biological_Process_2023,Regulation Of Protein Kinase Activity (GO:0045859),0.08048216264997073,0.1697514596835611,RELN;PTK2B,2
GO_Biological_Process_2023,Regulation Of Protein-Containing Complex Assembly (GO:0043254),0.08048216264997073,0.1697514596835611,GSN;APOE,2
GO_Biological_Process_2023,Positive Regulation Of Angiogenesis (GO:0045766),0.08048216264997073,0.1697514596835611,TJP1;PRKCA,2
GO_Biological_Process_2023,Regulation Of Cell Population Proliferation (GO:0042127),0.0821590257971045,0.17012271203247512,TJP1;FTH1;RHOG;PTK2B;ADRA1D;VIP,6
GO_Biological_Process_2023,Negative Regulation Of Macroautophagy (GO:0016242),0.08343069154031897,0.17012271203247512,LZTS1,1
GO_Biological_Process_2023,Negative Regulation Of Myeloid Cell Differentiation (GO:0045638),0.08343069154031897,0.17012271203247512,PTK2B,1
GO_Biological_Process_2023,Regulation Of Vascular Endothelial Growth Factor Receptor Signaling Pathway (GO:0030947),0.08343069154031897,0.17012271203247512,MT3,1
GO_Biological_Process_2023,Cytoskeleton-Dependent Intracellular Transport (GO:0030705),0.08343069154031897,0.17012271203247512,KIF1C,1
GO_Biological_Process_2023,Positive Regulation Of Cholesterol Efflux (GO:0010875),0.08343069154031897,0.17012271203247512,APOE,1
GO_Biological_Process_2023,Vesicle Transport Along Microtubule (GO:0047496),0.08343069154031897,0.17012271203247512,KIF1C,1
GO_Biological_Process_2023,Positive Regulation Of Viral Life Cycle (GO:1903902),0.08343069154031897,0.17012271203247512,CD74,1
GO_Biological_Process_2023,Negative Regulation Of G Protein-Coupled Receptor Signaling Pathway (GO:0045744),0.08343069154031897,0.17012271203247512,MET,1
GO_Biological_Process_2023,Regulation Of Cardiac Muscle Cell Membrane Repolarization (GO:0099623),0.08343069154031897,0.17012271203247512,SCN4B,1
GO_Biological_Process_2023,Regulation Of Catabolic Process (GO:0009894),0.08343069154031897,0.17012271203247512,PTK2B,1
GO_Biological_Process_2023,Cellular Component Assembly (GO:0022607),0.08375795388670895,0.17012271203247512,CD74;GSN;PTK2B,3
GO_Biological_Process_2023,Regulation Of Protein Catabolic Process (GO:0042176),0.08398169494994054,0.17012271203247512,APOE;VIP,2
GO_Biological_Process_2023,Potassium Ion Transport (GO:0006813),0.08398169494994054,0.17012271203247512,KCNJ13;KCNC3,2
GO_Biological_Process_2023,Positive Regulation Of Epithelial Cell Proliferation (GO:0050679),0.0851584972827837,0.17012271203247512,PRKCA;VIP,2
GO_Biological_Process_2023,Neuron Projection Guidance (GO:0097485),0.08634034947185978,0.17012271203247512,EFNB3;RELN,2
GO_Biological_Process_2023,Enzyme-Linked Receptor Protein Signaling Pathway (GO:0007167),0.08634034947185978,0.17012271203247512,DDR1;MET,2
GO_Biological_Process_2023,Regulation Of Cholesterol Metabolic Process (GO:0090181),0.08705512061021237,0.17012271203247512,APOE,1
GO_Biological_Process_2023,Negative Regulation Of Extrinsic Apoptotic Signaling Pathway Via Death Domain Receptors (GO:1902042),0.08705512061021237,0.17012271203247512,SCRT2,1
GO_Biological_Process_2023,Regulation Of Extracellular Matrix Organization (GO:1903053),0.08705512061021237,0.17012271203247512,DDR1,1
GO_Biological_Process_2023,Cholesterol Efflux (GO:0033344),0.08705512061021237,0.17012271203247512,APOE,1
GO_Biological_Process_2023,Positive Regulation Of Epithelial Cell Apoptotic Process (GO:1904037),0.08705512061021237,0.17012271203247512,GSN,1
GO_Biological_Process_2023,Positive Regulation Of Neutrophil Migration (GO:1902624),0.08705512061021237,0.17012271203247512,CD74,1
GO_Biological_Process_2023,Hepaticobiliary System Development (GO:0061008),0.08705512061021237,0.17012271203247512,MET,1
GO_Biological_Process_2023,Zinc Ion Transport (GO:0006829),0.08705512061021237,0.17012271203247512,MT3,1
GO_Biological_Process_2023,Long-Chain Fatty Acid Transport (GO:0015909),0.08705512061021237,0.17012271203247512,APOE,1
GO_Biological_Process_2023,Lymphocyte Activation Involved In Immune Response (GO:0002285),0.08705512061021237,0.17012271203247512,CD74,1
GO_Biological_Process_2023,Negative Regulation Of Actin Filament Polymerization (GO:0030837),0.08705512061021237,0.17012271203247512,GSN,1
GO_Biological_Process_2023,Regulation Of Cardiac Muscle Hypertrophy (GO:0010611),0.08705512061021237,0.17012271203247512,PRKCA,1
GO_Biological_Process_2023,Regulation Of Cell Junction Assembly (GO:1901888),0.08705512061021237,0.17012271203247512,TJP1,1
GO_Biological_Process_2023,Regulation Of Protein Phosphorylation (GO:0001932),0.08750149488806236,0.17012271203247512,CD74;RELN;MT3,3
GO_Biological_Process_2023,Response To Cytokine (GO:0034097),0.08752719450067495,0.17012271203247512,CD74;PRKCA,2
GO_Biological_Process_2023,Protein-Containing Complex Organization (GO:0043933),0.08871897571033058,0.17012271203247512,CD74;PTK2B,2
GO_Biological_Process_2023,Regulation Of Anatomical Structure Morphogenesis (GO:0022603),0.08991563679295368,0.17012271203247512,INF2;LZTS1,2
GO_Biological_Process_2023,Regulation Of Cysteine-Type Endopeptidase Activity (GO:2000116),0.09066539829495439,0.17012271203247512,MT3,1
GO_Biological_Process_2023,ERK1 And ERK2 Cascade (GO:0070371),0.09066539829495439,0.17012271203247512,MT3,1
GO_Biological_Process_2023,Negative Regulation Of Ion Transmembrane Transporter Activity (GO:0032413),0.09066539829495439,0.17012271203247512,STK39,1
GO_Biological_Process_2023,Negative Regulation Of Ossification (GO:0030279),0.09066539829495439,0.17012271203247512,PTK2B,1
GO_Biological_Process_2023,Acylglycerol Homeostasis (GO:0055090),0.09066539829495439,0.17012271203247512,APOE,1
GO_Biological_Process_2023,Amyloid Fibril Formation (GO:1990000),0.09066539829495439,0.17012271203247512,GSN,1
GO_Biological_Process_2023,Neuromuscular Junction Development (GO:0007528),0.09066539829495439,0.17012271203247512,UNC13C,1
GO_Biological_Process_2023,Regulation Of Proteolysis Involved In Protein Catabolic Process (GO:1903050),0.09066539829495439,0.17012271203247512,PTK2B,1
GO_Biological_Process_2023,Cell Morphogenesis Involved In Differentiation (GO:0000904),0.09066539829495439,0.17012271203247512,RELN,1
GO_Biological_Process_2023,Regulation Of Supramolecular Fiber Organization (GO:1902903),0.09066539829495439,0.17012271203247512,APOE,1
GO_Biological_Process_2023,Response To Copper Ion (GO:0046688),0.09066539829495439,0.17012271203247512,MT3,1
GO_Biological_Process_2023,Positive Regulation Of Lipid Metabolic Process (GO:0045834),0.09066539829495439,0.17012271203247512,APOE,1
GO_Biological_Process_2023,Positive Regulation Of p38MAPK Cascade (GO:1900745),0.09066539829495439,0.17012271203247512,STK39,1
GO_Biological_Process_2023,Iron Ion Transport (GO:0006826),0.09066539829495439,0.17012271203247512,FTH1,1
GO_Biological_Process_2023,Protein Kinase B Signaling (GO:0043491),0.09066539829495439,0.17012271203247512,MT3,1
GO_Biological_Process_2023,Regulation Of Actin Nucleation (GO:0051125),0.09066539829495439,0.17012271203247512,GSN,1
GO_Biological_Process_2023,Negative Regulation Of Intrinsic Apoptotic Signaling Pathway In Response To DNA Damage (GO:1902230),0.09426157910089678,0.1734249831942906,CD74,1
GO_Biological_Process_2023,Negative Regulation Of Protein Transport (GO:0051224),0.09426157910089678,0.1734249831942906,APOE,1
GO_Biological_Process_2023,Activation Of Protein Kinase B Activity (GO:0032148),0.09426157910089678,0.1734249831942906,MT3,1
GO_Biological_Process_2023,Regulation Of Neutrophil Chemotaxis (GO:0090022),0.09426157910089678,0.1734249831942906,CD74,1
GO_Biological_Process_2023,Regulation Of Platelet Aggregation (GO:0090330),0.09426157910089678,0.1734249831942906,PRKCA,1
GO_Biological_Process_2023,Peptide Hormone Secretion (GO:0030072),0.09426157910089678,0.1734249831942906,VIP,1
GO_Biological_Process_2023,Positive Regulation Of T Cell Migration (GO:2000406),0.09426157910089678,0.1734249831942906,STK39,1
GO_Biological_Process_2023,"Wound Healing, Spreading Of Cells (GO:0044319)",0.09426157910089678,0.1734249831942906,DDR1,1
GO_Biological_Process_2023,Regulation Of Actin Cytoskeleton Reorganization (GO:2000249),0.09426157910089678,0.1734249831942906,PTK2B,1
GO_Biological_Process_2023,Synapse Organization (GO:0050808),0.09474996654171976,0.17394702280877278,CX3CR1;UNC13C,2
GO_Biological_Process_2023,Negative Regulation Of Interleukin-1 Beta Production (GO:0032691),0.09784371739772278,0.17582909046102402,CX3CR1,1
GO_Biological_Process_2023,Regulation Of Myeloid Cell Differentiation (GO:0045637),0.09784371739772278,0.17582909046102402,PTK2B,1
GO_Biological_Process_2023,Regulation Of Potassium Ion Transmembrane Transporter Activity (GO:1901016),0.09784371739772278,0.17582909046102402,STK39,1
GO_Biological_Process_2023,Plasma Membrane Invagination (GO:0099024),0.09784371739772278,0.17582909046102402,GSN,1
GO_Biological_Process_2023,Regulation Of Vasoconstriction (GO:0019229),0.09784371739772278,0.17582909046102402,ADRA1D,1
GO_Biological_Process_2023,Establishment Or Maintenance Of Apical/Basal Cell Polarity (GO:0035088),0.09784371739772278,0.17582909046102402,DLG2,1
GO_Biological_Process_2023,Positive Regulation Of Microtubule Polymerization Or Depolymerization (GO:0031112),0.09784371739772278,0.17582909046102402,MET,1
GO_Biological_Process_2023,Positive Regulation Of Monooxygenase Activity (GO:0032770),0.09784371739772278,0.17582909046102402,APOE,1
GO_Biological_Process_2023,Positive Regulation Of Phosphatidylinositol 3-Kinase Activity (GO:0043552),0.09784371739772278,0.17582909046102402,PTK2B,1
GO_Biological_Process_2023,Negative Regulation Of Catalytic Activity (GO:0043086),0.09784371739772278,0.17582909046102402,MT3,1
GO_Biological_Process_2023,Cellular Response To Metal Ion (GO:0071248),0.099657962905182,0.17834092141784802,DLG2;MT3,2
GO_Biological_Process_2023,Monoatomic Cation Transmembrane Transport (GO:0098655),0.09994569507965047,0.17834092141784802,TRPC4;KCNC3;SCN4B,3
GO_Biological_Process_2023,Negative Regulation Of Neurogenesis (GO:0050768),0.10141186729159998,0.17834092141784802,EFNB3,1
GO_Biological_Process_2023,T Cell Activation Involved In Immune Response (GO:0002286),0.10141186729159998,0.17834092141784802,CD74,1
GO_Biological_Process_2023,Regulation Of Mitochondrial Fission (GO:0090140),0.10141186729159998,0.17834092141784802,INF2,1
GO_Biological_Process_2023,Cellular Response To Epidermal Growth Factor Stimulus (GO:0071364),0.10141186729159998,0.17834092141784802,PDE8A,1
GO_Biological_Process_2023,Cortical Cytoskeleton Organization (GO:0030865),0.10141186729159998,0.17834092141784802,RHOG,1
GO_Biological_Process_2023,"Synaptic Transmission, Glutamatergic (GO:0035249)",0.10141186729159998,0.17834092141784802,UNC13C,1
GO_Biological_Process_2023,Positive Regulation Of Mitotic Cell Cycle (GO:0045931),0.10141186729159998,0.17834092141784802,PRKCA,1
GO_Biological_Process_2023,Regulation Of Actin Polymerization Or Depolymerization (GO:0008064),0.10141186729159998,0.17834092141784802,DAAM2,1
GO_Biological_Process_2023,Central Nervous System Development (GO:0007417),0.10154941878380994,0.17834092141784802,CX3CR1;GSN;RELN,3
GO_Biological_Process_2023,Potassium Ion Transmembrane Transport (GO:0071805),0.10213850934536563,0.17844234058164618,KCNJ13;KCNC3,2
GO_Biological_Process_2023,Inorganic Cation Transmembrane Transport (GO:0098662),0.10235518456432799,0.17844234058164618,TRPC4;KCNC3;SCN4B,3
GO_Biological_Process_2023,Regulation Of Lipid Biosynthetic Process (GO:0046890),0.10496608269508599,0.17844234058164618,APOE,1
GO_Biological_Process_2023,Negative Regulation Of Wound Healing (GO:0061045),0.10496608269508599,0.17844234058164618,APOE,1
GO_Biological_Process_2023,Regulation Of Monoatomic Ion Transport (GO:0043269),0.10496608269508599,0.17844234058164618,KCNJ13,1
GO_Biological_Process_2023,Regulation Of Nitric-Oxide Synthase Activity (GO:0050999),0.10496608269508599,0.17844234058164618,APOE,1
GO_Biological_Process_2023,Regulation Of Platelet Activation (GO:0010543),0.10496608269508599,0.17844234058164618,PRKCA,1
GO_Biological_Process_2023,Regulation Of Protein Localization To Membrane (GO:1905475),0.10496608269508599,0.17844234058164618,GSN,1
GO_Biological_Process_2023,Regulation Of Sodium Ion Transmembrane Transport (GO:1902305),0.10496608269508599,0.17844234058164618,SCN4B,1
GO_Biological_Process_2023,Cellular Response To Osmotic Stress (GO:0071470),0.10496608269508599,0.17844234058164618,STK39,1
GO_Biological_Process_2023,Positive Regulation Of Fibroblast Proliferation (GO:0048146),0.10496608269508599,0.17844234058164618,CD74,1
GO_Biological_Process_2023,Establishment Of Endothelial Barrier (GO:0061028),0.10496608269508599,0.17844234058164618,TJP1,1
GO_Biological_Process_2023,Vascular Endothelial Growth Factor Receptor Signaling Pathway (GO:0048010),0.10496608269508599,0.17844234058164618,PTK2B,1
GO_Biological_Process_2023,Protein Depolymerization (GO:0051261),0.10496608269508599,0.17844234058164618,GSN,1
GO_Biological_Process_2023,"Regulation Of DNA Damage Response, Signal Transduction By P53 Class Mediator (GO:0043516)",0.10496608269508599,0.17844234058164618,CD74,1
GO_Biological_Process_2023,Regulation Of Bone Resorption (GO:0045124),0.10496608269508599,0.17844234058164618,PRKCA,1
GO_Biological_Process_2023,Regulation Of Developmental Growth (GO:0048638),0.1085064173227218,0.18084402887120302,APOE,1
GO_Biological_Process_2023,Regulation Of Monoatomic Ion Transmembrane Transport (GO:0034765),0.1085064173227218,0.18084402887120302,KCNJ13,1
GO_Biological_Process_2023,Regulation Of Neuron Migration (GO:2001222),0.1085064173227218,0.18084402887120302,RELN,1
GO_Biological_Process_2023,Cardiac Muscle Cell Action Potential (GO:0086001),0.1085064173227218,0.18084402887120302,SCN4B,1
GO_Biological_Process_2023,Positive Regulation Of B Cell Proliferation (GO:0030890),0.1085064173227218,0.18084402887120302,CD74,1
GO_Biological_Process_2023,Defense Response To Fungus (GO:0050832),0.1085064173227218,0.18084402887120302,CX3CR1,1
GO_Biological_Process_2023,Sarcomere Organization (GO:0045214),0.1085064173227218,0.18084402887120302,CSRP1,1
GO_Biological_Process_2023,Positive Regulation Of Microtubule Polymerization (GO:0031116),0.1085064173227218,0.18084402887120302,MET,1
GO_Biological_Process_2023,Maintenance Of Blood-Brain Barrier (GO:0035633),0.1085064173227218,0.18084402887120302,TJP1,1
GO_Biological_Process_2023,Regulation Of Blood Coagulation (GO:0030193),0.1085064173227218,0.18084402887120302,APOE,1
GO_Biological_Process_2023,Ras Protein Signal Transduction (GO:0007265),0.11095264971260574,0.18239719410397448,RTKN;RHOG,2
GO_Biological_Process_2023,Regulation Of Cell Adhesion (GO:0030155),0.11095264971260574,0.18239719410397448,PTK2B;PRKCA,2
GO_Biological_Process_2023,Regulation Of Dendritic Spine Morphogenesis (GO:0061001),0.11203292470437068,0.18239719410397448,RELN,1
GO_Biological_Process_2023,Negative Regulation Of Interleukin-1 Production (GO:0032692),0.11203292470437068,0.18239719410397448,CX3CR1,1
GO_Biological_Process_2023,Cardiac Muscle Cell Action Potential Involved In Contraction (GO:0086002),0.11203292470437068,0.18239719410397448,SCN4B,1
GO_Biological_Process_2023,"Phagocytosis, Engulfment (GO:0006911)",0.11203292470437068,0.18239719410397448,GSN,1
GO_Biological_Process_2023,Response To Epidermal Growth Factor (GO:0070849),0.11203292470437068,0.18239719410397448,PDE8A,1
GO_Biological_Process_2023,Positive Regulation Of Lipid Kinase Activity (GO:0090218),0.11203292470437068,0.18239719410397448,PTK2B,1
GO_Biological_Process_2023,Immunoglobulin Mediated Immune Response (GO:0016064),0.11203292470437068,0.18239719410397448,CD74,1
GO_Biological_Process_2023,Prostaglandin Metabolic Process (GO:0006693),0.11203292470437068,0.18239719410397448,CD74,1
GO_Biological_Process_2023,Negative Regulation Of Axon Extension (GO:0030517),0.11203292470437068,0.18239719410397448,MT3,1
GO_Biological_Process_2023,Negative Regulation Of Blood Coagulation (GO:0030195),0.11203292470437068,0.18239719410397448,APOE,1
GO_Biological_Process_2023,Positive Regulation Of Protein Kinase Activity (GO:0045860),0.1122279206075043,0.18239719410397448,RELN;PTK2B,2
GO_Biological_Process_2023,Regulation Of Intracellular Signal Transduction (GO:1902531),0.11306111644995623,0.1834006659970664,PLEKHG3;PREX1;ARHGAP23,3
GO_Biological_Process_2023,Negative Regulation Of Developmental Growth (GO:0048640),0.1155456581169776,0.18530907433854898,MT3,1
GO_Biological_Process_2023,Regulation Of Dendrite Morphogenesis (GO:0048814),0.1155456581169776,0.18530907433854898,LZTS1,1
GO_Biological_Process_2023,Regulation Of Extrinsic Apoptotic Signaling Pathway Via Death Domain Receptors (GO:1902041),0.1155456581169776,0.18530907433854898,SCRT2,1
GO_Biological_Process_2023,Regulation Of Macrophage Activation (GO:0043030),0.1155456581169776,0.18530907433854898,CD74,1
GO_Biological_Process_2023,Positive Regulation Of Cholesterol Transport (GO:0032376),0.1155456581169776,0.18530907433854898,APOE,1
GO_Biological_Process_2023,Triglyceride Homeostasis (GO:0070328),0.1155456581169776,0.18530907433854898,APOE,1
GO_Biological_Process_2023,Axon Guidance (GO:0007411),0.11736727151932978,0.1878760466881927,EFNB3;RELN,2
GO_Biological_Process_2023,Regulation Of Cholesterol Efflux (GO:0010874),0.11904467070323363,0.1898460977443688,APOE,1
GO_Biological_Process_2023,Regulation Of Transmembrane Transport (GO:0034762),0.11904467070323363,0.1898460977443688,KCNJ13,1
GO_Biological_Process_2023,Regulation Of Potassium Ion Transmembrane Transport (GO:1901379),0.12253001533957615,0.19186129392342832,STK39,1
GO_Biological_Process_2023,Regulation Of Protein Polymerization (GO:0032271),0.12253001533957615,0.19186129392342832,DAAM2,1
GO_Biological_Process_2023,Regulation Of Sprouting Angiogenesis (GO:1903670),0.12253001533957615,0.19186129392342832,TJP1,1
GO_Biological_Process_2023,Epithelial Tube Morphogenesis (GO:0060562),0.12253001533957615,0.19186129392342832,MET,1
GO_Biological_Process_2023,Positive Regulation Of Reproductive Process (GO:2000243),0.12253001533957615,0.19186129392342832,VIP,1
GO_Biological_Process_2023,Positive Regulation Of Small Molecule Metabolic Process (GO:0062013),0.12253001533957615,0.19186129392342832,APOE,1
GO_Biological_Process_2023,Regulation Of Activated T Cell Proliferation (GO:0046006),0.12253001533957615,0.19186129392342832,IGFBP2,1
GO_Biological_Process_2023,Regulation Of Amyloid-Beta Formation (GO:1902003),0.12253001533957615,0.19186129392342832,APOE,1
GO_Biological_Process_2023,Negative Regulation Of Blood Vessel Endothelial Cell Migration (GO:0043537),0.12253001533957615,0.19186129392342832,APOE,1
GO_Biological_Process_2023,Regulation Of Cellular Component Organization (GO:0051128),0.12256550894167245,0.19186129392342832,TJP1;APOE,2
GO_Biological_Process_2023,Regulation Of Phosphatidylinositol 3-Kinase Activity (GO:0043551),0.12600174473546216,0.19615656231711143,PTK2B,1
GO_Biological_Process_2023,Semaphorin-Plexin Signaling Pathway (GO:0071526),0.12600174473546216,0.19615656231711143,MET,1
GO_Biological_Process_2023,Negative Regulation Of Ras Protein Signal Transduction (GO:0046580),0.12600174473546216,0.19615656231711143,MET,1
GO_Biological_Process_2023,Peptidyl-Serine Phosphorylation (GO:0018105),0.12914146664496073,0.198629827982444,STK39;PRKCA,2
GO_Biological_Process_2023,Supramolecular Fiber Organization (GO:0097435),0.1294388604169911,0.198629827982444,GSN;RHOG;CGNL1,3
GO_Biological_Process_2023,Adherens Junction Organization (GO:0034332),0.12945991141443997,0.198629827982444,TJP1,1
GO_Biological_Process_2023,Regulation Of Sodium Ion Transport (GO:0002028),0.12945991141443997,0.198629827982444,SCN4B,1
GO_Biological_Process_2023,Platelet Aggregation (GO:0070527),0.12945991141443997,0.198629827982444,CSRP1,1
GO_Biological_Process_2023,Glutamate Receptor Signaling Pathway (GO:0007215),0.12945991141443997,0.198629827982444,PTK2B,1
GO_Biological_Process_2023,Hexose Biosynthetic Process (GO:0019319),0.12945991141443997,0.198629827982444,CHST15,1
GO_Biological_Process_2023,Liver Development (GO:0001889),0.12945991141443997,0.198629827982444,MET,1
GO_Biological_Process_2023,Positive Regulation Of Phospholipase C Activity (GO:0010863),0.13290456764390765,0.20281666516574778,ADRA1D,1
GO_Biological_Process_2023,Positive Regulation Of Signaling Receptor Activity (GO:2000273),0.13290456764390765,0.20281666516574778,RELN,1
GO_Biological_Process_2023,Protein Destabilization (GO:0031648),0.13290456764390765,0.20281666516574778,GSN,1
GO_Biological_Process_2023,Adenylate Cyclase-Modulating G Protein-Coupled Receptor Signaling Pathway (GO:0007188),0.13579886990651258,0.2054705686640759,ADRA1D;VIP,2
GO_Biological_Process_2023,RNA Stabilization (GO:0043489),0.1363357655606339,0.2054705686640759,VIP,1
GO_Biological_Process_2023,Regulation Of p38MAPK Cascade (GO:1900744),0.1363357655606339,0.2054705686640759,STK39,1
GO_Biological_Process_2023,Synaptic Vesicle Cycle (GO:0099504),0.1363357655606339,0.2054705686640759,CPLX1,1
GO_Biological_Process_2023,Positive Regulation Of Receptor Signaling Pathway Via JAK-STAT (GO:0046427),0.1363357655606339,0.2054705686640759,PTK2B,1
GO_Biological_Process_2023,Melanosome Organization (GO:0032438),0.1363357655606339,0.2054705686640759,APOE,1
GO_Biological_Process_2023,Muscle Tissue Development (GO:0060537),0.1363357655606339,0.2054705686640759,CSRP1,1
GO_Biological_Process_2023,Regulation Of Neurotransmitter Secretion (GO:0046928),0.13975355705828088,0.20851851883300554,CPLX1,1
GO_Biological_Process_2023,Signal Release From Synapse (GO:0099643),0.13975355705828088,0.20851851883300554,CPLX1,1
GO_Biological_Process_2023,Fatty Acid Transport (GO:0015908),0.13975355705828088,0.20851851883300554,APOE,1
GO_Biological_Process_2023,Tumor Necrosis Factor-Mediated Signaling Pathway (GO:0033209),0.13975355705828088,0.20851851883300554,PTK2B,1
GO_Biological_Process_2023,Positive Regulation Of Protein Tyrosine Kinase Activity (GO:0061098),0.13975355705828088,0.20851851883300554,RELN,1
GO_Biological_Process_2023,Peptidyl-Serine Modification (GO:0018209),0.13983006557036842,0.20851851883300554,STK39;PRKCA,2
GO_Biological_Process_2023,Negative Regulation Of Protein Secretion (GO:0050709),0.14315799384309358,0.21162486046370355,APOE,1
GO_Biological_Process_2023,Regulation Of Nitric Oxide Biosynthetic Process (GO:0045428),0.14315799384309358,0.21162486046370355,CX3CR1,1
GO_Biological_Process_2023,Regulation Of Protein Tyrosine Kinase Activity (GO:0061097),0.14315799384309358,0.21162486046370355,RELN,1
GO_Biological_Process_2023,Positive Regulation Of Lipid Biosynthetic Process (GO:0046889),0.14315799384309358,0.21162486046370355,APOE,1
GO_Biological_Process_2023,Vitamin Transport (GO:0051180),0.14315799384309358,0.21162486046370355,TCN2,1
GO_Biological_Process_2023,Brain Development (GO:0007420),0.14388738041340024,0.2123338079017191,CX3CR1;RELN,2
GO_Biological_Process_2023,Regulation Of Cytokine-Mediated Signaling Pathway (GO:0001959),0.1465491274263136,0.21329924368555916,CD74,1
GO_Biological_Process_2023,Regulation Of Cytosolic Calcium Ion Concentration (GO:0051480),0.1465491274263136,0.21329924368555916,TRPC4,1
GO_Biological_Process_2023,Negative Regulation Of Secretion By Cell (GO:1903531),0.1465491274263136,0.21329924368555916,APOE,1
GO_Biological_Process_2023,Regulation Of Microtubule Polymerization (GO:0031113),0.1465491274263136,0.21329924368555916,MET,1
GO_Biological_Process_2023,Regulation Of Small Molecule Metabolic Process (GO:0062012),0.1465491274263136,0.21329924368555916,APOE,1
GO_Biological_Process_2023,Cyclic-Nucleotide-Mediated Signaling (GO:0019935),0.1465491274263136,0.21329924368555916,APOE,1
GO_Biological_Process_2023,Establishment Or Maintenance Of Epithelial Cell Apical/Basal Polarity (GO:0045197),0.1465491274263136,0.21329924368555916,DLG2,1
GO_Biological_Process_2023,Positive Regulation Of Monoatomic Ion Transport (GO:0043270),0.1465491274263136,0.21329924368555916,SCN4B,1
GO_Biological_Process_2023,Regulation Of Chemokine Production (GO:0032642),0.14992700913364404,0.21454201643703272,CD74,1
GO_Biological_Process_2023,Regulation Of Dendrite Development (GO:0050773),0.14992700913364404,0.21454201643703272,LZTS1,1
GO_Biological_Process_2023,Negative Regulation Of mRNA Catabolic Process (GO:1902373),0.14992700913364404,0.21454201643703272,VIP,1
GO_Biological_Process_2023,O-glycan Processing (GO:0016266),0.14992700913364404,0.21454201643703272,GALNT6,1
GO_Biological_Process_2023,Regulation Of Heart Rate By Cardiac Conduction (GO:0086091),0.14992700913364404,0.21454201643703272,SCN4B,1
GO_Biological_Process_2023,Acylglycerol Metabolic Process (GO:0006639),0.14992700913364404,0.21454201643703272,APOE,1
GO_Biological_Process_2023,Cellular Response To Retinoic Acid (GO:0071300),0.14992700913364404,0.21454201643703272,PTK2B,1
GO_Biological_Process_2023,Positive Regulation Of Actin Filament Polymerization (GO:0030838),0.14992700913364404,0.21454201643703272,PTK2B,1
GO_Biological_Process_2023,Heart Contraction (GO:0060047),0.14992700913364404,0.21454201643703272,SCN4B,1
GO_Biological_Process_2023,Positive Regulation Of Response To Biotic Stimulus (GO:0002833),0.14992700913364404,0.21454201643703272,PRKCA,1
GO_Biological_Process_2023,Branching Morphogenesis Of An Epithelial Tube (GO:0048754),0.15329169008002239,0.21752577056430558,MET,1
GO_Biological_Process_2023,Regulation Of Ubiquitin-Dependent Protein Catabolic Process (GO:2000058),0.15329169008002239,0.21752577056430558,PTK2B,1
GO_Biological_Process_2023,Potassium Ion Import Across Plasma Membrane (GO:1990573),0.15329169008002239,0.21752577056430558,KCNJ13,1
GO_Biological_Process_2023,Modulation By Host Of Symbiont Process (GO:0051851),0.15329169008002239,0.21752577056430558,CX3CR1,1
GO_Biological_Process_2023,Regulation Of Axonogenesis (GO:0050770),0.15329169008002239,0.21752577056430558,EFNB3,1
GO_Biological_Process_2023,Regulation Of Filopodium Assembly (GO:0051489),0.15664322119958754,0.22007725292504035,DAAM2,1
GO_Biological_Process_2023,Neurotransmitter Secretion (GO:0007269),0.15664322119958754,0.22007725292504035,CPLX1,1
GO_Biological_Process_2023,Regulation Of Primary Metabolic Process (GO:0080090),0.15664322119958754,0.22007725292504035,APOE,1
GO_Biological_Process_2023,Positive Regulation Of Cell-Matrix Adhesion (GO:0001954),0.15664322119958754,0.22007725292504035,PTK2B,1
GO_Biological_Process_2023,Energy Derivation By Oxidation Of Organic Compounds (GO:0015980),0.15664322119958754,0.22007725292504035,MT3,1
GO_Biological_Process_2023,Ephrin Receptor Signaling Pathway (GO:0048013),0.15664322119958754,0.22007725292504035,EFNB3,1
GO_Biological_Process_2023,Positive Regulation Of Biosynthetic Process (GO:0009891),0.15998165323682012,0.2229252545103231,APOE,1
GO_Biological_Process_2023,Positive Regulation Of Chemotaxis (GO:0050921),0.15998165323682012,0.2229252545103231,MET,1
GO_Biological_Process_2023,Positive Regulation Of Cytokine-Mediated Signaling Pathway (GO:0001961),0.15998165323682012,0.2229252545103231,CD74,1
GO_Biological_Process_2023,Extracellular Matrix Disassembly (GO:0022617),0.15998165323682012,0.2229252545103231,GSN,1
GO_Biological_Process_2023,Regulation Of B Cell Proliferation (GO:0030888),0.15998165323682012,0.2229252545103231,CD74,1
GO_Biological_Process_2023,Negative Regulation Of Cellular Process (GO:0048523),0.16271923244355455,0.2257089125125786,FTH1;PTK2B;ADRA1D;MT3,4
GO_Biological_Process_2023,Epidermal Growth Factor Receptor Signaling Pathway (GO:0007173),0.16330703670027746,0.2257089125125786,PTK2B,1
GO_Biological_Process_2023,Triglyceride Metabolic Process (GO:0006641),0.16330703670027746,0.2257089125125786,APOE,1
GO_Biological_Process_2023,Hexose Metabolic Process (GO:0019318),0.16330703670027746,0.2257089125125786,CHST15,1
GO_Biological_Process_2023,Regulation Of Apoptotic Signaling Pathway (GO:2001233),0.16330703670027746,0.2257089125125786,CX3CR1,1
GO_Biological_Process_2023,Regulation Of mRNA Catabolic Process (GO:0061013),0.16661942196018775,0.22660241386585536,PRKCA,1
GO_Biological_Process_2023,Regulation Of Nervous System Development (GO:0051960),0.16661942196018775,0.22660241386585536,CX3CR1,1
GO_Biological_Process_2023,Cardiac Conduction (GO:0061337),0.16661942196018775,0.22660241386585536,SCN4B,1
GO_Biological_Process_2023,Cellular Component Disassembly (GO:0022411),0.16661942196018775,0.22660241386585536,GSN,1
GO_Biological_Process_2023,Positive Regulation Of Blood Vessel Endothelial Cell Migration (GO:0043536),0.16661942196018775,0.22660241386585536,PRKCA,1
GO_Biological_Process_2023,Positive Regulation Of Cell-Cell Adhesion (GO:0022409),0.16661942196018775,0.22660241386585536,TJP1,1
GO_Biological_Process_2023,Epithelial Cell Migration (GO:0010631),0.16661942196018775,0.22660241386585536,DAAM2,1
GO_Biological_Process_2023,Homotypic Cell-Cell Adhesion (GO:0034109),0.16661942196018775,0.22660241386585536,CSRP1,1
GO_Biological_Process_2023,Myofibril Assembly (GO:0030239),0.16661942196018775,0.22660241386585536,CSRP1,1
GO_Biological_Process_2023,Negative Regulation Of Cellular Metabolic Process (GO:0031324),0.16661942196018775,0.22660241386585536,MT3,1
GO_Biological_Process_2023,Golgi To Plasma Membrane Transport (GO:0006893),0.16991885916786073,0.23035252040300097,STEAP2,1
GO_Biological_Process_2023,Secondary Alcohol Metabolic Process (GO:1902652),0.16991885916786073,0.23035252040300097,APOE,1
GO_Biological_Process_2023,Intracellular Monoatomic Cation Homeostasis (GO:0030003),0.1729256828149665,0.2333194747254356,FTH1;MT3,2
GO_Biological_Process_2023,Chloride Transmembrane Transport (GO:1902476),0.17320539829617632,0.2333194747254356,ANO2,1
GO_Biological_Process_2023,"Retrograde Vesicle-Mediated Transport, Golgi To Endoplasmic Reticulum (GO:0006890)",0.17320539829617632,0.2333194747254356,KIF1C,1
GO_Biological_Process_2023,Post-Translational Protein Modification (GO:0043687),0.17320539829617632,0.2333194747254356,PRKCA,1
GO_Biological_Process_2023,Positive Regulation Of Macromolecule Metabolic Process (GO:0010604),0.17414304305997247,0.2342113712040769,CD74;GSN;MT3,3
GO_Biological_Process_2023,Neurogenesis (GO:0022008),0.1764790891137693,0.2369782397262305,VXN,1
GO_Biological_Process_2023,Regulation Of Mitochondrion Organization (GO:0010821),0.17973998119355442,0.23909074180676254,INF2,1
GO_Biological_Process_2023,Cell Chemotaxis (GO:0060326),0.17973998119355442,0.23909074180676254,RHOG,1
GO_Biological_Process_2023,Positive Regulation Of Cell Death (GO:0010942),0.17973998119355442,0.23909074180676254,MT3,1
GO_Biological_Process_2023,Intracellular Iron Ion Homeostasis (GO:0006879),0.17973998119355442,0.23909074180676254,FTH1,1
GO_Biological_Process_2023,Positive Regulation Of Transport (GO:0051050),0.17973998119355442,0.23909074180676254,APOE,1
GO_Biological_Process_2023,Pyruvate Metabolic Process (GO:0006090),0.17973998119355442,0.23909074180676254,LDHB,1
GO_Biological_Process_2023,Positive Regulation Of Protein Metabolic Process (GO:0051247),0.1813952860113575,0.24091561423383417,APOE;VIP,2
GO_Biological_Process_2023,Regulation Of Release Of Sequestered Calcium Ion Into Cytosol (GO:0051279),0.18298812395951836,0.24114714010169083,PTK2B,1
GO_Biological_Process_2023,Cholesterol Transport (GO:0030301),0.18298812395951836,0.24114714010169083,APOE,1
GO_Biological_Process_2023,Positive Regulation Of Protein Localization To Cell Periphery (GO:1904377),0.18298812395951836,0.24114714010169083,RHOG,1
GO_Biological_Process_2023,Positive Regulation Of Protein Localization To Plasma Membrane (GO:1903078),0.18298812395951836,0.24114714010169083,RHOG,1
GO_Biological_Process_2023,Negative Regulation Of MAP Kinase Activity (GO:0043407),0.18298812395951836,0.24114714010169083,APOE,1
GO_Biological_Process_2023,Positive Regulation Of B Cell Activation (GO:0050871),0.18622356658431619,0.24427474011831599,CD74,1
GO_Biological_Process_2023,Sprouting Angiogenesis (GO:0002040),0.18622356658431619,0.24427474011831599,PTK2B,1
GO_Biological_Process_2023,Regulation Of Cell Development (GO:0060284),0.18622356658431619,0.24427474011831599,CX3CR1,1
GO_Biological_Process_2023,Organic Substance Transport (GO:0071702),0.18850114633129433,0.24622233090496523,TCN2;TRPC4,2
GO_Biological_Process_2023,Regulation Of Proteasomal Protein Catabolic Process (GO:0061136),0.189446358131585,0.24622233090496523,APOE,1
GO_Biological_Process_2023,Positive Regulation Of Chemokine Production (GO:0032722),0.189446358131585,0.24622233090496523,CD74,1
GO_Biological_Process_2023,Gonad Development (GO:0008406),0.189446358131585,0.24622233090496523,NR2F2,1
GO_Biological_Process_2023,mRNA Stabilization (GO:0048255),0.189446358131585,0.24622233090496523,VIP,1
GO_Biological_Process_2023,Negative Regulation Of Cysteine-Type Endopeptidase Activity (GO:2000117),0.189446358131585,0.24622233090496523,MT3,1
GO_Biological_Process_2023,ERBB Signaling Pathway (GO:0038127),0.19265654742302626,0.24903655982703352,PTK2B,1
GO_Biological_Process_2023,Regulation Of Exocytosis (GO:0017157),0.19265654742302626,0.24903655982703352,CPLX1,1
GO_Biological_Process_2023,Monoatomic Anion Transmembrane Transport (GO:0098656),0.19265654742302626,0.24903655982703352,ANO2,1
GO_Biological_Process_2023,Regulation Of MAPK Cascade (GO:0043408),0.19278359572492712,0.24903655982703352,CD74;ADRA1D,2
GO_Biological_Process_2023,Regulation Of Angiogenesis (GO:0045765),0.19421403088643982,0.25050368171999066,SERPINF1;PRKCA,2
GO_Biological_Process_2023,Regulation Of Reactive Oxygen Species Metabolic Process (GO:2000377),0.19903931360733615,0.2551786071888925,MT3,1
GO_Biological_Process_2023,Positive Regulation Of Cellular Metabolic Process (GO:0031325),0.19903931360733615,0.2551786071888925,MT3,1
GO_Biological_Process_2023,post-Golgi Vesicle-Mediated Transport (GO:0006892),0.19903931360733615,0.2551786071888925,STEAP2,1
GO_Biological_Process_2023,Regulation Of Cation Channel Activity (GO:2001257),0.19903931360733615,0.2551786071888925,FGF11,1
GO_Biological_Process_2023,Striated Muscle Contraction (GO:0006941),0.20221198725873712,0.2588557065812147,SCN4B,1
GO_Biological_Process_2023,Memory (GO:0007613),0.2053722521261395,0.26171876207978795,APOE,1
GO_Biological_Process_2023,Muscle Organ Development (GO:0007517),0.2053722521261395,0.26171876207978795,SMTN,1
GO_Biological_Process_2023,Regulation Of Bone Mineralization (GO:0030500),0.2053722521261395,0.26171876207978795,PTK2B,1
GO_Biological_Process_2023,Phospholipid Transport (GO:0015914),0.20852015613665684,0.26414624845925233,APOE,1
GO_Biological_Process_2023,Positive Regulation Of Protein Binding (GO:0032092),0.20852015613665684,0.26414624845925233,APOE,1
GO_Biological_Process_2023,Positive Regulation Of Proteolysis (GO:0045862),0.20852015613665684,0.26414624845925233,APOE,1
GO_Biological_Process_2023,Mitotic Cytokinesis (GO:0000281),0.20852015613665684,0.26414624845925233,RTKN,1
GO_Biological_Process_2023,Negative Regulation Of Peptidase Activity (GO:0010466),0.21165574700408382,0.2669249034917971,SERPINF1,1
GO_Biological_Process_2023,Response To Retinoic Acid (GO:0032526),0.21165574700408382,0.2669249034917971,PTK2B,1
GO_Biological_Process_2023,Sterol Metabolic Process (GO:0016125),0.21165574700408382,0.2669249034917971,APOE,1
GO_Biological_Process_2023,Positive Regulation Of Interleukin-8 Production (GO:0032757),0.2147790722914977,0.2704625354781823,CD74,1
GO_Biological_Process_2023,Cell Junction Organization (GO:0034330),0.2178901793714196,0.2739743379670217,TJP1,1
GO_Biological_Process_2023,Inorganic Anion Transmembrane Transport (GO:0098661),0.22098911540616017,0.27746048463107265,ANO2,1
GO_Biological_Process_2023,Regulation Of Secretion By Cell (GO:1903530),0.2240759273821032,0.280507420139599,CPLX1,1
GO_Biological_Process_2023,Negative Regulation Of Cell Death (GO:0060548),0.2240759273821032,0.280507420139599,MT3,1
GO_Biological_Process_2023,Positive Regulation Of T Cell Proliferation (GO:0042102),0.2271506621918258,0.2822269910181624,IGFBP2,1
GO_Biological_Process_2023,Positive Regulation Of Cell Cycle (GO:0045787),0.2271506621918258,0.2822269910181624,PRKCA,1
GO_Biological_Process_2023,Monocarboxylic Acid Biosynthetic Process (GO:0072330),0.2271506621918258,0.2822269910181624,UST,1
GO_Biological_Process_2023,Regulation Of Cell-Matrix Adhesion (GO:0001952),0.2271506621918258,0.2822269910181624,PTK2B,1
GO_Biological_Process_2023,Apoptotic Process (GO:0006915),0.22744175158522498,0.2822269910181624,PTK2B;ADRA1D,2
GO_Biological_Process_2023,Cellular Response To Lipid (GO:0071396),0.22744175158522498,0.2822269910181624,CX3CR1;PTK2B,2
GO_Biological_Process_2023,Regulation Of Endocytosis (GO:0030100),0.23021336642329418,0.2852497980463558,APOE,1
GO_Biological_Process_2023,Cholesterol Metabolic Process (GO:0008203),0.23326408659449144,0.28777136952876303,APOE,1
GO_Biological_Process_2023,Protein Secretion (GO:0009306),0.23326408659449144,0.28777136952876303,VIP,1
GO_Biological_Process_2023,Negative Regulation Of Cellular Catabolic Process (GO:0031330),0.23326408659449144,0.28777136952876303,MET,1
GO_Biological_Process_2023,Positive Regulation Of Developmental Process (GO:0051094),0.23472778359901603,0.289157414578498,RELN;APOE,2
GO_Biological_Process_2023,Positive Regulation Of GTPase Activity (GO:0043547),0.23618684138866172,0.29025641417453546,PREX1;RHOG,2
GO_Biological_Process_2023,Cell-Cell Junction Organization (GO:0045216),0.23630286895150415,0.29025641417453546,TJP1,1
GO_Biological_Process_2023,Regulation Of Endopeptidase Activity (GO:0052548),0.23932975965028952,0.29312722723738627,SERPINF1,1
GO_Biological_Process_2023,Positive Regulation Of Phosphatidylinositol 3-Kinase Signaling (GO:0014068),0.23932975965028952,0.29312722723738627,DDR1,1
GO_Biological_Process_2023,Phosphorylation (GO:0016310),0.2402751697045238,0.2938617183436622,STK39;PTK2B;PRKCA,3
GO_Biological_Process_2023,Negative Regulation Of Extrinsic Apoptotic Signaling Pathway (GO:2001237),0.24234480459389304,0.2955424446266988,SCRT2,1
GO_Biological_Process_2023,Regulation Of Cellular Biosynthetic Process (GO:0031326),0.24234480459389304,0.2955424446266988,CX3CR1,1
GO_Biological_Process_2023,Negative Regulation Of Supramolecular Fiber Organization (GO:1902904),0.24534804958018502,0.29834884426775005,APOE,1
GO_Biological_Process_2023,Positive Regulation Of Cell-Substrate Adhesion (GO:0010811),0.24534804958018502,0.29834884426775005,PTK2B,1
GO_Biological_Process_2023,Cellular Response To Hypoxia (GO:0071456),0.24833954017743415,0.30069602443136617,MT3,1
GO_Biological_Process_2023,Cholesterol Homeostasis (GO:0042632),0.24833954017743415,0.30069602443136617,APOE,1
GO_Biological_Process_2023,Second-Messenger-Mediated Signaling (GO:0019932),0.24833954017743415,0.30069602443136617,APOE,1
GO_Biological_Process_2023,Cellular Response To Decreased Oxygen Levels (GO:0036294),0.2513193218281669,0.3025799200480763,MT3,1
GO_Biological_Process_2023,Cellular Response To Reactive Oxygen Species (GO:0034614),0.2513193218281669,0.3025799200480763,MT3,1
GO_Biological_Process_2023,Sterol Homeostasis (GO:0055092),0.2513193218281669,0.3025799200480763,APOE,1
GO_Biological_Process_2023,Protein Tetramerization (GO:0051262),0.2513193218281669,0.3025799200480763,KCNC3,1
GO_Biological_Process_2023,Positive Regulation Of DNA-binding Transcription Factor Activity (GO:0051091),0.2537312205662372,0.30485800254160805,CX3CR1;RELN,2
GO_Biological_Process_2023,Positive Regulation Of Lymphocyte Proliferation (GO:0050671),0.254287439767059,0.30485800254160805,CD74,1
GO_Biological_Process_2023,Gland Development (GO:0048732),0.254287439767059,0.30485800254160805,MET,1
GO_Biological_Process_2023,Regulation Of Plasma Membrane Bounded Cell Projection Assembly (GO:0120032),0.25724393907716264,0.3079680960782933,DAAM2,1
GO_Biological_Process_2023,Positive Regulation Of Interleukin-6 Production (GO:0032755),0.26018886461620905,0.31105560467479276,CD74,1
GO_Biological_Process_2023,Cell Morphogenesis Involved In Neuron Differentiation (GO:0048667),0.26312226113773457,0.31236581280317655,CCK,1
GO_Biological_Process_2023,Positive Regulation Of JNK Cascade (GO:0046330),0.26312226113773457,0.31236581280317655,PTK2B,1
GO_Biological_Process_2023,Chloride Transport (GO:0006821),0.26312226113773457,0.31236581280317655,ANO2,1
GO_Biological_Process_2023,Monoatomic Cation Homeostasis (GO:0055080),0.26312226113773457,0.31236581280317655,MT3,1
GO_Biological_Process_2023,Negative Regulation Of Blood Vessel Morphogenesis (GO:2000181),0.26312226113773457,0.31236581280317655,SERPINF1,1
GO_Biological_Process_2023,Regulation Of Cyclin-Dependent Protein Serine/Threonine Kinase Activity (GO:0000079),0.26895464524506063,0.31707551797267897,NR2F2,1
GO_Biological_Process_2023,Regulation Of Neuron Differentiation (GO:0045664),0.26895464524506063,0.31707551797267897,RELN,1
GO_Biological_Process_2023,Positive Regulation Of Catabolic Process (GO:0009896),0.26895464524506063,0.31707551797267897,VIP,1
GO_Biological_Process_2023,Positive Regulation Of Endocytosis (GO:0045807),0.26895464524506063,0.31707551797267897,APOE,1
GO_Biological_Process_2023,Positive Regulation Of Protein Localization To Membrane (GO:1905477),0.26895464524506063,0.31707551797267897,RHOG,1
GO_Biological_Process_2023,Cytokine-Mediated Signaling Pathway (GO:0019221),0.26984593359017334,0.31768565588870823,PTK2B;MT3,2
GO_Biological_Process_2023,Regulation Of Organelle Assembly (GO:1902115),0.2718537213857286,0.3178482299558037,GSN,1
GO_Biological_Process_2023,Calcium Ion Transmembrane Transport (GO:0070588),0.2718537213857286,0.3178482299558037,TRPC4,1
GO_Biological_Process_2023,Regulation Of Protein Localization To Plasma Membrane (GO:1903076),0.2718537213857286,0.3178482299558037,RHOG,1
GO_Biological_Process_2023,Response To Type II Interferon (GO:0034341),0.2718537213857286,0.3178482299558037,CD74,1
GO_Biological_Process_2023,Positive Regulation Of Immune Response (GO:0050778),0.2718537213857286,0.3178482299558037,CD74,1
GO_Biological_Process_2023,Regulation Of Interleukin-8 Production (GO:0032677),0.2747414457504269,0.3203432495032413,CD74,1
GO_Biological_Process_2023,Cytoskeleton-Dependent Cytokinesis (GO:0061640),0.2747414457504269,0.3203432495032413,RTKN,1
GO_Biological_Process_2023,Sodium Ion Transmembrane Transport (GO:0035725),0.27761786216072454,0.32281146762874946,SCN4B,1
GO_Biological_Process_2023,Negative Regulation Of Apoptotic Signaling Pathway (GO:2001234),0.27761786216072454,0.32281146762874946,CX3CR1,1
GO_Biological_Process_2023,Vesicle-Mediated Transport To The Plasma Membrane (GO:0098876),0.2804830144359095,0.32569748944060534,STEAP2,1
GO_Biological_Process_2023,Regulation Of Interleukin-1 Beta Production (GO:0032651),0.28333694598248266,0.3285626249455802,CX3CR1,1
GO_Biological_Process_2023,Response To Interleukin-1 (GO:0070555),0.28617970029439854,0.3300579989826849,PRKCA,1
GO_Biological_Process_2023,Positive Regulation Of Canonical Wnt Signaling Pathway (GO:0090263),0.28617970029439854,0.3300579989826849,DAAM2,1
GO_Biological_Process_2023,Integrin-Mediated Signaling Pathway (GO:0007229),0.28617970029439854,0.3300579989826849,PTK2B,1
GO_Biological_Process_2023,Negative Regulation Of Cell Cycle (GO:0045786),0.28617970029439854,0.3300579989826849,NR2F2,1
GO_Biological_Process_2023,Negative Regulation Of Angiogenesis (GO:0016525),0.28901132054107104,0.3328721171543501,SERPINF1,1
GO_Biological_Process_2023,Positive Regulation Of Cell Adhesion (GO:0045785),0.29464133085759603,0.3385899156376555,PRKCA,1
GO_Biological_Process_2023,Positive Regulation Of Gene Expression (GO:0010628),0.29477239714337067,0.3385899156376555,CD74;GSN;MT3,3
GO_Biological_Process_2023,Cellular Response To Chemical Stress (GO:0062197),0.2974398065708461,0.34027434129908374,MT3,1
GO_Biological_Process_2023,Regulation Of Vesicle-Mediated Transport (GO:0060627),0.2974398065708461,0.34027434129908374,CPLX1,1
GO_Biological_Process_2023,Sodium Ion Transport (GO:0006814),0.2974398065708461,0.34027434129908374,SCN4B,1
GO_Biological_Process_2023,Regulation Of Phosphatidylinositol 3-Kinase Signaling (GO:0014066),0.3002273194519669,0.3430016418470052,DDR1,1
GO_Biological_Process_2023,Positive Regulation Of Cellular Component Biogenesis (GO:0044089),0.3085245041691353,0.3505960274649265,PRKCA,1
GO_Biological_Process_2023,Positive Regulation Of Protein Kinase B Signaling (GO:0051897),0.3085245041691353,0.3505960274649265,CX3CR1,1
GO_Biological_Process_2023,Protein O-linked Glycosylation (GO:0006493),0.3085245041691353,0.3505960274649265,GALNT6,1
GO_Biological_Process_2023,Negative Regulation Of Amide Metabolic Process (GO:0034249),0.3085245041691353,0.3505960274649265,APOE,1
GO_Biological_Process_2023,Protein Modification Process (GO:0036211),0.30903521498968195,0.3507075203487713,UST;STK39;PTK2B;PRKCA,4
GO_Biological_Process_2023,Cell Junction Assembly (GO:0034329),0.31400191947199113,0.3558688420682566,TJP1,1
GO_Biological_Process_2023,Regulation Of Macroautophagy (GO:0016241),0.316724539977527,0.3579998124745983,LZTS1,1
GO_Biological_Process_2023,Regulation Of Protein Metabolic Process (GO:0051246),0.316724539977527,0.3579998124745983,APOE,1
GO_Biological_Process_2023,Regulation Of Defense Response (GO:0031347),0.3194364910949237,0.35963048666315917,APOE,1
GO_Biological_Process_2023,Regulation Of Protein Localization (GO:0032880),0.3194364910949237,0.35963048666315917,VIP,1
GO_Biological_Process_2023,Monocarboxylic Acid Metabolic Process (GO:0032787),0.3194364910949237,0.35963048666315917,LDHB,1
GO_Biological_Process_2023,MAPK Cascade (GO:0000165),0.3221378140557969,0.3621919867029463,MT3,1
GO_Biological_Process_2023,Axon Development (GO:0061564),0.32482854998371763,0.364734831553712,CCK,1
GO_Biological_Process_2023,Regulation Of Organelle Organization (GO:0033043),0.32750873980152984,0.3667752685524379,TJP1,1
GO_Biological_Process_2023,Protein Complex Oligomerization (GO:0051259),0.32750873980152984,0.3667752685524379,KCNC3,1
GO_Biological_Process_2023,Activation Of GTPase Activity (GO:0090630),0.3328376443087539,0.37127558748351813,RHOG,1
GO_Biological_Process_2023,Regulation Of Protein Secretion (GO:0050708),0.3328376443087539,0.37127558748351813,APOE,1
GO_Biological_Process_2023,Protein Catabolic Process (GO:0030163),0.3328376443087539,0.37127558748351813,APOE,1
GO_Biological_Process_2023,Inorganic Cation Import Across Plasma Membrane (GO:0098659),0.33548644012711026,0.3737398087916694,KCNJ13,1
GO_Biological_Process_2023,Positive Regulation Of Vasculature Development (GO:1904018),0.3381248522041658,0.3761860266669384,PRKCA,1
GO_Biological_Process_2023,Negative Regulation Of MAPK Cascade (GO:0043409),0.3407529206573408,0.37861435628593426,APOE,1
GO_Biological_Process_2023,Lipid Transport (GO:0006869),0.3485754639703134,0.38678533828470746,APOE,1
GO_Biological_Process_2023,Cell-Matrix Adhesion (GO:0007160),0.35116255685326225,0.38678533828470746,DDR1,1
GO_Biological_Process_2023,Cellular Response To Salt (GO:1902075),0.35116255685326225,0.38678533828470746,DLG2,1
GO_Biological_Process_2023,Positive Regulation Of Wnt Signaling Pathway (GO:0030177),0.35116255685326225,0.38678533828470746,DAAM2,1
GO_Biological_Process_2023,Positive Regulation Of Cysteine-Type Endopeptidase Activity Involved In Apoptotic Process (GO:0043280),0.35116255685326225,0.38678533828470746,GSN,1
GO_Biological_Process_2023,Regulation Of Wnt Signaling Pathway (GO:0030111),0.35116255685326225,0.38678533828470746,DAAM2,1
GO_Biological_Process_2023,Protein Transport (GO:0015031),0.3512920954774049,0.38678533828470746,CD74;APOE,2
GO_Biological_Process_2023,Regulation Of JNK Cascade (GO:0046328),0.35373950479824035,0.38897616957115694,PTK2B,1
GO_Biological_Process_2023,Negative Regulation Of Inflammatory Response (GO:0050728),0.3563063470387744,0.3907876064296235,APOE,1
GO_Biological_Process_2023,T Cell Activation (GO:0042110),0.3563063470387744,0.3907876064296235,CD74,1
GO_Biological_Process_2023,Calcium Ion Transport (GO:0006816),0.35886312271495807,0.39257870567273406,TRPC4,1
GO_Biological_Process_2023,Negative Regulation Of Defense Response (GO:0031348),0.35886312271495807,0.39257870567273406,APOE,1
GO_Biological_Process_2023,Regulation Of Interleukin-6 Production (GO:0032675),0.36394663013826617,0.397117632371664,CD74,1
GO_Biological_Process_2023,Regulation Of MAP Kinase Activity (GO:0043405),0.36394663013826617,0.397117632371664,APOE,1
GO_Biological_Process_2023,Positive Regulation Of DNA-templated Transcription (GO:0045893),0.36759267289542735,0.40058175892450415,CD74;RHOG;NR2F2;APOE;MT3;MET,6
GO_Biological_Process_2023,Cellular Response To Molecule Of Bacterial Origin (GO:0071219),0.3714973617046934,0.40380148011379713,CX3CR1,1
GO_Biological_Process_2023,Cellular Response To Oxidative Stress (GO:0034599),0.3714973617046934,0.40380148011379713,MT3,1
GO_Biological_Process_2023,Protein-Containing Complex Assembly (GO:0065003),0.3726776806012194,0.4045670862209917,CD74;PTK2B,2
GO_Biological_Process_2023,Cellular Response To Tumor Necrosis Factor (GO:0071356),0.3764819440408065,0.40817557708505803,PTK2B,1
GO_Biological_Process_2023,Receptor-Mediated Endocytosis (GO:0006898),0.38388571999003995,0.41567243565800505,APOE,1
GO_Biological_Process_2023,Organonitrogen Compound Biosynthetic Process (GO:1901566),0.38633430338381286,0.41726068345138617,APOE,1
GO_Biological_Process_2023,Regulation Of Cell Motility (GO:2000145),0.38633430338381286,0.41726068345138617,PLEKHG3,1
GO_Biological_Process_2023,Negative Regulation Of Growth (GO:0045926),0.3887732781501533,0.4188305277916734,MT3,1
GO_Biological_Process_2023,Cellular Response To Lipopolysaccharide (GO:0071222),0.3887732781501533,0.4188305277916734,CX3CR1,1
GO_Biological_Process_2023,Regulation Of Mitotic Cell Cycle (GO:0007346),0.39120268163002875,0.4203821484014215,PRKCA,1
GO_Biological_Process_2023,Negative Regulation Of Cell Growth (GO:0030308),0.39120268163002875,0.4203821484014215,MT3,1
GO_Biological_Process_2023,Regulation Of Tumor Necrosis Factor Production (GO:0032680),0.3960329226874391,0.4250353336923274,CX3CR1,1
GO_Biological_Process_2023,Plasma Membrane Bounded Cell Projection Organization (GO:0120036),0.4079436051268511,0.43726615934151764,APOE,1
GO_Biological_Process_2023,Negative Regulation Of Cell Motility (GO:2000146),0.41029776089919845,0.43923563824221495,CD74,1
GO_Biological_Process_2023,Regulation Of Protein Kinase B Signaling (GO:0051896),0.41730491528424934,0.44617506665611567,CX3CR1,1
GO_Biological_Process_2023,Protein Localization To Plasma Membrane (GO:0072659),0.4196223147380219,0.44808915518507364,MAP7,1
GO_Biological_Process_2023,Intracellular Calcium Ion Homeostasis (GO:0006874),0.42422984831769434,0.4524408670891345,TRPC4,1
GO_Biological_Process_2023,Protein Localization To Cell Periphery (GO:1990778),0.43107351261188714,0.45916351593998006,MAP7,1
GO_Biological_Process_2023,Negative Regulation Of Response To External Stimulus (GO:0032102),0.4400736062083991,0.4669944635170277,APOE,1
GO_Biological_Process_2023,Neuron Projection Morphogenesis (GO:0048812),0.4400736062083991,0.4669944635170277,CCK,1
GO_Biological_Process_2023,Positive Regulation Of Cellular Catabolic Process (GO:0031331),0.4400736062083991,0.4669944635170277,APOE,1
GO_Biological_Process_2023,Negative Regulation Of Protein Metabolic Process (GO:0051248),0.4423015751092524,0.46818971213308164,APOE,1
GO_Biological_Process_2023,Protein Glycosylation (GO:0006486),0.4423015751092524,0.46818971213308164,GALNT6,1
GO_Biological_Process_2023,Neuron Development (GO:0048666),0.448933097070312,0.47461832401712084,APOE,1
GO_Biological_Process_2023,Positive Regulation Of NF-kappaB Transcription Factor Activity (GO:0051092),0.4533107955957731,0.47865115062907715,CX3CR1,1
GO_Biological_Process_2023,Cellular Response To Growth Factor Stimulus (GO:0071363),0.45981303910710103,0.4843136099641089,PDE8A,1
GO_Biological_Process_2023,Positive Regulation Of Response To External Stimulus (GO:0032103),0.45981303910710103,0.4843136099641089,PRKCA,1
GO_Biological_Process_2023,Regulation Of Gene Expression (GO:0010468),0.4613323736447901,0.48531252177979156,CD74;SCRT2;GSN;APOE;MT3,5
GO_Biological_Process_2023,Response To Lipopolysaccharide (GO:0032496),0.4683640533843569,0.4921006741368397,CX3CR1,1
GO_Biological_Process_2023,Regulation Of Macromolecule Metabolic Process (GO:0060255),0.4746894771812572,0.49813093284452914,APOE,1
GO_Biological_Process_2023,Nitrogen Compound Transport (GO:0071705),0.47678139368691286,0.49909382344073394,TCN2,1
GO_Biological_Process_2023,Negative Regulation Of Cell Migration (GO:0030336),0.47678139368691286,0.49909382344073394,CD74,1
GO_Biological_Process_2023,Positive Regulation Of I-kappaB kinase/NF-kappaB Signaling (GO:0043123),0.5012518465357029,0.5240640461935393,CD74,1
GO_Biological_Process_2023,Positive Regulation Of Hydrolase Activity (GO:0051345),0.5032392872605945,0.5248507903944851,PREX1,1
GO_Biological_Process_2023,Extracellular Matrix Organization (GO:0030198),0.5032392872605945,0.5248507903944851,GSN,1
GO_Biological_Process_2023,Macromolecule Biosynthetic Process (GO:0009059),0.5169341092070961,0.5384730304240585,APOE,1
GO_Biological_Process_2023,Negative Regulation Of Macromolecule Metabolic Process (GO:0010605),0.522688576373673,0.5438008444524138,APOE,1
GO_Biological_Process_2023,Neuron Projection Development (GO:0031175),0.533995220334262,0.5542074936314075,APOE,1
GO_Biological_Process_2023,Protein Localization To Membrane (GO:0072657),0.533995220334262,0.5542074936314075,MAP7,1
GO_Biological_Process_2023,Regulation Of Signal Transduction (GO:0009966),0.5358537765728775,0.5547816200815419,IGFBP2,1
GO_Biological_Process_2023,Regulation Of Cell Differentiation (GO:0045595),0.5358537765728775,0.5547816200815419,RELN,1
GO_Biological_Process_2023,Regulation Of Programmed Cell Death (GO:0043067),0.5395489605756039,0.5579277572862084,RTKN,1
GO_Biological_Process_2023,Golgi Vesicle Transport (GO:0048193),0.5432150956296024,0.5610362470050572,KIF1C,1
GO_Biological_Process_2023,Negative Regulation Of Cell Differentiation (GO:0045596),0.5611178677115387,0.5788230431490388,PTK2B,1
GO_Biological_Process_2023,Protein Stabilization (GO:0050821),0.5628695774864879,0.5799262313497148,MT3,1
GO_Biological_Process_2023,Regulation Of GTPase Activity (GO:0043087),0.5732357996749899,0.589891561408888,PREX1,1
GO_Biological_Process_2023,Regulation Of Cell Growth (GO:0001558),0.5948705292191392,0.6114146914586074,MT3,1
GO_Biological_Process_2023,Cilium Organization (GO:0044782),0.5964891570616322,0.612337902780661,GSN,1
GO_Biological_Process_2023,Negative Regulation Of Intracellular Signal Transduction (GO:1902532),0.6013068273046133,0.6165389664763827,CGNL1,1
GO_Biological_Process_2023,Regulation Of I-kappaB kinase/NF-kappaB Signaling (GO:0043122),0.602900062216477,0.6174277745590427,CD74,1
GO_Biological_Process_2023,Regulation Of Inflammatory Response (GO:0050727),0.6154216708483475,0.6294926837798982,APOE,1
GO_Biological_Process_2023,Regulation Of Autophagy (GO:0010506),0.6169592005413159,0.6303068755530271,MET,1
GO_Biological_Process_2023,Cilium Assembly (GO:0060271),0.6200160750441102,0.6326694643307247,GSN,1
GO_Biological_Process_2023,Regulation Of DNA-templated Transcription (GO:0006355),0.6455687597411004,0.6579537719183878,CD74;SCRT2;RHOG;NR2F2;APOE;MT3;LHX8,7
GO_Biological_Process_2023,Negative Regulation Of Signal Transduction (GO:0009968),0.6548721924573085,0.6666363635792961,CX3CR1,1
GO_Biological_Process_2023,Plasma Membrane Bounded Cell Projection Assembly (GO:0120031),0.665774011519599,0.6769233370713627,GSN,1
GO_Biological_Process_2023,Cellular Response To Cytokine Stimulus (GO:0071345),0.7072621430054212,0.7182470986315508,STK39,1
GO_Biological_Process_2023,Positive Regulation Of Cytokine Production (GO:0001819),0.721051813413846,0.7313771377109417,CD74,1
GO_Biological_Process_2023,Organelle Assembly (GO:0070925),0.7232868867086524,0.7327697898716979,GSN,1
GO_Biological_Process_2023,Intracellular Protein Transport (GO:0006886),0.7266063828328697,0.7352564588189753,CD74,1
GO_Biological_Process_2023,Proteolysis (GO:0006508),0.7320517183921633,0.7398858033690117,PAPPA,1
GO_Biological_Process_2023,Negative Regulation Of Gene Expression (GO:0010629),0.7384449160456179,0.7454610197610158,APOE,1
GO_Biological_Process_2023,Protein Localization (GO:0008104),0.7537764355005724,0.7600355518095926,CD74,1
GO_Biological_Process_2023,Negative Regulation Of Transcription By RNA Polymerase II (GO:0000122),0.8092485533260207,0.8150015051269166,SCRT2;NR2F2,2
GO_Biological_Process_2023,Organelle Organization (GO:0006996),0.8121082417000421,0.816913615911285,APOE,1
GO_Biological_Process_2023,Regulation Of Nucleic Acid-Templated Transcription (GO:1903506),0.8362555587703249,0.8402094857621467,SCRT2,1
GO_Biological_Process_2023,Negative Regulation Of Nucleic Acid-Templated Transcription (GO:1903507),0.8388867137597578,0.8418579772087298,NR2F2,1
GO_Biological_Process_2023,Positive Regulation Of Transcription By RNA Polymerase II (GO:0045944),0.8905686536563542,0.8926690514244116,NR2F2;MET,2
GO_Biological_Process_2023,Negative Regulation Of DNA-templated Transcription (GO:0045892),0.9178838643898839,0.9189649996836293,SCRT2;NR2F2,2
GO_Biological_Process_2023,Regulation Of Transcription By RNA Polymerase II (GO:0006357),0.9653101720079403,0.9653101720079403,SCRT2;NR2F2;MET;LHX8,4
PanglaoDB_Augmented_2021,Astrocytes,3.306058467897954e-05,0.003438300806613872,SYNM;DAAM2;APOE;MT3;SCN4B;SHISA6,6
PanglaoDB_Augmented_2021,Oligodendrocytes,7.413223401854188e-05,0.003478151012039448,EFNB3;DLG2;SEC14L5;MT3;PDE8A;SHISA6,6
PanglaoDB_Augmented_2021,Choroid Plexus Cells,0.00010033127919344562,0.003478151012039448,DDR1;TJP1;EFNB3;APOE;CGNL1,5
PanglaoDB_Augmented_2021,Enteric Glia Cells,0.0009803526309481673,0.02548916840465235,DAAM2;APOE;SCN4B;SHISA6,4
PanglaoDB_Augmented_2021,Pulmonary Alveolar Type I Cells,0.001807191494753261,0.02915882486482467,DDR1;TJP1;S100A16;MET,4
PanglaoDB_Augmented_2021,Olfactory Epithelial Cells,0.002015381972629118,0.02915882486482467,DDR1;EFNB3;SCN4B;ANO2;SPTBN2,5
PanglaoDB_Augmented_2021,Schwann Cells,0.002184916055887181,0.02915882486482467,DAAM2;MT3;SCN4B;SHISA6,4
PanglaoDB_Augmented_2021,Satellite Cells,0.002242986528063436,0.02915882486482467,TJP1;S100A16;NR2F2;MET,4
PanglaoDB_Augmented_2021,Osteoclasts,0.0025493859862278406,0.029459571396410603,CX3CR1;GSN;TCN2;SERPINF1,4
PanglaoDB_Augmented_2021,Podocytes,0.00609279012404252,0.06336501729004221,TJP1;S100A16;NR2F2;MET,4
PanglaoDB_Augmented_2021,Interneurons,0.007176376853322744,0.06784938115868777,RELN;CCK;VIP;CPLX1;SHISA6,5
PanglaoDB_Augmented_2021,Endothelial Cells (Blood Brain Barrier),0.010172959128661984,0.07739565218160604,DDR1;TJP1;EFNB3,3
PanglaoDB_Augmented_2021,Pancreatic Progenitor Cells,0.010418645485985428,0.07739565218160604,EFNB3;RTKN;NR2F2,3
PanglaoDB_Augmented_2021,Satellite Glial Cells,0.010418645485985428,0.07739565218160604,MT3;SCN4B;SHISA6,3
PanglaoDB_Augmented_2021,Bergmann Glia,0.015435186180829763,0.10701729085375303,DLG2;MT3;SHISA6,3
PanglaoDB_Augmented_2021,Distal Tubule Cells,0.017031348398777606,0.11070376459205444,PDZD2;COBLL1;MAP7,3
PanglaoDB_Augmented_2021,Mesothelial Cells,0.019415880850943274,0.11216431113648559,TJP1;S100A16;COBLL1,3
PanglaoDB_Augmented_2021,Trigeminal Neurons,0.019415880850943274,0.11216431113648559,SYNM;DLG2;SHISA6,3
PanglaoDB_Augmented_2021,Müller Cells,0.020491556842242558,0.11216431113648559,S100A16;APOE;SCN4B,3
PanglaoDB_Augmented_2021,Pericytes,0.023518024964734645,0.11647021887297158,PDZD2;DAAM2;MFGE8,3
PanglaoDB_Augmented_2021,Purkinje Neurons,0.023518024964734645,0.11647021887297158,PRKCA;CPLX1;SHISA6,3
PanglaoDB_Augmented_2021,Sertoli Cells,0.024712232927713216,0.11682146474918975,GSN;S100A16;KIF1C,3
PanglaoDB_Augmented_2021,Neurons,0.027566251981298636,0.12157042602298523,PTK2B;CCK;RIN1;CPLX1,4
PanglaoDB_Augmented_2021,Enteric Neurons,0.02805471369761198,0.12157042602298523,CCK;VIP;SHISA6,3
PanglaoDB_Augmented_2021,Smooth Muscle Cells,0.029367248781797046,0.12216775493227572,SMTN;DAAM2;KIF1C,3
PanglaoDB_Augmented_2021,Adipocytes,0.05047985190331962,0.19731488532619168,GSN;SERPINF1;LHX8,3
PanglaoDB_Augmented_2021,His Bundle Cells,0.05740816797169807,0.19731488532619168,TJP1;PAPPA,2
PanglaoDB_Augmented_2021,Glycinergic Neurons,0.05948975459677175,0.19731488532619168,EFNB3;SPTBN2,2
PanglaoDB_Augmented_2021,Kidney Progenitor Cells,0.06480572087256982,0.19731488532619168,EFNB3;NR2F2,2
PanglaoDB_Augmented_2021,Mast Cells,0.06614212155051889,0.19731488532619168,GSN;LRATD1;MFGE8,3
PanglaoDB_Augmented_2021,Gastric Chief Cells,0.06916941281233478,0.19731488532619168,PLEKHG3;MAP7,2
PanglaoDB_Augmented_2021,Crypt Cells,0.0702752107191517,0.19731488532619168,SCN4B;SHISA6,2
PanglaoDB_Augmented_2021,Motor Neurons,0.0713868334389153,0.19731488532619168,EFNB3;NR2F2,2
PanglaoDB_Augmented_2021,Granulosa Cells,0.07250421908598637,0.19731488532619168,TJP1;NR2F2,2
PanglaoDB_Augmented_2021,Cardiac Stem And Precursor Cells,0.07362730616661911,0.19731488532619168,TJP1;NR2F2,2
PanglaoDB_Augmented_2021,GABAergic Neurons,0.07362730616661911,0.19731488532619168,VIP;MT3,2
PanglaoDB_Augmented_2021,Peri-islet Schwann Cells,0.07475603354644753,0.19731488532619168,TJP1;EFNB3,2
PanglaoDB_Augmented_2021,Radial Glia Cells,0.07475603354644753,0.19731488532619168,EFNB3;SHISA6,2
PanglaoDB_Augmented_2021,Meningeal Cells,0.07589034051007372,0.19731488532619168,TJP1;IGFBP2,2
PanglaoDB_Augmented_2021,Taste Receptor Cells,0.07589034051007372,0.19731488532619168,UNC13C;CCK,2
PanglaoDB_Augmented_2021,Transient Cells,0.08164346970048482,0.20709563045976637,DDR1;RTKN,2
PanglaoDB_Augmented_2021,Neuroendocrine Cells,0.0851584972827837,0.21086865993832155,CCK;SHISA6,2
PanglaoDB_Augmented_2021,Luteal Cells,0.08752719450067495,0.21169367972256264,RTKN;S100A16,2
PanglaoDB_Augmented_2021,Delta Cells,0.09474996654171976,0.21974515660563979,RBP1;SHISA6,2
PanglaoDB_Augmented_2021,Hepatic Stellate Cells,0.09597019504681023,0.21974515660563979,RELN;RBP1,2
PanglaoDB_Augmented_2021,Melanocytes,0.097194973114033,0.21974515660563979,S100A16;PRKCA,2
PanglaoDB_Augmented_2021,Luminal Epithelial Cells,0.10589132810681465,0.23431272602358988,DDR1;CD74,2
PanglaoDB_Augmented_2021,Leydig Cells,0.1122279206075043,0.2387632854769816,TJP1;PDE8A,2
PanglaoDB_Augmented_2021,Chondrocytes,0.11350706756148327,0.2387632854769816,DAAM2;HAPLN1,2
PanglaoDB_Augmented_2021,Loop Of Henle Cells,0.1147900410947027,0.2387632854769816,GSN;CGNL1,2
PanglaoDB_Augmented_2021,Plasmacytoid Dendritic Cells,0.11866143100423389,0.24197625145961418,SERPINF1;PRKCA,2
PanglaoDB_Augmented_2021,Neural Stem/Precursor Cells,0.12126059747251043,0.24252119494502086,EFNB3;APOE,2
PanglaoDB_Augmented_2021,Cajal-Retzius Cells,0.15070448550200904,0.29572200928696113,EFNB3;RELN,2
PanglaoDB_Augmented_2021,Dendritic Cells,0.1856538975199892,0.35755565448294213,CX3CR1;CD74,2
PanglaoDB_Augmented_2021,Macrophages,0.19278359572492712,0.3645362537344076,CX3CR1;CD74,2
PanglaoDB_Augmented_2021,Hemangioblasts,0.3194364910949237,0.5067651286341186,RHOG,1
PanglaoDB_Augmented_2021,Pulmonary Vascular Smooth Muscle Cells,0.32482854998371763,0.5067651286341186,DAAM2,1
PanglaoDB_Augmented_2021,Myofibroblasts,0.32750873980152984,0.5067651286341186,DAAM2,1
PanglaoDB_Augmented_2021,Cholinergic Neurons,0.3328376443087539,0.5067651286341186,EFNB3,1
PanglaoDB_Augmented_2021,Purkinje Fiber Cells,0.3328376443087539,0.5067651286341186,SHISA6,1
PanglaoDB_Augmented_2021,Trichocytes,0.33548644012711026,0.5067651286341186,S100A16,1
PanglaoDB_Augmented_2021,Vascular Smooth Muscle Cells,0.33548644012711026,0.5067651286341186,DAAM2,1
PanglaoDB_Augmented_2021,Adrenergic Neurons,0.34337068556731415,0.5067651286341186,CPLX1,1
PanglaoDB_Augmented_2021,Glutaminergic Neurons,0.3459781867350196,0.5067651286341186,DLG2,1
PanglaoDB_Augmented_2021,Pinealocytes,0.3459781867350196,0.5067651286341186,UNC13C,1
PanglaoDB_Augmented_2021,Spermatozoa,0.3485754639703134,0.5067651286341186,CD74,1
PanglaoDB_Augmented_2021,Epiblast Cells,0.35116255685326225,0.5067651286341186,EFNB3,1
PanglaoDB_Augmented_2021,Retinal Progenitor Cells,0.35886312271495807,0.5067651286341186,EFNB3,1
PanglaoDB_Augmented_2021,Hepatoblasts,0.36394663013826617,0.5067651286341186,MET,1
PanglaoDB_Augmented_2021,Adipocyte Progenitor Cells,0.3664734394379228,0.5067651286341186,NR2F2,1
PanglaoDB_Augmented_2021,Myoepithelial Cells,0.3664734394379228,0.5067651286341186,S100A16,1
PanglaoDB_Augmented_2021,Airway Goblet Cells,0.3739945512610334,0.5067651286341186,GALNT6,1
PanglaoDB_Augmented_2021,Intercalated Cells,0.3739945512610334,0.5067651286341186,PDZD2,1
PanglaoDB_Augmented_2021,Tanycytes,0.38142749068741244,0.5067651286341186,EFNB3,1
PanglaoDB_Augmented_2021,Chromaffin Cells,0.38388571999003995,0.5067651286341186,SHISA6,1
PanglaoDB_Augmented_2021,Langerhans Cells,0.38633430338381286,0.5067651286341186,CD74,1
PanglaoDB_Augmented_2021,Erythroblasts,0.3887732781501533,0.5067651286341186,RHOG,1
PanglaoDB_Augmented_2021,Microfold Cells,0.3936225508031774,0.5067651286341186,MFGE8,1
PanglaoDB_Augmented_2021,Glomus Cells,0.3960329226874391,0.5067651286341186,EFNB3,1
PanglaoDB_Augmented_2021,Gamma (PP) Cells,0.398433834004907,0.5067651286341186,SHISA6,1
PanglaoDB_Augmented_2021,Pyramidal Cells,0.4032074216016176,0.5067651286341186,CCK,1
PanglaoDB_Augmented_2021,Ductal Cells,0.4079436051268511,0.5067651286341186,S100A16,1
PanglaoDB_Augmented_2021,Mammary Epithelial Cells,0.4126426740262738,0.5067651286341186,S100A16,1
PanglaoDB_Augmented_2021,Ependymal Cells,0.41730491528424934,0.5067651286341186,EFNB3,1
PanglaoDB_Augmented_2021,Principal Cells,0.41730491528424934,0.5067651286341186,DDR1,1
PanglaoDB_Augmented_2021,Epsilon Cells,0.42193061400930465,0.5067651286341186,CGNL1,1
PanglaoDB_Augmented_2021,Enteroendocrine Cells,0.42422984831769434,0.5067651286341186,CCK,1
PanglaoDB_Augmented_2021,Basal Cells,0.428801262690408,0.5067651286341186,S100A16,1
PanglaoDB_Augmented_2021,Beta Cells,0.43783684978261617,0.5085295005074834,SHISA6,1
PanglaoDB_Augmented_2021,Neuroblasts,0.4400736062083991,0.5085295005074834,EFNB3,1
PanglaoDB_Augmented_2021,Photoreceptor Cells,0.4467312866772598,0.5093615276505055,PRKCA,1
PanglaoDB_Augmented_2021,B Cells Naive,0.45112625554299896,0.5093615276505055,CD74,1
PanglaoDB_Augmented_2021,Erythroid-like And Erythroid Precursor Cells,0.45548675068747124,0.5093615276505055,TMCC2,1
PanglaoDB_Augmented_2021,Microglia,0.46623891307717813,0.5158387974470907,CX3CR1,1
PanglaoDB_Augmented_2021,Proximal Tubule Cells,0.47886508468976563,0.51786415922092,APOE,1
PanglaoDB_Augmented_2021,Retinal Ganglion Cells,0.47886508468976563,0.51786415922092,PRKCA,1
PanglaoDB_Augmented_2021,Plasma Cells,0.48300791773489654,0.51786415922092,CD74,1
PanglaoDB_Augmented_2021,Basophils,0.4891612702002551,0.5191099193961891,INF2,1
PanglaoDB_Augmented_2021,Embryonic Stem Cells,0.5032392872605945,0.5233688587510184,TJP1,1
PanglaoDB_Augmented_2021,Monocytes,0.5032392872605945,0.5233688587510184,CX3CR1,1
PanglaoDB_Augmented_2021,B Cells,0.5150007736273962,0.530297826309398,CD74,1
PanglaoDB_Augmented_2021,Endothelial Cells (Aorta),0.5207779810691263,0.530989314031266,S100A16,1
PanglaoDB_Augmented_2021,Platelets,0.5732357996749899,0.5788011957883393,PREX1,1
PanglaoDB_Augmented_2021,Fibroblasts,0.602900062216477,0.602900062216477,GSN,1
WikiPathways_2019_Mouse,Alpha6-Beta4 Integrin Signaling Pathway WP488,0.0023692169033343595,0.10424554374671181,RTKN;PRKCA;MET,3
WikiPathways_2019_Mouse,Signaling of Hepatocyte Growth Factor Receptor WP193,0.00796306553563679,0.17518744178400938,PTK2B;MET,2
WikiPathways_2019_Mouse,ApoE and miR-146 in inflammation and atherosclerosis WP3592,0.031171754372239124,0.27690480753281005,APOE,1
WikiPathways_2019_Mouse,Macrophage markers WP2271,0.03881359976770236,0.27690480753281005,CD74,1
WikiPathways_2019_Mouse,Chemokine signaling pathway WP2292,0.03944986702327667,0.27690480753281005,CX3CR1;PREX1;PTK2B,3
WikiPathways_2019_Mouse,G Protein Signaling Pathways WP232,0.05132393359357497,0.27690480753281005,PRKCA;PDE8A,2
WikiPathways_2019_Mouse,Keap1-Nrf2 WP1245,0.05391919613024895,0.27690480753281005,PRKCA,1
WikiPathways_2019_Mouse,Iron Homeostasis WP1596,0.05765882452881156,0.27690480753281005,FTH1,1
WikiPathways_2019_Mouse,Wnt Signaling Pathway NetPath WP539,0.06806950201160863,0.27690480753281005,DLG2;PRKCA,2
WikiPathways_2019_Mouse,Statin Pathway WP1,0.0724719475151733,0.27690480753281005,APOE,1
WikiPathways_2019_Mouse,One Carbon Metabolism WP435,0.1085064173227218,0.27690480753281005,TCN2,1
WikiPathways_2019_Mouse,Calcium Regulation in the Cardiac Cell WP553,0.1147900410947027,0.27690480753281005,ADRA1D;PRKCA,2
WikiPathways_2019_Mouse,Factors and pathways affecting insulin-like growth factor (IGF1)-Akt signaling WP3675,0.1155456581169776,0.27690480753281005,IGFBP2,1
WikiPathways_2019_Mouse,White fat cell differentiation WP2872,0.11904467070323363,0.27690480753281005,NR2F2,1
WikiPathways_2019_Mouse,Regulation of Actin Cytoskeleton WP523,0.12126059747251043,0.27690480753281005,GSN;FGF11,2
WikiPathways_2019_Mouse,Monoamine GPCRs WP570,0.12253001533957615,0.27690480753281005,ADRA1D,1
WikiPathways_2019_Mouse,Myometrial Relaxation and Contraction Pathways WP385,0.12256550894167245,0.27690480753281005,IGFBP2;PRKCA,2
WikiPathways_2019_Mouse,Focal Adhesion-PI3K-Akt-mTOR-signaling pathway WP2841,0.13657642339881423,0.27690480753281005,RELN;MET;FGF11,3
WikiPathways_2019_Mouse,Nuclear Receptors WP509,0.13975355705828088,0.27690480753281005,NR2F2,1
WikiPathways_2019_Mouse,Retinol metabolism WP1259,0.14315799384309358,0.27690480753281005,RBP1,1
WikiPathways_2019_Mouse,G13 Signaling Pathway WP298,0.14315799384309358,0.27690480753281005,RTKN,1
WikiPathways_2019_Mouse,Purine metabolism WP2185,0.14660619588190898,0.27690480753281005,PDE8A;HDDC3,2
WikiPathways_2019_Mouse,EGFR1 Signaling Pathway WP572,0.15620459615247093,0.27690480753281005,PTK2B;PRKCA,2
WikiPathways_2019_Mouse,IL-7 Signaling Pathway WP297,0.15998165323682012,0.27690480753281005,PTK2B,1
WikiPathways_2019_Mouse,Focal Adhesion WP85,0.165920816814827,0.27690480753281005,RELN;MET,2
WikiPathways_2019_Mouse,ErbB signaling pathway WP1261,0.16661942196018775,0.27690480753281005,PRKCA,1
WikiPathways_2019_Mouse,Mecp2 and Associated Rett Syndrome WP2910,0.16991885916786073,0.27690480753281005,CSRP1,1
WikiPathways_2019_Mouse,Glycolysis and Gluconeogenesis WP157,0.18298812395951836,0.28755276622210024,LDHB,1
WikiPathways_2019_Mouse,Wnt Signaling Pathway WP403,0.21165574700408382,0.3180086123087,PRKCA,1
WikiPathways_2019_Mouse,"GPCRs, Class A Rhodopsin-like WP189",0.22744175158522498,0.3180086123087,CX3CR1;ADRA1D,2
WikiPathways_2019_Mouse,Kit Receptor Signaling Pathway WP407,0.23326408659449144,0.3180086123087,PRKCA,1
WikiPathways_2019_Mouse,IL-5 Signaling Pathway WP151,0.23932975965028952,0.3180086123087,PTK2B,1
WikiPathways_2019_Mouse,Peptide GPCRs WP234,0.24534804958018502,0.3180086123087,CX3CR1,1
WikiPathways_2019_Mouse,Primary Focal Segmental Glomerulosclerosis FSGS WP2573,0.24833954017743415,0.3180086123087,INF2,1
WikiPathways_2019_Mouse,Alzheimers Disease WP2075,0.25724393907716264,0.3180086123087,APOE,1
WikiPathways_2019_Mouse,IL-2 Signaling Pathway WP450,0.26018886461620905,0.3180086123087,PTK2B,1
WikiPathways_2019_Mouse,Non-odorant GPCRs WP1396,0.28449523050563164,0.3383186524931836,CX3CR1;ADRA1D,2
WikiPathways_2019_Mouse,Wnt Signaling Pathway and Pluripotency WP723,0.3194364910949237,0.3514727939333491,PRKCA,1
WikiPathways_2019_Mouse,IL-6 signaling Pathway WP387,0.32482854998371763,0.3514727939333491,PTK2B,1
WikiPathways_2019_Mouse,Spinal Cord Injury WP2432,0.32482854998371763,0.3514727939333491,PRKCA,1
WikiPathways_2019_Mouse,IL-3 Signaling Pathway WP373,0.32750873980152984,0.3514727939333491,PRKCA,1
WikiPathways_2019_Mouse,ESC Pluripotency Pathways WP339,0.3739945512610334,0.39180381560679695,FGF11,1
WikiPathways_2019_Mouse,Insulin Signaling WP65,0.4683640533843569,0.4792562406723652,PRKCA,1
WikiPathways_2019_Mouse,PluriNetWork WP1763,0.6878240322777885,0.6878240322777885,NR2F2,1
KEGG_2019_Mouse,Nitrogen metabolism,0.002016062515791275,0.18196151916903117,CAR14;CAR4,2
KEGG_2019_Mouse,Asthma,0.004357180911336294,0.18196151916903117,H2-AA;H2-AB1,2
KEGG_2019_Mouse,Antigen processing and presentation,0.00544517569483972,0.18196151916903117,CD74;H2-AA;H2-AB1,3
KEGG_2019_Mouse,Axon guidance,0.005642217648652129,0.18196151916903117,EFNB3;TRPC4;PRKCA;MET,4
KEGG_2019_Mouse,Intestinal immune network for IgA production,0.012527494202008126,0.18723476645447146,H2-AA;H2-AB1,2
KEGG_2019_Mouse,Mineral absorption,0.013090754016721117,0.18723476645447146,FTH1;STEAP2,2
KEGG_2019_Mouse,Glycosaminoglycan biosynthesis,0.01863850207343616,0.18723476645447146,UST;CHST15,2
KEGG_2019_Mouse,Adrenergic signaling in cardiomyocytes,0.020857293074575588,0.18723476645447146,ADRA1D;PRKCA;SCN4B,3
KEGG_2019_Mouse,Inflammatory bowel disease (IBD),0.02279390454541644,0.18723476645447146,H2-AA;H2-AB1,2
KEGG_2019_Mouse,Wnt signaling pathway,0.02552632920600747,0.18723476645447146,DAAM2;SERPINF1;PRKCA,3
KEGG_2019_Mouse,Allograft rejection,0.02575622273214907,0.18723476645447146,H2-AA;H2-AB1,2
KEGG_2019_Mouse,Graft-versus-host disease,0.026520034632070515,0.18723476645447146,H2-AA;H2-AB1,2
KEGG_2019_Mouse,Tight junction,0.028488649355158283,0.18723476645447146,TJP1;DLG2;CGNL1,3
KEGG_2019_Mouse,Leishmaniasis,0.02886590526384066,0.18723476645447146,H2-AA;H2-AB1,2
KEGG_2019_Mouse,Influenza A,0.028926161859041722,0.18723476645447146,PRKCA;H2-AA;H2-AB1,3
KEGG_2019_Mouse,Type I diabetes mellitus,0.03047436707326384,0.18723476645447146,H2-AA;H2-AB1,2
KEGG_2019_Mouse,Adherens junction,0.032952274997818554,0.18723476645447146,TJP1;MET,2
KEGG_2019_Mouse,Tuberculosis,0.033497403037753476,0.18723476645447146,CD74;H2-AA;H2-AB1,3
KEGG_2019_Mouse,Bacterial invasion of epithelial cells,0.034646767085650974,0.18723476645447146,RHOG;MET,2
KEGG_2019_Mouse,Synaptic vesicle cycle,0.037250776312679576,0.18723476645447146,UNC13C;CPLX1,2
KEGG_2019_Mouse,Autoimmune thyroid disease,0.03813507740610901,0.18723476645447146,H2-AA;H2-AB1,2
KEGG_2019_Mouse,Salivary secretion,0.03813507740610901,0.18723476645447146,ADRA1D;PRKCA,2
KEGG_2019_Mouse,Salmonella infection,0.03813507740610901,0.18723476645447146,TJP1;RHOG,2
KEGG_2019_Mouse,Calcium signaling pathway,0.03893454170763767,0.18723476645447146,PTK2B;ADRA1D;PRKCA,3
KEGG_2019_Mouse,Chemokine signaling pathway,0.04315437638830615,0.18723476645447146,CX3CR1;PREX1;PTK2B,3
KEGG_2019_Mouse,Rheumatoid arthritis,0.04360672703449531,0.18723476645447146,H2-AA;H2-AB1,2
KEGG_2019_Mouse,Focal adhesion,0.04424388017292611,0.18723476645447146,RELN;PRKCA;MET,3
KEGG_2019_Mouse,Gap junction,0.04549200894918328,0.18723476645447146,TJP1;PRKCA,2
KEGG_2019_Mouse,Insulin secretion,0.04549200894918328,0.18723476645447146,CCK;PRKCA,2
KEGG_2019_Mouse,Th1 and Th2 cell differentiation,0.04644583353909369,0.18723476645447146,H2-AA;H2-AB1,2
KEGG_2019_Mouse,Viral myocarditis,0.04644583353909369,0.18723476645447146,H2-AA;H2-AB1,2
KEGG_2019_Mouse,Fc gamma R-mediated phagocytosis,0.04644583353909369,0.18723476645447146,GSN;PRKCA,2
KEGG_2019_Mouse,GnRH signaling pathway,0.04935118145174281,0.1929182547659037,PTK2B;PRKCA,2
KEGG_2019_Mouse,Morphine addiction,0.05132393359357497,0.1947020113616013,PRKCA;PDE8A,2
KEGG_2019_Mouse,Hematopoietic cell lineage,0.05332471559461204,0.1947020113616013,H2-AA;H2-AB1,2
KEGG_2019_Mouse,Staphylococcus aureus infection,0.05433544503114455,0.1947020113616013,H2-AA;H2-AB1,2
KEGG_2019_Mouse,Th17 cell differentiation,0.061597203419314316,0.2143888591572171,H2-AA;H2-AB1,2
KEGG_2019_Mouse,Pancreatic secretion,0.06480572087256982,0.2143888591572171,CCK;PRKCA,2
KEGG_2019_Mouse,Ras signaling pathway,0.06481523648939122,0.2143888591572171,PRKCA;RIN1;MET,3
KEGG_2019_Mouse,Toxoplasmosis,0.06806950201160863,0.21952414398743786,H2-AA;H2-AB1,2
KEGG_2019_Mouse,Leukocyte transendothelial migration,0.07589034051007372,0.23877692501950026,PTK2B;PRKCA,2
KEGG_2019_Mouse,Natural killer cell mediated cytotoxicity,0.07932613716889061,0.2436445641615926,PTK2B;PRKCA,2
KEGG_2019_Mouse,Proximal tubule bicarbonate reclamation,0.08343069154031897,0.25029207462095693,CAR4,1
KEGG_2019_Mouse,Vitamin digestion and absorption,0.09066539829495439,0.26581446318293445,TCN2,1
KEGG_2019_Mouse,Purine metabolism,0.10089606797427116,0.28923539485957733,PDE8A;HDDC3,2
KEGG_2019_Mouse,Mucin type O-glycan biosynthesis,0.10496608269508599,0.29063790054849126,GALNT6,1
KEGG_2019_Mouse,Vascular smooth muscle contraction,0.10589132810681465,0.29063790054849126,ADRA1D;PRKCA,2
KEGG_2019_Mouse,Systemic lupus erythematosus,0.10968130471861526,0.2947685064312785,H2-AA;H2-AB1,2
KEGG_2019_Mouse,Propanoate metabolism,0.1155456581169776,0.30280756051987084,LDHB,1
KEGG_2019_Mouse,Phospholipase D signaling pathway,0.11736727151932978,0.30280756051987084,PTK2B;PRKCA,2
KEGG_2019_Mouse,Hepatitis B,0.13579886990651258,0.33179296962747823,PTK2B;PRKCA,2
KEGG_2019_Mouse,Aldosterone-regulated sodium reabsorption,0.13975355705828088,0.33179296962747823,PRKCA,1
KEGG_2019_Mouse,Pyruvate metabolism,0.13975355705828088,0.33179296962747823,LDHB,1
KEGG_2019_Mouse,African trypanosomiasis,0.14315799384309358,0.33179296962747823,PRKCA,1
KEGG_2019_Mouse,Cell adhesion molecules (CAMs),0.14524542250038155,0.33179296962747823,H2-AA;H2-AB1,2
KEGG_2019_Mouse,Ferroptosis,0.1465491274263136,0.33179296962747823,FTH1,1
KEGG_2019_Mouse,Hepatocellular carcinoma,0.14660619588190898,0.33179296962747823,PRKCA;MET,2
KEGG_2019_Mouse,Neuroactive ligand-receptor interaction,0.15876638857519074,0.3475767976385768,CCK;ADRA1D;VIP,3
KEGG_2019_Mouse,Phagosome,0.15896923302849636,0.3475767976385768,H2-AA;H2-AB1,2
KEGG_2019_Mouse,PI3K-Akt signaling pathway,0.16736267579340688,0.3598297529558248,RELN;PRKCA;MET,3
KEGG_2019_Mouse,Cholesterol metabolism,0.1764790891137693,0.3622883995932581,APOE,1
KEGG_2019_Mouse,Malaria,0.1764790891137693,0.3622883995932581,MET,1
KEGG_2019_Mouse,Cysteine and methionine metabolism,0.17973998119355442,0.3622883995932581,LDHB,1
KEGG_2019_Mouse,N-Glycan biosynthesis,0.17973998119355442,0.3622883995932581,MAN1A,1
KEGG_2019_Mouse,Proteoglycans in cancer,0.1913546142598319,0.3797653113772049,PRKCA;MET,2
KEGG_2019_Mouse,Endocrine and other factor-regulated calcium reabsorption,0.19585418309189603,0.38280590331597864,PRKCA,1
KEGG_2019_Mouse,Rap1 signaling pathway,0.19994964746406985,0.3849776794457464,PRKCA;MET,2
KEGG_2019_Mouse,VEGF signaling pathway,0.2053722521261395,0.3896032430039999,PRKCA,1
KEGG_2019_Mouse,Long-term depression,0.2147790722914977,0.3904055075406351,PRKCA,1
KEGG_2019_Mouse,Central carbon metabolism in cancer,0.2240759273821032,0.3904055075406351,MET,1
KEGG_2019_Mouse,Epstein-Barr virus infection,0.22889763225615792,0.3904055075406351,H2-AA;H2-AB1,2
KEGG_2019_Mouse,Non-small cell lung cancer,0.23021336642329418,0.3904055075406351,PRKCA,1
KEGG_2019_Mouse,Glycolysis / Gluconeogenesis,0.23326408659449144,0.3904055075406351,LDHB,1
KEGG_2019_Mouse,Long-term potentiation,0.23326408659449144,0.3904055075406351,PRKCA,1
KEGG_2019_Mouse,Amphetamine addiction,0.23630286895150415,0.3904055075406351,PRKCA,1
KEGG_2019_Mouse,Fc epsilon RI signaling pathway,0.23630286895150415,0.3904055075406351,PRKCA,1
KEGG_2019_Mouse,Renal cell carcinoma,0.23630286895150415,0.3904055075406351,MET,1
KEGG_2019_Mouse,Cortisol synthesis and secretion,0.23932975965028952,0.3904055075406351,PDE8A,1
KEGG_2019_Mouse,Human immunodeficiency virus 1 infection,0.24202834387224434,0.3904055075406351,PTK2B;PRKCA,2
KEGG_2019_Mouse,Herpes simplex virus 1 infection,0.24449054241339857,0.3904055075406351,CD74;H2-AA;H2-AB1,3
KEGG_2019_Mouse,Melanoma,0.24833954017743415,0.3904055075406351,MET,1
KEGG_2019_Mouse,Thyroid hormone synthesis,0.2513193218281669,0.3904055075406351,PRKCA,1
KEGG_2019_Mouse,Human T-cell leukemia virus 1 infection,0.25226723967304177,0.3904055075406351,H2-AA;H2-AB1,2
KEGG_2019_Mouse,Gastric acid secretion,0.254287439767059,0.3904055075406351,PRKCA,1
KEGG_2019_Mouse,Glioma,0.25724393907716264,0.3904055075406351,PRKCA,1
KEGG_2019_Mouse,Human cytomegalovirus infection,0.26691520649616685,0.40037280974425027,PTK2B;PRKCA,2
KEGG_2019_Mouse,ECM-receptor interaction,0.2804830144359095,0.4153462049061393,RELN,1
KEGG_2019_Mouse,ErbB signaling pathway,0.28333694598248266,0.4153462049061393,PRKCA,1
KEGG_2019_Mouse,GABAergic synapse,0.3002273194519669,0.4303258245478192,PRKCA,1
KEGG_2019_Mouse,Protein digestion and absorption,0.3002273194519669,0.4303258245478192,KCNJ13,1
KEGG_2019_Mouse,MicroRNAs in cancer,0.30496121536040705,0.43230765693947815,PRKCA;MET,2
KEGG_2019_Mouse,Phosphatidylinositol signaling system,0.3221378140557969,0.43369753652352777,PRKCA,1
KEGG_2019_Mouse,MAPK signaling pathway,0.3238778811239773,0.43369753652352777,PRKCA;MET,2
KEGG_2019_Mouse,Choline metabolism in cancer,0.32482854998371763,0.43369753652352777,PRKCA,1
KEGG_2019_Mouse,Circadian entrainment,0.32482854998371763,0.43369753652352777,PRKCA,1
KEGG_2019_Mouse,Melanogenesis,0.32750873980152984,0.43369753652352777,PRKCA,1
KEGG_2019_Mouse,AGE-RAGE signaling pathway in diabetic complications,0.3301784243727234,0.43369753652352777,PRKCA,1
KEGG_2019_Mouse,Aldosterone synthesis and secretion,0.3328376443087539,0.43369753652352777,PRKCA,1
KEGG_2019_Mouse,Glucagon signaling pathway,0.3328376443087539,0.43369753652352777,LDHB,1
KEGG_2019_Mouse,HIF-1 signaling pathway,0.3381248522041658,0.4361810593433739,PRKCA,1
KEGG_2019_Mouse,Amoebiasis,0.34337068556731415,0.4375606479295836,PRKCA,1
KEGG_2019_Mouse,"Parathyroid hormone synthesis, secretion and action",0.3459781867350196,0.4375606479295836,PRKCA,1
KEGG_2019_Mouse,Cholinergic synapse,0.36140987082557346,0.45023879702373376,PRKCA,1
KEGG_2019_Mouse,Glutamatergic synapse,0.36394663013826617,0.45023879702373376,PRKCA,1
KEGG_2019_Mouse,Thyroid hormone signaling pathway,0.3664734394379228,0.45023879702373376,PRKCA,1
KEGG_2019_Mouse,Sphingolipid signaling pathway,0.3887732781501533,0.47312974416386583,PRKCA,1
KEGG_2019_Mouse,Inflammatory mediator regulation of TRP channels,0.3960329226874391,0.4774602525857911,PRKCA,1
KEGG_2019_Mouse,Relaxin signaling pathway,0.4055801707455224,0.48279564276480547,PRKCA,1
KEGG_2019_Mouse,Serotonergic synapse,0.4079436051268511,0.48279564276480547,PRKCA,1
KEGG_2019_Mouse,Dopaminergic synapse,0.41497838024975026,0.48500199747992817,PRKCA,1
KEGG_2019_Mouse,Human papillomavirus infection,0.41732730015714753,0.48500199747992817,RELN;DLG2,2
KEGG_2019_Mouse,Gastric cancer,0.448933097070312,0.5124988453280552,MET,1
KEGG_2019_Mouse,Retrograde endocannabinoid signaling,0.448933097070312,0.5124988453280552,PRKCA,1
KEGG_2019_Mouse,mTOR signaling pathway,0.4576541540968067,0.5133685728564179,PRKCA,1
KEGG_2019_Mouse,Oxytocin signaling pathway,0.4576541540968067,0.5133685728564179,PRKCA,1
KEGG_2019_Mouse,Cushing syndrome,0.4683640533843569,0.516401392193009,PDE8A,1
KEGG_2019_Mouse,Hippo signaling pathway,0.4683640533843569,0.516401392193009,DLG2,1
KEGG_2019_Mouse,Protein processing in endoplasmic reticulum,0.47678139368691286,0.5212271168272182,MAN1A,1
KEGG_2019_Mouse,cGMP-PKG signaling pathway,0.49524230005523845,0.5365113062530306,ADRA1D,1
KEGG_2019_Mouse,Alzheimer disease,0.5012518465357029,0.5365113062530306,APOE,1
KEGG_2019_Mouse,Necroptosis,0.5032392872605945,0.5365113062530306,FTH1,1
KEGG_2019_Mouse,Transcriptional misregulation in cancer,0.5169341092070961,0.5465942630140607,MET,1
KEGG_2019_Mouse,cAMP signaling pathway,0.5680833933693308,0.5957947784117372,VIP,1
KEGG_2019_Mouse,Kaposi sarcoma-associated herpesvirus infection,0.5766369738923822,0.5968339910742558,PREX1,1
KEGG_2019_Mouse,Regulation of actin cytoskeleton,0.5783275107308681,0.5968339910742558,GSN,1
KEGG_2019_Mouse,Viral carcinogenesis,0.5981013994560105,0.6123419089668678,GSN,1
KEGG_2019_Mouse,Pathways in cancer,0.6281885818826332,0.638081315455588,PRKCA;MET,2
KEGG_2019_Mouse,Cytokine-cytokine receptor interaction,0.6878240322777885,0.6931976575299588,CX3CR1,1
KEGG_2019_Mouse,Olfactory transduction,0.9901093180310748,0.9901093180310748,ANO2,1
