measure,sex,week,group,value
ALAT,female,12,LD leptin,2.725467360027853
ALAT,female,12,WT,0.4858098864326017
ALAT,female,12,WT,1.005291263774943
ALAT,female,12,WT,0.4858098864326017
ALAT,female,12,WT,0.5254926445521804
ALAT,female,12,LD saline,8.525733563132583
ALAT,female,12,LD saline,8.925564828382651
ALAT,female,12,LD leptin,3.3658006900584105
ALAT,female,12,WT,0.5657763229697288
ALAT,female,12,LD leptin,6.045574942192413
ALAT,female,12,LD saline,5.565176320107252
ALAT,female,12,LD leptin,1.805554714573045
ALAT,female,12,LD leptin,2.245670575676229
ALAT,female,12,LD saline,6.525371726544037
ALAT,female,12,LD leptin,3.805916551161591
ALAT,female,12,LD saline,5.00541218178293
ALAT,female,12,WT,0.44552620801505327
ALAT,female,12,LD saline,9.24542873966002
ALAT,female,12,WT,5.445528042886114
ALAT,female,12,LD leptin,1.6053381630812424
ALAT,female,12,LD leptin,2.245670575676229
ALAT,female,12,LD leptin,4.165463220558543
ALAT,female,12,LD leptin,1.005291263774943
ALAT,female,12,LD leptin,1.5259735642776562
ALAT,female,12,LD saline,3.3658006900584105
ALAT,female,12,LD saline,6.245790576248645
ALAT,female,12,LD saline,9.445646208587391
ALAT,female,12,WT,5.405241612161859
ALAT,female,12,WT,1.1255413787296185
ALAT,female,12,LD saline,9.205145978678042
ALAT,female,12,WT,0.44552620801505327
ALAT,female,12,WT,0.8856420691182372
ALAT,female,12,WT,1.3654397709054322
ALAT,female,12,WT,1.3654397709054322
ALAT,female,12,WT,0.4858098864326017
ALAT,female,12,LD leptin,5.245310573958744
ALAT,female,12,LD leptin,3.405483448177989
ALAT,female,12,LD leptin,4.205747816411659
ALAT,female,12,LD saline,10.485808968996874
ALAT,female,12,LD saline,8.725349194326418
ALAT,female,12,LD leptin,1.3654397709054322
ALAT,female,12,LD saline,2.4855689678520427
ALAT,female,12,LD saline,3.7253491943264976
ALAT,female,14,WT,2.52525356084276
ALAT,female,14,WT,2.365318852897367
ALAT,female,14,LD saline,3.2852333332233137
ALAT,female,14,LD saline,4.125782297310103
ALAT,female,14,LD saline,6.445406207442481
ALAT,female,14,WT,4.765511954735981
ALAT,female,14,LD saline,4.845477473837537
ALAT,female,14,LD saline,5.045694942764907
ALAT,female,14,LD leptin,0.9259257475357856
ALAT,female,14,LD leptin,2.0857395374731134
ALAT,female,14,WT,1.245791493684294
ALAT,female,14,WT,1.1658241397115994
ALAT,female,14,LD leptin,5.925926664971275
ALAT,female,14,LD leptin,2.245670575676229
ALAT,female,14,LD leptin,2.0454549416199974
ALAT,female,14,WT,0.5254926445521804
ALAT,female,14,WT,0.8453583907006887
ALAT,female,14,WT,0.44552620801505327
ALAT,female,14,LD saline,8.205867816984075
ALAT,female,14,LD leptin,0.8856420691182372
ALAT,female,14,LD saline,8.485450802150606
ALAT,female,14,LD leptin,3.445768044031105
ALAT,female,14,WT,0.6854255176264346
ALAT,female,14,LD leptin,1.8855220685457432
ALAT,female,14,LD saline,7.365320687768426
ALAT,female,14,WT,0.8056756325811101
ALAT,female,14,LD leptin,2.886003905706783
ALAT,female,14,LD saline,5.765390119292345
ALAT,female,14,LD saline,7.645501840926217
ALAT,female,14,LD saline,6.405723449322899
ALAT,female,14,LD leptin,1.6859064373519104
ALAT,female,14,LD leptin,1.6053381630812424
ALAT,female,14,LD saline,7.125422295592614
ALAT,female,14,WT,1.325757930221421
ALAT,female,14,WT,0.8856420691182372
ALAT,female,14,LD leptin,2.2053878146942516
ALAT,female,14,LD saline,8.085617702029401
ALAT,female,14,LD leptin,2.9256848289552266
ALAT,female,14,LD saline,6.005290346339297
ALAT,female,14,WT,0.8453583907006887
ALAT,female,14,LD leptin,3.6056990822342208
ALAT,female,14,WT,0.6457427595068559
ALAT,female,14,WT,2.2053878146942516
ALAT,female,14,LD leptin,2.4458880446036027
ALAT,female,16,LD saline,7.485570802723101
ALAT,female,16,WT,0.8856420691182372
ALAT,female,16,LD leptin,1.245791493684294
ALAT,female,16,WT,0.8453583907006887
ALAT,female,16,LD leptin,4.125782297310103
ALAT,female,16,LD saline,8.085617702029401
ALAT,female,16,WT,1.0858586206100398
ALAT,female,16,LD saline,8.565416321252163
ALAT,female,16,LD leptin,1.7652719535910677
ALAT,female,16,LD saline,7.445886209732382
ALAT,female,16,LD leptin,2.886003905706783
ALAT,female,16,LD leptin,2.0454549416199974
ALAT,female,16,LD saline,4.80519471285556
ALAT,female,16,LD saline,6.005290346339297
ALAT,female,16,WT,3.7656337901796135
ALAT,female,16,WT,0.5657763229697288
ALAT,female,16,LD leptin,2.1260222984550907
ALAT,female,16,LD saline,12.165703221703374
ALAT,female,16,LD leptin,4.725829196616399
ALAT,female,16,WT,1.245791493684294
ALAT,female,16,LD leptin,2.9256848289552266
ALAT,female,16,LD leptin,2.2859551715293485
ALAT,female,16,LD saline,13.645381840353641
ALAT,female,16,LD saline,5.285593334940721
ALAT,female,16,WT,0.7659928744615314
ALAT,female,16,LD leptin,6.005290346339297
ALAT,female,16,LD saline,4.725829196616399
ALAT,female,16,LD leptin,1.6859064373519104
ALAT,female,16,LD leptin,1.4057234493229807
ALAT,female,16,LD saline,3.5654163212522434
ALAT,female,16,WT,0.7659928744615314
ALAT,female,16,LD saline,4.40596345046789
ALAT,female,16,WT,1.9654894225184378
ALAT,female,16,WT,1.1658241397115994
ALAT,female,16,WT,2.0454549416199974
ALAT,female,16,WT,1.4057234493229807
ALAT,female,16,WT,1.3654397709054322
ALAT,female,16,WT,0.725709196043983
ALAT,female,16,WT,1.0858586206100398
ALAT,female,16,LD leptin,0.6457427595068559
ALAT,female,16,LD saline,12.845117472119972
ALAT,female,16,LD leptin,1.245791493684294
ALAT,female,16,LD saline,10.165345054857106
ALAT,female,16,LD leptin,1.245791493684294
ALAT,male,12,LD leptin,1.6859066347175258
ALAT,male,12,LD leptin,2.0857397054930473
ALAT,male,12,LD saline,3.9255648613689686
ALAT,male,12,LD saline,8.965849087291097
ALAT,male,12,LD leptin,1.645623876692099
ALAT,male,12,LD leptin,2.8457194220950015
ALAT,male,12,WT,1.3654390743561464
ALAT,male,12,LD saline,8.0856174296892
ALAT,male,12,WT,1.2055080478911506
ALAT,male,12,WT,0.8056749771156291
ALAT,male,12,WT,0.7659940567795687
ALAT,male,12,WT,1.2457908059165774
ALAT,male,12,WT,0.6854248709866937
ALAT,male,12,WT,0.5254938445216908
ALAT,male,12,LD leptin,4.165463235937473
ALAT,male,12,WT,0.6854248709866937
ALAT,male,12,WT,0.8453577323227037
ALAT,male,12,LD saline,3.565416380671522
ALAT,male,12,LD leptin,1.8855222512606034
ALAT,male,12,WT,1.2055080478911506
ALAT,male,12,WT,0.4455264964181893
ALAT,male,12,LD leptin,5.925924716270259
ALAT,male,12,LD saline,8.405483152361214
ALAT,male,12,LD saline,10.485808520495006
ALAT,male,12,WT,0.6054593577541922
ALAT,male,12,LD leptin,1.485689180485089
ALAT,male,12,WT,0.36556098318568786
ALAT,male,12,LD leptin,5.005412135513936
ALAT,male,12,WT,6.565656161614285
ALAT,male,12,WT,0.4058455760821218
ALAT,male,12,WT,0.4455264964181893
ALAT,male,12,LD saline,7.605820680552185
ALAT,male,12,LD saline,4.205747828833907
ALAT,male,12,LD leptin,0.9259250832445645
ALAT,male,12,LD leptin,1.8458394960535358
ALAT,male,12,LD saline,4.525611716634913
ALAT,male,12,LD leptin,2.565536454630056
ALAT,male,12,LD leptin,2.4855709413975546
ALAT,male,12,LD leptin,6.125542167684344
ALAT,male,12,LD saline,7.765751707017188
ALAT,male,12,LD saline,4.365680690169917
ALAT,male,12,LD saline,6.125542167684344
ALAT,male,12,LD leptin,2.0454532777256063
ALAT,male,12,LD leptin,3.725349242007532
ALAT,male,14,LD leptin,3.085617796663506
ALAT,male,14,LD saline,2.5252536966046293
ALAT,male,14,LD leptin,5.6854245040123885
ALAT,male,14,WT,0.7257094638831276
ALAT,male,14,WT,0.9259250832445645
ALAT,male,14,LD leptin,1.445406422459655
ALAT,male,14,LD saline,3.3255180061030174
ALAT,male,14,WT,0.36556098318568786
ALAT,male,14,WT,0.8453577323227037
ALAT,male,14,LD saline,3.1655833098960073
ALAT,male,14,WT,2.0857397054930473
ALAT,male,14,LD saline,3.6459837315933896
ALAT,male,14,LD saline,2.9653676905345705
ALAT,male,14,LD leptin,3.245550657999509
ALAT,male,14,LD saline,4.045213129808538
ALAT,male,14,LD leptin,1.605339283795658
ALAT,male,14,LD leptin,3.1253005518705734
ALAT,male,14,LD saline,12.2853527532165
ALAT,male,14,LD saline,15.64574284972771
ALAT,male,14,WT,1.5259756082525229
ALAT,male,14,WT,0.9656078384516391
ALAT,male,14,WT,0.8453577323227037
ALAT,male,14,LD leptin,2.6857865607589915
ALAT,male,14,LD saline,2.5252536966046293
ALAT,male,14,LD leptin,2.8457194220950015
ALAT,male,14,WT,0.36556098318568786
ALAT,male,14,WT,0.48581108931462325
ALAT,male,14,LD leptin,3.9658494542654026
ALAT,male,14,LD saline,5.485810722340318
ALAT,male,14,LD saline,4.805194681281499
ALAT,male,14,LD leptin,5.605458990779887
ALAT,male,14,LD leptin,1.325758154020086
ALAT,male,14,LD saline,6.44540605548535
ALAT,male,14,LD saline,5.125662241642871
ALAT,male,14,LD leptin,5.04569489353937
ALAT,male,14,LD leptin,1.9654895993641048
ALAT,male,14,LD saline,10.325877494030003
ALAT,male,14,LD leptin,1.445406422459655
ALAT,male,14,LD leptin,2.245670731958043
ALAT,male,14,WT,0.4058455760821218
ALAT,male,14,WT,0.3258782279786203
ALAT,male,14,WT,0.7257094638831276
ALAT,male,14,WT,0.7257094638831276
ALAT,male,14,WT,0.6054593577541922
ALAT,male,16,LD saline,5.76539185211589
ALAT,male,16,LD saline,4.285713342066408
ALAT,male,16,LD leptin,3.3658007641284513
ALAT,male,16,LD leptin,3.8852821033435347
ALAT,male,16,LD leptin,2.4855709413975546
ALAT,male,16,WT,1.325758154020086
ALAT,male,16,LD saline,12.365318266449002
ALAT,male,16,WT,1.5656565285885904
ALAT,male,16,LD saline,6.885520049415291
ALAT,male,16,WT,2.4855709413975546
ALAT,male,16,WT,2.4855709413975546
ALAT,male,16,LD saline,7.085737503647735
ALAT,male,16,LD leptin,3.845599348136467
ALAT,male,16,WT,0.48581108931462325
ALAT,male,16,LD leptin,7.045454745622301
ALAT,male,16,WT,1.6859066347175258
ALAT,male,16,LD leptin,3.2852334132065835
ALAT,male,16,LD saline,7.605820680552185
ALAT,male,16,LD leptin,3.5257336254644542
ALAT,male,16,WT,0.6854248709866937
ALAT,male,16,LD saline,8.0856174296892
ALAT,male,16,WT,2.565536454630056
ALAT,male,16,LD leptin,1.3654390743561464
ALAT,male,16,WT,1.9258050092860373
ALAT,male,16,LD leptin,4.045213129808538
ALAT,male,16,LD saline,3.9255648613689686
ALAT,male,16,WT,0.8056749771156291
ALAT,male,16,LD leptin,2.1657033838545416
ALAT,male,16,LD leptin,1.8855222512606034
ALAT,male,16,LD saline,5.485810722340318
ALAT,male,16,LD saline,7.765751707017188
ALAT,male,16,WT,1.9258050092860373
ALAT,male,16,LD saline,8.365800397154139
ALAT,male,16,LD leptin,2.0454532777256063
ALAT,male,16,LD saline,7.365320468294314
ALAT,male,16,LD leptin,1.8458394960535358
ALAT,male,16,LD saline,8.885279901498222
ALAT,male,16,LD saline,3.405483519335519
ALAT,male,16,LD leptin,2.8054348291985605
ALAT,male,16,LD leptin,1.485689180485089
ALAT,male,16,WT,1.2055080478911506
ALAT,male,16,WT,1.7255893899245933
ALAT,male,16,WT,2.3653208352686192
ALAT,male,16,WT,1.485689180485089
ASAT,female,12,LD leptin,5.541296176509654
ASAT,female,12,WT,2.6616991237111733
ASAT,female,12,WT,2.4616705769178537
ASAT,female,12,WT,1.9813981720236384
ASAT,female,12,WT,2.3012415036384795
ASAT,female,12,LD saline,10.101335365626444
ASAT,female,12,LD saline,8.6615376138951
ASAT,female,12,LD leptin,5.301666606866611
ASAT,female,12,WT,1.7417717010521798
ASAT,female,12,LD leptin,10.340961836597902
ASAT,female,12,LD saline,5.780922647481113
ASAT,female,12,LD leptin,8.940765107716288
ASAT,female,12,LD leptin,6.061166505582008
ASAT,female,12,LD saline,6.58103683465437
ASAT,female,12,LD leptin,8.26148052030847
ASAT,female,12,LD saline,5.701723700453236
ASAT,female,12,WT,1.4209135544934242
ASAT,female,12,LD saline,18.14105569858587
ASAT,female,12,WT,13.940459314597852
ASAT,female,12,LD leptin,3.1409536149898827
ASAT,female,12,LD leptin,5.4214798423523405
ASAT,female,12,LD leptin,8.06144887484357
ASAT,female,12,LD leptin,2.6616991237111733
ASAT,female,12,LD leptin,6.381008287861054
ASAT,female,12,LD saline,2.901325594682632
ASAT,female,12,LD saline,6.221594029525598
ASAT,female,12,LD saline,9.340822201302917
ASAT,female,12,WT,14.781187790228966
ASAT,female,12,WT,2.9815424553260073
ASAT,female,12,LD saline,10.181547578262446
ASAT,female,12,WT,3.621226019884091
ASAT,female,12,WT,5.261052318408751
ASAT,female,12,WT,12.701703375267947
ASAT,female,12,WT,4.98081155897944
ASAT,female,12,WT,1.9011844100518474
ASAT,female,12,LD leptin,7.2613377863418975
ASAT,female,12,LD leptin,10.941047476977847
ASAT,female,12,LD leptin,6.261195052375324
ASAT,female,12,LD saline,10.30136391241976
ASAT,female,12,LD saline,8.6615376138951
ASAT,female,12,LD leptin,4.341124895749765
ASAT,female,12,LD saline,4.541153442543084
ASAT,female,12,LD saline,4.2213116602640355
ASAT,female,14,WT,8.861563062016828
ASAT,female,14,WT,3.660827042733821
ASAT,female,14,LD saline,4.78179627779425
ASAT,female,14,LD saline,6.341410363682911
ASAT,female,14,LD saline,8.22187949745874
ASAT,female,14,WT,5.181853371380882
ASAT,female,14,LD saline,5.181853371380882
ASAT,female,14,LD saline,4.501552419693354
ASAT,female,14,LD leptin,3.4211974730907784
ASAT,female,14,LD leptin,3.74103925536982
ASAT,female,14,WT,3.1409536149898827
ASAT,female,14,WT,2.7815123591969027
ASAT,female,14,LD leptin,7.821822403872112
ASAT,female,14,LD leptin,3.7816566424992644
ASAT,female,14,LD leptin,3.1409536149898827
ASAT,female,14,WT,1.3011003190076948
ASAT,female,14,WT,5.581910464967507
ASAT,female,14,WT,1.2218998226440334
ASAT,female,14,LD saline,6.541438910476224
ASAT,female,14,LD leptin,1.7417717010521798
ASAT,female,14,LD saline,9.060578343202017
ASAT,female,14,LD leptin,4.101495326106722
ASAT,female,14,WT,2.3012415036384795
ASAT,female,14,LD leptin,3.301384237605049
ASAT,female,14,LD saline,4.580754465392808
ASAT,female,14,WT,3.301384237605049
ASAT,female,14,LD leptin,10.461791436363345
ASAT,female,14,LD saline,10.621205694698801
ASAT,female,14,LD saline,7.421765310285483
ASAT,female,14,LD saline,7.2613377863418975
ASAT,female,14,LD leptin,0.9416575138789227
ASAT,female,14,LD leptin,6.300796075225055
ASAT,female,14,LD saline,9.181407942967457
ASAT,female,14,WT,4.460938131235494
ASAT,female,14,WT,2.3012415036384795
ASAT,female,14,LD leptin,4.421340207057348
ASAT,female,14,LD saline,6.7414643585979555
ASAT,female,14,LD leptin,3.1409536149898827
ASAT,female,14,LD saline,10.30136391241976
ASAT,female,14,WT,4.860995224822126
ASAT,female,14,LD leptin,4.78179627779425
ASAT,female,14,WT,4.141096348956452
ASAT,female,14,WT,5.181853371380882
ASAT,female,14,LD leptin,5.101641158744883
ASAT,female,16,LD saline,5.301666606866611
ASAT,female,16,WT,1.781371174566118
ASAT,female,16,LD leptin,2.860712855560564
ASAT,female,16,WT,1.9407838835657856
ASAT,female,16,LD leptin,5.3412676297163415
ASAT,female,16,LD saline,6.541438910476224
ASAT,female,16,WT,3.341998526062909
ASAT,female,16,LD saline,6.101780794039868
ASAT,female,16,LD leptin,3.341998526062909
ASAT,female,16,LD saline,4.381739184207625
ASAT,female,16,LD leptin,3.94106780216314
ASAT,female,16,LD leptin,3.74103925536982
ASAT,female,16,LD saline,2.6616991237111733
ASAT,female,16,LD saline,4.060884136320453
ASAT,female,16,WT,4.621368753850668
ASAT,female,16,WT,1.5813410784370134
ASAT,female,16,LD leptin,5.621511487817237
ASAT,female,16,LD saline,12.141218757737732
ASAT,female,16,LD leptin,8.06144887484357
ASAT,female,16,WT,1.3011003190076948
ASAT,female,16,LD leptin,6.021568581403869
ASAT,female,16,LD leptin,3.74103925536982
ASAT,female,16,LD saline,10.981661765435703
ASAT,female,16,LD saline,5.061023771615439
ASAT,female,16,WT,3.9816820906209927
ASAT,female,16,LD leptin,9.141806920117727
ASAT,female,16,LD saline,5.541296176509654
ASAT,female,16,LD leptin,3.701441331191681
ASAT,female,16,LD leptin,2.581485361739375
ASAT,female,16,LD saline,2.34084252648821
ASAT,female,16,WT,1.8209706480800563
ASAT,female,16,LD saline,2.1012114075093677
ASAT,female,16,WT,3.5410107085765077
ASAT,female,16,WT,2.2210261923308963
ASAT,female,16,WT,5.3412676297163415
ASAT,female,16,WT,4.901609513279979
ASAT,female,16,WT,3.94106780216314
ASAT,female,16,WT,2.3012415036384795
ASAT,female,16,LD leptin,2.6616991237111733
ASAT,female,16,LD saline,12.421459517167047
ASAT,female,16,LD leptin,3.221168926297466
ASAT,female,16,LD saline,8.620920226765659
ASAT,female,16,LD leptin,2.18142826815275
ASAT,male,12,LD leptin,5.741324920583153
ASAT,male,12,LD leptin,4.660966954824403
ASAT,male,12,LD saline,4.5807547480921045
ASAT,male,12,LD saline,11.34110435569535
ASAT,male,12,LD leptin,3.8212549052766462
ASAT,male,12,LD leptin,8.501106985437417
ASAT,male,12,WT,3.8212549052766462
ASAT,male,12,LD saline,9.74087609912722
ASAT,male,12,WT,3.6608242944693217
ASAT,male,12,WT,2.941941835793827
ASAT,male,12,WT,2.9013275503252203
ASAT,male,12,WT,2.4210551807795184
ASAT,male,12,WT,1.901184889970125
ASAT,male,12,WT,2.141827707509748
ASAT,male,12,LD leptin,9.460635360323906
ASAT,male,12,WT,3.4618121266032063
ASAT,male,12,WT,5.701723900648091
ASAT,male,12,LD saline,6.180983004660234
ASAT,male,12,LD leptin,3.6608242944693217
ASAT,male,12,WT,6.141381984725186
ASAT,male,12,WT,3.021140776992567
ASAT,male,12,LD leptin,12.780905100127526
ASAT,male,12,LD saline,16.101171741259805
ASAT,male,12,LD saline,12.341247016050445
ASAT,male,12,WT,1.8615869687064333
ASAT,male,12,LD leptin,2.941941835793827
ASAT,male,12,WT,1.5011278258280925
ASAT,male,12,LD leptin,7.620777551749697
ASAT,male,12,WT,10.061734222070498
ASAT,male,12,WT,1.4209156190957941
ASAT,male,12,WT,2.821112244921551
ASAT,male,12,LD saline,11.941189951908413
ASAT,male,12,LD saline,7.4217653838835815
ASAT,male,12,LD leptin,2.821112244921551
ASAT,male,12,LD leptin,2.9815428557288755
ASAT,male,12,LD saline,5.461081083108468
ASAT,male,12,LD leptin,5.301666836506058
ASAT,male,12,LD leptin,2.941941835793827
ASAT,male,12,LD leptin,9.661677157928466
ASAT,male,12,LD saline,7.901021389224368
ASAT,male,12,LD saline,6.381008438059894
ASAT,male,12,LD saline,8.940761970843155
ASAT,male,12,LD leptin,3.5816253532705673
ASAT,male,12,LD leptin,5.141239324370105
ASAT,male,14,LD leptin,4.941210792299088
ASAT,male,14,LD saline,4.421340501489695
ASAT,male,14,LD leptin,7.740593877088415
ASAT,male,14,WT,1.5407288457631552
ASAT,male,14,WT,1.7011563578991087
ASAT,male,14,LD leptin,3.3419988999358594
ASAT,male,14,LD saline,1.9407859099051876
ASAT,male,14,WT,1.901184889970125
ASAT,male,14,WT,1.5407288457631552
ASAT,male,14,LD saline,5.061024018966435
ASAT,male,14,WT,4.421340501489695
ASAT,male,14,LD saline,4.541153728157042
ASAT,male,14,LD saline,2.821112244921551
ASAT,male,14,LD leptin,5.8215402259868085
ASAT,male,14,LD saline,5.021426097702744
ASAT,male,14,LD leptin,2.5418847716517803
ASAT,male,14,LD leptin,4.421340501489695
ASAT,male,14,LD saline,26.42142064067275
ASAT,male,14,LD saline,15.181241287637022
ASAT,male,14,WT,1.8615869687064333
ASAT,male,14,WT,3.62122637320563
ASAT,male,14,WT,2.6616979983191413
ASAT,male,14,LD leptin,4.781796545696665
ASAT,male,14,LD saline,4.901609772364026
ASAT,male,14,LD leptin,3.9816824174125998
ASAT,male,14,WT,1.3813145991607456
ASAT,male,14,WT,2.1012134220411554
ASAT,male,14,LD leptin,4.101495644079961
ASAT,male,14,LD saline,3.941068131943993
ASAT,male,14,LD saline,7.220723586279021
ASAT,male,14,LD leptin,7.061309339676612
ASAT,male,14,LD leptin,2.141827707509748
ASAT,male,14,LD saline,5.101641403106399
ASAT,male,14,LD saline,5.101641403106399
ASAT,male,14,LD leptin,6.541439048867218
ASAT,male,14,LD leptin,5.701723900648091
ASAT,male,14,LD saline,12.541272449450105
ASAT,male,14,LD leptin,8.3010784533664
ASAT,male,14,LD leptin,4.660966954824403
ASAT,male,14,WT,2.6616979983191413
ASAT,male,14,WT,1.341713579225683
ASAT,male,14,WT,1.8209695845664697
ASAT,male,14,WT,5.2610525510374515
ASAT,male,14,WT,2.261640934177109
ASAT,male,16,LD saline,7.901021389224368
ASAT,male,16,LD saline,5.461081083108468
ASAT,male,16,LD leptin,4.261926254887271
ASAT,male,16,LD leptin,5.061024018966435
ASAT,male,16,LD leptin,3.301381515795896
ASAT,male,16,WT,3.3419988999358594
ASAT,male,16,LD saline,13.541418208476543
ASAT,male,16,WT,1.9813970967024375
ASAT,male,16,LD saline,5.8611381472505
ASAT,male,16,WT,2.6616979983191413
ASAT,male,16,WT,6.180983004660234
ASAT,male,16,LD saline,5.980951373917861
ASAT,male,16,LD leptin,2.261640934177109
ASAT,male,16,WT,0.9010453282864006
ASAT,male,16,LD leptin,6.781065502201926
ASAT,male,16,WT,1.8209695845664697
ASAT,male,16,LD leptin,4.660966954824403
ASAT,male,16,LD saline,5.980951373917861
ASAT,male,16,LD leptin,3.62122637320563
ASAT,male,16,WT,1.661558436635417
ASAT,male,16,LD saline,10.901449370289626
ASAT,male,16,WT,3.1013560823962365
ASAT,male,16,LD leptin,2.7815112249865024
ASAT,male,16,WT,2.5418847716517803
ASAT,male,16,LD leptin,5.2610525510374515
ASAT,male,16,LD saline,4.101495644079961
ASAT,male,16,WT,2.7409000381892525
ASAT,male,16,LD leptin,4.221311969418679
ASAT,male,16,LD leptin,2.581485791586843
ASAT,male,16,LD saline,5.780922841846845
ASAT,male,16,LD saline,6.58103697013091
ASAT,male,16,WT,4.221311969418679
ASAT,male,16,LD saline,7.7812081625570215
ASAT,male,16,LD leptin,6.021568758057825
ASAT,male,16,LD saline,9.701278177863529
ASAT,male,16,LD leptin,4.0212834373476625
ASAT,male,16,LD saline,8.74174980297704
ASAT,male,16,LD saline,6.180983004660234
ASAT,male,16,LD leptin,4.141096664015009
ASAT,male,16,LD leptin,2.5418847716517803
ASAT,male,16,WT,1.5407288457631552
ASAT,male,16,WT,2.261640934177109
ASAT,male,16,WT,3.061755062461174
ASAT,male,16,WT,2.1814287274448105
Cholesterol,female,12,LD leptin,19.441963840542442
Cholesterol,female,12,WT,29.520515975575904
Cholesterol,female,12,WT,38.04382401231824
Cholesterol,female,12,WT,22.124595916025868
Cholesterol,female,12,WT,30.882210802334512
Cholesterol,female,12,LD saline,58.08208569278645
Cholesterol,female,12,LD saline,28.882125668020265
Cholesterol,female,12,LD leptin,25.163786849228345
Cholesterol,female,12,WT,22.32155460611243
Cholesterol,female,12,LD leptin,59.240034081273365
Cholesterol,female,12,LD saline,65.1621941096769
Cholesterol,female,12,LD leptin,71.84162848713208
Cholesterol,female,12,LD leptin,39.64322474422289
Cholesterol,female,12,LD saline,60.56097132999818
Cholesterol,female,12,LD leptin,53.60310455828615
Cholesterol,female,12,LD saline,30.084209964172047
Cholesterol,female,12,WT,42.84200548208352
Cholesterol,female,12,LD saline,59.841076229349255
Cholesterol,female,12,WT,23.72399664793052
Cholesterol,female,12,LD leptin,50.8016195302297
Cholesterol,female,12,LD leptin,57.002243041813074
Cholesterol,female,12,LD leptin,39.00142501811318
Cholesterol,female,12,LD leptin,50.51976735444447
Cholesterol,female,12,LD leptin,46.60109151593491
Cholesterol,female,12,LD saline,68.63943833071738
Cholesterol,female,12,LD saline,56.36044331570338
Cholesterol,female,12,LD saline,41.2018575351194
Cholesterol,female,12,WT,22.76299658655583
Cholesterol,female,12,WT,38.04382401231824
Cholesterol,female,12,LD saline,54.16001079869717
Cholesterol,female,12,WT,31.92470529382814
Cholesterol,female,12,WT,30.722610634702022
Cholesterol,female,12,WT,36.121834252543195
Cholesterol,female,12,WT,33.283001065007014
Cholesterol,female,12,WT,39.721320118762094
Cholesterol,female,12,LD leptin,42.40395219424552
Cholesterol,female,12,LD leptin,55.640548215054466
Cholesterol,female,12,LD leptin,53.243157007961685
Cholesterol,female,12,LD saline,57.16183284647124
Cholesterol,female,12,LD saline,59.80032901428979
Cholesterol,female,12,LD leptin,34.72279126630485
Cholesterol,female,12,LD saline,34.56319109867236
Cholesterol,female,12,LD saline,49.840619468855024
Cholesterol,female,14,WT,42.00325742886159
Cholesterol,female,14,WT,28.72251513741344
Cholesterol,female,14,LD saline,9.523011873141485
Cholesterol,female,14,LD saline,55.161747712156995
Cholesterol,female,14,LD saline,46.24114396561046
Cholesterol,female,14,WT,45.60274329508049
Cholesterol,female,14,LD saline,44.40064863595437
Cholesterol,female,14,LD saline,58.52012861765013
Cholesterol,female,14,LD leptin,34.76353848136432
Cholesterol,female,14,LD leptin,46.081533435003635
Cholesterol,female,14,WT,40.760415554676
Cholesterol,female,14,WT,33.52069660717872
Cholesterol,female,14,LD leptin,21.442048974856704
Cholesterol,female,14,LD leptin,34.72279126630485
Cholesterol,female,14,LD leptin,47.083280711437794
Cholesterol,female,14,WT,24.92268188850258
Cholesterol,female,14,WT,22.32155460611243
Cholesterol,female,14,WT,29.602020768669178
Cholesterol,female,14,LD saline,61.600066765912075
Cholesterol,female,14,LD leptin,44.44139585101384
Cholesterol,female,14,LD saline,58.72048636331641
Cholesterol,female,14,LD leptin,20.362206323883328
Cholesterol,female,14,WT,44.40064863595437
Cholesterol,female,14,LD leptin,44.71984897121935
Cholesterol,female,14,WT,44.12219551574886
Cholesterol,female,14,LD leptin,33.7618015679045
Cholesterol,female,14,LD saline,40.24426689229878
Cholesterol,female,14,LD saline,56.80188529614679
Cholesterol,female,14,LD saline,51.80336680666386
Cholesterol,female,14,LD leptin,38.00307679725876
Cholesterol,female,14,LD leptin,22.44379625129085
Cholesterol,female,14,LD saline,23.24519614503305
Cholesterol,female,14,WT,16.684625083125212
Cholesterol,female,14,WT,27.401577888688635
Cholesterol,female,14,LD leptin,41.24261511315321
Cholesterol,female,14,LD saline,64.88036265984032
Cholesterol,female,14,LD leptin,53.44010533507392
Cholesterol,female,14,LD saline,50.51976735444447
Cholesterol,female,14,WT,29.802357788386814
Cholesterol,female,14,LD leptin,58.52012861765013
Cholesterol,female,14,WT,32.88229593664876
Cholesterol,female,14,WT,11.563854585489537
Cholesterol,female,14,LD leptin,62.119614483869015
Cholesterol,female,16,LD saline,54.32299965893506
Cholesterol,female,16,WT,31.564757743503677
Cholesterol,female,16,LD leptin,25.921030109357005
Cholesterol,female,16,WT,32.48160117126483
Cholesterol,female,16,LD leptin,49.07997715314664
Cholesterol,female,16,LD saline,64.123098673763
Cholesterol,female,16,WT,38.52262451521571
Cholesterol,female,16,LD saline,59.12118112870034
Cholesterol,female,16,LD leptin,39.40211978349711
Cholesterol,female,16,LD saline,78.03884258016139
Cholesterol,female,16,LD leptin,61.88191894169731
Cholesterol,female,16,LD leptin,16.684625083125212
Cholesterol,female,16,LD saline,85.67925629304258
Cholesterol,female,16,LD saline,57.002243041813074
Cholesterol,female,16,WT,41.36146806572623
Cholesterol,female,16,WT,45.04243799908974
Cholesterol,female,16,LD leptin,29.323567648463666
Cholesterol,female,16,LD saline,60.36062394730621
Cholesterol,female,16,LD leptin,35.40193915189428
Cholesterol,female,16,WT,43.721500750364925
Cholesterol,female,16,LD leptin,52.67946301936554
Cholesterol,female,16,LD leptin,41.96251021380212
Cholesterol,female,16,LD saline,62.52031961222728
Cholesterol,female,16,LD saline,58.6016334107434
Cholesterol,female,16,WT,32.080906405880896
Cholesterol,female,16,LD leptin,25.961787687390796
Cholesterol,female,16,LD saline,34.72279126630485
Cholesterol,female,16,LD leptin,12.24300247107898
Cholesterol,female,16,LD leptin,41.96251021380212
Cholesterol,female,16,LD saline,71.64127074146577
Cholesterol,female,16,WT,40.60421444262323
Cholesterol,female,16,LD saline,75.28150382274416
Cholesterol,female,16,WT,36.923234146285395
Cholesterol,female,16,WT,39.042172233172664
Cholesterol,female,16,WT,19.96491061407913
Cholesterol,female,16,WT,36.04033982242426
Cholesterol,female,16,WT,43.361553200040476
Cholesterol,female,16,WT,29.68351519878813
Cholesterol,female,16,WT,38.563382093249515
Cholesterol,female,16,LD leptin,15.645529647211319
Cholesterol,female,16,LD saline,26.08402933256923
Cholesterol,female,16,LD leptin,34.48169666855341
Cholesterol,female,16,LD saline,73.52251328618135
Cholesterol,female,16,LD leptin,39.32062535337816
Cholesterol,male,12,LD leptin,67.36265371464899
Cholesterol,male,12,LD leptin,74.4393743249206
Cholesterol,male,12,LD saline,42.081366363242495
Cholesterol,male,12,LD saline,38.96068060921951
Cholesterol,male,12,LD leptin,10.164800437275176
Cholesterol,male,12,LD leptin,61.8411773973809
Cholesterol,male,12,WT,46.88293712675704
Cholesterol,male,12,LD saline,68.47984466497144
Cholesterol,male,12,WT,40.882660246646964
Cholesterol,male,12,WT,29.201327587606045
Cholesterol,male,12,WT,30.922959817258544
Cholesterol,male,12,WT,35.9214892955184
Cholesterol,male,12,WT,26.76317849722969
Cholesterol,male,12,WT,26.162136273904906
Cholesterol,male,12,LD leptin,18.36212141685013
Cholesterol,male,12,WT,27.60192665546066
Cholesterol,male,12,WT,26.00253608629089
Cholesterol,male,12,LD saline,27.961874250849604
Cholesterol,male,12,LD leptin,11.244653586417598
Cholesterol,male,12,WT,51.00197122662499
Cholesterol,male,12,WT,25.88368311883781
Cholesterol,male,12,LD leptin,44.960947126354
Cholesterol,male,12,LD saline,66.6427585238711
Cholesterol,male,12,LD saline,48.60119102635554
Cholesterol,male,12,WT,34.28135150618772
Cholesterol,male,12,LD leptin,34.72279354189848
Cholesterol,male,12,WT,30.841465376936725
Cholesterol,male,12,LD leptin,43.721504152573175
Cholesterol,male,12,WT,32.96380278511472
Cholesterol,male,12,WT,12.803286572450816
Cholesterol,male,12,WT,16.48427769261326
Cholesterol,male,12,LD saline,52.88321400686715
Cholesterol,male,12,LD saline,43.40230377734514
Cholesterol,male,12,LD leptin,23.082197740042858
Cholesterol,male,12,LD leptin,40.0031752312307
Cholesterol,male,12,LD saline,48.60119102635554
Cholesterol,male,12,LD leptin,51.48077178946704
Cholesterol,male,12,LD leptin,38.48188004637748
Cholesterol,male,12,LD leptin,56.241605695796295
Cholesterol,male,12,LD saline,46.522989531368125
Cholesterol,male,12,LD saline,31.64286537101205
Cholesterol,male,12,LD saline,36.00298373584022
Cholesterol,male,12,LD leptin,16.283930284838334
Cholesterol,male,12,LD leptin,19.28236401540292
Cholesterol,male,14,LD leptin,40.0031752312307
Cholesterol,male,14,LD saline,13.404339158751213
Cholesterol,male,14,LD leptin,42.32246099117833
Cholesterol,male,14,WT,34.84164650935156
Cholesterol,male,14,WT,33.0826557525678
Cholesterol,male,14,LD leptin,32.96380278511472
Cholesterol,male,14,LD saline,44.28179915573702
Cholesterol,male,14,WT,28.16222165862453
Cholesterol,male,14,WT,27.88377886653305
Cholesterol,male,14,LD saline,15.482530290763009
Cholesterol,male,14,WT,9.003452847810877
Cholesterol,male,14,LD saline,19.363858455724767
Cholesterol,male,14,LD saline,25.442241083127044
Cholesterol,male,14,LD leptin,23.96509217444003
Cholesterol,male,14,LD saline,50.56051882793861
Cholesterol,male,14,LD leptin,21.363954203420008
Cholesterol,male,14,LD leptin,19.12276382778893
Cholesterol,male,14,LD saline,46.522989531368125
Cholesterol,male,14,LD saline,75.04041654824539
Cholesterol,male,14,WT,35.52419353597381
Cholesterol,male,14,WT,29.323569248088802
Cholesterol,male,14,WT,27.761526843074677
Cholesterol,male,14,LD leptin,45.60274693281531
Cholesterol,male,14,LD saline,13.044391563362296
Cholesterol,male,14,LD leptin,8.962705627649939
Cholesterol,male,14,WT,18.844321035697448
Cholesterol,male,14,WT,18.525110297493796
Cholesterol,male,14,LD leptin,61.48121943901634
Cholesterol,male,14,LD saline,59.84108164968569
Cholesterol,male,14,LD saline,10.443253592342273
Cholesterol,male,14,LD leptin,45.32089472174292
Cholesterol,male,14,LD leptin,41.0422707972366
Cholesterol,male,14,LD saline,57.20259551451002
Cholesterol,male,14,LD leptin,42.003260615950325
Cholesterol,male,14,LD leptin,12.283749152423468
Cholesterol,male,14,LD saline,64.04161018987546
Cholesterol,male,14,LD leptin,34.24060428602678
Cholesterol,male,14,LD leptin,37.76197449262398
Cholesterol,male,14,WT,28.963621652699857
Cholesterol,male,14,WT,23.96509217444003
Cholesterol,male,14,WT,32.36276056178994
Cholesterol,male,14,WT,32.40350778195085
Cholesterol,male,14,WT,45.72158953729277
Cholesterol,male,16,LD saline,52.961309391183704
Cholesterol,male,16,LD saline,13.923886941754176
Cholesterol,male,16,LD leptin,40.2816283862978
Cholesterol,male,16,LD leptin,34.60054151844011
Cholesterol,male,16,LD leptin,29.961969998544845
Cholesterol,male,16,WT,33.32375038050364
Cholesterol,male,16,LD saline,88.36190772256822
Cholesterol,male,16,WT,26.043283306451826
Cholesterol,male,16,LD saline,51.28041401871647
Cholesterol,male,16,WT,23.442145335431803
Cholesterol,male,16,WT,13.003644343201358
Cholesterol,male,16,LD saline,61.800430177219994
Cholesterol,male,16,LD leptin,57.60329033005988
Cholesterol,male,16,WT,21.601660138326196
Cholesterol,male,16,LD leptin,19.723806051113712
Cholesterol,male,16,WT,30.722612409483617
Cholesterol,male,16,LD leptin,50.60126604809952
Cholesterol,male,16,LD saline,60.00068183729968
Cholesterol,male,16,LD leptin,50.80162381885006
Cholesterol,male,16,WT,24.644240145056983
Cholesterol,male,16,LD saline,41.4803137769421
Cholesterol,male,16,WT,54.56071032332909
Cholesterol,male,16,LD leptin,7.482168025933277
Cholesterol,male,16,WT,32.763455377339795
Cholesterol,male,16,LD leptin,53.60310919764501
Cholesterol,male,16,LD saline,48.32273787128844
Cholesterol,male,16,WT,25.323388115673936
Cholesterol,male,16,LD leptin,6.684177450838888
Cholesterol,male,16,LD leptin,37.082826522007025
Cholesterol,male,16,LD saline,41.4803137769421
Cholesterol,male,16,LD saline,30.804106849805464
Cholesterol,male,16,WT,7.482168025933277
Cholesterol,male,16,LD saline,37.323931512918506
Cholesterol,male,16,LD leptin,15.482530290763009
Cholesterol,male,16,LD saline,70.20148725759955
Cholesterol,male,16,LD leptin,11.081654342798288
Cholesterol,male,16,LD saline,50.76087659868915
Cholesterol,male,16,LD saline,8.884610243333384
Cholesterol,male,16,LD leptin,54.56071032332909
Cholesterol,male,16,LD leptin,8.324304877193924
Cholesterol,male,16,WT,33.12340297272871
Cholesterol,male,16,WT,48.400833255604965
Cholesterol,male,16,WT,37.24243707259666
Cholesterol,male,16,WT,36.48178429868224
fFA,female,12,LD leptin,0.7166320730622164
fFA,female,12,WT,0.7566151994362058
fFA,female,12,WT,0.9566478700144208
fFA,female,12,WT,0.6766487688178495
fFA,female,12,WT,0.7166320730622164
fFA,female,12,LD saline,1.4366213003054502
fFA,female,12,LD saline,1.236646971210992
fFA,female,12,LD leptin,0.7566151994362058
fFA,female,12,WT,0.6766487688178495
fFA,female,12,LD leptin,0.9566478700144208
fFA,female,12,LD saline,1.2766300975849814
fFA,female,12,LD leptin,0.5566410482121247
fFA,female,12,LD leptin,0.7965985036805725
fFA,female,12,LD saline,1.0366143006327768
fFA,female,12,LD leptin,0.7965985036805725
fFA,female,12,LD saline,0.7566151994362058
fFA,female,12,WT,0.8366399715383186
fFA,female,12,LD saline,0.7166320730622164
fFA,female,12,WT,0.876623097912308
fFA,female,12,LD leptin,0.7965985036805725
fFA,female,12,LD leptin,0.7566151994362058
fFA,female,12,LD leptin,0.7166320730622164
fFA,female,12,LD leptin,0.4766160982396346
fFA,female,12,LD leptin,0.39664984549165583
fFA,female,12,LD saline,1.1566221991088792
fFA,female,12,LD saline,0.9966311742587874
fFA,female,12,LD saline,0.9966311742587874
fFA,female,12,WT,0.596624174586114
fFA,female,12,WT,0.4766160982396346
fFA,female,12,LD saline,0.7965985036805725
fFA,female,12,WT,0.6766487688178495
fFA,female,12,WT,0.6766487688178495
fFA,female,12,WT,0.7965985036805725
fFA,female,12,WT,0.5566410482121247
fFA,female,12,WT,0.6366073009601037
fFA,female,12,LD leptin,1.116580731251133
fFA,female,12,LD leptin,0.5165994024840015
fFA,female,12,LD leptin,0.4366329718656452
fFA,female,12,LD saline,0.7965985036805725
fFA,female,12,LD saline,0.7166320730622164
fFA,female,12,LD leptin,0.4366329718656452
fFA,female,12,LD saline,0.6766487688178495
fFA,female,12,LD saline,0.7566151994362058
fFA,female,14,WT,0.876623097912308
fFA,female,14,WT,0.9966311742587874
fFA,female,14,LD saline,0.596624174586114
fFA,female,14,LD saline,1.2766300975849814
fFA,female,14,LD saline,1.0366143006327768
fFA,female,14,WT,0.9166062242862973
fFA,female,14,LD saline,1.0366143006327768
fFA,female,14,LD saline,1.3565965282033374
fFA,female,14,LD leptin,0.7566151994362058
fFA,female,14,LD leptin,0.7965985036805725
fFA,female,14,WT,0.5165994024840015
fFA,female,14,WT,0.596624174586114
fFA,female,14,LD leptin,0.6366073009601037
fFA,female,14,LD leptin,0.6366073009601037
fFA,female,14,LD leptin,0.7166320730622164
fFA,female,14,WT,0.5165994024840015
fFA,female,14,WT,0.4366329718656452
fFA,female,14,WT,0.5165994024840015
fFA,female,14,LD saline,0.7166320730622164
fFA,female,14,LD leptin,0.5165994024840015
fFA,female,14,LD saline,0.7965985036805725
fFA,female,14,LD leptin,0.596624174586114
fFA,female,14,WT,0.3566665412472889
fFA,female,14,LD leptin,0.4766160982396346
fFA,female,14,WT,0.39664984549165583
fFA,female,14,LD leptin,0.6766487688178495
fFA,female,14,LD saline,0.7965985036805725
fFA,female,14,LD saline,0.876623097912308
fFA,female,14,LD saline,0.596624174586114
fFA,female,14,LD leptin,0.4766160982396346
fFA,female,14,LD leptin,0.3166248955191657
fFA,female,14,LD saline,1.0765974270067664
fFA,female,14,WT,1.116580731251133
fFA,female,14,WT,0.39664984549165583
fFA,female,14,LD leptin,0.7566151994362058
fFA,female,14,LD saline,0.596624174586114
fFA,female,14,LD leptin,0.6766487688178495
fFA,female,14,LD saline,0.4766160982396346
fFA,female,14,WT,0.596624174586114
fFA,female,14,LD leptin,0.5165994024840015
fFA,female,14,WT,0.7965985036805725
fFA,female,14,WT,0.5566410482121247
fFA,female,14,LD leptin,0.4766160982396346
fFA,female,16,LD saline,1.236646971210992
fFA,female,16,WT,0.596624174586114
fFA,female,16,LD leptin,0.596624174586114
fFA,female,16,WT,0.9166062242862973
fFA,female,16,LD leptin,0.9566478700144208
fFA,female,16,LD saline,0.9566478700144208
fFA,female,16,WT,0.6766487688178495
fFA,female,16,LD saline,0.9966311742587874
fFA,female,16,LD leptin,0.6366073009601037
fFA,female,16,LD saline,1.3565965282033374
fFA,female,16,LD leptin,0.6366073009601037
fFA,female,16,LD leptin,0.5566410482121247
fFA,female,16,LD saline,0.9566478700144208
fFA,female,16,LD saline,0.596624174586114
fFA,female,16,WT,0.4366329718656452
fFA,female,16,WT,0.4766160982396346
fFA,female,16,LD leptin,0.4366329718656452
fFA,female,16,LD saline,0.9566478700144208
fFA,female,16,LD leptin,0.5165994024840015
fFA,female,16,WT,0.4366329718656452
fFA,female,16,LD leptin,0.7965985036805725
fFA,female,16,LD leptin,0.7166320730622164
fFA,female,16,LD saline,1.0765974270067664
fFA,female,16,LD saline,0.8366399715383186
fFA,female,16,WT,0.5165994024840015
fFA,female,16,LD leptin,0.4766160982396346
fFA,female,16,LD saline,0.876623097912308
fFA,female,16,LD leptin,0.596624174586114
fFA,female,16,LD leptin,0.5165994024840015
fFA,female,16,LD saline,0.876623097912308
fFA,female,16,WT,0.39664984549165583
fFA,female,16,LD saline,0.596624174586114
fFA,female,16,WT,0.4766160982396346
fFA,female,16,WT,0.7166320730622164
fFA,female,16,WT,0.7965985036805725
fFA,female,16,WT,0.4366329718656452
fFA,female,16,WT,0.3166248955191657
fFA,female,16,WT,0.596624174586114
fFA,female,16,WT,0.3166248955191657
fFA,female,16,LD leptin,0.39664984549165583
fFA,female,16,LD saline,0.5566410482121247
fFA,female,16,LD leptin,0.4366329718656452
fFA,female,16,LD saline,0.9966311742587874
fFA,female,16,LD leptin,0.3566665412472889
fFA,male,12,LD leptin,0.23660044103559041
fFA,male,12,LD leptin,0.4766162038382218
fFA,male,12,LD saline,0.5566409645543686
fFA,male,12,LD saline,0.7566152651963742
fFA,male,12,LD leptin,0.396649784597531
fFA,male,12,LD leptin,0.4766162038382218
fFA,male,12,WT,0.43663308315305294
fFA,male,12,LD saline,0.7566152651963742
fFA,male,12,WT,0.4766162038382218
fFA,male,12,WT,0.5566409645543686
fFA,male,12,WT,0.5566409645543686
fFA,male,12,WT,0.5165995023937429
fFA,male,12,WT,0.43663308315305294
fFA,male,12,WT,0.4766162038382218
fFA,male,12,LD leptin,0.5566409645543686
fFA,male,12,WT,0.4766162038382218
fFA,male,12,WT,0.5566409645543686
fFA,male,12,LD saline,0.9566479073138363
fFA,male,12,LD leptin,0.5165995023937429
fFA,male,12,WT,0.396649784597531
fFA,male,12,WT,0.4766162038382218
fFA,male,12,LD leptin,0.4766162038382218
fFA,male,12,LD saline,0.6766488459556834
fFA,male,12,LD saline,0.7965985637518957
fFA,male,12,WT,0.4766162038382218
fFA,male,12,LD leptin,0.396649784597531
fFA,male,12,WT,0.396649784597531
fFA,male,12,LD leptin,0.6766488459556834
fFA,male,12,WT,0.5165995023937429
fFA,male,12,WT,0.6366073837950585
fFA,male,12,WT,0.5165995023937429
fFA,male,12,LD saline,0.6366073837950585
fFA,male,12,LD saline,0.7566152651963742
fFA,male,12,LD leptin,0.7166321445112049
fFA,male,12,LD leptin,0.7566152651963742
fFA,male,12,LD saline,0.5966242631098897
fFA,male,12,LD leptin,0.8366400259125206
fFA,male,12,LD leptin,0.5165995023937429
fFA,male,12,LD leptin,0.7965985637518957
fFA,male,12,LD saline,0.8366400259125206
fFA,male,12,LD saline,0.5566409645543686
fFA,male,12,LD saline,0.7965985637518957
fFA,male,12,LD leptin,0.5165995023937429
fFA,male,12,LD leptin,0.7965985637518957
fFA,male,14,LD leptin,0.7965985637518957
fFA,male,14,LD saline,0.6366073837950585
fFA,male,14,LD leptin,0.6766488459556834
fFA,male,14,WT,0.9566479073138363
fFA,male,14,WT,0.6766488459556834
fFA,male,14,LD leptin,0.5165995023937429
fFA,male,14,LD saline,0.6366073837950585
fFA,male,14,WT,0.6766488459556834
fFA,male,14,WT,0.7566152651963742
fFA,male,14,LD saline,0.5966242631098897
fFA,male,14,WT,0.7965985637518957
fFA,male,14,LD saline,0.7566152651963742
fFA,male,14,LD saline,0.5165995023937429
fFA,male,14,LD leptin,0.7965985637518957
fFA,male,14,LD saline,0.9166062672828592
fFA,male,14,LD leptin,0.5566409645543686
fFA,male,14,LD leptin,0.6766488459556834
fFA,male,14,LD saline,1.1165807457952175
fFA,male,14,LD saline,1.5166460300301412
fFA,male,14,WT,0.9566479073138363
fFA,male,14,WT,0.8366400259125206
fFA,male,14,WT,0.7566152651963742
fFA,male,14,LD leptin,0.9166062672828592
fFA,male,14,LD saline,0.7566152651963742
fFA,male,14,LD leptin,0.43663308315305294
fFA,male,14,WT,0.6766488459556834
fFA,male,14,WT,0.5566409645543686
fFA,male,14,LD leptin,0.6766488459556834
fFA,male,14,LD saline,0.9566479073138363
fFA,male,14,LD saline,0.6366073837950585
fFA,male,14,LD leptin,0.3566666639123621
fFA,male,14,LD leptin,0.396649784597531
fFA,male,14,LD saline,0.5566409645543686
fFA,male,14,LD saline,0.6366073837950585
fFA,male,14,LD leptin,0.43663308315305294
fFA,male,14,LD leptin,0.7566152651963742
fFA,male,14,LD saline,0.6366073837950585
fFA,male,14,LD leptin,0.396649784597531
fFA,male,14,LD leptin,0.3566666639123621
fFA,male,14,WT,0.5165995023937429
fFA,male,14,WT,0.5566409645543686
fFA,male,14,WT,0.43663308315305294
fFA,male,14,WT,0.4766162038382218
fFA,male,14,WT,0.5165995023937429
fFA,male,16,LD saline,0.9166062672828592
fFA,male,16,LD saline,0.8366400259125206
fFA,male,16,LD leptin,0.7166321445112049
fFA,male,16,LD leptin,0.7566152651963742
fFA,male,16,LD leptin,0.5966242631098897
fFA,male,16,WT,0.5966242631098897
fFA,male,16,LD saline,1.1165807457952175
fFA,male,16,WT,0.5966242631098897
fFA,male,16,LD saline,0.8366400259125206
fFA,male,16,WT,0.9566479073138363
fFA,male,16,LD saline,0.8366400259125206
fFA,male,16,LD leptin,0.6366073837950585
fFA,male,16,WT,0.43663308315305294
fFA,male,16,LD leptin,0.6366073837950585
fFA,male,16,WT,0.6766488459556834
fFA,male,16,LD leptin,0.6766488459556834
fFA,male,16,LD saline,1.1165807457952175
fFA,male,16,LD leptin,0.9166062672828592
fFA,male,16,WT,0.7166321445112049
fFA,male,16,LD saline,0.5966242631098897
fFA,male,16,WT,0.5966242631098897
fFA,male,16,LD leptin,0.5966242631098897
fFA,male,16,WT,0.4766162038382218
fFA,male,16,LD leptin,0.43663308315305294
fFA,male,16,LD saline,0.7166321445112049
fFA,male,16,WT,0.7965985637518957
fFA,male,16,LD leptin,0.43663308315305294
fFA,male,16,LD leptin,0.5966242631098897
fFA,male,16,LD saline,0.7965985637518957
fFA,male,16,LD saline,0.6766488459556834
fFA,male,16,WT,0.4766162038382218
fFA,male,16,LD saline,0.6366073837950585
fFA,male,16,LD leptin,0.6766488459556834
fFA,male,16,LD saline,0.9966312058693574
fFA,male,16,LD leptin,0.31662520175173725
fFA,male,16,LD saline,0.7566152651963742
fFA,male,16,LD saline,0.5566409645543686
fFA,male,16,LD leptin,0.4766162038382218
fFA,male,16,LD leptin,0.396649784597531
fFA,male,16,WT,0.3566666639123621
fFA,male,16,WT,0.43663308315305294
fFA,male,16,WT,0.5566409645543686
fFA,male,16,WT,0.5165995023937429
Triglycerides,female,12,LD leptin,1.94036088971378
Triglycerides,female,12,WT,2.100033453279252
Triglycerides,female,12,WT,2.7397726444604373
Triglycerides,female,12,WT,1.2995870005759969
Triglycerides,female,12,WT,2.420421188901628
Triglycerides,female,12,LD saline,10.859341781790246
Triglycerides,female,12,LD saline,4.140554332217874
Triglycerides,female,12,LD leptin,1.1005120629904965
Triglycerides,female,12,WT,1.1803499268801971
Triglycerides,female,12,LD leptin,9.339319856123073
Triglycerides,female,12,LD saline,7.019884593602281
Triglycerides,female,12,LD leptin,1.4602990084189713
Triglycerides,female,12,LD leptin,1.7402480899577455
Triglycerides,female,12,LD saline,6.940048311819545
Triglycerides,female,12,LD leptin,5.340193268583569
Triglycerides,female,12,LD saline,2.3405833250119272
Triglycerides,female,12,WT,2.6599347805707367
Triglycerides,female,12,LD saline,1.2995870005759969
Triglycerides,female,12,WT,1.94036088971378
Triglycerides,female,12,LD leptin,2.7802081343301026
Triglycerides,female,12,LD leptin,3.5402175150567246
Triglycerides,female,12,LD leptin,4.899529014987891
Triglycerides,female,12,LD leptin,1.820085953847446
Triglycerides,female,12,LD leptin,1.0196379190372227
Triglycerides,female,12,LD saline,4.140554332217874
Triglycerides,female,12,LD saline,4.73985328720849
Triglycerides,female,12,LD saline,1.94036088971378
Triglycerides,female,12,WT,1.7402480899577455
Triglycerides,female,12,WT,1.0600749910138632
Triglycerides,female,12,LD saline,9.659706009638484
Triglycerides,female,12,WT,1.3400256546595983
Triglycerides,female,12,WT,1.7402480899577455
Triglycerides,female,12,WT,1.2601877907698977
Triglycerides,female,12,WT,1.1005120629904965
Triglycerides,female,12,WT,1.2207869988568305
Triglycerides,female,12,LD leptin,4.580180723643018
Triglycerides,female,12,LD leptin,2.1798713171689528
Triglycerides,female,12,LD leptin,2.420421188901628
Triglycerides,female,12,LD saline,5.499865832149041
Triglycerides,female,12,LD saline,6.380150148741997
Triglycerides,female,12,LD leptin,1.2995870005759969
Triglycerides,female,12,LD saline,0.8599621912578215
Triglycerides,female,12,LD saline,5.2603538225869
Triglycerides,female,14,WT,3.2602700156249185
Triglycerides,female,14,WT,0.9003992632344548
Triglycerides,female,14,LD saline,1.419861936442338
Triglycerides,female,14,LD saline,8.660181455135788
Triglycerides,female,14,LD saline,10.660265262097774
Triglycerides,female,14,WT,5.299754614499967
Triglycerides,female,14,LD saline,5.140078886720566
Triglycerides,female,14,LD saline,10.339879108582366
Triglycerides,female,14,LD leptin,1.1803499268801971
Triglycerides,female,14,LD leptin,3.2602700156249185
Triglycerides,female,14,WT,1.8594867457605133
Triglycerides,female,14,WT,1.4602990084189713
Triglycerides,female,14,LD leptin,0.9408363352110882
Triglycerides,female,14,LD leptin,1.419861936442338
Triglycerides,female,14,LD leptin,1.6199731540914115
Triglycerides,female,14,WT,1.1803499268801971
Triglycerides,female,14,WT,1.1005120629904965
Triglycerides,female,14,WT,1.4602990084189713
Triglycerides,female,14,LD saline,9.420194000076343
Triglycerides,female,14,LD leptin,2.6599347805707367
Triglycerides,female,14,LD saline,10.380317762665968
Triglycerides,female,14,LD leptin,1.2601877907698977
Triglycerides,female,14,WT,2.3799841169249945
Triglycerides,female,14,LD leptin,2.70037185254737
Triglycerides,female,14,WT,1.8594867457605133
Triglycerides,female,14,LD leptin,4.700452495295423
Triglycerides,female,14,LD saline,2.300147835142262
Triglycerides,female,14,LD saline,8.059847802188575
Triglycerides,female,14,LD saline,6.419550940655064
Triglycerides,female,14,LD leptin,4.9399645048575564
Triglycerides,female,14,LD leptin,2.1798713171689528
Triglycerides,female,14,LD saline,2.2203099712525542
Triglycerides,female,14,WT,1.94036088971378
Triglycerides,female,14,WT,1.3400256546595983
Triglycerides,female,14,LD leptin,1.9797616816268544
Triglycerides,female,14,LD saline,9.45959479198941
Triglycerides,female,14,LD leptin,4.420504995863617
Triglycerides,female,14,LD saline,8.420669445573651
Triglycerides,female,14,WT,1.6998110179811121
Triglycerides,female,14,LD leptin,2.70037185254737
Triglycerides,female,14,WT,1.3804627266362388
Triglycerides,female,14,WT,1.9797616816268544
Triglycerides,female,14,LD leptin,5.740415703881716
Triglycerides,female,16,LD saline,8.660181455135788
Triglycerides,female,16,WT,1.5007360803956047
Triglycerides,female,16,LD leptin,0.8599621912578215
Triglycerides,female,16,WT,1.0600749910138632
Triglycerides,female,16,LD leptin,3.099556425674976
Triglycerides,female,16,LD saline,6.180038931092923
Triglycerides,female,16,WT,1.4602990084189713
Triglycerides,female,16,LD saline,7.499946474897094
Triglycerides,female,16,LD leptin,3.979840742267932
Triglycerides,female,16,LD saline,10.180206545016897
Triglycerides,female,16,LD leptin,5.299754614499967
Triglycerides,female,16,LD leptin,2.3405833250119272
Triglycerides,female,16,LD saline,12.379360543243486
Triglycerides,female,16,LD saline,10.940215925743516
Triglycerides,female,16,WT,1.2995870005759969
Triglycerides,female,16,WT,1.3400256546595983
Triglycerides,female,16,LD leptin,0.9802371271241554
Triglycerides,female,16,LD saline,12.060012251898609
Triglycerides,female,16,LD leptin,2.1404721073628536
Triglycerides,female,16,WT,4.9399645048575564
Triglycerides,female,16,LD leptin,3.699896407050062
Triglycerides,female,16,LD leptin,3.219834525755253
Triglycerides,female,16,LD saline,12.379360543243486
Triglycerides,female,16,LD saline,6.020366367527458
Triglycerides,female,16,WT,1.0600749910138632
Triglycerides,female,16,LD leptin,1.540136872308672
Triglycerides,female,16,LD saline,2.5002606348982965
Triglycerides,female,16,LD leptin,0.8599621912578215
Triglycerides,female,16,LD leptin,1.6199731540914115
Triglycerides,female,16,LD saline,7.180598183552217
Triglycerides,female,16,WT,1.3804627266362388
Triglycerides,female,16,LD saline,11.020052207526252
Triglycerides,female,16,WT,1.3400256546595983
Triglycerides,female,16,WT,1.94036088971378
Triglycerides,female,16,WT,2.2597107631656286
Triglycerides,female,16,WT,1.6199731540914115
Triglycerides,female,16,WT,3.580656169140326
Triglycerides,female,16,WT,1.4602990084189713
Triglycerides,female,16,WT,0.9802371271241554
Triglycerides,female,16,LD leptin,2.2597107631656286
Triglycerides,female,16,LD saline,3.060158797975845
Triglycerides,female,16,LD leptin,5.1794796786336335
Triglycerides,female,16,LD saline,13.659873623562454
Triglycerides,female,16,LD leptin,1.4602990084189713
Triglycerides,male,12,LD leptin,1.5401373895160617
Triglycerides,male,12,LD leptin,1.6199768295121544
Triglycerides,male,12,LD saline,6.459989742179999
Triglycerides,male,12,LD saline,2.7003722825538716
Triglycerides,male,12,LD leptin,0.8599643416925886
Triglycerides,male,12,LD leptin,9.220082722425644
Triglycerides,male,12,WT,1.8999243079036887
Triglycerides,male,12,LD saline,8.059847829387834
Triglycerides,male,12,WT,0.780124901696496
Triglycerides,male,12,WT,0.9408384795675317
Triglycerides,male,12,WT,2.459822428900438
Triglycerides,male,12,WT,2.220310437339535
Triglycerides,male,12,WT,1.5007366005642808
Triglycerides,male,12,WT,1.1399149842978176
Triglycerides,male,12,LD leptin,1.7806872431694956
Triglycerides,male,12,WT,0.8599643416925886
Triglycerides,male,12,WT,1.5795381784678426
Triglycerides,male,12,LD saline,1.2207859579590519
Triglycerides,male,12,LD leptin,1.1399149842978176
Triglycerides,male,12,WT,1.9797605836860868
Triglycerides,male,12,WT,1.1399149842978176
Triglycerides,male,12,LD leptin,4.739853563931746
Triglycerides,male,12,LD saline,11.700225060066074
Triglycerides,male,12,LD saline,8.100286480432146
Triglycerides,male,12,WT,4.1001191671525845
Triglycerides,male,12,LD leptin,4.3800698097578135
Triglycerides,male,12,WT,0.9802392685193126
Triglycerides,male,12,LD leptin,13.61943457883092
Triglycerides,male,12,WT,2.100035510512811
Triglycerides,male,12,WT,1.859485656859377
Triglycerides,male,12,WT,1.7806872431694956
Triglycerides,male,12,LD saline,11.379838930630243
Triglycerides,male,12,LD saline,11.020052012242616
Triglycerides,male,12,LD leptin,2.0606378857747245
Triglycerides,male,12,LD leptin,5.260354060190394
Triglycerides,male,12,LD saline,8.819857152993706
Triglycerides,male,12,LD leptin,8.980570730864741
Triglycerides,male,12,LD leptin,5.660576465408653
Triglycerides,male,12,LD leptin,9.579866476599577
Triglycerides,male,12,LD saline,7.219999065785871
Triglycerides,male,12,LD saline,2.5800973557271476
Triglycerides,male,12,LD saline,8.219520380952645
Triglycerides,male,12,LD leptin,1.1399149842978176
Triglycerides,male,12,LD leptin,0.9408384795675317
Triglycerides,male,14,LD leptin,2.5396618688965305
Triglycerides,male,14,LD saline,1.8999243079036887
Triglycerides,male,14,LD leptin,3.1804341277682227
Triglycerides,male,14,WT,1.6199768295121544
Triglycerides,male,14,WT,1.5401373895160617
Triglycerides,male,14,LD leptin,1.2601867469108328
Triglycerides,male,14,LD saline,8.899696592989812
Triglycerides,male,14,WT,1.5795381784678426
Triglycerides,male,14,WT,1.5401373895160617
Triglycerides,male,14,LD saline,0.7002886259140979
Triglycerides,male,14,WT,1.3804616737375568
Triglycerides,male,14,LD saline,1.5007366005642808
Triglycerides,male,14,LD saline,4.70045593919366
Triglycerides,male,14,LD leptin,2.100035510512811
Triglycerides,male,14,LD saline,9.140243282429552
Triglycerides,male,14,LD leptin,0.7002886259140979
Triglycerides,male,14,LD leptin,1.1399149842978176
Triglycerides,male,14,LD saline,10.180206412854332
Triglycerides,male,14,LD saline,14.06009563509349
Triglycerides,male,14,WT,2.420421639948657
Triglycerides,male,14,WT,1.9403597947343059
Triglycerides,male,14,WT,1.5401373895160617
Triglycerides,male,14,LD leptin,4.539742361322624
Triglycerides,male,14,LD saline,0.8599643416925886
Triglycerides,male,14,LD leptin,0.7002886259140979
Triglycerides,male,14,WT,1.4602979495199548
Triglycerides,male,14,WT,1.019636893257399
Triglycerides,male,14,LD leptin,4.98040341758518
Triglycerides,male,14,LD saline,12.180286905280425
Triglycerides,male,14,LD saline,0.9802392685193126
Triglycerides,male,14,LD leptin,2.7802085583362697
Triglycerides,male,14,LD leptin,1.7806872431694956
Triglycerides,male,14,LD saline,9.540465687647796
Triglycerides,male,14,LD leptin,7.7404963978308245
Triglycerides,male,14,LD leptin,1.0600755443017107
Triglycerides,male,14,LD saline,12.300561832107135
Triglycerides,male,14,LD leptin,3.060156036727804
Triglycerides,male,14,LD leptin,2.7397730715056525
Triglycerides,male,14,WT,2.3405853641662446
Triglycerides,male,14,WT,1.2995875358626279
Triglycerides,male,14,WT,2.7397730715056525
Triglycerides,male,14,WT,2.0606378857747245
Triglycerides,male,14,WT,1.5795381784678426
Triglycerides,male,16,LD saline,14.06009563509349
Triglycerides,male,16,LD saline,2.100035510512811
Triglycerides,male,16,LD leptin,4.899529279710251
Triglycerides,male,16,LD leptin,6.979449212132437
Triglycerides,male,16,LD leptin,2.5800973557271476
Triglycerides,male,16,WT,2.3001498773356275
Triglycerides,male,16,LD saline,17.70047286577173
Triglycerides,male,16,WT,2.9398842741147746
Triglycerides,male,16,LD saline,10.460153891245866
Triglycerides,male,16,WT,2.3001498773356275
Triglycerides,male,16,LD saline,14.699830031872636
Triglycerides,male,16,LD leptin,11.259564003803519
Triglycerides,male,16,WT,0.7002886259140979
Triglycerides,male,16,LD leptin,1.2601867469108328
Triglycerides,male,16,WT,1.9403597947343059
Triglycerides,male,16,LD leptin,6.900647634228861
Triglycerides,male,16,LD saline,8.460070234606079
Triglycerides,male,16,LD leptin,9.339319787159837
Triglycerides,male,16,WT,1.859485656859377
Triglycerides,male,16,LD saline,9.220082722425644
Triglycerides,male,16,WT,5.540301538581929
Triglycerides,male,16,LD leptin,1.1005141953460367
Triglycerides,male,16,WT,2.0606378857747245
Triglycerides,male,16,LD leptin,4.939964766540868
Triglycerides,male,16,LD saline,11.17972772802112
Triglycerides,male,16,WT,2.459822428900438
Triglycerides,male,16,LD leptin,0.7396894148658788
Triglycerides,male,16,LD leptin,3.540217881942141
Triglycerides,male,16,LD saline,4.1001191671525845
Triglycerides,male,16,LD saline,3.1804341277682227
Triglycerides,male,16,WT,1.5007366005642808
Triglycerides,male,16,LD saline,3.8606071755916815
Triglycerides,male,16,LD leptin,2.0606378857747245
Triglycerides,male,16,LD saline,26.98027945010285
Triglycerides,male,16,LD leptin,1.019636893257399
Triglycerides,male,16,LD saline,13.820583643532572
Triglycerides,male,16,LD saline,1.1005141953460367
Triglycerides,male,16,LD leptin,7.3796747815643755
Triglycerides,male,16,LD leptin,0.8205635527408077
Triglycerides,male,16,WT,2.5396618688965305
Triglycerides,male,16,WT,2.620532842557779
Triglycerides,male,16,WT,2.3001498773356275
Triglycerides,male,16,WT,2.2597112262913157
Glucose,female,14,WT,18.894371598904158
Glucose,female,14,WT,21.734594948606993
Glucose,female,14,LD saline,10.694200966561567
Glucose,female,14,LD saline,21.653897798803133
Glucose,female,14,LD saline,19.33421372737175
Glucose,female,14,WT,17.213421457762887
Glucose,female,14,LD saline,17.533924342987063
Glucose,female,14,LD saline,14.214082585527084
Glucose,female,14,LD leptin,19.813832135128894
Glucose,female,14,LD leptin,27.853749590630265
Glucose,female,14,WT,16.333733732369442
Glucose,female,14,WT,18.934147878193706
Glucose,female,14,LD leptin,9.054168227476353
Glucose,female,14,LD leptin,18.934147878193706
Glucose,female,14,LD leptin,25.89434468371261
Glucose,female,14,WT,20.893549316653107
Glucose,female,14,WT,19.054621307287114
Glucose,female,14,WT,20.534404337989372
Glucose,female,14,LD saline,17.973766471454656
Glucose,female,14,LD leptin,22.454029497159222
Glucose,female,14,LD saline,18.454526001978305
Glucose,female,14,LD leptin,11.9739510726748
Glucose,female,14,WT,21.81415097564435
Glucose,female,14,LD leptin,16.774713515145283
Glucose,female,14,LD saline,15.89389160390185
Glucose,female,14,WT,18.334052572884897
Glucose,female,14,LD leptin,22.573365271944386
Glucose,female,14,LD saline,11.29429627187038
Glucose,female,14,LD saline,14.694838647592476
Glucose,female,14,LD saline,16.654240086051875
Glucose,female,14,LD leptin,12.574046377983613
Glucose,female,14,LD leptin,17.93399019216511
Glucose,female,14,LD saline,12.494486882487998
Glucose,female,14,WT,5.534290076969093
Glucose,female,14,WT,15.774555829116686
Glucose,female,14,LD leptin,19.493329249904722
Glucose,female,14,LD saline,19.534243183502518
Glucose,female,14,LD leptin,18.01354968766072
Glucose,female,14,LD saline,18.17379939604368
Glucose,female,14,WT,17.133861962267275
Glucose,female,14,LD leptin,16.293957453079894
Glucose,female,14,WT,15.254016550845233
Glucose,female,14,WT,9.134861908821954
Glucose,female,14,LD leptin,19.693358706035486
Glucose,female,16,LD saline,22.814312130131203
Glucose,female,16,WT,27.774190095134657
Glucose,female,16,LD leptin,18.734114953604685
Glucose,female,16,WT,19.25465423187614
Glucose,female,16,LD leptin,17.174779364323328
Glucose,female,16,LD saline,20.413930908895964
Glucose,female,16,WT,15.814332108406237
Glucose,female,16,LD saline,12.653602405020969
Glucose,female,16,LD leptin,14.974427599218853
Glucose,female,16,LD saline,17.094082214519467
Glucose,female,16,LD leptin,12.653602405020969
Glucose,female,16,LD leptin,7.734641842073572
Glucose,female,16,LD saline,15.493825754723805
Glucose,female,16,LD saline,15.133543121751824
Glucose,female,16,WT,12.13420078105776
Glucose,female,16,WT,17.613483838482676
Glucose,female,16,LD leptin,17.05430593522992
Glucose,female,16,LD saline,17.094082214519467
Glucose,female,16,LD leptin,24.69415407309499
Glucose,female,16,WT,24.2940916923752
Glucose,female,16,LD leptin,19.45468715646516
Glucose,female,16,LD leptin,17.93399019216511
Glucose,female,16,LD saline,17.413450913893655
Glucose,female,16,LD saline,19.934305564222303
Glucose,female,16,WT,22.614279205542182
Glucose,female,16,LD leptin,16.333733732369442
Glucose,female,16,LD saline,8.974608731980737
Glucose,female,16,LD leptin,5.254701125342713
Glucose,female,16,LD leptin,16.813355608584843
Glucose,female,16,LD saline,20.413930908895964
Glucose,female,16,WT,20.534404337989372
Glucose,female,16,LD saline,20.17412170501739
Glucose,female,16,WT,23.573522957972983
Glucose,female,16,WT,21.45386487421411
Glucose,female,16,WT,8.014230793699952
Glucose,female,16,WT,17.773733546865635
Glucose,female,16,WT,20.57418061727892
Glucose,female,16,WT,21.693677546550937
Glucose,female,16,WT,18.773898169810746
Glucose,female,16,LD leptin,19.013707373689318
Glucose,female,16,LD saline,15.053987094714465
Glucose,female,16,LD leptin,19.213740298278342
Glucose,female,16,LD saline,23.933805590944964
Glucose,female,16,LD leptin,27.133180856228048
Glucose,male,16,LD saline,9.973632104311704
Glucose,male,16,LD saline,11.37385552416049
Glucose,male,16,LD leptin,16.293956804530225
Glucose,male,16,LD leptin,15.933670732782275
Glucose,male,16,LD leptin,19.734275176110103
Glucose,male,16,WT,21.61412043266047
Glucose,male,16,LD saline,21.09358119727382
Glucose,male,16,WT,17.73395650039157
Glucose,male,16,LD saline,17.53392359228232
Glucose,male,16,WT,16.6542394078202
Glucose,male,16,WT,7.893757408110062
Glucose,male,16,LD saline,14.13338496517298
Glucose,male,16,LD leptin,16.974745735097613
Glucose,male,16,WT,19.134179920240342
Glucose,male,16,LD leptin,11.494328943328654
Glucose,male,16,WT,29.574477736849573
Glucose,male,16,LD leptin,17.813515989332643
Glucose,male,16,LD saline,13.774236547639546
Glucose,male,16,LD leptin,16.05414415195044
Glucose,male,16,WT,25.934122988702484
Glucose,male,16,LD saline,7.734638430227903
Glucose,male,16,WT,19.173956196252902
Glucose,male,16,LD leptin,8.2142602669295
Glucose,male,16,WT,20.693518849513296
Glucose,male,16,LD leptin,22.13465619958916
Glucose,male,16,LD saline,18.173798592622617
Glucose,male,16,WT,14.414111547979843
Glucose,male,16,LD leptin,8.134704246446404
Glucose,male,16,LD leptin,16.61446313180764
Glucose,male,16,LD saline,17.933989408500807
Glucose,male,16,LD saline,14.653920732101668
Glucose,male,16,WT,7.214102663299215
Glucose,male,16,LD saline,19.293295429664525
Glucose,male,16,LD leptin,8.65410235916056
Glucose,male,16,LD saline,19.373989104362153
Glucose,male,16,LD leptin,7.81419791916899
Glucose,male,16,LD saline,16.57468338733709
Glucose,male,16,LD saline,6.774260571068169
Glucose,male,16,LD leptin,18.69433782800928
Glucose,male,16,LD leptin,7.45391184742104
Glucose,male,16,WT,23.133679617462903
Glucose,male,16,WT,25.33402773283271
Glucose,male,16,WT,18.53408466437058
Glucose,male,16,WT,20.85377201315201
HDL cholesterol,female,12,LD leptin,120.59888863981507
HDL cholesterol,female,12,WT,71.05372967404139
HDL cholesterol,female,12,WT,109.29607829373242
HDL cholesterol,female,12,WT,92.80052598816098
HDL cholesterol,female,12,WT,68.02794650527414
HDL cholesterol,female,12,LD saline,79.52604169536585
HDL cholesterol,female,12,LD saline,103.96673226245821
HDL cholesterol,female,12,LD leptin,53.484557534330634
HDL cholesterol,female,12,WT,71.99077522358937
HDL cholesterol,female,12,LD leptin,68.24271217417368
HDL cholesterol,female,12,LD saline,102.20982398464537
HDL cholesterol,female,12,LD leptin,74.39192093371275
HDL cholesterol,female,12,LD leptin,64.4750491510913
HDL cholesterol,female,12,LD saline,103.83012819067278
HDL cholesterol,female,12,LD leptin,72.53737023389533
HDL cholesterol,female,12,LD saline,91.59021272065411
HDL cholesterol,female,12,WT,70.79994278097297
HDL cholesterol,female,12,LD saline,107.441527593915
HDL cholesterol,female,12,WT,24.788200344491543
HDL cholesterol,female,12,LD leptin,65.93914931166671
HDL cholesterol,female,12,LD leptin,76.98823233906899
HDL cholesterol,female,12,LD leptin,77.53482734937495
HDL cholesterol,female,12,LD leptin,70.58523668646149
HDL cholesterol,female,12,LD leptin,41.57656076730041
HDL cholesterol,female,12,LD saline,104.57194847059975
HDL cholesterol,female,12,LD saline,88.07639616502831
HDL cholesterol,female,12,LD saline,86.08518181903742
HDL cholesterol,female,12,WT,31.23024700846213
HDL cholesterol,female,12,WT,74.99707756746614
HDL cholesterol,female,12,LD saline,76.87110909217404
HDL cholesterol,female,12,WT,58.18923631976679
HDL cholesterol,female,12,WT,78.86226386377689
HDL cholesterol,female,12,WT,74.33335931026522
HDL cholesterol,female,12,WT,68.20363137561662
HDL cholesterol,female,12,WT,53.875008073572644
HDL cholesterol,female,12,LD leptin,86.63177682934338
HDL cholesterol,female,12,LD leptin,71.65888630779489
HDL cholesterol,female,12,LD leptin,102.56119372533033
HDL cholesterol,female,12,LD saline,86.63177682934338
HDL cholesterol,female,12,LD saline,90.02852971246216
HDL cholesterol,female,12,LD saline,62.601077200771556
HDL cholesterol,female,12,LD saline,91.824459214444
HDL cholesterol,female,14,WT,83.15698149788659
HDL cholesterol,female,14,WT,70.01916085126504
HDL cholesterol,female,14,LD saline,84.34775436611505
HDL cholesterol,female,14,LD saline,111.17010981844032
HDL cholesterol,female,14,LD saline,117.63166709449536
HDL cholesterol,female,14,WT,76.77346667016957
HDL cholesterol,female,14,LD saline,82.84463298137064
HDL cholesterol,female,14,LD saline,178.18682828911426
HDL cholesterol,female,14,LD leptin,87.35411628437987
HDL cholesterol,female,14,LD leptin,58.59916768389928
HDL cholesterol,female,14,WT,127.35331360749569
HDL cholesterol,female,14,WT,99.0082963711476
HDL cholesterol,female,14,LD leptin,64.29936428074882
HDL cholesterol,female,14,LD leptin,62.52291560365745
HDL cholesterol,female,14,LD leptin,68.65264353830605
HDL cholesterol,female,14,WT,73.55251780616925
HDL cholesterol,female,14,WT,66.25149782818278
HDL cholesterol,female,14,WT,38.10173564864965
HDL cholesterol,female,14,LD saline,77.98383951206449
HDL cholesterol,female,14,LD leptin,66.44672309780378
HDL cholesterol,female,14,LD saline,84.25017151849852
HDL cholesterol,female,14,LD leptin,65.13882698268037
HDL cholesterol,female,14,WT,74.91897554474019
HDL cholesterol,female,14,LD leptin,68.78930718447964
HDL cholesterol,female,14,LD saline,83.93788257637061
HDL cholesterol,female,14,WT,75.7388978473931
HDL cholesterol,female,14,LD leptin,63.77230966972138
HDL cholesterol,female,14,LD saline,507.98027455854344
HDL cholesterol,female,14,LD saline,109.29607829373242
HDL cholesterol,female,14,LD saline,82.76653095864458
HDL cholesterol,female,14,LD leptin,79.7212073905988
HDL cholesterol,female,14,LD leptin,71.95175399942036
HDL cholesterol,female,14,LD saline,169.92934151107738
HDL cholesterol,female,14,WT,76.4220969294845
HDL cholesterol,female,14,WT,81.75144296075871
HDL cholesterol,female,14,LD leptin,132.70214046366038
HDL cholesterol,female,14,LD saline,91.86354001300106
HDL cholesterol,female,14,LD leptin,67.94990405693613
HDL cholesterol,female,14,LD saline,90.53604392421119
HDL cholesterol,female,14,WT,84.933489749366
HDL cholesterol,female,14,LD leptin,75.95360394190459
HDL cholesterol,female,14,WT,62.971927766346994
HDL cholesterol,female,14,WT,59.43857081144267
HDL cholesterol,female,14,LD leptin,61.95683976846101
HDL cholesterol,female,16,LD saline,42.16220678896934
HDL cholesterol,female,16,LD leptin,49.05323582843539
HDL cholesterol,female,16,WT,82.72750973447569
HDL cholesterol,female,16,LD leptin,65.15830780757085
HDL cholesterol,female,16,LD saline,105.3722707995862
HDL cholesterol,female,16,WT,82.96181580265363
HDL cholesterol,female,16,LD saline,138.55854110596192
HDL cholesterol,female,16,LD leptin,80.15073872839787
HDL cholesterol,female,16,LD saline,169.3632061014929
HDL cholesterol,female,16,LD leptin,70.54621546229248
HDL cholesterol,female,16,LD saline,227.28303466658656
HDL cholesterol,female,16,WT,84.17212907016062
HDL cholesterol,female,16,WT,86.76844047551685
HDL cholesterol,female,16,LD leptin,75.01661796674466
HDL cholesterol,female,16,LD saline,112.16571699143572
HDL cholesterol,female,16,LD leptin,64.65079359582182
HDL cholesterol,female,16,WT,104.35718280170022
HDL cholesterol,female,16,LD leptin,99.75011665107456
HDL cholesterol,female,16,LD leptin,134.14670022495727
HDL cholesterol,female,16,LD saline,77.1054151603521
HDL cholesterol,female,16,LD saline,73.90388754685421
HDL cholesterol,female,16,WT,84.23063111921999
HDL cholesterol,female,16,LD leptin,127.11906711370568
HDL cholesterol,female,16,LD saline,86.4560919590009
HDL cholesterol,female,16,LD leptin,44.42662927853121
HDL cholesterol,female,16,LD leptin,64.61171279726489
HDL cholesterol,female,16,LD saline,105.7627213388281
HDL cholesterol,female,16,WT,77.45678490103705
HDL cholesterol,female,16,LD saline,75.87556149356658
HDL cholesterol,female,16,WT,39.89769493782546
HDL cholesterol,female,16,WT,68.86734963281754
HDL cholesterol,female,16,WT,55.31956783486953
HDL cholesterol,female,16,WT,58.38440201499975
HDL cholesterol,female,16,WT,78.06194153479044
HDL cholesterol,female,16,WT,101.54610572744446
HDL cholesterol,female,16,WT,105.02090105890125
HDL cholesterol,female,16,LD leptin,113.3370090347737
HDL cholesterol,female,16,LD saline,102.77589981984181
HDL cholesterol,female,16,LD leptin,60.121829467922225
HDL cholesterol,female,16,LD saline,122.55102218724903
HDL cholesterol,female,16,LD leptin,70.11674369888146
HDL cholesterol,male,12,LD leptin,36.50099798216638
HDL cholesterol,male,12,LD leptin,79.23317306165131
HDL cholesterol,male,12,LD saline,63.36237635891848
HDL cholesterol,male,12,LD saline,104.12293694128084
HDL cholesterol,male,12,LD leptin,63.45995921271174
HDL cholesterol,male,12,LD saline,78.53043353579983
HDL cholesterol,male,12,WT,77.0467928820351
HDL cholesterol,male,12,LD saline,89.05246261819275
HDL cholesterol,male,12,WT,103.53726109534614
HDL cholesterol,male,12,WT,114.84013173126027
HDL cholesterol,male,12,WT,66.2710364649015
HDL cholesterol,male,12,WT,79.29179426319752
HDL cholesterol,male,12,WT,106.69970811046187
HDL cholesterol,male,12,WT,88.34966351794924
HDL cholesterol,male,12,LD leptin,79.4089175175061
HDL cholesterol,male,12,WT,120.09131649780716
HDL cholesterol,male,12,WT,89.0914838448316
HDL cholesterol,male,12,LD saline,94.75265957585043
HDL cholesterol,male,12,LD leptin,88.40822514510364
HDL cholesterol,male,12,WT,81.86856543237855
HDL cholesterol,male,12,WT,102.42453060502271
HDL cholesterol,male,12,LD leptin,84.77728511275336
HDL cholesterol,male,12,LD saline,137.97292764747704
HDL cholesterol,male,12,LD saline,85.77283277437664
HDL cholesterol,male,12,LD leptin,60.785545615345654
HDL cholesterol,male,12,LD saline,61.1954770054258
HDL cholesterol,male,12,WT,88.85717776182264
HDL cholesterol,male,12,WT,90.41892044325687
HDL cholesterol,male,12,LD saline,67.18854167324685
HDL cholesterol,male,12,LD saline,61.80063367748403
HDL cholesterol,male,12,LD leptin,117.16311599130859
HDL cholesterol,male,12,LD leptin,55.65142452871555
HDL cholesterol,male,12,LD saline,42.27929696749379
HDL cholesterol,male,12,LD leptin,37.203737508017866
HDL cholesterol,male,12,LD leptin,69.06263289096796
HDL cholesterol,male,12,LD leptin,55.28051436527426
HDL cholesterol,male,12,LD saline,50.653967096909355
HDL cholesterol,male,12,LD saline,89.48193440878822
HDL cholesterol,male,12,LD saline,92.93718955967529
HDL cholesterol,male,12,LD leptin,58.482042181420866
HDL cholesterol,male,12,LD leptin,53.97255859297252
HDL cholesterol,male,14,LD leptin,117.08507353803066
HDL cholesterol,male,14,LD saline,77.67148995460889
HDL cholesterol,male,14,LD leptin,120.03281444504455
HDL cholesterol,male,14,WT,110.42829057099698
HDL cholesterol,male,14,WT,101.11663440711277
HDL cholesterol,male,14,LD leptin,117.76833223775884
HDL cholesterol,male,14,LD saline,136.39170413991928
HDL cholesterol,male,14,WT,127.95847238334932
HDL cholesterol,male,14,WT,80.8143965692093
HDL cholesterol,male,14,LD saline,90.75080938005908
HDL cholesterol,male,14,WT,43.04065769489148
HDL cholesterol,male,14,LD saline,81.04864307782645
HDL cholesterol,male,14,LD saline,58.75530991667688
HDL cholesterol,male,14,LD leptin,44.93417016434432
HDL cholesterol,male,14,LD saline,94.83076160352016
HDL cholesterol,male,14,LD leptin,117.88545549206742
HDL cholesterol,male,14,LD leptin,88.27156149027974
HDL cholesterol,male,14,LD saline,80.42400557964447
HDL cholesterol,male,14,LD saline,73.90388626743493
HDL cholesterol,male,14,WT,129.7349211728856
HDL cholesterol,male,14,WT,107.28538395639657
HDL cholesterol,male,14,WT,93.22999769544685
HDL cholesterol,male,14,LD leptin,86.63183592995938
HDL cholesterol,male,14,LD saline,61.48834471558894
HDL cholesterol,male,14,LD leptin,60.51227788008964
HDL cholesterol,male,14,WT,117.00697151036115
HDL cholesterol,male,14,WT,88.40822514510364
HDL cholesterol,male,14,LD leptin,67.52037103565726
HDL cholesterol,male,14,LD saline,84.6016002312906
HDL cholesterol,male,14,LD saline,62.561994404881716
HDL cholesterol,male,14,LD leptin,90.37989921661801
HDL cholesterol,male,14,LD leptin,79.79936808146272
HDL cholesterol,male,14,LD saline,82.08333111487218
HDL cholesterol,male,14,LD saline,74.66524699483261
HDL cholesterol,male,14,LD leptin,75.85601993843375
HDL cholesterol,male,14,LD leptin,58.95053519865519
HDL cholesterol,male,14,LD saline,93.34712094975544
HDL cholesterol,male,14,LD leptin,84.01592438535567
HDL cholesterol,male,14,LD leptin,93.54234623173375
HDL cholesterol,male,14,WT,104.74757443946282
HDL cholesterol,male,14,WT,112.8684576597459
HDL cholesterol,male,14,WT,75.99268359325788
HDL cholesterol,male,14,WT,87.25647342814113
HDL cholesterol,male,16,LD saline,79.79936808146272
HDL cholesterol,male,16,LD saline,59.82895960596966
HDL cholesterol,male,16,LD leptin,133.36586120523566
HDL cholesterol,male,16,LD leptin,76.61738066583166
HDL cholesterol,male,16,LD leptin,107.24630315536592
HDL cholesterol,male,16,WT,127.89985118180334
HDL cholesterol,male,16,LD saline,84.9139487675775
HDL cholesterol,male,16,WT,129.42257263659872
HDL cholesterol,male,16,LD saline,60.41463545190459
HDL cholesterol,male,16,WT,82.4151604772826
HDL cholesterol,male,16,WT,45.28559950166209
HDL cholesterol,male,16,LD saline,71.52228080584041
HDL cholesterol,male,16,LD leptin,125.30359918649879
HDL cholesterol,male,16,WT,144.88343794925163
HDL cholesterol,male,16,LD leptin,60.082746515102144
HDL cholesterol,male,16,WT,85.38244178481182
HDL cholesterol,male,16,LD leptin,85.46048423808975
HDL cholesterol,male,16,LD saline,73.24010839383027
HDL cholesterol,male,16,LD leptin,143.0094063059223
HDL cholesterol,male,16,WT,160.92997910783924
HDL cholesterol,male,16,LD saline,104.55234915748451
HDL cholesterol,male,16,WT,116.44083606494155
HDL cholesterol,male,16,LD leptin,48.66281219927146
HDL cholesterol,male,16,WT,135.86458992113876
HDL cholesterol,male,16,LD leptin,67.65703469048117
HDL cholesterol,male,16,LD saline,73.72814181158014
HDL cholesterol,male,16,WT,159.0364070639946
HDL cholesterol,male,16,LD leptin,58.247795672803704
HDL cholesterol,male,16,LD leptin,66.40764054533383
HDL cholesterol,male,16,LD saline,147.69451520144162
HDL cholesterol,male,16,LD saline,91.7268762155586
HDL cholesterol,male,16,WT,37.18425668189434
HDL cholesterol,male,16,LD saline,75.58269262878594
HDL cholesterol,male,16,LD leptin,52.762245248855834
HDL cholesterol,male,16,LD saline,108.06622550991779
HDL cholesterol,male,16,LD leptin,60.824566841984506
HDL cholesterol,male,16,LD saline,159.01692623787108
HDL cholesterol,male,16,LD saline,34.900293648484876
HDL cholesterol,male,16,LD leptin,86.5927551289285
HDL cholesterol,male,16,LD leptin,21.957637877858588
HDL cholesterol,male,16,WT,84.66016185844478
HDL cholesterol,male,16,WT,130.7695496355393
HDL cholesterol,male,16,WT,84.19166884121046
HDL cholesterol,male,16,WT,79.93597216189482
HDL triglycerides,female,12,LD leptin,13.685242607737393
HDL triglycerides,female,12,WT,13.189566966481351
HDL triglycerides,female,12,WT,4.177240833731439
HDL triglycerides,female,12,WT,3.974461979372464
HDL triglycerides,female,12,WT,5.601513281342527
HDL triglycerides,female,12,LD saline,9.264380690297244
HDL triglycerides,female,12,LD saline,27.84746552887347
HDL triglycerides,female,12,LD leptin,8.699499545341041
HDL triglycerides,female,12,WT,8.28589708358492
HDL triglycerides,female,12,LD leptin,25.539667519492994
HDL triglycerides,female,12,LD saline,18.68386316858679
HDL triglycerides,female,12,LD leptin,5.789803722110165
HDL triglycerides,female,12,LD leptin,7.910917294534649
HDL triglycerides,female,12,LD saline,19.33725624226944
HDL triglycerides,female,12,LD leptin,11.992214999333719
HDL triglycerides,female,12,LD saline,10.54863367103303
HDL triglycerides,female,12,WT,13.10427195670485
HDL triglycerides,female,12,LD saline,5.558057863221805
HDL triglycerides,female,12,WT,17.616867633148026
HDL triglycerides,female,12,LD leptin,8.712372132467443
HDL triglycerides,female,12,LD leptin,5.87670964702496
HDL triglycerides,female,12,LD leptin,7.394319401787399
HDL triglycerides,female,12,LD leptin,2.8414876818367603
HDL triglycerides,female,12,LD saline,6.835877006057714
HDL triglycerides,female,12,LD saline,6.914733266607698
HDL triglycerides,female,12,LD saline,4.280241176049216
HDL triglycerides,female,12,WT,8.27140866999359
HDL triglycerides,female,12,WT,3.366132783285508
HDL triglycerides,female,12,LD saline,10.707957107271284
HDL triglycerides,female,12,WT,3.826405126448961
HDL triglycerides,female,12,WT,4.534517745903756
HDL triglycerides,female,12,WT,10.957403387374278
HDL triglycerides,female,12,WT,15.210902026864645
HDL triglycerides,female,12,WT,8.705933383240918
HDL triglycerides,female,12,LD leptin,8.955379663343912
HDL triglycerides,female,12,LD leptin,8.137840230661418
HDL triglycerides,female,12,LD leptin,9.51704388935017
HDL triglycerides,female,12,LD saline,18.14312610539838
HDL triglycerides,female,12,LD saline,19.168277137854723
HDL triglycerides,female,12,LD saline,4.692232722667043
HDL triglycerides,female,12,LD saline,15.082151598967421
HDL triglycerides,female,14,WT,11.50619502625414
HDL triglycerides,female,14,WT,11.290538673442121
HDL triglycerides,female,14,LD saline,8.068634726961257
HDL triglycerides,female,14,LD saline,16.448482670529778
HDL triglycerides,female,14,LD saline,13.775365451602127
HDL triglycerides,female,14,WT,8.879745233070508
HDL triglycerides,female,14,LD saline,11.551251536859866
HDL triglycerides,female,14,LD saline,16.36640949102985
HDL triglycerides,female,14,LD leptin,7.180278875440308
HDL triglycerides,female,14,LD leptin,5.641746869186662
HDL triglycerides,female,14,WT,11.105470062951063
HDL triglycerides,female,14,WT,12.318911536175044
HDL triglycerides,female,14,LD leptin,7.927011711937631
HDL triglycerides,female,14,LD leptin,8.998835081464627
HDL triglycerides,female,14,LD leptin,7.453864325984455
HDL triglycerides,female,14,WT,11.972898751654157
HDL triglycerides,female,14,WT,10.79164611323614
HDL triglycerides,female,14,WT,13.762492864475725
HDL triglycerides,female,14,LD saline,18.07874843578645
HDL triglycerides,female,14,LD leptin,8.553043784902542
HDL triglycerides,female,14,LD saline,17.874368488942473
HDL triglycerides,female,14,LD leptin,8.145884983699588
HDL triglycerides,female,14,WT,8.083118229225946
HDL triglycerides,female,14,LD leptin,6.077872674919
HDL triglycerides,female,14,LD saline,8.805711895282116
HDL triglycerides,female,14,WT,6.880938427990081
HDL triglycerides,female,14,LD leptin,10.801301781412604
HDL triglycerides,female,14,LD saline,30.087673861018715
HDL triglycerides,female,14,LD saline,21.268468458787993
HDL triglycerides,female,14,LD saline,19.948809724296297
HDL triglycerides,female,14,LD leptin,10.47138832562134
HDL triglycerides,female,14,LD leptin,12.49111247086634
HDL triglycerides,female,14,LD saline,8.40981476606727
HDL triglycerides,female,14,WT,11.176276659136235
HDL triglycerides,female,14,WT,7.310635307149184
HDL triglycerides,female,14,LD leptin,5.356889924001123
HDL triglycerides,female,14,LD saline,20.61025246234376
HDL triglycerides,female,14,LD leptin,21.601603744855836
HDL triglycerides,female,14,LD saline,22.42880866836807
HDL triglycerides,female,14,WT,19.783047538831518
HDL triglycerides,female,14,LD leptin,18.542240153563164
HDL triglycerides,female,14,WT,20.362407274725776
HDL triglycerides,female,14,WT,10.11571987292399
HDL triglycerides,female,14,LD leptin,15.787044843808957
HDL triglycerides,female,16,LD saline,18.963887368357454
HDL triglycerides,female,16,LD leptin,3.3242907359664002
HDL triglycerides,female,16,WT,12.016354169774871
HDL triglycerides,female,16,LD leptin,6.293529027731019
HDL triglycerides,female,16,LD saline,9.351281703885398
HDL triglycerides,female,16,WT,16.16685246694746
HDL triglycerides,female,16,LD saline,23.244742097238912
HDL triglycerides,female,16,LD leptin,25.4752947612077
HDL triglycerides,female,16,LD saline,36.37698615183042
HDL triglycerides,female,16,LD leptin,11.195592906815797
HDL triglycerides,female,16,LD saline,27.60767491694694
HDL triglycerides,female,16,WT,9.586249393050338
HDL triglycerides,female,16,WT,8.620643284791058
HDL triglycerides,female,16,LD leptin,10.511617002138834
HDL triglycerides,female,16,LD saline,21.373079716244064
HDL triglycerides,female,16,LD leptin,8.701110460479327
HDL triglycerides,female,16,WT,9.91937976779154
HDL triglycerides,female,16,LD leptin,7.1674013769872715
HDL triglycerides,female,16,LD leptin,10.131814290326972
HDL triglycerides,female,16,LD saline,13.973311560546229
HDL triglycerides,female,16,LD saline,10.466555580206467
HDL triglycerides,female,16,WT,4.746952268439195
HDL triglycerides,female,16,LD leptin,4.705107765456766
HDL triglycerides,female,16,LD saline,12.153149350710265
HDL triglycerides,female,16,LD leptin,5.7286478827748155
HDL triglycerides,female,16,LD leptin,11.247083255321407
HDL triglycerides,female,16,LD saline,18.188187527330747
HDL triglycerides,female,16,WT,13.574197512381446
HDL triglycerides,female,16,LD saline,17.756879733033358
HDL triglycerides,female,16,WT,9.14689193438813
HDL triglycerides,female,16,WT,20.850043074270282
HDL triglycerides,female,16,WT,16.936118470074284
HDL triglycerides,female,16,WT,8.544999031864371
HDL triglycerides,female,16,WT,10.910735961630259
HDL triglycerides,female,16,WT,16.289159234291517
HDL triglycerides,female,16,WT,9.190347352508851
HDL triglycerides,female,16,LD leptin,10.696690523956534
HDL triglycerides,female,16,LD saline,21.62574291529699
HDL triglycerides,female,16,LD leptin,8.433953936508424
HDL triglycerides,female,16,LD saline,40.184693494758704
HDL triglycerides,female,16,LD leptin,17.991847422198298
HDL triglycerides,male,12,LD leptin,2.5228386718694082
HDL triglycerides,male,12,LD leptin,4.478189897634763
HDL triglycerides,male,12,LD saline,21.509868738781094
HDL triglycerides,male,12,LD saline,15.877166904948098
HDL triglycerides,male,12,LD leptin,3.992169964621482
HDL triglycerides,male,12,LD saline,7.035433976305299
HDL triglycerides,male,12,WT,11.950370037341202
HDL triglycerides,male,12,LD saline,24.93455125729851
HDL triglycerides,male,12,WT,10.83992408665081
HDL triglycerides,male,12,WT,7.423291231834611
HDL triglycerides,male,12,WT,15.96567882637784
HDL triglycerides,male,12,WT,17.290170197096586
HDL triglycerides,male,12,WT,12.59089047109451
HDL triglycerides,male,12,WT,14.171261938722012
HDL triglycerides,male,12,LD leptin,10.284698655642487
HDL triglycerides,male,12,WT,12.59089047109451
HDL triglycerides,male,12,WT,10.455288661132471
HDL triglycerides,male,12,LD saline,7.679171328743351
HDL triglycerides,male,12,LD leptin,9.088957702207097
HDL triglycerides,male,12,WT,11.609190026361233
HDL triglycerides,male,12,WT,13.308656243891605
HDL triglycerides,male,12,LD leptin,10.65002274639987
HDL triglycerides,male,12,LD saline,15.230212633825303
HDL triglycerides,male,12,LD saline,13.406828744028047
HDL triglycerides,male,12,LD leptin,16.540215592147106
HDL triglycerides,male,12,LD saline,6.0827054450396645
HDL triglycerides,male,12,WT,9.974096561809418
HDL triglycerides,male,12,WT,6.365946540410576
HDL triglycerides,male,12,LD saline,21.36502881674778
HDL triglycerides,male,12,LD saline,28.296471937842853
HDL triglycerides,male,12,LD leptin,16.702760845262105
HDL triglycerides,male,12,LD leptin,30.972810766416274
HDL triglycerides,male,12,LD saline,41.87772308834134
HDL triglycerides,male,12,LD leptin,40.458276136170895
HDL triglycerides,male,12,LD leptin,9.771317724167034
HDL triglycerides,male,12,LD leptin,18.780423739615088
HDL triglycerides,male,12,LD saline,12.48789013726784
HDL triglycerides,male,12,LD saline,6.43676295341109
HDL triglycerides,male,12,LD saline,9.56371596416065
HDL triglycerides,male,12,LD leptin,5.624041599162311
HDL triglycerides,male,12,LD leptin,6.356295784356334
HDL triglycerides,male,14,LD leptin,14.996860790362248
HDL triglycerides,male,14,LD saline,4.952943248262088
HDL triglycerides,male,14,LD leptin,13.48890191676206
HDL triglycerides,male,14,WT,23.819277472917875
HDL triglycerides,male,14,WT,22.572036352569143
HDL triglycerides,male,14,LD leptin,9.061601615071169
HDL triglycerides,male,14,LD saline,33.499476927939895
HDL triglycerides,male,14,WT,11.81518578268836
HDL triglycerides,male,14,WT,11.041092009287695
HDL triglycerides,male,14,LD saline,2.6467563441362927
HDL triglycerides,male,14,WT,9.404387629730394
HDL triglycerides,male,14,LD saline,12.33983329654977
HDL triglycerides,male,14,LD saline,17.00049035302996
HDL triglycerides,male,14,LD leptin,7.943106000679549
HDL triglycerides,male,14,LD saline,11.21168201477768
HDL triglycerides,male,14,LD leptin,6.308012536127734
HDL triglycerides,male,14,LD leptin,10.471383077208671
HDL triglycerides,male,14,LD saline,26.418366051121282
HDL triglycerides,male,14,LD saline,28.603857112991165
HDL triglycerides,male,14,WT,5.519435261656369
HDL triglycerides,male,14,WT,4.341394727976422
HDL triglycerides,male,14,WT,3.5656900395702706
HDL triglycerides,male,14,LD leptin,27.103947903092205
HDL triglycerides,male,14,LD saline,6.851971384750101
HDL triglycerides,male,14,LD leptin,5.422873676525413
HDL triglycerides,male,14,WT,13.992627180857042
HDL triglycerides,male,14,WT,11.136042679413166
HDL triglycerides,male,14,LD leptin,14.15517243397204
HDL triglycerides,male,14,LD saline,28.96757028874306
HDL triglycerides,male,14,LD saline,6.361118706720333
HDL triglycerides,male,14,LD leptin,8.392109267850202
HDL triglycerides,male,14,LD leptin,6.7554097996191445
HDL triglycerides,male,14,LD saline,12.106476541760486
HDL triglycerides,male,14,LD saline,10.308837824093672
HDL triglycerides,male,14,LD leptin,26.56159996947534
HDL triglycerides,male,14,LD leptin,10.748190335210083
HDL triglycerides,male,14,LD saline,15.75164322900197
HDL triglycerides,male,14,LD leptin,8.960212196249984
HDL triglycerides,male,14,LD leptin,7.935061248304564
HDL triglycerides,male,14,WT,8.747777691227128
HDL triglycerides,male,14,WT,10.83992408665081
HDL triglycerides,male,14,WT,17.49294903473897
HDL triglycerides,male,14,WT,19.314722009530726
HDL triglycerides,male,16,LD saline,11.58022302421982
HDL triglycerides,male,16,LD saline,6.336984449595391
HDL triglycerides,male,16,LD leptin,12.497545804648311
HDL triglycerides,male,16,LD leptin,12.016353705325258
HDL triglycerides,male,16,LD leptin,6.59930329519986
HDL triglycerides,male,16,WT,8.258535928202846
HDL triglycerides,male,16,LD saline,9.787412140243234
HDL triglycerides,male,16,WT,23.550519878617678
HDL triglycerides,male,16,LD saline,28.705246531812364
HDL triglycerides,male,16,WT,23.22382336870841
HDL triglycerides,male,16,WT,7.856200082929064
HDL triglycerides,male,16,LD saline,29.900987485247754
HDL triglycerides,male,16,LD leptin,38.46913007457388
HDL triglycerides,male,16,WT,25.356198437333234
HDL triglycerides,male,16,LD leptin,14.092405684672741
HDL triglycerides,male,16,WT,20.608635463102573
HDL triglycerides,male,16,LD leptin,21.29261131139424
HDL triglycerides,male,16,LD saline,24.873395423004695
HDL triglycerides,male,16,LD leptin,11.218115852147179
HDL triglycerides,male,16,WT,6.961405555946271
HDL triglycerides,male,16,LD saline,11.593095610285033
HDL triglycerides,male,16,WT,21.278122898997296
HDL triglycerides,male,16,LD leptin,5.332750840090185
HDL triglycerides,male,16,WT,9.047113202674225
HDL triglycerides,male,16,LD leptin,16.26984708284141
HDL triglycerides,male,16,LD saline,18.564772315907476
HDL triglycerides,male,16,WT,17.603994120940627
HDL triglycerides,male,16,LD leptin,3.036219603344861
HDL triglycerides,male,16,LD leptin,5.123538165078315
HDL triglycerides,male,16,LD saline,7.127167727746013
HDL triglycerides,male,16,LD saline,17.88562921263228
HDL triglycerides,male,16,WT,8.142663008310947
HDL triglycerides,male,16,LD saline,20.9465985553978
HDL triglycerides,male,16,LD leptin,8.833072693972113
HDL triglycerides,male,16,LD saline,19.694534512685067
HDL triglycerides,male,16,LD leptin,9.69568330012875
HDL triglycerides,male,16,LD saline,34.00641911071962
HDL triglycerides,male,16,LD saline,9.320703541990895
HDL triglycerides,male,16,LD leptin,28.809847957992062
HDL triglycerides,male,16,LD leptin,5.104221918991129
HDL triglycerides,male,16,WT,18.91399707926243
HDL triglycerides,male,16,WT,10.051346812179432
HDL triglycerides,male,16,WT,22.235684175279403
HDL triglycerides,male,16,WT,12.156365793668328
LDL cholesterol,female,12,LD leptin,584.0325664829558
LDL cholesterol,female,12,WT,712.6338971666412
LDL cholesterol,female,12,WT,637.4854643120583
LDL cholesterol,female,12,WT,507.86220206961195
LDL cholesterol,female,12,WT,479.64225775554075
LDL cholesterol,female,12,LD saline,900.9767230613858
LDL cholesterol,female,12,LD saline,798.669379527567
LDL cholesterol,female,12,LD leptin,728.0409547551837
LDL cholesterol,female,12,WT,480.15322353492115
LDL cholesterol,female,12,LD leptin,861.751703342636
LDL cholesterol,female,12,LD saline,862.9702247869377
LDL cholesterol,female,12,LD leptin,874.17165018712
LDL cholesterol,female,12,LD leptin,748.6359942346983
LDL cholesterol,female,12,LD saline,876.0581454401939
LDL cholesterol,female,12,LD leptin,870.3985397359535
LDL cholesterol,female,12,LD saline,914.693635392358
LDL cholesterol,female,12,WT,902.3522525350793
LDL cholesterol,female,12,LD saline,906.7935766850552
LDL cholesterol,female,12,WT,867.6864629196225
LDL cholesterol,female,12,LD leptin,911.1955588689192
LDL cholesterol,female,12,LD leptin,892.2905447019563
LDL cholesterol,female,12,LD leptin,886.1199732183355
LDL cholesterol,female,12,LD leptin,875.1935817458808
LDL cholesterol,female,12,LD leptin,878.6916582693198
LDL cholesterol,female,12,LD saline,874.2895561404371
LDL cholesterol,female,12,LD saline,906.0861409651525
LDL cholesterol,female,12,LD saline,887.0239988237792
LDL cholesterol,female,12,WT,609.1476140446699
LDL cholesterol,female,12,WT,878.6523163032078
LDL cholesterol,female,12,LD saline,894.9239375860635
LDL cholesterol,female,12,WT,686.2218841184388
LDL cholesterol,female,12,WT,618.8556040178415
LDL cholesterol,female,12,WT,884.4691699268772
LDL cholesterol,female,12,WT,838.8769888389656
LDL cholesterol,female,12,WT,876.726479084022
LDL cholesterol,female,12,LD leptin,882.1502728816281
LDL cholesterol,female,12,LD leptin,1003.6376645101373
LDL cholesterol,female,12,LD leptin,943.9355112651901
LDL cholesterol,female,12,LD saline,899.915449536513
LDL cholesterol,female,12,LD saline,1005.602843695435
LDL cholesterol,female,12,LD saline,944.6036050189809
LDL cholesterol,female,12,LD saline,990.0778801535753
LDL cholesterol,female,14,WT,792.8131839377857
LDL cholesterol,female,14,WT,746.1598492700201
LDL cholesterol,female,14,LD saline,247.59398591599597
LDL cholesterol,female,14,LD saline,866.1929075475932
LDL cholesterol,female,14,LD saline,869.5338560966218
LDL cholesterol,female,14,WT,661.6964862683287
LDL cholesterol,female,14,LD saline,885.8840413666826
LDL cholesterol,female,14,LD saline,915.7155669511188
LDL cholesterol,female,14,LD leptin,674.9024328199207
LDL cholesterol,female,14,LD leptin,873.4642144672173
LDL cholesterol,female,14,WT,754.6102157228153
LDL cholesterol,female,14,WT,694.475660685693
LDL cholesterol,female,14,LD leptin,614.0212200418024
LDL cholesterol,female,14,LD leptin,548.8165890670253
LDL cholesterol,female,14,LD leptin,858.410874738626
LDL cholesterol,female,14,WT,610.4445795311583
LDL cholesterol,female,14,WT,696.1658059432632
LDL cholesterol,female,14,WT,726.3901514637255
LDL cholesterol,female,14,LD saline,857.4282851459772
LDL cholesterol,female,14,LD leptin,818.1640434061342
LDL cholesterol,female,14,LD saline,888.5175541958084
LDL cholesterol,female,14,LD leptin,639.0182417051808
LDL cholesterol,female,14,WT,729.7309800677353
LDL cholesterol,female,14,LD leptin,830.4267423311891
LDL cholesterol,female,14,LD saline,871.3417873624904
LDL cholesterol,female,14,WT,666.688118163797
LDL cholesterol,female,14,LD leptin,777.1310924215156
LDL cholesterol,female,14,LD saline,152.00764155630895
LDL cholesterol,female,14,LD saline,898.107638215663
LDL cholesterol,female,14,LD saline,900.2299453753711
LDL cholesterol,female,14,LD leptin,760.2305994059624
LDL cholesterol,female,14,LD leptin,419.6649506378476
LDL cholesterol,female,14,LD saline,657.2945040844648
LDL cholesterol,female,14,WT,470.28798564232056
LDL cholesterol,female,14,WT,538.4011633739509
LDL cholesterol,female,14,LD leptin,829.9944604840325
LDL cholesterol,female,14,LD saline,893.5089462012394
LDL cholesterol,female,14,LD leptin,900.269287341483
LDL cholesterol,female,14,LD saline,889.2642119368045
LDL cholesterol,female,14,WT,629.7033115580725
LDL cholesterol,female,14,LD leptin,888.1637163908384
LDL cholesterol,female,14,WT,640.0008312978297
LDL cholesterol,female,14,WT,310.24378799387114
LDL cholesterol,female,14,LD leptin,853.4193627881765
LDL cholesterol,female,16,LD saline,463.29195254046124
LDL cholesterol,female,16,LD leptin,417.93558335918397
LDL cholesterol,female,16,WT,604.7456318608059
LDL cholesterol,female,16,LD leptin,832.5883914570092
LDL cholesterol,female,16,LD saline,893.351818226829
LDL cholesterol,female,16,WT,552.4719135098933
LDL cholesterol,female,16,LD saline,957.4559536556401
LDL cholesterol,female,16,LD leptin,652.1849662356794
LDL cholesterol,female,16,LD saline,876.372641279052
LDL cholesterol,female,16,LD leptin,845.3228341403512
LDL cholesterol,female,16,LD saline,829.051092912477
LDL cholesterol,female,16,WT,734.722492018185
LDL cholesterol,female,16,WT,832.9028872958672
LDL cholesterol,female,16,LD leptin,618.4232022256664
LDL cholesterol,female,16,LD saline,858.764712543596
LDL cholesterol,female,16,LD leptin,696.7552157648302
LDL cholesterol,female,16,WT,817.7317615589775
LDL cholesterol,female,16,LD leptin,874.2502141743252
LDL cholesterol,female,16,LD leptin,739.635559926448
LDL cholesterol,female,16,LD saline,979.3087366005495
LDL cholesterol,female,16,LD saline,925.1876250726376
LDL cholesterol,female,16,WT,640.8262929160682
LDL cholesterol,female,16,LD leptin,542.4886497189568
LDL cholesterol,female,16,LD saline,903.9244918393324
LDL cholesterol,female,16,LD leptin,380.04699103805297
LDL cholesterol,female,16,LD leptin,879.831375836379
LDL cholesterol,female,16,LD saline,979.7016764815942
LDL cholesterol,female,16,WT,853.2621148687474
LDL cholesterol,female,16,LD saline,959.9320986203182
LDL cholesterol,female,16,WT,672.2691598808321
LDL cholesterol,female,16,WT,734.0936202854874
LDL cholesterol,female,16,WT,517.3737221022614
LDL cholesterol,female,16,WT,725.171869909461
LDL cholesterol,female,16,WT,819.8540687186857
LDL cholesterol,female,16,WT,636.0311309611222
LDL cholesterol,female,16,WT,786.5247065008477
LDL cholesterol,female,16,LD leptin,425.24611229990137
LDL cholesterol,female,16,LD saline,669.9109208694712
LDL cholesterol,female,16,LD leptin,698.2487711368594
LDL cholesterol,female,16,LD saline,852.4759952166208
LDL cholesterol,female,16,LD leptin,785.9743987553555
LDL cholesterol,male,12,LD leptin,852.2009553354196
LDL cholesterol,male,12,LD leptin,922.7901678825824
LDL cholesterol,male,12,LD saline,884.7051003357524
LDL cholesterol,male,12,LD saline,888.6746812783113
LDL cholesterol,male,12,LD leptin,300.260561600086
LDL cholesterol,male,12,LD saline,877.5910403483181
LDL cholesterol,male,12,WT,889.6572710073169
LDL cholesterol,male,12,LD saline,879.6741257760091
LDL cholesterol,male,12,WT,889.2248691551363
LDL cholesterol,male,12,WT,875.2328010096971
LDL cholesterol,male,12,WT,888.0064674867717
LDL cholesterol,male,12,WT,835.6933999101088
LDL cholesterol,male,12,WT,788.56855483444
LDL cholesterol,male,12,WT,811.1679986565368
LDL cholesterol,male,12,LD leptin,524.3303617849674
LDL cholesterol,male,12,WT,788.3326229500462
LDL cholesterol,male,12,WT,745.7275466937613
LDL cholesterol,male,12,LD saline,761.0167004507075
LDL cholesterol,male,12,LD leptin,251.36700703419274
LDL cholesterol,male,12,WT,887.2990316686964
LDL cholesterol,male,12,WT,796.8615545736316
LDL cholesterol,male,12,LD leptin,993.9689102781417
LDL cholesterol,male,12,LD saline,995.8948677096168
LDL cholesterol,male,12,LD saline,987.2086881447808
LDL cholesterol,male,12,LD leptin,865.0925277821734
LDL cholesterol,male,12,LD saline,855.2274084655796
LDL cholesterol,male,12,WT,382.9946887493911
LDL cholesterol,male,12,WT,495.28495182194047
LDL cholesterol,male,12,LD saline,863.7954421706663
LDL cholesterol,male,12,LD saline,869.1014506963043
LDL cholesterol,male,12,LD leptin,661.7357958495559
LDL cholesterol,male,12,LD leptin,854.087450850288
LDL cholesterol,male,12,LD saline,869.4552885503772
LDL cholesterol,male,12,LD leptin,859.2363313797105
LDL cholesterol,male,12,LD leptin,835.4969299423219
LDL cholesterol,male,12,LD leptin,725.4468802936785
LDL cholesterol,male,12,LD saline,739.5175124372254
LDL cholesterol,male,12,LD saline,728.3160854825878
LDL cholesterol,male,12,LD saline,713.0269317256416
LDL cholesterol,male,12,LD leptin,455.4705167564575
LDL cholesterol,male,12,LD leptin,527.042319032626
LDL cholesterol,male,14,LD leptin,1017.15800389367
LDL cholesterol,male,14,LD saline,429.41221795201955
LDL cholesterol,male,14,LD leptin,967.0852696859488
LDL cholesterol,male,14,WT,800.8704774877624
LDL cholesterol,male,14,WT,851.0611176651632
LDL cholesterol,male,14,LD leptin,866.310929450538
LDL cholesterol,male,14,LD saline,895.867185318818
LDL cholesterol,male,14,WT,852.4759893013143
LDL cholesterol,male,14,WT,848.938810210936
LDL cholesterol,male,14,LD saline,383.0340307209626
LDL cholesterol,male,14,WT,244.76391289704725
LDL cholesterol,male,14,LD saline,604.3524117415782
LDL cholesterol,male,14,LD saline,801.9316312148758
LDL cholesterol,male,14,LD leptin,735.7836234889892
LDL cholesterol,male,14,LD saline,770.135041977654
LDL cholesterol,male,14,LD leptin,676.9462656633591
LDL cholesterol,male,14,LD leptin,581.9100959156967
LDL cholesterol,male,14,LD saline,859.7865192565355
LDL cholesterol,male,14,LD saline,889.0677411589209
LDL cholesterol,male,14,WT,906.557766368202
LDL cholesterol,male,14,WT,567.6822158308992
LDL cholesterol,male,14,WT,779.7643493548894
LDL cholesterol,male,14,LD leptin,890.2860228822497
LDL cholesterol,male,14,LD saline,385.39215011454826
LDL cholesterol,male,14,LD leptin,264.80888730280685
LDL cholesterol,male,14,WT,517.7667295644287
LDL cholesterol,male,14,WT,539.3050196594122
LDL cholesterol,male,14,LD leptin,871.1845361239948
LDL cholesterol,male,14,LD saline,860.2582630802876
LDL cholesterol,male,14,LD saline,354.26377466886606
LDL cholesterol,male,14,LD leptin,908.6801937674641
LDL cholesterol,male,14,LD leptin,932.1836633204589
LDL cholesterol,male,14,LD saline,903.4135272133976
LDL cholesterol,male,14,LD saline,908.1692279171752
LDL cholesterol,male,14,LD leptin,919.8030567239934
LDL cholesterol,male,14,LD leptin,423.1236196973755
LDL cholesterol,male,14,LD saline,881.3249292965543
LDL cholesterol,male,14,LD leptin,852.0043654225974
LDL cholesterol,male,14,LD leptin,882.7005789061691
LDL cholesterol,male,14,WT,825.1994087735475
LDL cholesterol,male,14,WT,790.2191184649146
LDL cholesterol,male,14,WT,891.1900486131476
LDL cholesterol,male,14,WT,971.2515604863652
LDL cholesterol,male,16,LD saline,956.7877485171739
LDL cholesterol,male,16,LD saline,207.66143507922288
LDL cholesterol,male,16,LD leptin,824.334725014221
LDL cholesterol,male,16,LD leptin,821.9764856756001
LDL cholesterol,male,16,LD leptin,627.1092234499611
LDL cholesterol,male,16,WT,757.5579654134017
LDL cholesterol,male,16,LD saline,905.5358346676244
LDL cholesterol,male,16,WT,675.0988722299917
LDL cholesterol,male,16,LD saline,808.3773574657353
LDL cholesterol,male,16,WT,419.86147457289235
LDL cholesterol,male,16,WT,366.76228723501026
LDL cholesterol,male,16,LD saline,882.1896130558807
LDL cholesterol,male,16,LD leptin,852.8691691269592
LDL cholesterol,male,16,WT,688.6980004398565
LDL cholesterol,male,16,LD leptin,362.5961163796287
LDL cholesterol,male,16,WT,538.8333957806949
LDL cholesterol,male,16,LD leptin,849.2138441768307
LDL cholesterol,male,16,LD saline,817.2600069983582
LDL cholesterol,male,16,LD leptin,975.5356373114264
LDL cholesterol,male,16,WT,771.0389477635167
LDL cholesterol,male,16,LD saline,941.7738686161929
LDL cholesterol,male,16,WT,935.2886804487271
LDL cholesterol,male,16,LD leptin,218.58782806796535
LDL cholesterol,male,16,WT,894.3736297395235
LDL cholesterol,male,16,LD leptin,911.3529289885864
LDL cholesterol,male,16,LD saline,921.100142335501
LDL cholesterol,male,16,WT,818.2032547557924
LDL cholesterol,male,16,LD leptin,178.1444012374791
LDL cholesterol,male,16,LD leptin,870.4771003059195
LDL cholesterol,male,16,LD saline,860.8870149552204
LDL cholesterol,male,16,LD saline,963.665876620214
LDL cholesterol,male,16,WT,229.63212702638702
LDL cholesterol,male,16,LD saline,968.3431332709197
LDL cholesterol,male,16,LD leptin,442.18588442909413
LDL cholesterol,male,16,LD saline,1022.7392862752736
LDL cholesterol,male,16,LD leptin,353.67424482046954
LDL cholesterol,male,16,LD saline,937.3718858214529
LDL cholesterol,male,16,LD saline,260.4853485611393
LDL cholesterol,male,16,LD leptin,855.8168183689409
LDL cholesterol,male,16,LD leptin,256.24061370765
LDL cholesterol,male,16,WT,849.488998087761
LDL cholesterol,male,16,WT,887.0632197293376
LDL cholesterol,male,16,WT,846.8556048382102
LDL cholesterol,male,16,WT,905.5358346676244
LDL triglycerides,female,12,LD leptin,63.23017060276004
LDL triglycerides,female,12,WT,40.88440944337481
LDL triglycerides,female,12,WT,31.225333266572193
LDL triglycerides,female,12,WT,20.39681911295122
LDL triglycerides,female,12,WT,28.277919381932065
LDL triglycerides,female,12,LD saline,174.43024231431588
LDL triglycerides,female,12,LD saline,103.96508424903664
LDL triglycerides,female,12,LD leptin,38.40156881874907
LDL triglycerides,female,12,WT,25.346539593076045
LDL triglycerides,female,12,LD leptin,108.29008604905908
LDL triglycerides,female,12,LD saline,143.81900254707534
LDL triglycerides,female,12,LD leptin,16.13590481162703
LDL triglycerides,female,12,LD leptin,27.493006397303134
LDL triglycerides,female,12,LD saline,133.67934345669346
LDL triglycerides,female,12,LD leptin,70.34236754067695
LDL triglycerides,female,12,LD saline,77.61475878312024
LDL triglycerides,female,12,WT,41.92564798057754
LDL triglycerides,female,12,LD saline,29.303074938912346
LDL triglycerides,female,12,WT,68.03570643192336
LDL triglycerides,female,12,LD leptin,45.193401589832206
LDL triglycerides,female,12,LD leptin,40.003414095136804
LDL triglycerides,female,12,LD leptin,71.46367878792375
LDL triglycerides,female,12,LD leptin,20.42886286230032
LDL triglycerides,female,12,LD leptin,3.8337448212339496
LDL triglycerides,female,12,LD saline,78.41568142131416
LDL triglycerides,female,12,LD saline,83.44545016926395
LDL triglycerides,female,12,LD saline,45.75405721345567
LDL triglycerides,female,12,WT,39.44278291373257
LDL triglycerides,female,12,WT,16.087875850932164
LDL triglycerides,female,12,LD saline,121.61745048087079
LDL triglycerides,female,12,WT,26.355685496491333
LDL triglycerides,female,12,WT,28.934657369164483
LDL triglycerides,female,12,WT,35.35804812828064
LDL triglycerides,female,12,WT,42.11786159223391
LDL triglycerides,female,12,WT,29.43124993630886
LDL triglycerides,female,12,LD leptin,77.39047697989554
LDL triglycerides,female,12,LD leptin,38.38553472296485
LDL triglycerides,female,12,LD leptin,44.296372145810096
LDL triglycerides,female,12,LD saline,104.5898273713583
LDL triglycerides,female,12,LD saline,101.96277765355188
LDL triglycerides,female,12,LD saline,33.355741532795946
LDL triglycerides,female,12,LD saline,83.47751836083228
LDL triglycerides,female,14,WT,36.83179173392955
LDL triglycerides,female,14,WT,37.792884234430744
LDL triglycerides,female,14,LD saline,64.12720004678215
LDL triglycerides,female,14,LD saline,102.2510980710365
LDL triglycerides,female,14,LD saline,152.11654934649897
LDL triglycerides,female,14,WT,24.06503404130285
LDL triglycerides,female,14,LD saline,142.00890956324702
LDL triglycerides,female,14,LD saline,119.6311779811702
LDL triglycerides,female,14,LD leptin,16.199992310325342
LDL triglycerides,female,14,LD leptin,36.030869095735625
LDL triglycerides,female,14,WT,32.79511035139171
LDL triglycerides,female,14,WT,37.66470923703423
LDL triglycerides,female,14,LD leptin,36.47935937552745
LDL triglycerides,female,14,LD leptin,24.76984987366859
LDL triglycerides,female,14,LD leptin,32.57085299038624
LDL triglycerides,female,14,WT,34.0285380580317
LDL triglycerides,female,14,WT,34.84544590757139
LDL triglycerides,female,14,WT,38.83407388719513
LDL triglycerides,female,14,LD saline,204.46484124658718
LDL triglycerides,female,14,LD leptin,37.61668027633925
LDL triglycerides,female,14,LD saline,140.27893817390105
LDL triglycerides,female,14,LD leptin,48.68538811787323
LDL triglycerides,female,14,WT,39.17044770759378
LDL triglycerides,female,14,LD leptin,37.088068402065005
LDL triglycerides,female,14,LD saline,108.16191105166257
LDL triglycerides,female,14,WT,26.900307024330573
LDL triglycerides,female,14,LD leptin,58.61684838525298
LDL triglycerides,female,14,LD saline,18.138235849330954
LDL triglycerides,female,14,LD saline,126.91955443495937
LDL triglycerides,female,14,LD saline,108.81867348111416
LDL triglycerides,female,14,LD leptin,61.40404352314749
LDL triglycerides,female,14,LD leptin,45.91422707576294
LDL triglycerides,female,14,LD saline,73.70625239797903
LDL triglycerides,female,14,WT,73.70625239797903
LDL triglycerides,female,14,WT,31.62577014345004
LDL triglycerides,female,14,LD leptin,38.04913646034697
LDL triglycerides,female,14,LD saline,135.3452762317795
LDL triglycerides,female,14,LD leptin,80.59416753267124
LDL triglycerides,female,14,LD saline,138.05239865962994
LDL triglycerides,female,14,WT,52.049321859613656
LDL triglycerides,female,14,LD leptin,50.73579700071048
LDL triglycerides,female,14,WT,46.763203116870955
LDL triglycerides,female,14,WT,71.71993101383998
LDL triglycerides,female,14,LD leptin,75.88473850933599
LDL triglycerides,female,16,LD saline,39.971370345787705
LDL triglycerides,female,16,LD leptin,14.822404394942964
LDL triglycerides,female,16,WT,26.964394523028886
LDL triglycerides,female,16,LD leptin,43.12703193786842
LDL triglycerides,female,16,LD saline,75.6284373989813
LDL triglycerides,female,16,WT,36.31918951322018
LDL triglycerides,female,16,LD saline,127.7365111689374
LDL triglycerides,female,16,LD leptin,112.37477195007261
LDL triglycerides,female,16,LD saline,201.82185520187335
LDL triglycerides,female,16,LD leptin,77.24631677115326
LDL triglycerides,female,16,LD saline,153.41404010961804
LDL triglycerides,female,16,WT,23.984961331258773
LDL triglycerides,female,16,WT,29.142905076605075
LDL triglycerides,female,16,LD leptin,26.48383605166873
LDL triglycerides,female,16,LD saline,264.9024811230969
LDL triglycerides,female,16,LD leptin,41.12472534238361
LDL triglycerides,female,16,WT,44.00802728610631
LDL triglycerides,female,16,LD leptin,37.472495625377746
LDL triglycerides,female,16,LD leptin,36.71965083231714
LDL triglycerides,female,16,LD saline,177.9543214761444
LDL triglycerides,female,16,LD saline,75.88473850933599
LDL triglycerides,female,16,WT,15.270919116954019
LDL triglycerides,female,16,LD leptin,25.122257789851346
LDL triglycerides,female,16,LD saline,68.56434274841683
LDL triglycerides,female,16,LD leptin,34.685300487483346
LDL triglycerides,female,16,LD leptin,36.83179173392955
LDL triglycerides,female,16,LD saline,95.12286703733542
LDL triglycerides,female,16,WT,43.22313874369661
LDL triglycerides,female,16,LD saline,128.5694042298229
LDL triglycerides,female,16,WT,28.566239799416735
LDL triglycerides,female,16,WT,53.01038991789562
LDL triglycerides,female,16,WT,75.98084531516417
LDL triglycerides,female,16,WT,38.81806423363014
LDL triglycerides,female,16,WT,57.73585303701509
LDL triglycerides,female,16,WT,43.97598353675721
LDL triglycerides,female,16,WT,29.51134708857205
LDL triglycerides,female,16,LD leptin,59.46587331079934
LDL triglycerides,female,16,LD saline,107.18480889759638
LDL triglycerides,female,16,LD leptin,58.87314949560766
LDL triglycerides,female,16,LD saline,189.48762701991194
LDL triglycerides,female,16,LD leptin,44.64875561977374
LDL triglycerides,male,12,LD leptin,9.504271729770835
LDL triglycerides,male,12,LD leptin,17.48147892999941
LDL triglycerides,male,12,LD saline,148.01583691211385
LDL triglycerides,male,12,LD saline,84.31046686697755
LDL triglycerides,male,12,LD leptin,45.449733092249744
LDL triglycerides,male,12,LD saline,95.170976056261
LDL triglycerides,male,12,WT,42.03779477839021
LDL triglycerides,male,12,LD saline,175.9200035746585
LDL triglycerides,male,12,WT,24.865962305717403
LDL triglycerides,male,12,WT,36.062845320687984
LDL triglycerides,male,12,WT,58.26449550482903
LDL triglycerides,male,12,WT,72.79319523791696
LDL triglycerides,male,12,WT,49.5504042690809
LDL triglycerides,male,12,WT,38.882108694476074
LDL triglycerides,male,12,LD leptin,73.38587017798841
LDL triglycerides,male,12,WT,33.06740242825799
LDL triglycerides,male,12,WT,42.5503481227197
LDL triglycerides,male,12,LD saline,43.39932417717546
LDL triglycerides,male,12,LD leptin,51.520691588413
LDL triglycerides,male,12,WT,36.57549643389575
LDL triglycerides,male,12,WT,44.98513538271163
LDL triglycerides,male,12,LD leptin,81.31497509010842
LDL triglycerides,male,12,LD saline,141.51234889848502
LDL triglycerides,male,12,LD saline,143.22633510343303
LDL triglycerides,male,12,LD leptin,157.67496212521792
LDL triglycerides,male,12,LD saline,62.092831471239606
LDL triglycerides,male,12,WT,72.47285550826587
LDL triglycerides,male,12,WT,54.14774134752247
LDL triglycerides,male,12,LD saline,135.2010744995348
LDL triglycerides,male,12,LD saline,142.34533974134388
LDL triglycerides,male,12,LD leptin,58.36055342772897
LDL triglycerides,male,12,LD leptin,93.15263533325924
LDL triglycerides,male,12,LD saline,204.17652927448717
LDL triglycerides,male,12,LD leptin,153.63832956365354
LDL triglycerides,male,12,LD leptin,72.39273391252391
LDL triglycerides,male,12,LD leptin,128.02483883453147
LDL triglycerides,male,12,LD saline,104.95822738433753
LDL triglycerides,male,12,LD saline,75.72455063064126
LDL triglycerides,male,12,LD saline,149.05702658124824
LDL triglycerides,male,12,LD leptin,51.440618877109955
LDL triglycerides,male,12,LD leptin,42.18195498939917
LDL triglycerides,male,14,LD leptin,61.6603997226523
LDL triglycerides,male,14,LD saline,66.49790605056364
LDL triglycerides,male,14,LD leptin,60.20266574764946
LDL triglycerides,male,14,WT,49.64655996085912
LDL triglycerides,male,14,WT,50.15911330518861
LDL triglycerides,male,14,LD leptin,34.172728481537206
LDL triglycerides,male,14,LD saline,224.3918091588207
LDL triglycerides,male,14,WT,41.22083803156784
LDL triglycerides,male,14,WT,47.147636316722355
LDL triglycerides,male,14,LD saline,17.097051700642623
LDL triglycerides,male,14,WT,49.88677809476803
LDL triglycerides,male,14,LD saline,64.12720629027763
LDL triglycerides,male,14,LD saline,129.91500455812138
LDL triglycerides,male,14,LD leptin,58.45670911950742
LDL triglycerides,male,14,LD saline,124.45270621362693
LDL triglycerides,male,14,LD leptin,21.197771761912918
LDL triglycerides,male,14,LD leptin,39.23456550063861
LDL triglycerides,male,14,LD saline,176.09618309330062
LDL triglycerides,male,14,LD saline,147.43919606807867
LDL triglycerides,male,14,WT,58.96926246383691
LDL triglycerides,male,14,WT,31.625800318169695
LDL triglycerides,male,14,WT,38.946196194181766
LDL triglycerides,male,14,LD leptin,92.17553316383078
LDL triglycerides,male,14,LD saline,34.50910230722434
LDL triglycerides,male,14,LD leptin,34.50910230722434
LDL triglycerides,male,14,WT,48.04471465928691
LDL triglycerides,male,14,WT,27.316783661745603
LDL triglycerides,male,14,LD leptin,83.8779862339511
LDL triglycerides,male,14,LD saline,235.3324399438461
LDL triglycerides,male,14,LD saline,52.20947333582376
LDL triglycerides,male,14,LD leptin,55.253018516362545
LDL triglycerides,male,14,LD leptin,43.91192640594409
LDL triglycerides,male,14,LD saline,143.54672371752304
LDL triglycerides,male,14,LD saline,147.74355058613264
LDL triglycerides,male,14,LD leptin,134.94482226958962
LDL triglycerides,male,14,LD leptin,57.17520354758608
LDL triglycerides,male,14,LD saline,194.9659187904458
LDL triglycerides,male,14,LD leptin,59.642058999650544
LDL triglycerides,male,14,LD leptin,63.05399731350985
LDL triglycerides,male,14,WT,49.21403044339354
LDL triglycerides,male,14,WT,45.88216484083705
LDL triglycerides,male,14,WT,69.10892171363685
LDL triglycerides,male,14,WT,71.36752945498665
LDL triglycerides,male,16,LD saline,226.28197488241062
LDL triglycerides,male,16,LD saline,40.49998809208455
LDL triglycerides,male,16,LD leptin,75.09985638293642
LDL triglycerides,male,16,LD leptin,102.58752762405152
LDL triglycerides,male,16,LD leptin,41.73339137589733
LDL triglycerides,male,16,WT,39.71509953733471
LDL triglycerides,male,16,LD saline,416.82154194266263
LDL triglycerides,male,16,WT,86.2006325905677
LDL triglycerides,male,16,LD saline,146.65425862888947
LDL triglycerides,male,16,WT,59.14549086691818
LDL triglycerides,male,16,LD saline,237.54299428152626
LDL triglycerides,male,16,LD leptin,173.37307541129098
LDL triglycerides,male,16,WT,50.0470212862524
LDL triglycerides,male,16,LD leptin,42.32611520040791
LDL triglycerides,male,16,WT,44.1682275203284
LDL triglycerides,male,16,LD leptin,122.97898702702696
LDL triglycerides,male,16,LD saline,154.40718402236735
LDL triglycerides,male,16,LD leptin,84.47066117402278
LDL triglycerides,male,16,WT,39.65101203762879
LDL triglycerides,male,16,LD saline,154.15093179242217
LDL triglycerides,male,16,WT,76.46143466616059
LDL triglycerides,male,16,LD leptin,47.74036014123294
LDL triglycerides,male,16,WT,43.99199911724713
LDL triglycerides,male,16,LD leptin,70.95108291799647
LDL triglycerides,male,16,LD saline,183.70499716020868
LDL triglycerides,male,16,WT,69.20502852097616
LDL triglycerides,male,16,LD leptin,31.289377608043424
LDL triglycerides,male,16,LD leptin,48.82960321403675
LDL triglycerides,male,16,LD saline,121.16889401473986
LDL triglycerides,male,16,LD saline,117.7249852776863
LDL triglycerides,male,16,WT,72.71307364217478
LDL triglycerides,male,16,LD saline,110.24434621018986
LDL triglycerides,male,16,LD leptin,56.40630020443314
LDL triglycerides,male,16,LD saline,236.59786253529205
LDL triglycerides,male,16,LD leptin,52.27356083552968
LDL triglycerides,male,16,LD saline,253.97789383424038
LDL triglycerides,male,16,LD saline,45.09727628608721
LDL triglycerides,male,16,LD leptin,119.37483509848903
LDL triglycerides,male,16,LD leptin,40.8683812254053
LDL triglycerides,male,16,WT,79.85733888398386
LDL triglycerides,male,16,WT,62.47730758503553
LDL triglycerides,male,16,WT,55.47725143867433
LDL triglycerides,male,16,WT,54.98068330594219
VLDL cholesterol,female,12,LD leptin,285.4696030931218
VLDL cholesterol,female,12,WT,503.44589165717764
VLDL cholesterol,female,12,WT,462.18851461136694
VLDL cholesterol,female,12,WT,458.839979227746
VLDL cholesterol,female,12,WT,464.52223345292947
VLDL cholesterol,female,12,LD saline,457.8862275648815
VLDL cholesterol,female,12,LD saline,440.3523083581563
VLDL cholesterol,female,12,LD leptin,430.7532933268336
VLDL cholesterol,female,12,WT,431.7274205934048
VLDL cholesterol,female,12,LD leptin,480.2905973086843
VLDL cholesterol,female,12,LD saline,420.52517378957725
VLDL cholesterol,female,12,LD leptin,499.93503269509125
VLDL cholesterol,female,12,LD leptin,467.9113961801114
VLDL cholesterol,female,12,LD saline,470.0625397033541
VLDL cholesterol,female,12,LD leptin,471.1583632048298
VLDL cholesterol,female,12,LD saline,441.22492919775124
VLDL cholesterol,female,12,WT,450.2759705464099
VLDL cholesterol,female,12,LD saline,454.33474125923414
VLDL cholesterol,female,12,WT,286.2610931094471
VLDL cholesterol,female,12,LD leptin,449.220712456569
VLDL cholesterol,female,12,LD leptin,450.64130697882797
VLDL cholesterol,female,12,LD leptin,448.206019778363
VLDL cholesterol,female,12,LD leptin,450.1136469679444
VLDL cholesterol,female,12,LD leptin,447.3536506786224
VLDL cholesterol,female,12,LD saline,456.3641266156462
VLDL cholesterol,female,12,LD saline,453.0765322473668
VLDL cholesterol,female,12,LD saline,457.5005774606829
VLDL cholesterol,female,12,WT,231.63001206478555
VLDL cholesterol,female,12,WT,441.1031710309206
VLDL cholesterol,female,12,LD saline,443.88341906009697
VLDL cholesterol,female,12,WT,441.955478198735
VLDL cholesterol,female,12,WT,457.0135447933604
VLDL cholesterol,female,12,WT,444.9589908217184
VLDL cholesterol,female,12,WT,437.73438390744536
VLDL cholesterol,female,12,WT,442.7672818868408
VLDL cholesterol,female,12,LD leptin,443.8631053883165
VLDL cholesterol,female,12,LD leptin,494.9224483874763
VLDL cholesterol,female,12,LD leptin,496.4242356649311
VLDL cholesterol,female,12,LD saline,445.44608542096705
VLDL cholesterol,female,12,LD saline,496.9518337438884
VLDL cholesterol,female,12,LD saline,462.655233606909
VLDL cholesterol,female,12,LD saline,495.5516148253361
VLDL cholesterol,female,14,WT,519.3156380760564
VLDL cholesterol,female,14,WT,518.9097981639297
VLDL cholesterol,female,14,LD saline,88.03068442684832
VLDL cholesterol,female,14,LD saline,447.6377943558446
VLDL cholesterol,female,14,LD saline,433.2697732824944
VLDL cholesterol,female,14,WT,428.6630288870062
VLDL cholesterol,female,14,LD saline,437.73438390744536
VLDL cholesterol,female,14,LD saline,453.01565316395147
VLDL cholesterol,female,14,LD leptin,456.01910385500867
VLDL cholesterol,female,14,LD leptin,454.9841594369483
VLDL cholesterol,female,14,WT,453.76651583671577
VLDL cholesterol,female,14,WT,459.63146924407135
VLDL cholesterol,female,14,LD leptin,302.496175960744
VLDL cholesterol,female,14,LD leptin,432.4579695943886
VLDL cholesterol,female,14,LD leptin,439.8246483472728
VLDL cholesterol,female,14,WT,426.24805535832166
VLDL cholesterol,female,14,WT,438.56643933540545
VLDL cholesterol,female,14,WT,444.08630805019726
VLDL cholesterol,female,14,LD saline,441.48875920319296
VLDL cholesterol,female,14,LD leptin,439.0737856745085
VLDL cholesterol,female,14,LD saline,441.9149127871002
VLDL cholesterol,female,14,LD leptin,226.23183958489824
VLDL cholesterol,female,14,WT,436.9023284794852
VLDL cholesterol,female,14,LD leptin,436.9834593027549
VLDL cholesterol,female,14,LD saline,425.6798299358033
VLDL cholesterol,female,14,WT,465.8616971519188
VLDL cholesterol,female,14,LD leptin,446.62310167763854
VLDL cholesterol,female,14,LD saline,497.49974549462627
VLDL cholesterol,female,14,LD saline,445.5069025724562
VLDL cholesterol,female,14,LD saline,504.2170680017224
VLDL cholesterol,female,14,LD leptin,461.6811682722639
VLDL cholesterol,female,14,LD leptin,496.3632946495896
VLDL cholesterol,female,14,LD saline,377.17753230393913
VLDL cholesterol,female,14,WT,245.0645332151256
VLDL cholesterol,female,14,WT,471.4018795384911
VLDL cholesterol,female,14,LD leptin,464.1163935408028
VLDL cholesterol,female,14,LD saline,440.1290437643494
VLDL cholesterol,female,14,LD leptin,439.5811320136115
VLDL cholesterol,female,14,LD saline,440.18992284776465
VLDL cholesterol,female,14,WT,447.82043160609055
VLDL cholesterol,female,14,LD leptin,426.3901271969328
VLDL cholesterol,female,14,WT,443.4572654761898
VLDL cholesterol,female,14,WT,126.81227079248538
VLDL cholesterol,female,14,LD leptin,488.75309956304415
VLDL cholesterol,female,16,LD saline,471.7469022991287
VLDL cholesterol,female,16,LD leptin,441.89466104724585
VLDL cholesterol,female,16,WT,470.5292586988962
VLDL cholesterol,female,16,LD leptin,484.1869825111169
VLDL cholesterol,female,16,LD saline,483.2940479997415
VLDL cholesterol,female,16,WT,516.8398473958828
VLDL cholesterol,female,16,LD saline,474.3445130780591
VLDL cholesterol,female,16,LD leptin,463.75111904031087
VLDL cholesterol,female,16,LD saline,470.569824110531
VLDL cholesterol,female,16,LD leptin,510.77200499842695
VLDL cholesterol,female,16,LD saline,431.2403879260823
VLDL cholesterol,female,16,WT,437.5923740007604
VLDL cholesterol,female,16,WT,424.5028136791318
VLDL cholesterol,female,16,LD leptin,424.60425817418195
VLDL cholesterol,female,16,LD saline,439.1955438413391
VLDL cholesterol,female,16,LD leptin,450.80363055729345
VLDL cholesterol,female,16,WT,517.2862527196444
VLDL cholesterol,female,16,LD leptin,503.93292432450016
VLDL cholesterol,female,16,LD leptin,517.6921545636972
VLDL cholesterol,female,16,LD saline,502.53270540594787
VLDL cholesterol,female,16,LD saline,503.1617479799554
VLDL cholesterol,female,16,WT,507.42346961480604
VLDL cholesterol,female,16,LD leptin,523.2120852104152
VLDL cholesterol,female,16,LD saline,480.960329158179
VLDL cholesterol,female,16,LD leptin,163.8079262034454
VLDL cholesterol,female,16,LD leptin,527.8390813457578
VLDL cholesterol,female,16,LD saline,515.5816383840155
VLDL cholesterol,female,16,WT,509.49348231477916
VLDL cholesterol,female,16,LD saline,496.3632946495896
VLDL cholesterol,female,16,WT,436.4152958121627
VLDL cholesterol,female,16,WT,435.03532863346476
VLDL cholesterol,female,16,WT,391.2614716319933
VLDL cholesterol,female,16,WT,466.4501743142915
VLDL cholesterol,female,16,WT,452.7112577468749
VLDL cholesterol,female,16,WT,446.4607780991731
VLDL cholesterol,female,16,WT,480.1485254700732
VLDL cholesterol,female,16,LD leptin,217.7490236587579
VLDL cholesterol,female,16,LD saline,442.11786370912665
VLDL cholesterol,female,16,LD leptin,430.8344860820294
VLDL cholesterol,female,16,LD saline,438.3026093299637
VLDL cholesterol,female,16,LD leptin,434.08145310674786
VLDL cholesterol,male,12,LD leptin,446.7854047834337
VLDL cholesterol,male,12,LD leptin,455.3899782435535
VLDL cholesterol,male,12,LD saline,440.4537328462193
VLDL cholesterol,male,12,LD saline,451.7777369840171
VLDL cholesterol,male,12,LD leptin,57.83349048030914
VLDL cholesterol,male,12,LD saline,440.00726562336854
VLDL cholesterol,male,12,WT,451.35152149953115
VLDL cholesterol,male,12,LD saline,444.10666337825023
VLDL cholesterol,male,12,WT,446.46075765037995
VLDL cholesterol,male,12,WT,221.3815749611315
VLDL cholesterol,male,12,WT,414.2137969813739
VLDL cholesterol,male,12,WT,364.12858493246404
VLDL cholesterol,male,12,WT,208.4340874303789
VLDL cholesterol,male,12,WT,270.87830989095005
VLDL cholesterol,male,12,LD leptin,179.61685464793914
VLDL cholesterol,male,12,WT,208.35295661307623
VLDL cholesterol,male,12,WT,306.41286468643875
VLDL cholesterol,male,12,LD saline,242.50754433136103
VLDL cholesterol,male,12,LD leptin,57.65079131157427
VLDL cholesterol,male,12,WT,446.50126112710973
VLDL cholesterol,male,12,WT,225.17657732132443
VLDL cholesterol,male,12,LD leptin,490.72158213194234
VLDL cholesterol,male,12,LD saline,495.6530352535881
VLDL cholesterol,male,12,LD saline,488.34723612144785
VLDL cholesterol,male,12,LD leptin,428.5412515893304
VLDL cholesterol,male,12,LD saline,346.2902716206388
VLDL cholesterol,male,12,WT,78.45198968490718
VLDL cholesterol,male,12,WT,166.77087353669708
VLDL cholesterol,male,12,LD saline,432.82322464910385
VLDL cholesterol,male,12,LD saline,425.96389273981436
VLDL cholesterol,male,12,LD leptin,287.39753520450927
VLDL cholesterol,male,12,LD leptin,427.81064071015544
VLDL cholesterol,male,12,LD saline,422.1892659818295
VLDL cholesterol,male,12,LD leptin,426.85688911743773
VLDL cholesterol,male,12,LD leptin,424.5636739242457
VLDL cholesterol,male,12,LD leptin,378.37484679119643
VLDL cholesterol,male,12,LD saline,384.1586070179708
VLDL cholesterol,male,12,LD saline,305.86489104407724
VLDL cholesterol,male,12,LD saline,357.9186711531254
VLDL cholesterol,male,12,LD leptin,130.97248875517084
VLDL cholesterol,male,12,LD leptin,136.3300954293809
VLDL cholesterol,male,14,LD leptin,511.969247728126
VLDL cholesterol,male,14,LD saline,185.2179157059786
VLDL cholesterol,male,14,LD leptin,511.64460059507223
VLDL cholesterol,male,14,WT,465.6384106988362
VLDL cholesterol,male,14,WT,446.9072248732307
VLDL cholesterol,male,14,LD leptin,463.83222813714633
VLDL cholesterol,male,14,LD saline,451.6965442347928
VLDL cholesterol,male,14,WT,444.126915116615
VLDL cholesterol,male,14,WT,423.4677885714443
VLDL cholesterol,male,14,LD saline,200.5195594407826
VLDL cholesterol,male,14,WT,75.63111451964005
VLDL cholesterol,male,14,LD saline,203.5026962406548
VLDL cholesterol,male,14,LD saline,400.10954501888205
VLDL cholesterol,male,14,LD leptin,355.9095996162573
VLDL cholesterol,male,14,LD saline,424.70568382048623
VLDL cholesterol,male,14,LD leptin,278.81321348275446
VLDL cholesterol,male,14,LD leptin,321.044714689084
VLDL cholesterol,male,14,LD saline,453.4215340472583
VLDL cholesterol,male,14,LD saline,455.4306055841264
VLDL cholesterol,male,14,WT,426.7350690276405
VLDL cholesterol,male,14,WT,394.751938344672
VLDL cholesterol,male,14,WT,438.119952244376
VLDL cholesterol,male,14,LD leptin,444.61400968003886
VLDL cholesterol,male,14,LD saline,127.19786199718601
VLDL cholesterol,male,14,LD leptin,57.813176810022696
VLDL cholesterol,male,14,WT,213.26403413251387
VLDL cholesterol,male,14,WT,254.42002558825016
VLDL cholesterol,male,14,LD leptin,478.2814409029784
VLDL cholesterol,male,14,LD saline,430.36768588938503
VLDL cholesterol,male,14,LD saline,50.14204127233438
VLDL cholesterol,male,14,LD leptin,448.0841791114133
VLDL cholesterol,male,14,LD leptin,460.1996732073235
VLDL cholesterol,male,14,LD saline,465.455773462023
VLDL cholesterol,male,14,LD saline,449.1801263961363
VLDL cholesterol,male,14,LD leptin,456.080023714077
VLDL cholesterol,male,14,LD leptin,81.27286485017407
VLDL cholesterol,male,14,LD saline,444.02540869710447
VLDL cholesterol,male,14,LD leptin,438.2213967319651
VLDL cholesterol,male,14,LD leptin,439.8246283865551
VLDL cholesterol,male,14,WT,368.7961461361506
VLDL cholesterol,male,14,WT,208.9820610727404
VLDL cholesterol,male,14,WT,493.62365004643357
VLDL cholesterol,male,14,WT,392.39790600446395
VLDL cholesterol,male,16,LD saline,419.5510899852975
VLDL cholesterol,male,16,LD saline,107.14752624139282
VLDL cholesterol,male,16,LD leptin,463.00023470230417
VLDL cholesterol,male,16,LD leptin,429.7588951000073
VLDL cholesterol,male,16,LD leptin,468.01281864125235
VLDL cholesterol,male,16,WT,456.28297462117666
VLDL cholesterol,male,16,LD saline,461.07229398273876
VLDL cholesterol,male,16,WT,337.9089008059834
VLDL cholesterol,male,16,LD saline,484.2275866282014
VLDL cholesterol,male,16,WT,199.36279500904334
VLDL cholesterol,male,16,WT,182.6406807203059
VLDL cholesterol,male,16,LD saline,462.2898755614942
VLDL cholesterol,male,16,LD leptin,471.4221089936891
VLDL cholesterol,male,16,WT,277.0882236702889
VLDL cholesterol,male,16,LD leptin,179.35308659382304
VLDL cholesterol,male,16,WT,233.07085357255573
VLDL cholesterol,male,16,LD leptin,458.79939245983337
VLDL cholesterol,male,16,LD saline,412.2858562618085
VLDL cholesterol,male,16,LD leptin,522.8873500517243
VLDL cholesterol,male,16,WT,399.48044055921787
VLDL cholesterol,male,16,LD saline,510.0819343491337
VLDL cholesterol,male,16,WT,456.3235400298281
VLDL cholesterol,male,16,LD leptin,76.03701633383957
VLDL cholesterol,male,16,WT,528.0826331594074
VLDL cholesterol,male,16,LD leptin,469.5551712169047
VLDL cholesterol,male,16,LD saline,497.64185505209116
VLDL cholesterol,male,16,WT,485.66843278434294
VLDL cholesterol,male,16,LD leptin,56.818797876732106
VLDL cholesterol,male,16,LD leptin,487.5963735039081
VLDL cholesterol,male,16,LD saline,501.21353090297634
VLDL cholesterol,male,16,LD saline,511.7257314123749
VLDL cholesterol,male,16,WT,66.47862934908039
VLDL cholesterol,male,16,LD saline,483.47672401066166
VLDL cholesterol,male,16,LD leptin,218.56076172778603
VLDL cholesterol,male,16,LD saline,515.480106431995
VLDL cholesterol,male,16,LD leptin,150.94169369366136
VLDL cholesterol,male,16,LD saline,492.16242828808413
VLDL cholesterol,male,16,LD saline,109.64363040976309
VLDL cholesterol,male,16,LD leptin,425.15221297525864
VLDL cholesterol,male,16,LD leptin,72.46527855103295
VLDL cholesterol,male,16,WT,440.8798863987838
VLDL cholesterol,male,16,WT,476.86090841712326
VLDL cholesterol,male,16,WT,431.8490974541778
VLDL cholesterol,male,16,WT,428.1962907859902
VLDL triglycerides,female,12,LD leptin,125.22738134240853
VLDL triglycerides,female,12,WT,122.81009767964065
VLDL triglycerides,female,12,WT,174.32146845331852
VLDL triglycerides,female,12,WT,85.45711519094391
VLDL triglycerides,female,12,WT,137.71672417740217
VLDL triglycerides,female,12,LD saline,738.5869619519221
VLDL triglycerides,female,12,LD saline,340.68301381947174
VLDL triglycerides,female,12,LD leptin,65.25547383834999
VLDL triglycerides,female,12,WT,58.37765413505031
VLDL triglycerides,female,12,LD leptin,607.6501927129859
VLDL triglycerides,female,12,LD saline,515.5915999816851
VLDL triglycerides,female,12,LD leptin,208.62406290413776
VLDL triglycerides,female,12,LD leptin,161.6018579429832
VLDL triglycerides,female,12,LD saline,610.4704008969082
VLDL triglycerides,female,12,LD leptin,446.26706610341694
VLDL triglycerides,female,12,LD saline,175.35740952819629
VLDL triglycerides,female,12,WT,61.02516156246645
VLDL triglycerides,female,12,LD saline,72.76631009537289
VLDL triglycerides,female,12,WT,88.85281692044725
VLDL triglycerides,female,12,LD leptin,118.34964946049524
VLDL triglycerides,female,12,LD leptin,144.73839531175054
VLDL triglycerides,female,12,LD leptin,297.2581484911708
VLDL triglycerides,female,12,LD leptin,54.20495268869536
VLDL triglycerides,female,12,LD leptin,36.334222665269635
VLDL triglycerides,female,12,LD saline,207.6455570160158
VLDL triglycerides,female,12,LD saline,229.4011978023127
VLDL triglycerides,female,12,LD saline,81.08299539470488
VLDL triglycerides,female,12,WT,73.16923461652743
VLDL triglycerides,female,12,WT,47.09699704213381
VLDL triglycerides,female,12,LD saline,574.9592085253983
VLDL triglycerides,female,12,WT,69.45689287808273
VLDL triglycerides,female,12,WT,115.21284517832476
VLDL triglycerides,female,12,WT,50.866773967333984
VLDL triglycerides,female,12,WT,42.29114730997594
VLDL triglycerides,female,12,WT,46.3199973252822
VLDL triglycerides,female,12,LD leptin,201.51597552549651
VLDL triglycerides,female,12,LD leptin,109.42857737943143
VLDL triglycerides,female,12,LD leptin,153.77442558771224
VLDL triglycerides,female,12,LD saline,447.4181410159655
VLDL triglycerides,female,12,LD saline,351.5897274487711
VLDL triglycerides,female,12,LD saline,45.71565445424358
VLDL triglycerides,female,12,LD saline,388.3671285705003
VLDL triglycerides,female,14,WT,126.89642679239591
VLDL triglycerides,female,14,WT,47.12575854620468
VLDL triglycerides,female,14,LD saline,64.67989247138246
VLDL triglycerides,female,14,LD saline,504.97276485725615
VLDL triglycerides,female,14,LD saline,511.56270605568557
VLDL triglycerides,female,14,WT,53.16896770312428
VLDL triglycerides,female,14,LD saline,506.41163045328835
VLDL triglycerides,female,14,LD saline,585.894551926689
VLDL triglycerides,female,14,LD leptin,68.82383241366631
VLDL triglycerides,female,14,LD leptin,200.8253481422446
VLDL triglycerides,female,14,WT,79.06854843170515
VLDL triglycerides,female,14,WT,65.77344437578881
VLDL triglycerides,female,14,LD leptin,50.66535561745013
VLDL triglycerides,female,14,LD leptin,58.636639403769664
VLDL triglycerides,female,14,LD leptin,34.147206677843315
VLDL triglycerides,female,14,WT,46.60774409807277
VLDL triglycerides,female,14,WT,82.06136955074726
VLDL triglycerides,female,14,WT,68.59360864901794
VLDL triglycerides,female,14,LD saline,518.2390634984081
VLDL triglycerides,female,14,LD leptin,147.73117252009945
VLDL triglycerides,female,14,LD saline,496.62736196454625
VLDL triglycerides,female,14,LD leptin,57.77331126401168
VLDL triglycerides,female,14,WT,144.56573846593756
VLDL triglycerides,female,14,LD leptin,220.88313806378994
VLDL triglycerides,female,14,LD saline,705.262873389225
VLDL triglycerides,female,14,WT,191.30006492222196
VLDL triglycerides,female,14,LD leptin,329.0570430349294
VLDL triglycerides,female,14,LD saline,201.5447809402608
VLDL triglycerides,female,14,LD saline,618.7869983748537
VLDL triglycerides,female,14,LD saline,457.950647717488
VLDL triglycerides,female,14,LD leptin,365.2589506110776
VLDL triglycerides,female,14,LD leptin,169.9761540718439
VLDL triglycerides,female,14,LD saline,165.65955728374706
VLDL triglycerides,female,14,WT,99.58678588254713
VLDL triglycerides,female,14,WT,78.6656678212438
VLDL triglycerides,female,14,LD leptin,118.03305336224719
VLDL triglycerides,female,14,LD saline,581.1175076092954
VLDL triglycerides,female,14,LD leptin,253.5454046579996
VLDL triglycerides,female,14,LD saline,596.2256841890207
VLDL triglycerides,female,14,WT,82.75199693399907
VLDL triglycerides,female,14,LD leptin,144.07657334326302
VLDL triglycerides,female,14,WT,64.33457877975661
VLDL triglycerides,female,14,WT,109.19839752547625
VLDL triglycerides,female,14,LD leptin,406.03635242265557
VLDL triglycerides,female,16,LD saline,65.80224979055322
VLDL triglycerides,female,16,LD leptin,39.55726754896
VLDL triglycerides,female,16,WT,54.953190901475864
VLDL triglycerides,female,16,LD leptin,240.7970765542865
VLDL triglycerides,female,16,LD saline,478.3537513306592
VLDL triglycerides,female,16,WT,57.94596810982466
VLDL triglycerides,female,16,LD saline,566.613717811302
VLDL triglycerides,female,16,LD leptin,331.8484458040874
VLDL triglycerides,female,16,LD saline,650.3558008860437
VLDL triglycerides,female,16,LD leptin,451.1303510223304
VLDL triglycerides,female,16,LD saline,588.3118355894568
VLDL triglycerides,female,16,WT,49.16892310258231
VLDL triglycerides,female,16,WT,50.66535561745013
VLDL triglycerides,female,16,LD leptin,47.61496757957252
VLDL triglycerides,female,16,LD saline,582.2397771070796
VLDL triglycerides,female,16,LD leptin,126.09066557147321
VLDL triglycerides,female,16,WT,158.72412675091869
VLDL triglycerides,female,16,LD leptin,155.84639555885417
VLDL triglycerides,female,16,LD leptin,232.5380020844832
VLDL triglycerides,female,16,LD saline,582.2110595137018
VLDL triglycerides,female,16,LD saline,451.50447012872064
VLDL triglycerides,female,16,WT,43.67244598717275
VLDL triglycerides,female,16,LD leptin,74.69438472477293
VLDL triglycerides,female,16,LD saline,149.11251510798957
VLDL triglycerides,female,16,LD leptin,38.0033559366434
VLDL triglycerides,female,16,LD leptin,123.9611725921892
VLDL triglycerides,female,16,LD saline,448.8570066119977
VLDL triglycerides,female,16,WT,107.21275597724082
VLDL triglycerides,female,16,LD saline,511.3900492098727
VLDL triglycerides,female,16,WT,54.00353433881128
VLDL triglycerides,female,16,WT,84.39228087991535
VLDL triglycerides,female,16,WT,162.58036383110527
VLDL triglycerides,female,16,WT,78.40668255252444
VLDL triglycerides,female,16,WT,127.24174048402176
VLDL triglycerides,female,16,WT,63.93169816929526
VLDL triglycerides,female,16,WT,44.88113172925
VLDL triglycerides,female,16,LD leptin,130.8101868807246
VLDL triglycerides,female,16,LD saline,218.81116809264802
VLDL triglycerides,female,16,LD leptin,270.66794037933823
VLDL triglycerides,female,16,LD saline,496.80001881035923
VLDL triglycerides,female,16,LD leptin,52.679758669756666
VLDL triglycerides,male,12,LD leptin,47.32721408859015
VLDL triglycerides,male,12,LD leptin,54.52154004704016
VLDL triglycerides,male,12,LD saline,693.3201621654248
VLDL triglycerides,male,12,LD saline,167.87538200263225
VLDL triglycerides,male,12,LD leptin,27.096773006283456
VLDL triglycerides,male,12,LD saline,375.7625967951685
VLDL triglycerides,male,12,WT,114.92507269135103
VLDL triglycerides,male,12,LD saline,531.9369930855114
VLDL triglycerides,male,12,WT,38.435037742509394
VLDL triglycerides,male,12,WT,47.38473708056745
VLDL triglycerides,male,12,WT,178.81072233093164
VLDL triglycerides,male,12,WT,126.522322623518
VLDL triglycerides,male,12,WT,60.3633292124473
VLDL triglycerides,male,12,WT,55.442347025486924
VLDL triglycerides,male,12,LD leptin,81.97511249446688
VLDL triglycerides,male,12,WT,33.427814978263996
VLDL triglycerides,male,12,WT,73.51457814162086
VLDL triglycerides,male,12,LD saline,51.81646646095396
VLDL triglycerides,male,12,LD leptin,34.952920747239205
VLDL triglycerides,male,12,WT,59.471239819308266
VLDL triglycerides,male,12,WT,45.370290683657004
VLDL triglycerides,male,12,LD leptin,319.128796106015
VLDL triglycerides,male,12,LD saline,569.5489502734149
VLDL triglycerides,male,12,LD saline,484.4257241744333
VLDL triglycerides,male,12,LD leptin,677.722824846106
VLDL triglycerides,male,12,LD saline,129.0260218270023
VLDL triglycerides,male,12,WT,73.62962412557545
VLDL triglycerides,male,12,WT,85.71612686431627
VLDL triglycerides,male,12,LD saline,717.5506028135219
VLDL triglycerides,male,12,LD saline,668.2551551161662
VLDL triglycerides,male,12,LD leptin,142.090942357529
VLDL triglycerides,male,12,LD leptin,386.09363833293924
VLDL triglycerides,male,12,LD saline,662.9601417493104
VLDL triglycerides,male,12,LD leptin,631.6504211267181
VLDL triglycerides,male,12,LD leptin,342.8988771755696
VLDL triglycerides,male,12,LD leptin,603.3047592861526
VLDL triglycerides,male,12,LD saline,397.5469490531202
VLDL triglycerides,male,12,LD saline,180.36472132793824
VLDL triglycerides,male,12,LD saline,584.7145577781373
VLDL triglycerides,male,12,LD leptin,50.061005259984086
VLDL triglycerides,male,12,LD leptin,35.03933696724789
VLDL triglycerides,male,14,LD leptin,251.27195230731377
VLDL triglycerides,male,14,LD saline,114.52223610478586
VLDL triglycerides,male,14,LD leptin,227.15655764317125
VLDL triglycerides,male,14,WT,69.91741516239563
VLDL triglycerides,male,14,WT,82.80959107426679
VLDL triglycerides,male,14,LD leptin,74.32033913611258
VLDL triglycerides,male,14,LD saline,517.1454167606844
VLDL triglycerides,male,14,WT,113.83152109424873
VLDL triglycerides,male,14,WT,105.11200154546168
VLDL triglycerides,male,14,LD saline,24.478115640205942
VLDL triglycerides,male,14,WT,42.63649951226307
VLDL triglycerides,male,14,LD saline,70.49299636761634
VLDL triglycerides,male,14,LD saline,502.1237484679482
VLDL triglycerides,male,14,LD leptin,146.4075379325991
VLDL triglycerides,male,14,LD saline,617.7221287883604
VLDL triglycerides,male,14,LD leptin,31.29832259739851
VLDL triglycerides,male,14,LD leptin,55.75903085612845
VLDL triglycerides,male,14,LD saline,730.7593747346727
VLDL triglycerides,male,14,LD saline,748.8316058508065
VLDL triglycerides,male,14,WT,141.25628813500543
VLDL triglycerides,male,14,WT,114.06178870488156
VLDL triglycerides,male,14,WT,84.30606707929564
VLDL triglycerides,male,14,LD leptin,297.4595776533797
VLDL triglycerides,male,14,LD saline,35.15438295120248
VLDL triglycerides,male,14,LD leptin,22.665131447258773
VLDL triglycerides,male,14,WT,81.14054609330515
VLDL triglycerides,male,14,WT,46.204857084818286
VLDL triglycerides,male,14,LD leptin,396.62614207467345
VLDL triglycerides,male,14,LD saline,726.9033143808686
VLDL triglycerides,male,14,LD saline,28.420592214018598
VLDL triglycerides,male,14,LD leptin,126.20581443559968
VLDL triglycerides,male,14,LD leptin,75.78800973447233
VLDL triglycerides,male,14,LD saline,584.254110378233
VLDL triglycerides,male,14,LD saline,608.6285780596779
VLDL triglycerides,male,14,LD leptin,374.9568358006766
VLDL triglycerides,male,14,LD leptin,38.147247139899264
VLDL triglycerides,male,14,LD saline,747.3927406591165
VLDL triglycerides,male,14,LD leptin,237.89052358886875
VLDL triglycerides,male,14,LD leptin,183.70289911122245
VLDL triglycerides,male,14,WT,150.66652269432961
VLDL triglycerides,male,14,WT,51.0970338651091
VLDL triglycerides,male,14,WT,184.73883989498563
VLDL triglycerides,male,14,WT,119.64459267434768
VLDL triglycerides,male,16,LD saline,618.1249653749255
VLDL triglycerides,male,16,LD saline,108.50770232072318
VLDL triglycerides,male,16,LD leptin,409.17309221331857
VLDL triglycerides,male,16,LD leptin,558.901312726364
VLDL triglycerides,male,16,LD leptin,243.47332755833486
VLDL triglycerides,male,16,WT,169.42938099963885
VLDL triglycerides,male,16,LD saline,535.3326938607729
VLDL triglycerides,male,16,WT,237.51640458761176
VLDL triglycerides,male,16,LD saline,606.2112072548405
VLDL triglycerides,male,16,WT,134.55121498312928
VLDL triglycerides,male,16,WT,101.80271699020886
VLDL triglycerides,male,16,LD saline,669.4062297052458
VLDL triglycerides,male,16,LD leptin,727.8241213593153
VLDL triglycerides,male,16,WT,44.01784171197551
VLDL triglycerides,male,16,LD leptin,50.66539187187436
VLDL triglycerides,male,16,WT,101.42859798895142
VLDL triglycerides,male,16,LD leptin,443.7345743991864
VLDL triglycerides,male,16,LD saline,583.9951251822922
VLDL triglycerides,male,16,LD leptin,566.7000252967043
VLDL triglycerides,male,16,WT,112.65164109849957
VLDL triglycerides,male,16,LD saline,593.2614205296304
VLDL triglycerides,male,16,WT,235.3004959867376
VLDL triglycerides,male,16,LD leptin,53.111480262019995
VLDL triglycerides,male,16,WT,116.01862428845334
VLDL triglycerides,male,16,LD leptin,240.65320798829407
VLDL triglycerides,male,16,LD saline,547.7933156007709
VLDL triglycerides,male,16,WT,169.57323239026346
VLDL triglycerides,male,16,LD leptin,30.032026381640662
VLDL triglycerides,male,16,LD leptin,282.17874852197906
VLDL triglycerides,male,16,LD saline,236.73936117842732
VLDL triglycerides,male,16,LD saline,277.459316360344
VLDL triglycerides,male,16,WT,60.190672415153585
VLDL triglycerides,male,16,LD saline,414.0938987575553
VLDL triglycerides,male,16,LD leptin,147.06935971510484
VLDL triglycerides,male,16,LD saline,479.13071080757754
VLDL triglycerides,male,16,LD leptin,57.6582556263611
VLDL triglycerides,male,16,LD saline,547.9371669913953
VLDL triglycerides,male,16,LD saline,53.88843584984215
VLDL triglycerides,male,16,LD leptin,451.1590801469076
VLDL triglycerides,male,16,LD leptin,29.83065199903922
VLDL triglycerides,male,16,WT,177.05526112996176
VLDL triglycerides,male,16,WT,140.10530136728767
VLDL triglycerides,male,16,WT,148.04777750689072
VLDL triglycerides,male,16,WT,255.3583680931124
Weight,female,12,LD leptin,19.02075671832726
Weight,female,12,WT,18.630865487544355
Weight,female,12,WT,19.931296159522294
Weight,female,12,WT,19.931296159522294
Weight,female,12,WT,20.930983964551103
Weight,female,12,LD saline,19.931296159522294
Weight,female,12,LD saline,21.43142642169552
Weight,female,12,LD leptin,16.921524057964366
Weight,female,12,WT,19.881369448171565
Weight,female,12,LD leptin,17.930723440204655
Weight,female,12,LD saline,16.93103200757203
Weight,female,12,LD leptin,12.330791425954715
Weight,female,12,LD leptin,17.63117042730791
Weight,female,12,LD saline,16.881108923825117
Weight,female,12,LD leptin,16.93103200757203
Weight,female,12,LD leptin,15.73045113069173
Weight,female,12,LD saline,17.531324259814088
Weight,female,12,WT,18.031763089354687
Weight,female,12,WT,16.93103200757203
Weight,female,12,WT,17.531324259814088
Weight,female,12,WT,16.831182212474385
Weight,female,12,LD leptin,19.96101349000149
Weight,female,12,LD leptin,13.130779640788237
Weight,female,12,LD leptin,15.131352360105879
Weight,female,12,LD saline,17.430284610664057
Weight,female,12,LD saline,18.031763089354687
Weight,female,12,LD saline,13.130779640788237
Weight,female,12,LD saline,18.131612884452327
Weight,female,14,WT,23.730358672253697
Weight,female,14,WT,20.73128437435582
Weight,female,14,LD saline,12.931080050592954
Weight,female,14,LD saline,21.231726831500236
Weight,female,14,LD saline,19.931296159522294
Weight,female,14,LD saline,17.930723440204655
Weight,female,14,LD leptin,17.03088180266967
Weight,female,14,WT,20.23084554481522
Weight,female,14,WT,20.831137797057277
Weight,female,14,LD leptin,17.930723440204655
Weight,female,14,LD leptin,18.93041487283728
Weight,female,14,LD leptin,14.831799347209135
Weight,female,14,WT,19.73159656932701
Weight,female,14,WT,20.031145954619937
Weight,female,14,LD leptin,16.53163282718146
Weight,female,14,LD saline,23.43080928696077
Weight,female,14,WT,22.23022841008047
Weight,female,14,LD leptin,15.780377842042459
Weight,female,14,LD saline,15.131352360105879
Weight,female,14,LD saline,18.131612884452327
Weight,female,14,LD saline,17.430284610664057
Weight,female,14,LD leptin,17.13073522537113
Weight,female,14,WT,18.93041487283728
Weight,female,14,LD saline,18.231462679549967
Weight,female,14,LD leptin,15.410692364527272
Weight,female,14,LD leptin,15.981267286290134
Weight,female,14,WT,18.031763089354687
Weight,female,14,WT,18.93041487283728
Weight,female,14,LD leptin,16.93103200757203
Weight,female,16,LD saline,18.83056507773964
Weight,female,16,WT,21.130683554746387
Weight,female,16,LD leptin,15.931340574939401
Weight,female,16,LD saline,21.730975806988443
Weight,female,16,LD leptin,20.530394930108145
Weight,female,16,LD leptin,20.530394930108145
Weight,female,16,LD leptin,19.53070712507934
Weight,female,16,LD saline,21.231726831500236
Weight,female,16,LD saline,21.53127621679316
Weight,female,16,WT,20.930983964551103
Weight,female,16,LD leptin,17.930723440204655
Weight,female,16,LD saline,24.230797501794292
Weight,female,16,LD leptin,17.930723440204655
Weight,female,16,LD leptin,18.83056507773964
Weight,female,16,LD saline,20.530394930108145
Weight,female,16,WT,20.33069533991286
Weight,female,16,LD saline,21.43142642169552
Weight,female,16,WT,20.33069533991286
Weight,female,16,WT,19.631743146625553
Weight,female,16,WT,21.191308069757167
Weight,female,16,WT,21.171102316489453
Weight,female,16,WT,21.631126011890803
Weight,female,16,WT,18.43116589734907
Weight,female,16,WT,22.981479767615653
Weight,female,16,LD leptin,20.430545135010505
Weight,female,16,LD saline,22.63081381691961
Weight,female,16,LD leptin,18.93041487283728
Weight,female,16,LD saline,24.430497091989576
Weight,female,16,LD leptin,19.471272464120943
Weight,male,12,LD leptin,16.131037569648697
Weight,male,12,LD leptin,17.731020790199068
Weight,male,12,LD saline,19.831442695059863
Weight,male,12,LD saline,22.530963196644663
Weight,male,12,LD leptin,16.95123855493054
Weight,male,12,LD saline,15.331049586976263
Weight,male,12,WT,21.730971586369478
Weight,male,12,WT,22.831702348713748
Weight,male,12,WT,24.330642321833608
Weight,male,12,WT,21.730971586369478
Weight,male,12,WT,21.830821352490148
Weight,male,12,WT,22.230220416972813
Weight,male,12,WT,22.13037427845491
Weight,male,12,WT,23.931243257350943
Weight,male,12,WT,24.430492087954278
Weight,male,12,WT,26.73061715265918
Weight,male,12,LD saline,23.830203637523184
Weight,male,12,LD saline,24.230792555712938
Weight,male,12,LD leptin,20.530391057904538
Weight,male,12,LD leptin,17.930720322440408
Weight,male,12,LD saline,20.930979976094292
Weight,male,12,LD leptin,20.930979976094292
Weight,male,12,LD leptin,20.930979976094292
Weight,male,12,LD saline,20.930979976094292
Weight,male,12,LD leptin,18.93041146495692
Weight,male,12,LD saline,18.93041146495692
Weight,male,12,LD saline,24.930934399867468
Weight,male,12,LD leptin,12.94177981191173
Weight,male,12,LD leptin,15.530749119217603
Weight,male,14,LD leptin,21.431422288007482
Weight,male,14,WT,24.87149975615735
Weight,male,14,WT,28.51127675654854
Weight,male,14,LD saline,13.930769526269998
Weight,male,14,WT,21.93067474621357
Weight,male,14,LD saline,16.931029179923883
Weight,male,14,LD saline,24.930934399867468
Weight,male,14,LD leptin,16.831179413803213
Weight,male,14,LD saline,23.231101413196413
Weight,male,14,LD leptin,20.021630652850035
Weight,male,14,LD leptin,16.831179413803213
Weight,male,14,LD saline,22.730662728886003
Weight,male,14,LD saline,23.73035749900528
Weight,male,14,WT,26.930313057297738
Weight,male,14,WT,25.93062554238398
Weight,male,14,WT,22.931552114834417
Weight,male,14,LD leptin,20.930979976094292
Weight,male,14,LD saline,22.931552114834417
Weight,male,14,LD saline,14.931650522493598
Weight,male,14,LD leptin,21.531272054128138
Weight,male,14,LD leptin,21.531272054128138
Weight,male,14,LD saline,20.430544919386634
Weight,male,14,LD saline,18.531008772871488
Weight,male,14,LD leptin,25.830772148660557
Weight,male,14,LD leptin,19.33100401074944
Weight,male,14,LD leptin,19.931292461180533
Weight,male,14,WT,22.931552114834417
Weight,male,14,WT,21.93067474621357
Weight,male,14,WT,22.13037427845491
Weight,male,14,WT,22.13037427845491
Weight,male,16,LD saline,20.731280443852953
Weight,male,16,LD leptin,19.931292461180533
Weight,male,16,LD leptin,24.230792555712938
Weight,male,16,LD saline,22.630812962765333
Weight,male,16,WT,27.530605135331598
Weight,male,16,WT,24.930934399867468
Weight,male,16,WT,29.030734962158533
Weight,male,16,LD leptin,20.930979976094292
Weight,male,16,LD saline,19.03026123107759
Weight,male,16,WT,29.930572710951623
Weight,male,16,LD leptin,18.93041146495692
Weight,male,16,WT,27.931194053521352
Weight,male,16,LD leptin,22.931552114834417
Weight,male,16,LD leptin,28.930885196037877
Weight,male,16,LD saline,28.930885196037877
Weight,male,16,LD saline,28.230746979486113
Weight,male,16,WT,20.930979976094292
Weight,male,16,LD saline,21.830821352490148
Weight,male,16,LD leptin,25.830772148660557
Weight,male,16,LD saline,30.730564321226808
Weight,male,16,LD leptin,21.93067474621357
Weight,male,16,LD saline,30.331165256744143
Weight,male,16,LD saline,17.731020790199068
Weight,male,16,LD leptin,24.031093023471612
Weight,male,16,LD leptin,21.631121820248808
Weight,male,16,WT,26.431064226694403
Weight,male,16,WT,26.791238022473607
Weight,male,16,WT,27.931194053521352
Weight,male,16,WT,30.931457334778003
Liver,female,12,LD leptin,2461.5466105457217
Liver,female,12,WT,1252.2095884337105
Liver,female,12,WT,1306.7390502659491
Liver,female,12,WT,1647.8896209285322
Liver,female,12,WT,1297.8748770979055
Liver,female,12,LD saline,3944.8786437229573
Liver,female,12,LD saline,3645.6330766675246
Liver,female,12,LD leptin,1441.5879385902535
Liver,female,12,WT,1900.1262962658147
Liver,female,12,LD leptin,2538.104112440712
Liver,female,12,LD saline,3220.672498790642
Liver,female,12,LD leptin,1087.5440251377877
Liver,female,12,LD leptin,1637.4137799117525
Liver,female,12,LD saline,2882.7460835955453
Liver,female,12,LD leptin,2227.5768704441316
Liver,female,12,LD leptin,1867.6224151862825
Liver,female,12,LD saline,3349.074715720004
Liver,female,12,WT,1125.9568084826715
Liver,female,12,WT,992.9884725718985
Liver,female,12,WT,1435.4093319900912
Liver,female,12,WT,1091.3051299648469
Liver,female,12,LD leptin,2816.9341270521436
Liver,female,12,LD leptin,1590.1360036288079
Liver,female,12,LD leptin,1931.2857545213756
Liver,female,12,LD saline,3148.681935647078
Liver,female,12,LD saline,4101.485867775204
Liver,female,12,LD saline,1010.9865232427965
Liver,female,12,LD saline,3027.801928371834
Liver,female,14,WT,1642.7857328175323
Liver,female,14,WT,1233.13681927365
Liver,female,14,LD saline,1851.7738014937077
Liver,female,14,LD saline,3877.1853149960116
Liver,female,14,LD saline,3818.894748336713
Liver,female,14,LD saline,3157.8158131499313
Liver,female,14,LD leptin,1468.987931558784
Liver,female,14,WT,1445.617108212091
Liver,female,14,WT,1391.8926605342058
Liver,female,14,LD leptin,2026.3782564468383
Liver,female,14,LD leptin,1810.9435163757207
Liver,female,14,LD leptin,1362.8818194869527
Liver,female,14,WT,1115.2120829010983
Liver,female,14,WT,1330.1098736126423
Liver,female,14,LD leptin,2108.0396464528294
Liver,female,14,LD saline,5069.868709261094
Liver,female,14,WT,1501.4901730982874
Liver,female,14,LD leptin,1672.0662781995925
Liver,female,14,LD saline,1749.1607294541573
Liver,female,14,LD saline,3189.513040535081
Liver,female,14,LD saline,3030.2202499149525
Liver,female,14,LD leptin,2051.091863077472
Liver,female,14,WT,854.9162485501238
Liver,female,14,LD saline,3490.3694556692344
Liver,female,14,LD leptin,1889.9185200438133
Liver,female,14,LD leptin,2089.2357618575634
Liver,female,14,WT,1035.969014438224
Liver,female,14,WT,868.8851295991844
Liver,female,14,LD leptin,2071.776300086268
Liver,female,16,LD saline,3813.5219756609185
Liver,female,16,WT,1450.721816093106
Liver,female,16,LD leptin,1538.829057724024
Liver,female,16,LD saline,3497.8908455533383
Liver,female,16,LD leptin,2238.589660820485
Liver,female,16,LD leptin,2134.901870291772
Liver,female,16,LD leptin,2103.4735274714167
Liver,female,16,LD saline,4494.479513932128
Liver,female,16,LD saline,3628.9786290505826
Liver,female,16,WT,1401.2946028318383
Liver,female,16,LD leptin,2093.533816044196
Liver,male,12,LD leptin,957.7990685193363
Liver,male,12,LD leptin,1385.1771218912945
Liver,male,12,LD saline,3635.4259991721956
Liver,male,12,LD saline,3642.4096194973135
Liver,male,12,LD leptin,1279.8768502183884
Liver,male,12,WT,1125.6879571898135
Liver,male,12,WT,1294.9196290616674
Liver,male,12,WT,1355.89739807956
Liver,male,12,WT,1178.338502911247
Liver,male,12,WT,1083.5148913809608
Liver,male,12,WT,1188.2773939573453
Liver,male,12,WT,1252.7465632528147
Liver,male,12,WT,1646.009069794156
Liver,male,12,WT,1172.6968460175449
Liver,male,12,WT,1365.8362891256584
Liver,male,12,LD saline,4316.114611025379
Liver,male,12,LD saline,3700.70018257252
Liver,male,12,LD leptin,1672.8712919814316
Liver,male,12,LD leptin,2323.4751659180256
Liver,male,12,LD saline,3943.803785229349
Liver,male,12,LD leptin,2796.7873896946367
Liver,male,12,LD leptin,2280.763511242687
Liver,male,12,LD saline,2986.971562081766
Liver,male,12,LD leptin,2775.297120082836
Liver,male,12,LD saline,2766.7018320080824
Liver,male,12,LD saline,4853.89600409746
Liver,male,12,LD leptin,1005.6137912218874
Liver,male,12,LD leptin,1634.1904462201237
Liver,male,14,LD leptin,2621.108227054261
Liver,male,14,WT,1751.5774062453602
Liver,male,14,WT,1462.2715684055838
Liver,male,14,LD saline,1067.6662786628622
Liver,male,14,WT,899.7773899923886
Liver,male,14,LD saline,2223.5468468205945
Liver,male,14,LD saline,3715.2068318592064
Liver,male,14,LD saline,3458.672118108738
Liver,male,14,LD leptin,1769.0385064830625
Liver,male,14,LD leptin,1794.826010247256
Liver,male,14,LD saline,4006.661286775179
Liver,male,14,LD saline,4060.9235002462556
Liver,male,14,WT,1406.9362760513577
Liver,male,14,WT,1352.1371132537242
Liver,male,14,WT,1094.2596163018789
Liver,male,14,LD leptin,2682.6229453987107
Liver,male,14,LD saline,4059.580717044875
Liver,male,14,LD saline,915.0882336139621
Liver,male,14,LD leptin,3207.779061251975
Liver,male,14,LD leptin,1750.772392140505
Liver,male,14,LD saline,3400.6496198118257
Liver,male,14,LD saline,3016.520170441763
Liver,male,14,LD leptin,2784.9679463506363
Liver,male,14,LD leptin,1669.379071933894
Liver,male,14,LD leptin,1862.5193348119683
Liver,male,14,WT,1212.9901792984601
Liver,male,14,WT,1058.8012862698815
Liver,male,14,WT,1506.5940710605973
Liver,male,14,WT,1339.7807205831668
Liver,male,16,LD saline,2954.468502770753
Liver,male,16,LD leptin,2221.398229744398
Liver,male,16,LD leptin,2814.7846194889316
Liver,male,16,LD saline,4529.669605322208
Liver,male,16,WT,1491.0143428907613
Liver,male,16,WT,1023.6118407861468
Liver,male,16,WT,1568.9146232798703
Liver,male,16,LD leptin,2317.027675149504
Liver,male,16,LD saline,3363.31073748193
Liver,male,16,LD saline,6989.980437082437
Liver,male,16,WT,2046.256836200544
BAT,female,12,LD leptin,235.35198215144487
BAT,female,12,WT,76.15173531750793
BAT,female,12,WT,69.05017549700108
BAT,female,12,WT,64.45314369136213
BAT,female,12,WT,67.94624825562596
BAT,female,12,LD saline,232.74864676528676
BAT,female,12,LD saline,428.7583855366619
BAT,female,12,LD leptin,167.15392767945298
BAT,female,12,WT,39.144502928365796
BAT,female,12,LD leptin,211.95474861550377
BAT,female,12,LD saline,114.75720836454786
BAT,female,12,LD leptin,84.35727266303945
BAT,female,12,LD leptin,122.55082205328131
BAT,female,12,LD saline,128.94388525217136
BAT,female,12,LD leptin,164.25401932847615
BAT,female,12,LD leptin,129.75128981237725
BAT,female,12,LD saline,151.3525422387167
BAT,female,12,WT,46.954634795963784
BAT,female,12,WT,59.7571536634847
BAT,female,12,WT,42.45638521979026
BAT,female,12,WT,49.557970182121835
BAT,female,12,LD leptin,198.85560649951464
BAT,female,12,LD leptin,88.44357344059028
BAT,female,12,LD leptin,104.75574019306418
BAT,female,12,LD saline,114.34528470774978
BAT,female,12,LD saline,120.85369859861919
BAT,female,12,LD saline,142.35609337001904
BAT,female,12,LD saline,159.45917164565913
BAT,female,14,WT,152.35761182515222
BAT,female,14,WT,60.66341587863019
BAT,female,14,LD saline,165.55566187973045
BAT,female,14,LD saline,188.85408804438146
BAT,female,14,LD saline,164.55059229329493
BAT,female,14,LD saline,131.94270154173728
BAT,female,14,LD leptin,86.25211142758076
BAT,female,14,WT,70.25301067696523
BAT,female,14,WT,66.85876376764111
BAT,female,14,LD leptin,122.35310674340212
BAT,female,14,LD leptin,124.75872681968104
BAT,female,14,LD leptin,100.55408872353405
BAT,female,14,WT,54.74819820104767
BAT,female,14,LD leptin,135.55110651433085
BAT,female,14,LD saline,163.24889945839112
BAT,female,14,WT,75.65744704281008
BAT,female,14,LD leptin,131.646078293269
BAT,female,14,LD saline,193.45111985002035
BAT,female,14,LD saline,170.44931693383757
BAT,female,14,LD saline,126.85133117775098
BAT,female,14,LD leptin,108.44656006720709
BAT,female,14,WT,55.95103338101194
BAT,female,14,LD saline,197.75162897449002
BAT,female,14,LD leptin,142.75157427342685
BAT,female,14,LD leptin,115.35045486148437
BAT,female,14,WT,44.74670488773927
BAT,female,14,WT,82.14936789663977
BAT,female,14,LD leptin,107.45793323416183
BAT,female,16,WT,71.65356116680869
BAT,female,16,LD leptin,89.15207006220703
BAT,female,16,LD saline,166.04995015442836
BAT,female,16,LD leptin,109.15510697247345
BAT,female,16,LD leptin,150.56163071555056
BAT,female,16,LD leptin,136.55622638441594
BAT,female,16,LD saline,131.05293236363156
BAT,female,16,LD saline,149.4576531905259
BAT,female,16,WT,54.86354889302709
BAT,female,16,LD leptin,85.4447571510243
BAT,female,16,LD saline,271.7496007157345
BAT,female,16,LD leptin,111.758392074982
BAT,female,16,LD leptin,107.65564854404101
BAT,female,16,LD saline,176.75996523117834
BAT,female,16,WT,56.44532165570979
BAT,female,16,LD saline,127.9552584191261
BAT,female,16,WT,53.64427095967255
BAT,female,16,WT,60.76227353356978
BAT,female,16,WT,85.5436148059639
BAT,female,16,WT,60.861131188509376
BAT,female,16,WT,81.45731402841318
BAT,female,16,WT,52.06244791334029
BAT,female,16,WT,83.45101044789396
BAT,female,16,LD leptin,125.8462113076659
BAT,female,16,LD saline,302.0506787623033
BAT,female,16,LD leptin,168.06018989459847
BAT,female,16,LD saline,298.55757419803956
BAT,female,16,LD leptin,119.65091370230448
BAT,male,12,LD leptin,36.34342592749704
BAT,male,12,LD leptin,35.65142237647569
BAT,male,12,LD saline,138.35220138454702
BAT,male,12,LD saline,279.44429351477197
BAT,male,12,LD leptin,150.7593895979769
BAT,male,12,LD saline,164.35286961315774
BAT,male,12,WT,48.25627560655039
BAT,male,12,WT,61.94861327187709
BAT,male,12,WT,58.35665122685009
BAT,male,12,WT,38.15589998625069
BAT,male,12,WT,42.143342915508356
BAT,male,12,WT,65.04628706617473
BAT,male,12,WT,63.44802134395309
BAT,male,12,WT,83.54986465075967
BAT,male,12,WT,59.444135662102326
BAT,male,12,WT,57.862362976120494
BAT,male,12,LD saline,175.65603007144864
BAT,male,12,LD saline,174.15662199937287
BAT,male,12,LD leptin,95.75933756389759
BAT,male,12,LD leptin,173.54698306225737
BAT,male,12,LD saline,183.746166049056
BAT,male,12,LD leptin,123.04515524440535
BAT,male,12,LD leptin,111.85729518885364
BAT,male,12,LD saline,159.047240875876
BAT,male,12,LD leptin,133.06311596715227
BAT,male,12,LD saline,254.76186137783225
BAT,male,12,LD saline,177.55086874410813
BAT,male,12,LD leptin,120.14519675039969
BAT,male,12,LD leptin,140.0493750405617
BAT,male,14,LD leptin,157.84445603788504
BAT,male,14,WT,72.55977017914665
BAT,male,14,WT,100.35636914662382
BAT,male,14,LD saline,102.64668870351397
BAT,male,14,WT,107.35907097262611
BAT,male,14,LD saline,139.55503650618493
BAT,male,14,LD saline,178.65484621560017
BAT,male,14,LD leptin,147.85943110397125
BAT,male,14,LD saline,114.34527976238837
BAT,male,14,LD leptin,87.15831973202671
BAT,male,14,LD leptin,150.7593895979769
BAT,male,14,LD saline,142.75156795062844
BAT,male,14,LD saline,115.05382663329692
BAT,male,14,WT,84.45612682195997
BAT,male,14,WT,67.155334075366
BAT,male,14,WT,92.05202483248468
BAT,male,14,LD leptin,151.7479660994361
BAT,male,14,LD saline,165.7533697514407
BAT,male,14,LD saline,199.76180934375293
BAT,male,14,LD leptin,106.15628613463514
BAT,male,14,LD leptin,132.3546193798909
BAT,male,14,LD saline,93.35366732062153
BAT,male,14,LD saline,123.04515524440535
BAT,male,14,LD leptin,227.85498126166794
BAT,male,14,LD leptin,173.85999876528808
BAT,male,14,LD leptin,127.14789857640199
BAT,male,14,WT,77.15685204551983
BAT,male,14,WT,72.16433957856293
BAT,male,14,WT,59.65829371498694
BAT,male,14,WT,70.94501142068475
BAT,male,16,LD saline,200.65152819506625
BAT,male,16,LD leptin,75.85515927373581
BAT,male,16,LD leptin,132.55233468018264
BAT,male,16,LD saline,165.7533697514407
BAT,male,16,WT,78.95283306803344
BAT,male,16,WT,166.64313888640095
BAT,male,16,WT,46.3614369338909
BAT,male,16,LD leptin,204.75427152706288
BAT,male,16,LD saline,151.05596254841475
BAT,male,16,WT,132.84895791426743
BAT,male,16,LD leptin,137.2482741967019
BAT,male,16,WT,48.157417956404515
BAT,male,16,LD leptin,89.05320868833314
BAT,male,16,LD leptin,145.55266879448823
BAT,male,16,LD saline,116.05889617099615
BAT,male,16,LD saline,159.16259156226192
BAT,male,16,WT,74.25689355151417
BAT,male,16,LD saline,97.25869535232641
BAT,male,16,LD leptin,207.04459108395304
BAT,male,16,LD saline,182.24680826062718
BAT,male,16,LD leptin,151.35253549885238
BAT,male,16,LD saline,162.16140770641368
BAT,male,16,LD saline,235.94516752292247
BAT,male,16,LD leptin,151.64910844929022
BAT,male,16,LD leptin,137.64370479728564
BAT,male,16,WT,63.349163693806986
BAT,male,16,WT,108.95738697849492
BAT,male,16,WT,115.1526842834428
BAT,male,16,WT,126.55475267552652
VAT,female,12,LD leptin,36.01513028866202
VAT,female,12,WT,186.28890010669193
VAT,female,12,WT,412.59477947331743
VAT,female,12,WT,275.800276696531
VAT,female,12,WT,379.37027548812625
VAT,female,12,LD saline,47.70426942373615
VAT,female,12,LD saline,45.38749152766786
VAT,female,12,LD leptin,29.486116592375993
VAT,female,12,WT,160.17268463505184
VAT,female,12,LD leptin,21.37739395613653
VAT,female,12,LD saline,46.38792565035624
VAT,female,12,LD leptin,5.897178326268204
VAT,female,12,LD leptin,23.272932203533628
VAT,female,12,LD saline,39.27963713680515
VAT,female,12,LD leptin,20.008345012142627
VAT,female,12,LD leptin,19.69243536145109
VAT,female,12,LD saline,30.381220717084716
VAT,female,12,WT,291.9123116277822
VAT,female,12,WT,299.28380462141104
VAT,female,12,WT,437.7632659928829
VAT,female,12,WT,164.80624042718887
VAT,female,12,LD leptin,42.122984679524734
VAT,female,12,LD leptin,26.59014422229052
VAT,female,12,LD leptin,34.01426204328527
VAT,female,12,LD saline,72.39881112401645
VAT,female,12,LD saline,55.286422413324544
VAT,female,12,LD saline,25.589710099602144
VAT,female,12,LD saline,49.49447767315337
VAT,female,14,WT,580.5602128193041
VAT,female,14,WT,414.5956477186942
VAT,female,14,LD saline,13.479331315856598
VAT,female,14,LD saline,93.09177702003876
VAT,female,14,LD saline,48.59937354844487
VAT,female,14,LD saline,43.176043629579226
VAT,female,14,LD leptin,10.004164471753938
VAT,female,14,WT,471.7775441048027
VAT,female,14,WT,407.8559740264486
VAT,female,14,LD leptin,47.28302977506473
VAT,female,14,LD leptin,32.224053793867824
VAT,female,14,LD leptin,22.693737729516442
VAT,female,14,WT,174.81042096757756
VAT,female,14,WT,255.0546859731428
VAT,female,14,LD leptin,15.164289910542038
VAT,female,14,LD saline,27.90640765242256
VAT,female,14,WT,451.4532733733338
VAT,female,14,LD leptin,13.16342166516506
VAT,female,14,LD saline,32.118804139136046
VAT,female,14,LD saline,45.1768315317081
VAT,female,14,LD saline,59.972603032827465
VAT,female,14,LD leptin,11.794372721171158
VAT,female,14,WT,327.40104902492385
VAT,female,14,LD saline,67.81804084574128
VAT,female,14,LD leptin,38.015998534039
VAT,female,14,LD leptin,25.695040097581796
VAT,female,14,WT,197.66212959107452
VAT,female,14,WT,245.47182542467317
VAT,female,14,LD leptin,31.276324841793212
VAT,female,16,LD saline,66.76490155243914
VAT,female,16,WT,342.4599446628729
VAT,female,16,LD leptin,14.90100508721639
VAT,female,16,LD saline,99.410291406861
VAT,female,16,LD leptin,30.591800369796374
VAT,female,16,LD leptin,26.695393877022298
VAT,female,16,LD leptin,28.27510281697596
VAT,female,16,LD saline,74.18909971668154
VAT,female,16,LD saline,70.55597804723311
VAT,female,16,WT,296.0720029438819
VAT,female,16,LD leptin,25.8002897523138
VAT,female,16,LD saline,106.0972599284928
VAT,female,16,LD leptin,105.67610062306926
VAT,female,16,LD leptin,22.37774773557703
VAT,female,16,LD saline,18.00755711001375
VAT,female,16,WT,334.98320201451224
VAT,female,16,LD saline,75.71610348602121
VAT,female,16,WT,427.28506028996094
VAT,female,16,WT,390.0589805005118
VAT,female,16,WT,522.641086790585
VAT,female,16,WT,527.4853025786813
VAT,female,16,WT,505.79198290321847
VAT,female,16,WT,298.3887808399502
VAT,female,16,WT,645.6403325321885
VAT,female,16,LD leptin,9.372345170370863
VAT,female,16,LD saline,132.0029760906691
VAT,female,16,LD leptin,36.69957441741121
VAT,female,16,LD saline,137.11031601559534
VAT,female,16,LD leptin,39.17438748207314
VAT,male,12,LD leptin,91.09106101264388
VAT,male,12,LD leptin,38.17411983995407
VAT,male,12,LD saline,84.0880240386914
VAT,male,12,LD saline,79.40192502369973
VAT,male,12,LD leptin,44.38722221329317
VAT,male,12,LD saline,44.966336188193964
VAT,male,12,WT,503.8963251008295
VAT,male,12,WT,467.03870936641215
VAT,male,12,WT,486.9418154355394
VAT,male,12,WT,396.95659858917134
VAT,male,12,WT,444.18700689344723
VAT,male,12,WT,345.1978853662831
VAT,male,12,WT,564.8692815708696
VAT,male,12,WT,406.96077643693707
VAT,male,12,WT,323.6099818424291
VAT,male,12,WT,371.6827085308423
VAT,male,12,LD saline,98.98912152716184
VAT,male,12,LD saline,114.15342342486929
VAT,male,12,LD leptin,49.705140359614234
VAT,male,12,LD leptin,56.287018141498265
VAT,male,12,LD saline,87.87926019957104
VAT,male,12,LD leptin,74.76837047868321
VAT,male,12,LD leptin,91.30172095190483
VAT,male,12,LD saline,70.55597512573513
VAT,male,12,LD leptin,62.868574550478115
VAT,male,12,LD saline,117.68113380360683
VAT,male,12,LD saline,105.30763421335723
VAT,male,12,LD leptin,41.59641990583623
VAT,male,12,LD leptin,48.12559253129166
VAT,male,14,LD leptin,91.77558530040187
VAT,male,14,WT,709.3511481047021
VAT,male,14,WT,947.3461025500933
VAT,male,14,LD saline,15.164301897704718
VAT,male,14,WT,418.59736795590607
VAT,male,14,LD saline,80.45490334709666
VAT,male,14,LD saline,88.40566901804323
VAT,male,14,LD leptin,50.96893930872466
VAT,male,14,LD saline,58.287725161889284
VAT,male,14,LD leptin,41.28051034017153
VAT,male,14,LD leptin,51.91666800571875
VAT,male,14,LD saline,62.76332492407346
VAT,male,14,LD saline,51.284848874389354
VAT,male,14,WT,646.0614143621542
VAT,male,14,WT,859.8356177590658
VAT,male,14,WT,566.4489900856447
VAT,male,14,LD leptin,45.4929056931187
VAT,male,14,LD saline,75.97946427136503
VAT,male,14,LD saline,65.71192132791111
VAT,male,14,LD leptin,52.49578198061954
VAT,male,14,LD leptin,45.07158581459771
VAT,male,14,LD saline,44.80854209181416
VAT,male,14,LD saline,50.96893930872466
VAT,male,14,LD leptin,47.072453521441275
VAT,male,14,LD leptin,51.49534812719776
VAT,male,14,LD leptin,66.50185592852449
VAT,male,14,WT,485.2568572943601
VAT,male,14,WT,416.80699950187045
VAT,male,14,WT,421.440554046887
VAT,male,14,WT,399.95790014943714
VAT,male,16,LD saline,51.7060080664578
VAT,male,16,LD leptin,111.20482702103163
VAT,male,16,LD saline,80.40219819066897
VAT,male,16,WT,532.4347211286604
VAT,male,16,WT,487.57363456686835
VAT,male,16,WT,687.6578342679918
VAT,male,16,LD leptin,74.39991644304246
VAT,male,16,LD saline,48.75741166262105
VAT,male,16,WT,1033.43499429563
VAT,male,16,LD leptin,69.81890636800199
VAT,male,16,WT,803.7592595568258
VAT,male,16,LD leptin,46.124724824448094
VAT,male,16,LD leptin,84.0880240386914
VAT,male,16,LD saline,85.61502739703792
VAT,male,16,LD saline,143.3761830540052
VAT,male,16,WT,272.0092234023732
VAT,male,16,LD saline,109.88848360194606
VAT,male,16,LD leptin,57.39254093487216
VAT,male,16,LD saline,90.3011264120305
VAT,male,16,LD leptin,64.76419263091702
VAT,male,16,LD saline,74.87362010508696
VAT,male,16,LD saline,46.28267960728044
VAT,male,16,LD leptin,62.28929988912478
VAT,male,16,LD leptin,47.17786383429848
VAT,male,16,WT,739.9429563093527
VAT,male,16,WT,673.6519210065389
VAT,male,16,WT,603.3591502900376
VAT,male,16,WT,1370.1557051724967
SAT,female,12,LD leptin,42.007220127277606
SAT,female,12,WT,202.30241824588802
SAT,female,12,WT,285.8175929732047
SAT,female,12,WT,230.4911947694676
SAT,female,12,WT,301.91598327933764
SAT,female,12,LD saline,57.120127702010905
SAT,female,12,LD saline,99.20622601993023
SAT,female,12,LD leptin,53.11192308779164
SAT,female,12,WT,243.00860010920837
SAT,female,12,LD leptin,51.206379080098486
SAT,female,12,LD saline,90.99265006127507
SAT,female,12,LD leptin,26.927198739938603
SAT,female,12,LD leptin,32.5123862762066
SAT,female,12,LD saline,74.69709302492583
SAT,female,12,LD leptin,51.40354581031488
SAT,female,12,LD leptin,36.71770748925928
SAT,female,12,LD saline,80.90651654508792
SAT,female,12,WT,262.62250379524403
SAT,female,12,WT,335.09874793683537
SAT,female,12,WT,417.69391151924174
SAT,female,12,WT,317.68601302535933
SAT,female,12,LD leptin,72.3972656881831
SAT,female,12,LD leptin,23.313277454768922
SAT,female,12,LD leptin,51.304937379515195
SAT,female,12,LD saline,75.2884428214254
SAT,female,12,LD saline,82.91061885219756
SAT,female,12,LD saline,66.0893339999875
SAT,female,12,LD saline,75.81407037451959
SAT,female,14,WT,691.1057632679752
SAT,female,14,WT,350.31021381098526
SAT,female,14,LD saline,62.01540714236285
SAT,female,14,LD saline,66.4178449542485
SAT,female,14,LD saline,71.70730746088361
SAT,female,14,LD saline,80.90651654508792
SAT,female,14,LD leptin,31.921036479707027
SAT,female,14,WT,344.10074015943997
SAT,female,14,WT,324.1911615751545
SAT,female,14,LD leptin,66.91068658271479
SAT,female,14,LD leptin,49.72795445746624
SAT,female,14,LD leptin,27.91283186548776
SAT,female,14,WT,183.50986714257965
SAT,female,14,WT,358.8193142737405
SAT,female,14,LD leptin,38.91892639520211
SAT,female,14,LD saline,64.01950944947248
SAT,female,14,WT,345.5134425386667
SAT,female,14,LD leptin,40.33167890581194
SAT,female,14,LD saline,90.92702808063609
SAT,female,14,LD saline,51.00921234988209
SAT,female,14,LD saline,63.09959856732871
SAT,female,14,LD leptin,47.09961616646274
SAT,female,14,WT,282.9920879519847
SAT,female,14,LD saline,95.78942133359374
SAT,female,14,LD leptin,42.204336726110796
SAT,female,14,LD leptin,50.12218765513262
SAT,female,14,WT,133.99870939272137
SAT,female,14,WT,285.2918150259609
SAT,female,14,LD leptin,48.11813547940619
SAT,female,16,LD saline,74.69709302492583
SAT,female,16,WT,359.41066407024005
SAT,female,16,LD leptin,34.02369708623337
SAT,female,16,LD saline,72.59443241839949
SAT,female,16,LD leptin,43.321364207087754
SAT,female,16,LD leptin,28.405673493954055
SAT,female,16,LD leptin,43.321364207087754
SAT,female,16,LD saline,73.80996806740995
SAT,female,16,LD saline,64.21662604830567
SAT,female,16,WT,180.81580660817053
SAT,female,16,LD leptin,29.4240925441311
SAT,female,16,LD saline,70.62321629868416
SAT,female,16,LD leptin,64.11801761750576
SAT,female,16,LD leptin,51.107820780682005
SAT,female,16,LD saline,84.0933685765799
SAT,female,16,WT,287.00029256620394
SAT,female,16,LD saline,91.12414467946928
SAT,female,16,WT,403.6980314254854
SAT,female,16,WT,265.61223922790293
SAT,female,16,WT,465.20091683060707
SAT,female,16,WT,325.60386395438127
SAT,female,16,WT,320.11718458614655
SAT,female,16,WT,225.00461566399918
SAT,female,16,WT,482.6135514793167
SAT,female,16,LD leptin,43.02573944022106
SAT,female,16,LD saline,127.78923574117607
SAT,female,16,LD leptin,44.996955559936396
SAT,female,16,LD saline,83.50196864869713
SAT,female,16,LD leptin,54.5246755984017
SAT,male,12,LD leptin,30.804078602468053
SAT,male,12,LD leptin,43.0914799239672
SAT,male,12,LD saline,92.50397415722637
SAT,male,12,LD saline,93.22686863082117
SAT,male,12,LD leptin,68.32340467236645
SAT,male,12,LD saline,65.89213309258776
SAT,male,12,WT,365.5215653337855
SAT,male,12,WT,309.99815636111725
SAT,male,12,WT,426.3016503613926
SAT,male,12,WT,249.90797936025183
SAT,male,12,WT,326.68799505308516
SAT,male,12,WT,549.6030837068874
SAT,male,12,WT,403.2052220614123
SAT,male,12,WT,310.7209505719561
SAT,male,12,WT,201.31673736460925
SAT,male,12,WT,266.0064683150126
SAT,male,12,LD saline,77.91674572958027
SAT,male,12,LD saline,72.20016441106554
SAT,male,12,LD leptin,37.210467684967625
SAT,male,12,LD leptin,43.0914799239672
SAT,male,12,LD saline,67.502052171993
SAT,male,12,LD leptin,60.109879668635585
SAT,male,12,LD leptin,42.894263082141606
SAT,male,12,LD saline,58.730063615152176
SAT,male,12,LD leptin,54.13040940285828
SAT,male,12,LD saline,86.5902762596429
SAT,male,12,LD saline,77.71962915051108
SAT,male,12,LD leptin,52.224815454848795
SAT,male,12,LD leptin,68.81619612003897
SAT,male,14,LD leptin,63.920967301897235
SAT,male,14,WT,438.7861682619605
SAT,male,14,WT,536.1000967268774
SAT,male,14,LD saline,34.6150659729733
SAT,male,14,WT,461.1927887979559
SAT,male,14,LD saline,85.50603481200687
SAT,male,14,LD saline,64.70943361817353
SAT,male,14,LD leptin,63.099514538767835
SAT,male,14,LD saline,52.42203229667439
SAT,male,14,LD leptin,42.500029924003684
SAT,male,14,LD leptin,61.226907037612364
SAT,male,14,LD saline,97.69497810672783
SAT,male,14,LD saline,85.30891823293769
SAT,male,14,WT,375.3121232328249
SAT,male,14,WT,405.70216574662845
SAT,male,14,WT,454.09619090044544
SAT,male,14,LD leptin,55.60888400863223
SAT,male,14,LD saline,88.69298678672112
SAT,male,14,LD saline,86.13027073331068
SAT,male,14,LD leptin,48.41382808434355
SAT,male,14,LD leptin,41.21877216005487
SAT,male,14,LD saline,57.02158624621234
SAT,male,14,LD leptin,52.42203229667439
SAT,male,14,LD leptin,54.196181771052125
SAT,male,14,LD leptin,47.00112584676344
SAT,male,14,WT,341.6037845334322
SAT,male,14,WT,354.28551927582566
SAT,male,14,WT,265.7108937091657
SAT,male,14,WT,265.6122351568747
SAT,male,16,LD leptin,38.688942290742034
SAT,male,16,LD saline,56.890141772581046
SAT,male,16,WT,379.91167718236284
SAT,male,16,WT,341.406667954363
SAT,male,16,WT,366.3101319128182
SAT,male,16,LD leptin,30.212628602504537
SAT,male,16,LD saline,57.02158624621234
SAT,male,16,WT,655.6890007286447
SAT,male,16,LD leptin,40.98876939688898
SAT,male,16,WT,418.5152446998968
SAT,male,16,LD leptin,46.1140009781966
SAT,male,16,LD leptin,39.80606992247476
SAT,male,16,LD saline,76.50404349200016
SAT,male,16,LD saline,114.91049443046495
SAT,male,16,WT,250.49942936021534
SAT,male,16,LD saline,108.89813798059049
SAT,male,16,LD leptin,59.81410453727585
SAT,male,16,LD saline,60.50411282677351
SAT,male,16,LD leptin,53.0133820338815
SAT,male,16,LD saline,88.69298678672112
SAT,male,16,LD saline,86.91883731234338
SAT,male,16,LD leptin,56.82446966714315
SAT,male,16,LD leptin,57.51437769388485
SAT,male,16,WT,428.10868601986704
SAT,male,16,WT,590.4078197782778
SAT,male,16,WT,854.9163113452591
SAT,male,16,WT,666.7937025757296
AAT,female,12,LD leptin,18.456010169800336
AAT,female,12,WT,11.65674071635489
AAT,female,12,WT,11.1570043431485
AAT,female,12,WT,10.457884275641192
AAT,female,12,WT,17.257153729086625
AAT,female,12,LD saline,21.6562461770756
AAT,female,12,LD saline,52.85608312398049
AAT,female,12,LD leptin,15.356698071690047
AAT,female,12,WT,11.1570043431485
AAT,female,12,LD leptin,13.955986300073107
AAT,female,12,LD saline,10.657282995088636
AAT,female,12,LD leptin,7.257648268365912
AAT,female,12,LD leptin,16.656493446715245
AAT,female,12,LD saline,19.556399312804842
AAT,female,12,LD leptin,7.058249548918468
AAT,female,12,LD saline,12.055538155249792
AAT,female,12,WT,11.75766462551988
AAT,female,12,WT,11.85860355983138
AAT,female,12,WT,10.556344060777135
AAT,female,12,LD leptin,17.156222307348386
AAT,female,12,LD leptin,10.657282995088636
AAT,female,12,LD leptin,9.95815541500805
AAT,female,12,LD saline,7.4570469878133565
AAT,female,12,LD saline,11.75766462551988
AAT,female,12,LD saline,13.955986300073107
AAT,female,12,LD saline,13.955986300073107
AAT,female,14,WT,22.65570389834187
AAT,female,14,WT,13.357782629157512
AAT,female,14,LD saline,14.157849143549598
AAT,female,14,LD saline,18.456010169800336
AAT,female,14,LD saline,14.657578004182724
AAT,female,14,LD saline,15.157306864815851
AAT,female,14,LD leptin,8.456504709079624
AAT,female,14,WT,17.65841529201056
AAT,female,14,WT,16.4570947272678
AAT,female,14,LD leptin,8.25710598963218
AAT,female,14,LD leptin,17.45655244853407
AAT,female,14,LD leptin,11.056080433983524
AAT,female,14,WT,7.3585721775309025
AAT,female,14,WT,12.95652857880684
AAT,female,14,LD leptin,15.056375443077613
AAT,female,14,LD saline,24.255821901979502
AAT,female,14,WT,14.25631644125879
AAT,female,14,LD leptin,13.955986300073107
AAT,female,14,LD saline,17.05775500963918
AAT,female,14,LD saline,16.85589216616269
AAT,female,14,LD saline,12.557731139911951
AAT,female,14,LD leptin,30.05563363415868
AAT,female,14,WT,12.757122346786147
AAT,female,14,LD saline,20.95711859699503
AAT,female,14,LD leptin,18.75634031098602
AAT,female,14,LD leptin,11.65674071635489
AAT,female,14,WT,4.25680722425146
AAT,female,14,WT,11.056080433983524
AAT,female,14,LD leptin,6.0587918276522
AAT,female,16,LD saline,15.657035725448992
AAT,female,16,WT,8.456504709079624
AAT,female,16,LD leptin,12.055538155249792
AAT,female,16,LD saline,20.05612817343797
AAT,female,16,LD leptin,16.356163305529563
AAT,female,16,LD leptin,17.358085150824863
AAT,female,16,LD leptin,15.356698071690047
AAT,female,16,LD saline,17.358085150824863
AAT,female,16,LD saline,17.358085150824863
AAT,female,16,WT,12.156462064414768
AAT,female,16,LD leptin,15.157306864815851
AAT,female,16,LD saline,24.657083464903437
AAT,female,16,LD leptin,15.157306864815851
AAT,female,16,LD leptin,17.358085150824863
AAT,female,16,LD saline,18.15568002861464
AAT,female,16,WT,10.556344060777135
AAT,female,16,LD saline,11.1570043431485
AAT,female,16,WT,13.057460000545092
AAT,female,16,WT,14.955444021339375
AAT,female,16,WT,16.85589216616269
AAT,female,16,WT,10.457884275641192
AAT,female,16,WT,11.558273418645697
AAT,female,16,WT,8.958690181168535
AAT,female,16,WT,13.357782629157512
AAT,female,16,LD leptin,13.256858719992536
AAT,female,16,LD saline,24.15735460427031
AAT,female,16,LD leptin,31.456352918348877
AAT,female,16,LD saline,29.755303492972992
AAT,female,16,LD leptin,10.556344060777135
AAT,male,12,LD leptin,5.056868953018807
AAT,male,12,LD leptin,2.356361654252197
AAT,male,12,LD saline,16.35616291270111
AAT,male,12,LD saline,18.05721243390019
AAT,male,12,LD leptin,12.858060691214774
AAT,male,12,LD saline,19.157601638891606
AAT,male,12,WT,7.058248632321693
AAT,male,12,WT,11.157011170015693
AAT,male,12,WT,9.155631490712807
AAT,male,12,WT,11.457341328119526
AAT,male,12,WT,8.958689371627031
AAT,male,12,WT,10.85668101191186
AAT,male,12,WT,12.055537520159334
AAT,male,12,WT,13.158390849318607
AAT,male,12,WT,13.55718831067847
AAT,male,12,WT,13.357782067424836
AAT,male,12,LD saline,31.956082264925215
AAT,male,12,LD saline,25.956871475352187
AAT,male,12,LD leptin,12.557723020537253
AAT,male,12,LD leptin,7.7573687392116994
AAT,male,12,LD saline,16.555561643381054
AAT,male,12,LD leptin,12.858060691214774
AAT,male,12,LD leptin,5.9578519147565885
AAT,male,12,LD saline,14.357247357566052
AAT,male,12,LD leptin,18.456009895260053
AAT,male,12,LD saline,10.258484819872052
AAT,male,12,LD saline,12.355867678263166
AAT,male,12,LD leptin,7.6564448243615
AAT,male,12,LD leptin,8.958689371627031
AAT,male,14,LD leptin,8.958689371627031
AAT,male,14,WT,20.558313489413166
AAT,male,14,WT,23.55669433468944
AAT,male,14,LD saline,7.6564448243615
AAT,male,14,WT,14.657577515669885
AAT,male,14,LD saline,23.65516163794547
AAT,male,14,LD saline,19.45546767282758
AAT,male,14,LD leptin,14.357247357566052
AAT,male,14,LD saline,11.858602913647246
AAT,male,14,LD leptin,6.255725461266252
AAT,male,14,LD leptin,15.556103865813526
AAT,male,14,LD saline,25.457142586568438
AAT,male,14,LD saline,22.756635287801828
AAT,male,14,WT,17.756882275796357
AAT,male,14,WT,17.057754656332662
AAT,male,14,WT,14.05691719946222
AAT,male,14,LD leptin,18.357542592004023
AAT,male,14,LD saline,18.657872750107828
AAT,male,14,LD saline,14.758508943093773
AAT,male,14,LD leptin,9.95815466176822
AAT,male,14,LD leptin,12.858060691214774
AAT,male,14,LD saline,64.05691895625856
AAT,male,14,LD saline,14.357247357566052
AAT,male,14,LD leptin,31.857614961669157
AAT,male,14,LD leptin,11.056079742591805
AAT,male,14,LD leptin,15.255773707709693
AAT,male,14,WT,5.7584531840766715
AAT,male,14,WT,13.057459421894691
AAT,male,14,WT,9.95815466176822
AAT,male,16,LD saline,10.157545879874476
AAT,male,16,LD leptin,12.355867678263166
AAT,male,16,LD leptin,18.357542592004023
AAT,male,16,LD saline,14.85697624634983
AAT,male,16,WT,11.558272755543413
AAT,male,16,WT,19.755797830931414
AAT,male,16,WT,16.457094340124996
AAT,male,16,LD leptin,11.457341328119526
AAT,male,16,LD saline,13.55718831067847
AAT,male,16,WT,24.157354650897076
AAT,male,16,LD leptin,14.758508943093773
AAT,male,16,WT,22.256906399018078
AAT,male,16,LD leptin,9.256562918136694
AAT,male,16,LD leptin,23.9554917960493
AAT,male,16,LD saline,16.65649307080494
AAT,male,16,LD saline,28.657378774118797
AAT,male,16,WT,17.855349579052387
AAT,male,16,LD saline,28.657378774118797
AAT,male,16,LD leptin,9.756291806920444
AAT,male,16,LD saline,9.857223234344332
AAT,male,16,LD leptin,10.457883550551998
AAT,male,16,LD saline,18.05721243390019
AAT,male,16,LD saline,17.15622195958869
AAT,male,16,LD leptin,18.657872750107828
AAT,male,16,LD leptin,9.857223234344332
AAT,male,16,WT,19.45546767282758
AAT,male,16,WT,17.358077301862807
AAT,male,16,WT,19.45546767282758
AAT,male,16,WT,19.755797830931414
Gonad,female,12,LD leptin,2.266337588034304
Gonad,female,12,WT,2.5160370571331327
Gonad,female,12,WT,0.8173024253817402
Gonad,female,12,WT,2.5160370571331327
Gonad,female,12,LD saline,2.96220200225639
Gonad,female,12,LD saline,1.513166839603855
Gonad,female,12,LD leptin,1.7137358863721204
Gonad,female,12,WT,1.7137358863721204
Gonad,female,12,LD leptin,1.4640426631952437
Gonad,female,12,LD leptin,1.8160753180891618
Gonad,female,12,LD saline,0.8173024253817402
Gonad,female,12,LD leptin,2.413697625416063
Gonad,female,12,LD saline,1.5622910160124377
Gonad,female,12,WT,2.8639661412831856
Gonad,female,12,WT,1.165231509531793
Gonad,female,12,WT,0.6126360537916185
Gonad,female,12,WT,1.664617955885518
Gonad,female,12,LD leptin,2.7657240343880005
Gonad,female,12,LD leptin,1.267570941248863
Gonad,female,12,LD leptin,2.1148864717526124
Gonad,female,12,LD saline,1.3658068022220675
Gonad,female,12,LD saline,1.3166888717354652
Gonad,female,12,LD saline,0.7640934159952621
Gonad,female,12,LD saline,3.0645414339734316
Gonad,female,14,WT,3.813621103504005
Gonad,female,14,WT,2.6142729181063373
Gonad,female,14,LD leptin,2.6674819274928154
Gonad,female,14,WT,1.1161135790451908
Gonad,female,14,LD saline,1.6155000253989158
Gonad,female,14,LD leptin,0.7149629936646988
Gonad,female,14,LD leptin,1.8160753180891618
Gonad,female,14,WT,3.363352587636882
Gonad,female,14,WT,1.4640426631952437
Gonad,female,14,LD leptin,1.6155000253989158
Gonad,female,16,LD saline,2.7166061039013982
Gonad,female,16,WT,2.0125532859575515
Gonad,female,16,LD saline,3.215992550255095
Gonad,female,16,LD leptin,6.764900438195582
Gonad,female,16,LD leptin,8.963021516300643
Gonad,female,16,LD leptin,5.766133791410141
Gonad,female,16,LD saline,6.965475730885828
Gonad,female,16,WT,7.2642868845492785
Gonad,female,16,LD leptin,2.462815555902665
Gonad,female,16,LD saline,1.7669573876025595
Gonad,female,16,LD leptin,2.2172196575477017
Gonad,female,16,LD saline,3.0645414339734316
Gonad,female,16,WT,7.915130693106647
Gonad,female,16,LD saline,2.364579694929489
Gonad,female,16,WT,3.862739033990607
Gonad,female,16,WT,2.06576854126601
Gonad,female,16,LD saline,1.513166839603855
Gonad,male,12,LD leptin,84.86151073697096
Gonad,male,12,LD saline,91.31259977406415
Gonad,male,12,LD saline,68.16482203814599
Gonad,male,12,LD leptin,74.46445993531205
Gonad,male,12,LD saline,66.01582480093543
Gonad,male,12,WT,70.41205515166683
Gonad,male,12,WT,98.21394490547709
Gonad,male,12,WT,92.31136033085994
Gonad,male,12,WT,88.81566715245987
Gonad,male,12,WT,90.26469629542134
Gonad,male,12,WT,83.61305067209179
Gonad,male,12,WT,87.81279677835659
Gonad,male,12,WT,103.56392769215662
Gonad,male,12,WT,70.86233622967848
Gonad,male,12,WT,54.86560313325657
Gonad,male,12,LD saline,82.06167583551246
Gonad,male,12,LD saline,81.36580506672496
Gonad,male,12,LD leptin,80.96465441871447
Gonad,male,12,LD leptin,82.41370854536777
Gonad,male,12,LD saline,48.96303105048537
Gonad,male,12,LD leptin,96.36376511450513
Gonad,male,12,LD leptin,81.21435392679786
Gonad,male,12,LD saline,75.06209482778917
Gonad,male,12,LD leptin,76.01173744642978
Gonad,male,12,LD saline,63.46159208209872
Gonad,male,12,LD saline,83.96098605648552
Gonad,male,12,LD leptin,56.76491335422969
Gonad,male,12,LD leptin,63.011323495933084
Gonad,male,14,LD saline,69.81443275103567
Gonad,male,14,LD leptin,77.86191723740174
Gonad,male,14,WT,92.21312445454959
Gonad,male,14,WT,99.76123490844074
Gonad,male,14,WT,89.71210699932965
Gonad,male,16,LD saline,83.26511528769805
Gonad,male,16,LD leptin,78.81157234788827
Gonad,male,16,LD leptin,101.21026405140222
Gonad,male,16,LD saline,84.51357535257722
Gonad,male,16,WT,95.012971847854
Gonad,male,16,WT,67.71456594382619
Gonad,male,16,WT,96.26551674634882
Gonad,male,16,LD leptin,75.26266390587145
Gonad,male,16,LD saline,92.36049076086104
Gonad,male,16,WT,85.31177932313665
Gonad,male,16,LD leptin,77.411661143082
Gonad,male,16,WT,91.51316885214644
Gonad,male,16,LD leptin,93.11366162688094
Gonad,male,16,LD leptin,100.21149100276051
Gonad,male,16,LD saline,91.36171771221933
Gonad,male,16,LD saline,102.16401648735032
Gonad,male,16,WT,84.01418882825635
Gonad,male,16,LD saline,76.5643392343674
Gonad,male,16,LD saline,106.51522622538815
Gonad,male,16,LD leptin,83.76451430386481
Gonad,male,16,LD saline,93.31423070496322
Gonad,male,16,LD saline,59.41328462391516
Gonad,male,16,LD leptin,89.46240749124627
Gonad,male,16,LD leptin,83.91186811833035
Gonad,male,16,WT,94.8123902779258
Gonad,male,16,WT,99.2618483841199
Gonad,male,16,WT,98.26306284363227
Gonad,male,16,WT,101.91431697926694
