library,term,p,padj,n,genes
PanglaoDB_Augmented_2021,Gamma (PP) Cells,5.067008897674018e-09,6.181750855162302e-07,11,PTPRD;NFASC;SEMA6D;PHYHIPL;AQP4;PAX6;SEMA3E;PROX1;PPARGC1A;FGF12;PAK5
PanglaoDB_Augmented_2021,Astrocytes,3.516143649984153e-08,2.144847626490333e-06,11,GRM5;GPRC5B;NFASC;KCNJ10;S1PR1;BAALC;PHYHIPL;AQP4;GPR37L1;PLA2G7;CRYAB
PanglaoDB_Augmented_2021,Oligodendrocytes,1.5499705771184193e-07,5.558965457361303e-06,11,GPRC5B;DPY19L1;GRM5;KCNJ10;PHYHIPL;AQP4;SOX8;TPPP;DUSP15;EML1;FGFR2
PanglaoDB_Augmented_2021,Müller Cells,2.3738508032090447e-07,5.558965457361303e-06,10,PTPRD;TMEM47;GPRC5B;NFASC;KCNJ10;SEMA6D;AQP4;EDIL3;CRYAB;VEGFA
PanglaoDB_Augmented_2021,Peri-islet Schwann Cells,2.7339174380465426e-07,5.558965457361303e-06,9,TMEM47;GPRC5B;NFASC;TMEM98;SEMA6D;INSC;EML1;EDIL3;CHST3
PanglaoDB_Augmented_2021,Radial Glia Cells,2.7339174380465426e-07,5.558965457361303e-06,9,PTPRD;TMEM47;GPRC5B;NFASC;SEMA6D;PHYHIPL;AQP4;FAT3;PAX6
PanglaoDB_Augmented_2021,Alpha Cells,1.2204193391263762e-06,2.1270165624773985e-05,9,PTPRD;TMEM47;NFASC;TMEM98;SEMA6D;PHYHIPL;PAX6;PROX1;EDIL3
PanglaoDB_Augmented_2021,Bergmann Glia,9.303369247431566e-06,0.00014187638102333138,8,GRM5;NFASC;KCNJ10;METRN;BAALC;PHYHIPL;AQP4;GPR37L1
PanglaoDB_Augmented_2021,Satellite Glial Cells,3.141701277764324e-05,0.0004258750620969417,7,P2RY12;GRM5;LYNX1;KCNJ10;BAALC;AQP4;PLXDC2
PanglaoDB_Augmented_2021,Tanycytes,4.606762855064902e-05,0.000562025068317918,7,PTPRD;TMEM47;GPRC5B;NFASC;SEMA6D;EDIL3;CRYAB
PanglaoDB_Augmented_2021,Neuroendocrine Cells,5.1152535331089666e-05,0.0005673281191266308,7,GABRA1;GRM5;NFASC;PHYHIPL;AQP4;SFXN5;PAK5
PanglaoDB_Augmented_2021,Oligodendrocyte Progenitor Cells,5.6688381010107826e-05,0.0005763318736027629,7,GPR17;GPRC5B;NFASC;PHYHIPL;AQP4;GPR37L1;ETV5
PanglaoDB_Augmented_2021,Glomus Cells,6.270527016099171e-05,0.0005884648430493068,7,TMEM47;GPRC5B;NFASC;SEMA6D;EDIL3;CRYAB;CHST3
PanglaoDB_Augmented_2021,Immature Neurons,9.660820820786059e-05,0.0008418715286684993,7,CREB1;FUT9;PHYHIPL;FAT3;PAX6;PROX1;PAK5
PanglaoDB_Augmented_2021,Enteroendocrine Cells,0.00011076267160739496,0.000900869729073479,7,NFASC;PHYHIPL;PAX6;TMEM229A;HAPLN4;PAK5;VEGFA
PanglaoDB_Augmented_2021,Enterochromaffin Cells,0.00021375239994471122,0.0016298620495784231,6,PTPRD;NFASC;SEMA6D;PHYHIPL;PROX1;PPARGC1A
PanglaoDB_Augmented_2021,Enteric Glia Cells,0.00023597162727620198,0.001693443442805685,6,PTPRD;GPRC5B;NFASC;PHYHIPL;AQP4;CRYAB
PanglaoDB_Augmented_2021,Chromaffin Cells,0.0003927124775327645,0.002661717903277626,6,PTPRD;SLC12A2;TTLL7;NFASC;SEMA6D;PHYHIPL
PanglaoDB_Augmented_2021,Delta Cells,0.0005733504046805988,0.003681513124791214,6,PTPRD;NFASC;SEMA6D;PHYHIPL;PROX1;PPARGC1A
PanglaoDB_Augmented_2021,Podocytes,0.000612445572732889,0.0037359179936706224,7,TMEM47;MYO1E;ZFP91;SEMA3E;CHST3;VEGFA;SH3D19
PanglaoDB_Augmented_2021,Interneurons,0.0006683275265308881,0.00388266467794135,9,DLX1;LYNX1;GRM5;PHYHIPL;AQP4;PAX6;SEMA3E;FGF12;PAK5
PanglaoDB_Augmented_2021,Schwann Cells,0.0007538941822123079,0.004180685919540981,6,GPRC5B;NFASC;PHYHIPL;AQP4;GPR37L1;CRYAB
PanglaoDB_Augmented_2021,Trigeminal Neurons,0.0009411475065182116,0.0049590504826082455,6,PTPRD;GRM5;NFASC;PHYHIPL;AQP4;PAK5
PanglaoDB_Augmented_2021,Beta Cells,0.0009755509146114582,0.0049590504826082455,6,NFASC;PHYHIPL;PAX6;PROX1;FGF12;PAK5
PanglaoDB_Augmented_2021,His Bundle Cells,0.0010262353523499378,0.005008028519467697,5,TMEM47;NFASC;SEMA6D;EML1;CHST3
PanglaoDB_Augmented_2021,Glutaminergic Neurons,0.0015190246142252866,0.007127730882134037,5,GABRA1;GRM5;FUT9;PHYHIPL;PAK5
PanglaoDB_Augmented_2021,Parietal Cells,0.0017863718750171632,0.0080717543982257,5,PHYHIPL;AQP4;TPPP;FGFR2;PIK3C2B
PanglaoDB_Augmented_2021,GABAergic Neurons,0.0019322663849902747,0.008419160677457625,5,DLX1;GRM5;PHYHIPL;AQP4;PAK5
PanglaoDB_Augmented_2021,Meningeal Cells,0.002086692945110828,0.008778501355293828,5,TMEM47;GPRC5B;SEMA6D;EML1;CRYAB
PanglaoDB_Augmented_2021,Choroid Plexus Cells,0.0022499418405541993,0.00914976348492041,5,TMEM47;GPRC5B;TMEM98;MMP15;PHYHIPL
PanglaoDB_Augmented_2021,Luteal Cells,0.0029969988523570346,0.011794640644759944,5,TMEM47;MMP15;ME1;SH3D19;CHST3
PanglaoDB_Augmented_2021,Photoreceptor Cells,0.006300117347604094,0.02401919738774061,5,GABRA1;GRM5;PROX1;NLK;PAK5
PanglaoDB_Augmented_2021,Endothelial Cells (Blood Brain Barrier),0.011892655640493119,0.0439667875193988,4,GPRC5B;SALL1;GPR37L1;CHST3
PanglaoDB_Augmented_2021,Peritubular Myoid Cells,0.014554922309740082,0.05222648593494971,4,TMEM47;TMEM98;CRYAB;SH3D19
PanglaoDB_Augmented_2021,Satellite Cells,0.023579684247011106,0.08219204223243871,4,TMEM47;SOX8;SH3D19;CHST3
PanglaoDB_Augmented_2021,Neurons,0.026032073777379552,0.08633241210767967,6,GABRA1;GRM5;PHYHIPL;PROX1;PAK5;GNAI1
PanglaoDB_Augmented_2021,Mesothelial Cells,0.026410899973180055,0.08633241210767967,4,ME1;KCNAB1;CRYAB;SH3D19
PanglaoDB_Augmented_2021,Chondrocytes,0.02759806616556973,0.08633241210767967,4,TMEM47;SOX6;CRYAB;VEGFA
PanglaoDB_Augmented_2021,Neuroblasts,0.02759806616556973,0.08633241210767967,4,GRM5;SP8;PPM1E;PAK5
PanglaoDB_Augmented_2021,Neural Stem/Precursor Cells,0.031348790307307466,0.09561381043728777,4,DLX1;PHYHIPL;SP8;PAK5
PanglaoDB_Augmented_2021,Purkinje Neurons,0.033331256512115645,0.09918081206044167,4,GABRA1;GRM5;PPM1E;PAK5
PanglaoDB_Augmented_2021,Sertoli Cells,0.03538550343351794,0.10278646235450449,4,LYNX1;CDC42EP1;PADI2;CRYAB
PanglaoDB_Augmented_2021,Purkinje Fiber Cells,0.0456776584523423,0.1295970774694363,3,PTPRD;NFASC;FAT3
PanglaoDB_Augmented_2021,Cajal-Retzius Cells,0.0475591794210256,0.13186863384920736,4,FUT9;FAT3;EDIL3;PAK5
PanglaoDB_Augmented_2021,Adrenergic Neurons,0.05019837645630187,0.1360933761704184,3,MMP15;PHYHIPL;HAPLN4
PanglaoDB_Augmented_2021,Retinal Progenitor Cells,0.05737114198078268,0.15215824612294535,3,PHYHIPL;PAX6;PAK5
PanglaoDB_Augmented_2021,Pancreatic Progenitor Cells,0.05986442338906241,0.15537193874437544,3,MMP15;MYO6;DUSP15
PanglaoDB_Augmented_2021,Taste Receptor Cells,0.061129943112541156,0.15537193874437544,3,GABRA1;PKD2L1;PROX1
PanglaoDB_Augmented_2021,Myoblasts,0.0758581035574979,0.1888711966125458,3,TMEM47;CRYAB;CHST3
PanglaoDB_Augmented_2021,Pyramidal Cells,0.08156802740447666,0.19422660356057245,3,GABRA1;GRM5;PAK5
PanglaoDB_Augmented_2021,Pulmonary Alveolar Type I Cells,0.0830239113610387,0.19422660356057245,3,SEMA3E;SH3D19;VEGFA
PanglaoDB_Augmented_2021,Hepatic Stellate Cells,0.08449098242915486,0.19422660356057245,3,TMEM47;CRYAB;VEGFA
PanglaoDB_Augmented_2021,Anterior Pituitary Gland Cells,0.08596915239566322,0.19422660356057245,3,PTPRD;NFASC;SEMA6D
PanglaoDB_Augmented_2021,Melanocytes,0.08596915239566322,0.19422660356057245,3,ENPP1;CRYAB;CHST3
PanglaoDB_Augmented_2021,Principal Cells,0.0904693638656221,0.20067749802919813,3,GPRC5B;AQP4;TMEM229A
PanglaoDB_Augmented_2021,Luminal Epithelial Cells,0.09661957102565347,0.21049263687731645,3,SLC12A2;FGFR2;SYTL2
PanglaoDB_Augmented_2021,Megakaryocytes,0.10134145240640881,0.21690626655406797,3,KIF5B;PROX1;VEGFA
PanglaoDB_Augmented_2021,Leydig Cells,0.10453998561004255,0.2198944524900895,3,TMEM47;CRYAB;SH3D19
PanglaoDB_Augmented_2021,Loop Of Henle Cells,0.10777812709109019,0.22286324584937292,3,TMEM47;PLA2G7;CRYAB
PanglaoDB_Augmented_2021,Enteric Neurons,0.1403686303231987,0.2807372606463974,3,NFASC;PHYHIPL;PAK5
PanglaoDB_Augmented_2021,Plasma Cells,0.1403686303231987,0.2807372606463974,3,CYCS;ENPP1;RASGRP3
PanglaoDB_Augmented_2021,Smooth Muscle Cells,0.14579116628104036,0.2868793917143052,3,TMEM47;KCNAB1;CRYAB
PanglaoDB_Augmented_2021,Osteocytes,0.1779256745634796,0.3445544809007065,2,TMEM47;CHST3
PanglaoDB_Augmented_2021,Myofibroblasts,0.1835199217140049,0.34983485076732185,2,TMEM47;CRYAB
PanglaoDB_Augmented_2021,Kidney Progenitor Cells,0.19761286011162013,0.37052463771461486,2,SALL1;CHST3
PanglaoDB_Augmented_2021,Parathyroid Chief Cells,0.2004477548292179,0.37052463771461486,2,DUSP15;VEGFA
PanglaoDB_Augmented_2021,Undefined Placental Cells,0.2061318333545436,0.3753445323769301,2,MMP15;PDIA4
PanglaoDB_Augmented_2021,Crypt Cells,0.21183334139353138,0.3795968751596207,2,SLC12A2;FGFR2
PanglaoDB_Augmented_2021,Pancreatic Stellate Cells,0.214690035950933,0.3795968751596207,2,TMEM47;CRYAB
PanglaoDB_Augmented_2021,Cardiac Stem And Precursor Cells,0.22041414494525816,0.3832003689998786,2,SH3D19;CHST3
PanglaoDB_Augmented_2021,Adipocytes,0.2256195314103503,0.3832003689998786,3,METRN;PPARGC1A;CRYAB
PanglaoDB_Augmented_2021,Adipocyte Progenitor Cells,0.2261510374425513,0.3832003689998786,2,SH3D19;CHST3
PanglaoDB_Augmented_2021,Dopaminergic Neurons,0.23765616069859297,0.3965622095366311,2,PHYHIPL;PAK5
PanglaoDB_Augmented_2021,Transient Cells,0.24053773365336642,0.3965622095366311,2,MMP15;MYO6
PanglaoDB_Augmented_2021,Microfold Cells,0.2578560699863573,0.4194458738444745,2,TMBIM1;SOX8
PanglaoDB_Augmented_2021,Epsilon Cells,0.2925145792327986,0.4695628771894925,2,PROX1;PPARGC1A
PanglaoDB_Augmented_2021,Mesangial Cells,0.32124862555822764,0.5089913288065425,2,TMEM47;CRYAB
PanglaoDB_Augmented_2021,Pericytes,0.34119943466870123,0.5336709106356609,2,CRYAB;VEGFA
PanglaoDB_Augmented_2021,Microglia,0.3496960725908192,0.5400369728617714,2,P2RY12;SALL1
PanglaoDB_Augmented_2021,Retinal Ganglion Cells,0.36657644820270435,0.5590290835091241,2,FGF12;PAK5
PanglaoDB_Augmented_2021,Hematopoietic Stem Cells,0.40527277070822637,0.6104108398321434,2,BAALC;PLXDC2
PanglaoDB_Augmented_2021,B Cells,0.41612609127888117,0.6191144284880915,2,SEMA6D;RASGRP3
PanglaoDB_Augmented_2021,Endothelial Cells (Aorta),0.424201349441311,0.623524875082409,2,TMEM47;SH3D19
PanglaoDB_Augmented_2021,Platelets,0.4990755387372852,0.6929119708747171,2,P2RY12;VEGFA
PanglaoDB_Augmented_2021,Olfactory Epithelial Cells,0.5282089791618318,0.6929119708747171,2,METRN;FGF12
PanglaoDB_Augmented_2021,Pulmonary Vascular Smooth Muscle Cells,0.540280526135374,0.6929119708747171,1,CRYAB
PanglaoDB_Augmented_2021,Fibroblasts,0.5423434127460902,0.6929119708747171,2,PIP4K2A;VEGFA
PanglaoDB_Augmented_2021,Glycinergic Neurons,0.5438841666005395,0.6929119708747171,1,GRM5
PanglaoDB_Augmented_2021,Cholinergic Neurons,0.551007458939614,0.6929119708747171,1,PPM1E
PanglaoDB_Augmented_2021,Juxtaglomerular Cells,0.5545275436098244,0.6929119708747171,1,CRYAB
PanglaoDB_Augmented_2021,Vascular Smooth Muscle Cells,0.5545275436098244,0.6929119708747171,1,CRYAB
PanglaoDB_Augmented_2021,Ciliated Cells,0.5580202063761692,0.6929119708747171,1,ANKUB1
PanglaoDB_Augmented_2021,Noradrenergic Neurons,0.5580202063761692,0.6929119708747171,1,PHYHIPL
PanglaoDB_Augmented_2021,Ionocytes,0.5683357777345711,0.6929119708747171,1,SLC12A2
PanglaoDB_Augmented_2021,Pinealocytes,0.5683357777345711,0.6929119708747171,1,KCNG4
PanglaoDB_Augmented_2021,Spermatozoa,0.5717208591765311,0.6929119708747171,1,ANKUB1
PanglaoDB_Augmented_2021,Endothelial Cells,0.5741763127420461,0.6929119708747171,2,PROX1;RASGRP3
PanglaoDB_Augmented_2021,Epiblast Cells,0.575079563707885,0.6929119708747171,1,FGFR2
PanglaoDB_Augmented_2021,Gastric Chief Cells,0.575079563707885,0.6929119708747171,1,FGFR2
PanglaoDB_Augmented_2021,Merkel Cells,0.581718657695992,0.6929119708747171,1,GNAI1
PanglaoDB_Augmented_2021,Motor Neurons,0.581718657695992,0.6929119708747171,1,DLX1
PanglaoDB_Augmented_2021,Granulosa Cells,0.5849994508204579,0.6929119708747171,1,CHST3
PanglaoDB_Augmented_2021,Pluripotent Stem Cells,0.5849994508204579,0.6929119708747171,1,PRMT8
PanglaoDB_Augmented_2021,Hepatoblasts,0.5914845268871856,0.6938568488484292,1,PROX1
PanglaoDB_Augmented_2021,Natural Killer T Cells,0.6041541297267713,0.7019695602539628,1,S1PR1
PanglaoDB_Augmented_2021,T Memory Cells,0.6482836638232465,0.7245283395146598,1,ENPP1
PanglaoDB_Augmented_2021,Cholangiocytes,0.6510454064778048,0.7245283395146598,1,AQP4
PanglaoDB_Augmented_2021,Mammary Epithelial Cells,0.6510454064778048,0.7245283395146598,1,PADI2
PanglaoDB_Augmented_2021,Pulmonary Alveolar Type II Cells,0.6537856012152544,0.7245283395146598,1,ETV5
PanglaoDB_Augmented_2021,Ependymal Cells,0.6565044150800483,0.7245283395146598,1,AQP4
PanglaoDB_Augmented_2021,Distal Tubule Cells,0.659202013820715,0.7245283395146598,1,PPARGC1A
PanglaoDB_Augmented_2021,Osteoblasts,0.7019698666519294,0.7643466870767436,1,FGFR2
PanglaoDB_Augmented_2021,NK Cells,0.7089431039709352,0.7643466870767436,1,SEMA6D
PanglaoDB_Augmented_2021,Myocytes,0.7224069118334401,0.7643466870767436,1,CRYAB
PanglaoDB_Augmented_2021,Proximal Tubule Cells,0.7245899182309332,0.7643466870767436,1,FUT9
PanglaoDB_Augmented_2021,T Cells,0.7267558664008381,0.7643466870767436,1,SEMA6D
PanglaoDB_Augmented_2021,Basophils,0.7352517105100793,0.7666727237797408,1,MBOAT1
PanglaoDB_Augmented_2021,Cardiomyocytes,0.7455032997460718,0.7683873839163372,1,CRYAB
PanglaoDB_Augmented_2021,Embryonic Stem Cells,0.7494926121806896,0.7683873839163372,1,SH3D19
PanglaoDB_Augmented_2021,Hepatocytes,0.8245107994052471,0.8327204742138791,1,PROX1
PanglaoDB_Augmented_2021,Germ Cells,0.8258948965563883,0.8327204742138791,1,MLH3
PanglaoDB_Augmented_2021,Mast Cells,0.84293116702294,0.84293116702294,1,GNAI1
ChEA_2022,SMARCA4 23332759 ChIP-Seq OLIGODENDROCYTES Mouse,6.316252850748036e-13,4.604548328195318e-10,49,ARHGAP5;ADO;ELFN1;NUDT4;GRM5;RASSF2;SALL1;KIF5B;INSC;BAALC;FAM53B;SOX6;ELOVL5;SEMA6D;ELOVL6;GPR37L1;EML1;TMEFF2;CREB1;CDH10;ANKRD40;PLCB1;DLX1;PHYHIPL;SEMA3E;RASGRP3;FUT9;OXCT1;PACSIN2;TSPAN2;TPPP;LRRC8B;PPARGC1A;EPS15;JAM2;MAP4K4;P2RY12;FHDC1;PLXDC2;HIPK2;MYO1E;DPY19L1;NFASC;REEP3;FAT3;TMEM229A;FGF12;RNF141;FGFR2
ChEA_2022,SMAD4 21799915 ChIP-Seq A2780 Human,1.5121024299376128e-09,5.511613357122599e-07,44,UBXN2B;HSD17B12;NLK;PIK3C2B;SALL1;OXCT1;KIF5B;MYO6;PACSIN2;BAALC;PIP4K2A;LRRC8B;SOX6;GPR155;EDIL3;JAM2;SH3D19;SLC12A2;GABRA1;PRMT8;ELOVL5;SEMA6D;KCNAB1;PHKB;PAX6;PROX1;PLXDC2;ETV5;VEGFA;TTLL7;PTPRD;NFASC;CREB1;MMP15;TMEM33;REEP3;BMP2K;FAT3;SP8;PLCB1;FGF12;FGFR2;YPEL2;CHST3
ChEA_2022,SUZ12 20075857 ChIP-Seq MESCs Mouse,4.1421296870040686e-09,9.354734501370587e-07,59,GABRB2;KCNG4;USP31;DUSP15;ELFN1;HAPLN4;PIK3C2B;GRM5;RASSF2;ME1;PIP4K2A;FAM53B;EFHD1;ENPP1;SOX8;EDIL3;PRMT8;METRN;SEMA6D;KCNAB1;PAX6;PROX1;EML1;TMEFF2;GPRC5B;MMP15;BMP2K;MAL;CDC42EP1;PLCB1;CRYAB;CHST3;DLX1;SEMA3E;PPM1E;GNAI1;S1PR1;TSPAN2;TPPP;LRRC8B;GPR155;SLC12A2;GABRA1;KCNJ10;GBF1;MBOAT1;FHDC1;PLXDC2;SGPP2;HIPK2;MYO1E;TMEM98;CPD;TRIM36;SP8;TMEM229A;FGF12;SFXN5;FGFR2
ChEA_2022,OLIG2 23332759 ChIP-Seq OLIGODENDROCYTES Mouse,5.132913306650528e-09,9.354734501370587e-07,37,USP31;PIGQ;PHYHIPL;SEMA3E;NLK;ARHGAP5;ADO;ELFN1;RASGRP3;FUT9;OXCT1;KIF5B;FAM53B;DIP2A;SOX6;JAM2;MAP4K4;P2RY12;SEMA6D;ARAP2;PHKB;ELOVL6;FHDC1;PLXDC2;ETV5;MYO1E;TMEFF2;DPY19L1;NFASC;TMEM33;CDH10;REEP3;CPD;SP8;PLCB1;FGF12;FGFR2
ChEA_2022,MBD3 35695185 ChIP-Seq nicBasalRootGanglia Mouse Embryo,1.8420132716415998e-08,2.685655350053453e-06,58,GABRB2;ADO;DUSP15;ELFN1;RASSF2;KIF5B;PIP4K2A;FAM53B;ENPP1;SOX8;SH3D19;GUCY1A1;ELOVL5;SEMA6D;PAX6;OXSR1;EML1;ETV5;SYTL2;PYURF;TMEFF2;GPRC5B;NDUFS8;MMP15;BMP2K;ANKRD40;PLCB1;DLX1;EXD2;PHYHIPL;NLK;RNF5;PPM1E;HSPH1;FUT9;OXCT1;MYO6;PACSIN2;TSPAN2;MAP4;EPS15;JAM2;MAP4K4;SLC12A2;ERBIN;FHDC1;SGPP2;HIPK2;VEGFA;PTPRD;MYO1E;DPY19L1;TMEM98;REEP3;TRIM36;TMEM229A;FGF12;SFXN5
ChEA_2022,MTF2 20144788 ChIP-Seq MESCs Mouse,9.759318312141294e-08,1.1857571749251673e-05,44,DLX1;KCNG4;PIGQ;DUSP15;ELFN1;HAPLN4;PPM1E;GNAI1;NUDT4;S1PR1;ME1;PIP4K2A;EFHD1;ENPP1;SOX8;TPPP;SOX6;EDIL3;EPS15;GABRA1;PRMT8;SEMA6D;GBF1;MBOAT1;PAX6;NETO2;PROX1;FHDC1;EML1;SGPP2;HIPK2;VEGFA;TMEFF2;GPRC5B;MMP15;CPD;MAL;CDC42EP1;TRIM36;SP8;PLCB1;FGF12;FGFR2;CHST3
ChEA_2022,TP63 23658742 ChIP-Seq EP156T Human,6.112321184510806e-07,6.365545919297683e-05,47,USP31;MLC1;PHYHIPL;AQP4;SEMA3E;ARHGAP5;GNAI1;RASGRP3;NUDT4;TMEM47;HSPH1;KIF5B;INSC;MYO6;PACSIN2;BAALC;PIP4K2A;TSPAN2;MAP4K4;ANKRD28;P2RY12;PRMT8;KCNJ10;ELOVL5;SEMA6D;GBF1;PAX6;ELOVL6;NETO2;OXSR1;FHDC1;PLXDC2;EML1;ETV5;VEGFA;MYO1E;NFASC;REEP3;CPD;TMBIM1;BMP2K;CDC42EP1;SP8;RNF141;SFXN5;FGFR2;CHST3
ChEA_2022,NFKB1 27076634 ChIP-Seq BEAS2B Human Lung Inflammation,1.4327726278165798e-06,0.00012156505764510542,55,GABRB2;USP31;AQP4;ADO;RASSF2;KIF5B;INSC;ME1;PIP4K2A;FAM53B;SOX6;GOLGA7;EDIL3;SH3D19;PRMT8;SEMA6D;ARAP2;PAX6;ELOVL6;GPR37L1;ANO3;GPRC5B;CREB1;CDH10;MAL;ANKRD40;PLCB1;CHST3;DLX1;PHYHIPL;SEMA3E;RASGRP3;HSPH1;OXCT1;MYO6;PACSIN2;TSPAN2;MAP4;PPARGC1A;EPS15;MAP4K4;ANKRD28;SLC12A2;P2RY12;SGPP2;HIPK2;PTPRD;MYO1E;REEP3;CYCS;TRIM36;FAT3;FGF12;RNF141;FGFR2
ChEA_2022,CTBP1 25329375 ChIP-Seq LNCAP Human,1.5008031808037707e-06,0.00012156505764510542,22,PRMT8;ARAP2;PHKB;SEMA3E;NETO2;PROX1;ARHGAP5;SVIP;PPM1E;PTPRD;OXCT1;CDH10;REEP3;CHORDC1;S1PR1;FAT3;ANKRD40;SOX6;FGF12;GOLGA7;EDIL3;JAM2
ChEA_2022,SOX2 21211035 ChIP-Seq LN229 Gbm,1.939105454446697e-06,0.00014136078762916422,43,NLK;ARHGAP5;PPM1E;GNAI1;RASGRP3;SALL1;CHORDC1;INSC;ME1;FAM53B;ENPP1;TSPAN2;SOX6;PPARGC1A;EDIL3;EPS15;PRMT8;SEMA6D;KCNAB1;ELOVL6;PROX1;PLXDC2;EML1;ETV5;HIPK2;PDIA4;TTLL7;PTPRD;MYO1E;TMEFF2;NFASC;TMEM98;PRKD3;CDH10;BMP2K;CYCS;TRIM36;SP8;PLCB1;FGF12;SFXN5;FGFR2;YPEL2
ChEA_2022,RARB 27405468 Chip-Seq BRAIN Mouse,2.1941117865074363e-06,0.00014540977203308372,31,EXD2;USP31;PHYHIPL;SEMA3E;RNF5;GRM5;FUT9;PACSIN2;BAALC;SOX8;GPR155;ANKRD28;GABRA1;LYNX1;PRMT8;ELOVL5;ARAP2;KCNAB1;ELOVL6;PLXDC2;SGPP2;ETV5;VEGFA;TMEFF2;DPY19L1;CDH10;TMBIM1;ANKRD40;RNF141;SFXN5;YPEL2
ChEA_2022,POU5F1 18347094 ChIP-ChIP MESCs Mouse,3.1392396156845116e-06,0.0001907088066528341,30,SEMA3E;ARHGAP5;PIK3C2B;FUT9;SOX6;EDIL3;JAM2;MAP4K4;P2RY12;GABRA1;PRMT8;SEMA6D;GBF1;PAX6;ELOVL6;PROX1;ETV5;MLH3;PTPRD;MYO1E;GPRC5B;TMEM98;REEP3;TRIM36;FAT3;SP8;ANKRD40;FGF12;FGFR2;YPEL2
ChEA_2022,STAT3 24763339 ChIP-Seq IMN-ESCs Mouse,3.493504359655218e-06,0.00019590497524528107,28,PHYHIPL;SEMA3E;ELFN1;GNAI1;NUDT4;SALL1;KIF5B;PACSIN2;ENPP1;SOX6;EDIL3;SEMA6D;ARAP2;PAX6;PROX1;OXSR1;EML1;SVIP;ETV5;VEGFA;PTPRD;MYO1E;TMEFF2;NFASC;REEP3;CDC42EP1;TMEM229A;PLCB1
ChEA_2022,ZNF217 24962896 ChIP-Seq MCF-7 Human,7.269089980734847e-06,0.00036679294470717594,26,SEMA3E;ARHGAP5;PIK3C2B;KIF5B;BAALC;PIP4K2A;EFHD1;ENPP1;TSPAN2;SOX6;ANKRD28;ELOVL5;ARAP2;KCNAB1;GPR37L1;PLXDC2;SYTL2;HIPK2;MYO1E;NFASC;REEP3;MAL;PLCB1;FGF12;FGFR2;YPEL2
ChEA_2022,AR 22383394 ChIP-Seq PROSTATE CANCER Human,7.547179932246419e-06,0.00036679294470717594,29,GABRB2;UBXN2B;PHYHIPL;ARHGAP5;GNAI1;FUT9;OXCT1;CHORDC1;INSC;MYO6;PACSIN2;MAP4;SH3D19;MAP4K4;SEMA6D;GBF1;ARAP2;MBOAT1;KCNAB1;FHDC1;EML1;SVIP;HIPK2;ANO3;TTLL7;TMEFF2;TMEM33;BMP2K;TRIM36
ChEA_2022,RING1B 27294783 Chip-Seq NPCs Mouse,8.209405203842919e-06,0.000374041024600093,30,ADO;DUSP15;PLA2G7;ELFN1;PPM1E;PIK3C2B;SALL1;EFHD1;ENPP1;SOX6;MAP4K4;ANKRD28;ELOVL5;PAX6;NETO2;PROX1;EML1;SGPP2;VEGFA;TMEFF2;GPRC5B;CREB1;REEP3;CPD;MAL;CDC42EP1;TRIM36;SP8;YPEL2;CHST3
ChEA_2022,PHC1 16625203 ChIP-ChIP MESCs Mouse,9.254428858583926e-06,0.0003949617760981304,18,GABRA1;DLX1;SEMA6D;PAX6;SEMA3E;PROX1;RNF5;HAPLN4;SGPP2;HIPK2;TMEFF2;CREB1;NDUFS8;CDC42EP1;EFHD1;SP8;EDIL3;FGFR2
ChEA_2022,SUZ12 18974828 ChIP-Seq MESCs Mouse,1.0141901905810262e-05,0.0003949617760981304,29,DLX1;HAPLN4;PPM1E;GNAI1;RASSF2;EFHD1;ENPP1;TSPAN2;SOX6;EDIL3;MAP4K4;GABRA1;SEMA6D;MBOAT1;PAX6;PROX1;PLXDC2;EML1;SGPP2;TMEFF2;GPRC5B;MMP15;MAL;CDC42EP1;SP8;PLCB1;FGF12;FGFR2;CHST3
ChEA_2022,RING1B 27294783 Chip-Seq ESCs Mouse,1.0293928320801751e-05,0.0003949617760981304,30,ELFN1;HAPLN4;PPM1E;PIK3C2B;SALL1;BAALC;EFHD1;ENPP1;TPPP;SOX6;GPR155;EDIL3;MAP4K4;GABRA1;KCNJ10;MBOAT1;PAX6;PROX1;FHDC1;SGPP2;VEGFA;TMEFF2;GPRC5B;CDH10;MAL;CDC42EP1;SP8;FGF12;FGFR2;CHST3
ChEA_2022,NR3C1 27076634 ChIP-Seq BEAS2B Human Lung Inflammation,1.40515306675142e-05,0.0005043487252972417,45,USP31;EFCAB14;SEMA3E;HSPH1;INSC;MYO6;S1PR1;ME1;PACSIN2;BAALC;PIP4K2A;EFHD1;ENPP1;DIP2A;TPPP;LRRC8B;SOX6;PPARGC1A;EDIL3;ANKUB1;MAP4K4;ANKRD28;SEMA6D;GBF1;ARAP2;PHKB;ELOVL6;OXSR1;FHDC1;PLXDC2;EML1;SGPP2;MLH3;HIPK2;PTPRD;MYO1E;GPRC5B;MMP15;REEP3;MAL;PLCB1;FGF12;RNF141;FGFR2;CHST3
ChEA_2022,P300 19829295 ChIP-Seq ESCs Human,1.4528564103212725e-05,0.0005043487252972417,29,DLX1;GABRB2;SEMA3E;GNAI1;RASGRP3;TMEM47;SALL1;FUT9;INSC;S1PR1;PPARGC1A;GOLGA7;EDIL3;SEC11C;ANKRD28;PHKB;PROX1;FHDC1;PLXDC2;GPRC5B;CREB1;CDH10;REEP3;CDC42EP1;FAT3;SP8;TMEM229A;FGFR2;CHST3
ChEA_2022,SUZ12 18692474 ChIP-Seq MESCs Mouse,1.905137760629958e-05,0.0006312933761360178,28,DLX1;HAPLN4;PPM1E;GNAI1;GRM5;RASSF2;EFHD1;ENPP1;SOX8;TSPAN2;SOX6;EDIL3;JAM2;GABRA1;PRMT8;SEMA6D;PAX6;PROX1;SGPP2;HIPK2;TMEFF2;NFASC;MMP15;CPD;MAL;TRIM36;SP8;FGF12
ChEA_2022,TCF4 23295773 ChIP-Seq U87 Human,3.0014708938971124e-05,0.0009513357746308674,45,EXD2;GABRB2;SEMA3E;HSD17B12;NLK;PLA2G7;GNAI1;RASGRP3;RASSF2;FUT9;INSC;PACSIN2;PIP4K2A;FAM53B;EFHD1;DIP2A;MAP4;SOX6;GPR155;PPARGC1A;EPS15;SH3D19;SLC12A2;GBF1;ARAP2;MBOAT1;KCNAB1;PHKB;NETO2;ETV5;HIPK2;PDIA4;ANO3;TTLL7;MYO1E;TMEFF2;GPRC5B;NFASC;MMP15;CDH10;FAT3;ANKRD40;PLCB1;FGF12;YPEL2
ChEA_2022,STAT3 23295773 ChIP-Seq U87 Human,4.770066264489697e-05,0.0013842886327806686,39,USP31;PHYHIPL;HSD17B12;RASGRP3;OXCT1;INSC;S1PR1;ENPP1;LRRC8B;EDIL3;EPS15;SH3D19;MAP4K4;ANKRD28;PRMT8;ELOVL5;KCNAB1;PAX6;NETO2;FHDC1;PLXDC2;EML1;SGPP2;ETV5;HIPK2;PDIA4;VEGFA;ANO3;PTPRD;TMEFF2;CREB1;MMP15;CDH10;REEP3;TRIM36;FAT3;ANKRD40;FGF12;CHST3
ChEA_2022,NFE2L2 20460467 ChIP-Seq MEFs Mouse,4.937106234883043e-05,0.0013842886327806686,19,SEMA6D;ARAP2;PHYHIPL;KCNAB1;SEMA3E;NETO2;ARHGAP5;PLXDC2;ADO;MLH3;HIPK2;PDIA4;RASGRP3;VEGFA;TMEFF2;CHORDC1;PACSIN2;TSPAN2;RNF141
ChEA_2022,NRF2 20460467 ChIP-Seq MEFs Mouse,4.937106234883043e-05,0.0013842886327806686,19,SEMA6D;ARAP2;PHYHIPL;KCNAB1;SEMA3E;NETO2;ARHGAP5;PLXDC2;ADO;MLH3;HIPK2;PDIA4;RASGRP3;VEGFA;TMEFF2;CHORDC1;PACSIN2;TSPAN2;RNF141
ChEA_2022,RNF2 27304074 Chip-Seq ESCs Mouse,6.14531988179415e-05,0.0016592363680844205,23,PHYHIPL;PAX6;NETO2;PROX1;DUSP15;SGPP2;VEGFA;PIK3C2B;PTPRD;RASSF2;TMEM33;CPD;PIP4K2A;FAM53B;EFHD1;FAT3;SOX8;SP8;SOX6;TMEM229A;FGF12;FGFR2;CHST3
ChEA_2022,SMAD2/3 21741376 ChIP-Seq EPCs Human,7.664437977700156e-05,0.0019268786103912713,27,DLX1;EXD2;PHYHIPL;SEMA3E;NUDT4;HSPH1;RASSF2;SALL1;INSC;MAP4K4;PRMT8;ARAP2;KCNAB1;PHKB;PAX6;EML1;SGPP2;ETV5;MLH3;VEGFA;TTLL7;CREB1;REEP3;BMP2K;FAT3;PLCB1;FGFR2
ChEA_2022,WT1 20215353 ChIP-ChIP NEPHRON PROGENITOR Mouse,7.665223552996827e-05,0.0019268786103912713,24,GABRA1;SEMA6D;ELOVL6;SEMA3E;PLXDC2;PPM1E;ETV5;GNAI1;HIPK2;PDIA4;VEGFA;NUDT4;TMEFF2;SALL1;OXCT1;CPD;BMP2K;PADI2;ENPP1;ANKRD40;LRRC8B;EPS15;FGFR2;MAP4K4
ChEA_2022,OLIG2 26023283 ChIP-Seq AINV15 Mouse,9.584810830777136e-05,0.002329109031878844,27,KCNG4;SEMA3E;ADO;SALL1;KIF5B;BAALC;GPR155;JAM2;MAP4K4;ANKRD28;PRMT8;METRN;SEMA6D;ZFP91;PAX6;PROX1;FHDC1;ETV5;MLH3;HIPK2;TTLL7;NFASC;TMEM33;REEP3;TMBIM1;CDC42EP1;SP8
ChEA_2022,P53 22387025 ChIP-Seq ESCs Mouse,0.00010845697290519684,0.0025504881692867258,26,UBXN2B;HSD17B12;PIK3C2B;S1PR1;PIP4K2A;EFHD1;GPR155;MAP4K4;KCNJ10;SEMA6D;KCNAB1;PAX6;ELOVL6;GPR37L1;PROX1;PLXDC2;SGPP2;ANO3;TTLL7;TMEFF2;NFASC;CREB1;TMEM33;TMBIM1;MAL;PLCB1
ChEA_2022,FOXA2 19822575 ChIP-Seq HepG2 Human,0.00012074746793062098,0.002750778253794459,37,USP31;PKD2L1;NLK;ARHGAP5;GNAI1;PIK3C2B;KIF5B;PACSIN2;PIP4K2A;FAM53B;ENPP1;DIP2A;SOX6;PPARGC1A;EDIL3;EPS15;MAP4K4;ELOVL5;GBF1;PHKB;ELOVL6;PROX1;FHDC1;PLXDC2;ETV5;MLH3;HIPK2;PTPRD;MYO1E;TMEM98;CPD;FAT3;PLCB1;SFXN5;FGFR2;YPEL2;CHST3
ChEA_2022,SUZ12 16625203 ChIP-ChIP MESCs Mouse,0.00014426976641131227,0.0031870502943589893,19,GABRA1;DLX1;GABRB2;SEMA6D;PAX6;SEMA3E;PROX1;HAPLN4;PPM1E;HIPK2;TMEFF2;GPRC5B;CREB1;MMP15;BMP2K;EFHD1;ENPP1;SOX8;SP8
ChEA_2022,WT1 25993318 ChIP-Seq PODOCYTE Human,0.00018608671744395558,0.0039258242399761965,40,USP31;SEMA3E;DUSP15;PPM1E;GNAI1;NUDT4;SALL1;OXCT1;MYO6;PACSIN2;FAM53B;SOX8;TSPAN2;SOX6;PPARGC1A;MAP4K4;SLC12A2;SMIM13;ELOVL5;SEMA6D;PHKB;ELOVL6;PROX1;PLXDC2;EML1;SVIP;HIPK2;PDIA4;VEGFA;TTLL7;PTPRD;MYO1E;CDH10;REEP3;CPD;CDC42EP1;FAT3;SP8;FGFR2;YPEL2
ChEA_2022,TEAD4 22529382 ChIP-Seq TROPHECTODERM Mouse,0.00019220185923710632,0.0039258242399761965,28,GABRB2;USP31;MLC1;NLK;PLA2G7;PPM1E;PACSIN2;SOX6;GOLGA7;EPS15;JAM2;SH3D19;MAP4K4;SEMA6D;ARAP2;KCNAB1;PHKB;ETV5;HIPK2;MYO1E;DPY19L1;TMEM98;FAT3;ANKRD40;PLCB1;FGFR2;YPEL2;CHST3
ChEA_2022,KDM2B 26808549 Chip-Seq REH Human,0.00019386786370252822,0.0039258242399761965,24,UBXN2B;USP31;ELOVL5;GBF1;PHYHIPL;ELOVL6;SEMA3E;ARHGAP5;SGPP2;ETV5;RASGRP3;VEGFA;SALL1;PRKD3;MMP15;FUT9;PADI2;EFHD1;TRIM36;SP8;TMEM229A;PLCB1;FGF12;MAP4K4
ChEA_2022,LEF1 29337183 ChIP-Seq mESC Mouse Stem,0.00022373872893903933,0.004317448716572127,34,DLX1;USP31;EFCAB14;SEMA3E;ADO;OXCT1;MYO6;PACSIN2;BAALC;PIP4K2A;FAM53B;TSPAN2;SOX6;GPR155;SEC11C;MAP4K4;SMIM13;ELOVL5;ARAP2;MBOAT1;ZFP91;ELOVL6;FHDC1;PLXDC2;ETV5;SYTL2;HIPK2;ANO3;MYO1E;REEP3;BMP2K;TMEM229A;FGFR2;YPEL2
ChEA_2022,AR 27270436 ChIP-Seq VCaP Human Prostate Carcinoma,0.00023533477851458875,0.004317448716572127,46,DLX1;GABRB2;USP31;PHYHIPL;EFCAB14;SEMA3E;PLA2G7;PPM1E;GNAI1;PIK3C2B;KIF5B;MYO6;ME1;PACSIN2;FAM53B;H3C4;EPS15;ANKUB1;SH3D19;SEC11C;ANKRD28;SLC12A2;SMIM13;GUCY1A1;PRMT8;ELOVL5;SEMA6D;TPRKB;ARAP2;PHKB;PAX6;HIPK2;SHTN1;DPY19L1;CREB1;TMEM98;PRKD3;MMP15;REEP3;CPD;CYCS;TRIM36;ANKRD40;CRYAB;SFXN5;YPEL2
ChEA_2022,ZFP57 27257070 Chip-Seq ESCs Mouse,0.0002389847679198364,0.004317448716572127,16,EXD2;USP31;PHYHIPL;PLXDC2;TTLL7;MYO1E;TMEFF2;DPY19L1;SALL1;CHORDC1;BMP2K;SOX6;PLCB1;GPR155;FGF12;EDIL3
ChEA_2022,CMYC 18555785 Chip-Seq ESCs Mouse,0.00024222374338053211,0.004317448716572127,25,HSD17B12;PIK3C2B;RASSF2;S1PR1;PIP4K2A;EFHD1;GPR155;MAP4K4;KCNJ10;SEMA6D;PAX6;ELOVL6;GPR37L1;PROX1;PLXDC2;SGPP2;ANO3;TTLL7;PTPRD;TMEFF2;NFASC;CREB1;TMBIM1;MAL;PLCB1
ChEA_2022,YAP1 20516196 ChIP-Seq MESCs Mouse,0.00024719768549559827,0.004317448716572127,29,UBXN2B;NLK;GNAI1;NUDT4;GRM5;SALL1;CHORDC1;ENPP1;PPARGC1A;EPS15;SLC12A2;P2RY12;ELOVL5;KCNAB1;PHKB;ELOVL6;GPR37L1;PROX1;PLXDC2;EML1;PTPRD;MYO1E;TMEFF2;DPY19L1;TMEM33;CDH10;FAT3;SFXN5;FGFR2
ChEA_2022,TAL1 30185409 ChIP-Seq HPC Mouse BoneMarrow Leukemia,0.0002490747550738074,0.004317448716572127,32,DLX1;GABRB2;PIGQ;EFCAB14;AQP4;SEMA3E;HSD17B12;ARHGAP5;GRM5;FUT9;S1PR1;ME1;PIP4K2A;EFHD1;MAP4;SOX6;EDIL3;GABRA1;PAX6;NETO2;HIPK2;ANO3;PTPRD;PYURF;TMEFF2;DPY19L1;CREB1;MMP15;BMP2K;SP8;PLCB1;FGF12
ChEA_2022,PPARD 21283829 ChIP-Seq MYOFIBROBLAST Human,0.0002546643275893024,0.004317448716572127,38,HSD17B12;ADO;ELFN1;GNAI1;SALL1;FUT9;OXCT1;CHORDC1;MYO6;S1PR1;PACSIN2;PIP4K2A;FAM53B;EFHD1;ENPP1;GPR155;GOLGA7;EDIL3;GBF1;ARAP2;PHKB;PAX6;OXSR1;PLXDC2;EML1;SVIP;PDIA4;ANO3;PTPRD;CREB1;TMEM98;CDH10;REEP3;CDC42EP1;TMEM229A;RNF141;FGFR2;CHST3
ChEA_2022,PRDM14 21183938 ChIP-Seq MESCs Mouse,0.00029910264088570934,0.0049555869364927745,25,KCNG4;ELFN1;PIK3C2B;NUDT4;SALL1;KIF5B;CHORDC1;INSC;S1PR1;PAX6;GPR37L1;NETO2;EML1;ETV5;VEGFA;MYO1E;TMEFF2;GPRC5B;CREB1;CDH10;REEP3;TMBIM1;FGFR2;YPEL2;CHST3
ChEA_2022,TBX3 20139965 ChIP-Seq ESCs Mouse,0.0003351374071852609,0.005429225996401226,16,PAX6;ELOVL6;PLXDC2;DPY19L1;SALL1;REEP3;CPD;TRIM36;SP8;SOX6;PLCB1;PPARGC1A;EDIL3;FGFR2;YPEL2;CHST3
ChEA_2022,TBX3 20139965 ChIP-Seq MESCs Mouse,0.00034986373072629236,0.005544579558684068,16,PAX6;ELOVL6;PLXDC2;DPY19L1;SALL1;REEP3;CPD;TRIM36;SP8;SOX6;PLCB1;PPARGC1A;EDIL3;FGFR2;YPEL2;CHST3
ChEA_2022,RNF2 16625203 ChIP-ChIP MESCs Mouse,0.00037336080373623077,0.005791064381355579,17,GABRA1;DLX1;SEMA6D;PAX6;SEMA3E;PROX1;HAPLN4;SGPP2;PPM1E;TMEFF2;CREB1;SALL1;EFHD1;ENPP1;SP8;EDIL3;FGFR2
ChEA_2022,SUZ12 27294783 Chip-Seq ESCs Mouse,0.00046142035189510695,0.007007821594406937,26,DLX1;DUSP15;ELFN1;HAPLN4;PPM1E;GNAI1;PIK3C2B;EFHD1;ENPP1;SOX8;SOX6;GABRA1;PRMT8;KCNJ10;PAX6;PROX1;FHDC1;SGPP2;TMEFF2;TMEM98;CPD;MAL;SP8;TMEM229A;FGFR2;CHST3
ChEA_2022,AR 25329375 ChIP-Seq VCAP Human,0.0004957156753814599,0.007375035252103761,24,PRMT8;UBXN2B;SEMA6D;ARAP2;SEMA3E;PROX1;ARHGAP5;SGPP2;GNAI1;PDIA4;ANO3;NUDT4;CREB1;HSPH1;NDUFS8;TMEM33;FUT9;OXCT1;CHORDC1;INSC;FAT3;SOX6;PLCB1;FGF12
ChEA_2022,TCF4 22108803 ChIP-Seq LS180 Human,0.0005271447764050822,0.007535069450966763,25,DLX1;PKD2L1;SEMA3E;ELFN1;NUDT4;GRM5;FUT9;KIF5B;MYO6;ME1;PACSIN2;TPPP;SEMA6D;TPRKB;ELOVL6;FHDC1;SGPP2;ETV5;ANO3;TMEFF2;TMEM33;CDH10;BMP2K;PLCB1;FGF12
ChEA_2022,TBL1 22424771 ChIP-Seq 293T Human,0.0005271447764050822,0.007535069450966763,25,PHYHIPL;ADO;NUDT4;GRM5;KIF5B;CHORDC1;S1PR1;PIP4K2A;FAM53B;TSPAN2;LRRC8B;EPS15;PRMT8;GBF1;PAX6;PROX1;PLXDC2;SVIP;ANO3;TTLL7;NFASC;PADI2;FAT3;FGFR2;CHST3
ChEA_2022,EZH2 27304074 Chip-Seq ESCs Mouse,0.0005388962697671402,0.007554911166543178,15,DLX1;SEMA6D;PAX6;PROX1;DUSP15;ELFN1;HAPLN4;SGPP2;DPY19L1;MMP15;TMEM33;EFHD1;FAT3;SP8;SOX6
ChEA_2022,CTCF 18555785 Chip-Seq ESCs Mouse,0.00055094135616003,0.007578042427182299,24,DLX1;KCNJ10;SEMA6D;KCNAB1;PAX6;ELOVL6;GPR37L1;PROX1;DUSP15;SGPP2;ANO3;PIK3C2B;TMEFF2;NFASC;CREB1;RASSF2;TMBIM1;PIP4K2A;MAL;EFHD1;PLCB1;EPS15;SH3D19;MAP4K4
ChEA_2022,SMARCD1 25818293 ChIP-Seq ESCs Mouse,0.0005835644040838397,0.007804728636402309,26,GABRB2;SEMA3E;GRM5;INSC;MYO6;ENPP1;SOX6;EPS15;MBOAT1;KCNAB1;EML1;SYTL2;HIPK2;ANO3;PTPRD;MYO1E;TMEFF2;DPY19L1;NFASC;CDH10;CPD;FAT3;ANKRD40;PLCB1;FGFR2;YPEL2
ChEA_2022,P300 18555785 Chip-Seq ESCs Mouse,0.0005888341220879657,0.007804728636402309,24,KCNJ10;SEMA6D;KCNAB1;PAX6;ELOVL6;GPR37L1;PROX1;HSD17B12;PLXDC2;SGPP2;ANO3;PIK3C2B;TMEFF2;NFASC;CREB1;RASSF2;TMBIM1;PIP4K2A;MAL;EFHD1;TSPAN2;PLCB1;GPR155;MAP4K4
ChEA_2022,PHOX2B 30127528 ChIP-Seq KELLY Human BrainNeuroblastoma,0.0006091706176153917,0.007930096075743224,28,USP31;PHYHIPL;AQP4;SEMA3E;PPM1E;HSPH1;SALL1;OXCT1;LRRC8B;GPR155;PPARGC1A;EDIL3;EPS15;SH3D19;ANKRD28;P2RY12;GABRA1;H2BC4;ARAP2;KCNAB1;PLXDC2;ETV5;MLH3;NFASC;CDH10;BMP2K;TMEM229A;SFXN5
ChEA_2022,TCFCP2L1 18555785 Chip-Seq ESCs Mouse,0.0006715349121274592,0.008500845830304908,24,KCNJ10;SEMA6D;PAX6;ELOVL6;GPR37L1;PROX1;FHDC1;PLXDC2;SGPP2;ANO3;PIK3C2B;TTLL7;TMEFF2;NFASC;CREB1;RASSF2;S1PR1;PIP4K2A;TSPAN2;SOX6;PLCB1;GPR155;FGFR2;MAP4K4
ChEA_2022,MITF 21258399 ChIP-Seq MELANOMA Human,0.0006763361565949035,0.008500845830304908,54,USP31;PKD2L1;DUSP15;ELFN1;PIK3C2B;GRM5;INSC;BAALC;PIP4K2A;FAM53B;EFHD1;SOX6;SH3D19;PRMT8;SEMA6D;ARAP2;ZFP91;KCNAB1;ELOVL6;ETV5;SYTL2;PDIA4;GPRC5B;PRKD3;MMP15;TMBIM1;MAL;PADI2;ANKRD40;PLCB1;CHST3;GNAI1;RASGRP3;OXCT1;PACSIN2;TPPP;LRRC8B;PPARGC1A;EPS15;MAP4K4;ANKRD28;KCNJ10;GBF1;MBOAT1;HIPK2;TTLL7;MYO1E;NFASC;REEP3;CYCS;FAT3;SP8;FGF12;YPEL2
ChEA_2022,TCF4 18268006 ChIP-ChIP LS174T Human,0.0006963272761925694,0.008603772616006493,10,TTLL7;DLX1;EFHD1;TSPAN2;GPR37L1;MAP4;PROX1;OXSR1;RASGRP3;PIK3C2B
ChEA_2022,ENL 26711339 ChIP-Seq SEM Human Blood Leukemia,0.0007366711191791049,0.008950554098026125,24,ANKRD28;SLC12A2;ELOVL5;ARAP2;MBOAT1;ZFP91;PHKB;PAX6;ELOVL6;NETO2;HSD17B12;PLXDC2;GNAI1;RASGRP3;CREB1;HSPH1;KIF5B;REEP3;CHORDC1;BMP2K;FAM53B;LRRC8B;EPS15;MAP4K4
ChEA_2022,PPARG 20176806 ChIP-Seq MACROPHAGES Mouse,0.0007925339604342059,0.009471430445189118,19,ELOVL5;PROX1;PLXDC2;ADO;DUSP15;MLH3;HIPK2;PIK3C2B;RASSF2;PRKD3;TMEM33;REEP3;INSC;TMBIM1;PIP4K2A;CYCS;SOX6;GPR155;CHST3
ChEA_2022,CHD4 35695185 ChIP-Seq nicBasalRootGanglia Mouse Embryo,0.0008942097084200694,0.010499608819000191,30,DLX1;GABRB2;MLC1;PHYHIPL;ADO;DUSP15;GNAI1;HSPH1;RASSF2;SALL1;FUT9;KIF5B;PACSIN2;ENPP1;TSPAN2;GPR155;SH3D19;MAP4K4;PLXDC2;EML1;SVIP;ETV5;PYURF;TMEFF2;NDUFS8;REEP3;FAT3;ANKRD40;SFXN5;FGFR2
ChEA_2022,SMAD3 21741376 ChIP-Seq EPCs Human,0.0009073736016419918,0.010499608819000191,21,DLX1;ARAP2;PAX6;SEMA3E;EML1;ETV5;VEGFA;TTLL7;PTPRD;CREB1;HSPH1;SALL1;REEP3;INSC;FAT3;PLCB1;PPARGC1A;GOLGA7;FGFR2;CHST3;MAP4K4
ChEA_2022,SOX2 20726797 ChIP-Seq SW620 Human,0.0009467901865359243,0.010784531968510763,28,DLX1;USP31;PHYHIPL;NUDT4;TMEM47;OXCT1;CHORDC1;MYO6;SOX8;TPPP;GOLGA7;MAP4K4;SLC12A2;ELOVL5;PAX6;NETO2;PROX1;SGPP2;ETV5;SYTL2;HIPK2;TMBIM1;BMP2K;PADI2;TRIM36;RNF141;FGFR2;YPEL2
ChEA_2022,EZH2 27294783 Chip-Seq ESCs Mouse,0.0009856643246058821,0.010821031561618816,25,DLX1;KCNG4;DUSP15;ELFN1;HAPLN4;EFHD1;SOX8;TPPP;SOX6;PPARGC1A;PRMT8;KCNJ10;PAX6;NETO2;PROX1;PLXDC2;SGPP2;TMEFF2;MMP15;CPD;MAL;TRIM36;SP8;FGFR2;CHST3
ChEA_2022,GATA1 21571218 ChIP-Seq MEGAKARYOCYTES Human,0.0009867831412357663,0.010821031561618816,30,HSD17B12;PIK3C2B;NUDT4;RASSF2;S1PR1;PACSIN2;BAALC;FAM53B;LRRC8B;GPR155;EPS15;ELOVL5;MBOAT1;GPR37L1;NETO2;OXSR1;PLXDC2;MLH3;SYTL2;HIPK2;PDIA4;PTPRD;DPY19L1;NFASC;TMEM98;FAT3;SP8;PLCB1;SFXN5;YPEL2
ChEA_2022,CBX2 27304074 Chip-Seq ESCs Mouse,0.0009945255344697677,0.010821031561618816,13,DLX1;PROX1;ELFN1;SGPP2;TMEM47;TMEFF2;CDH10;REEP3;EFHD1;FAT3;SP8;SOX6;FGF12
ChEA_2022,SUZ12 18692474 ChIP-Seq MEFs Mouse,0.0010129047311884475,0.01085893454465262,18,GABRA1;DLX1;PAX6;PROX1;GNAI1;HIPK2;TMEFF2;MMP15;CPD;MAL;TRIM36;ENPP1;SOX8;TSPAN2;SOX6;FGF12;EDIL3;JAM2
ChEA_2022,RCOR3 21632747 ChIP-Seq MESCs Mouse,0.0010636214869996974,0.011237392232214193,30,PHYHIPL;ARHGAP5;ELFN1;PPM1E;GNAI1;RASGRP3;FUT9;KIF5B;S1PR1;FAM53B;GOLGA7;JAM2;MAP4K4;LYNX1;PRMT8;METRN;ARAP2;MBOAT1;GPR37L1;PLXDC2;VEGFA;PTPRD;MYO1E;GPRC5B;CDH10;REEP3;CPD;CDC42EP1;YPEL2;CHST3
ChEA_2022,EZH2 27294783 Chip-Seq NPCs Mouse,0.0011686582577744825,0.012129497641321558,18,KCNJ10;PHYHIPL;GPR37L1;PROX1;ADO;SGPP2;PIK3C2B;NUDT4;TMEFF2;NFASC;CREB1;REEP3;TMBIM1;EFHD1;ENPP1;DIP2A;CHST3;MAP4K4
ChEA_2022,SOX9 26525672 Chip-Seq HEART Mouse,0.0011813365329682176,0.012129497641321558,21,SEMA6D;ARAP2;PHYHIPL;HSD17B12;FHDC1;NLK;PLXDC2;RNF5;ETV5;TTLL7;PTPRD;CREB1;CDH10;REEP3;CDC42EP1;ENPP1;PLCB1;FGF12;EDIL3;CHST3;MAP4K4
ChEA_2022,KDM2B 26808549 Chip-Seq K562 Human,0.0012083278061090351,0.01216278853440546,25,ARHGAP5;DUSP15;ELFN1;PIK3C2B;S1PR1;PACSIN2;FAM53B;SOX8;DIP2A;LRRC8B;PAX6;NETO2;FHDC1;ETV5;PDIA4;VEGFA;TTLL7;GPRC5B;PRKD3;MMP15;REEP3;BMP2K;TRIM36;SP8;SFXN5
ChEA_2022,KLF4 18555785 Chip-Seq ESCs Mouse,0.0012188465898760345,0.01216278853440546,23,KCNJ10;SEMA6D;PAX6;GPR37L1;PROX1;HSD17B12;PLXDC2;SGPP2;ANO3;PIK3C2B;TMEFF2;NFASC;CREB1;RASSF2;TMBIM1;PIP4K2A;MAL;EFHD1;PLCB1;GPR155;EPS15;SH3D19;MAP4K4
ChEA_2022,JARID2 20064375 ChIP-Seq MESCs Mouse,0.0012346314836022003,0.01216278853440546,17,GABRA1;DLX1;PRMT8;PAX6;PROX1;FHDC1;DUSP15;ELFN1;HAPLN4;GNAI1;PTPRD;TMEFF2;MMP15;ENPP1;SP8;SOX6;FGF12
ChEA_2022,OCT4 18555785 Chip-Seq ESCs Mouse,0.0012855046766857474,0.012495105457385466,23,KCNJ10;SEMA6D;PAX6;ELOVL6;GPR37L1;PROX1;PLXDC2;SGPP2;ANO3;PIK3C2B;TTLL7;TMEFF2;NFASC;CREB1;RASSF2;TMBIM1;S1PR1;PIP4K2A;MAL;EFHD1;PLCB1;GPR155;MAP4K4
ChEA_2022,STAT3 18555785 Chip-Seq ESCs Mouse,0.0013199993116554823,0.012661572344695352,23,KCNJ10;SEMA6D;PAX6;ELOVL6;GPR37L1;PROX1;HSD17B12;PLXDC2;SGPP2;ANO3;PIK3C2B;TTLL7;TMEFF2;NFASC;CREB1;RASSF2;TMBIM1;PIP4K2A;EFHD1;PLCB1;GPR155;SH3D19;MAP4K4
ChEA_2022,NR3C1 34362910 ChIP-Seq WistarRat Hippocampus Stress,0.00134233007525715,0.012708553569642369,14,ANKRD28;KCNJ10;ARAP2;MLC1;SGPP2;PPM1E;CHORDC1;TMBIM1;FAM53B;EFHD1;FAT3;MAP4;CRYAB;MAP4K4
ChEA_2022,NFYB 21822215 ChIP-Seq K562 Human,0.0013796811118793257,0.012894711930256776,24,GBF1;PHYHIPL;GPR37L1;PROX1;HSD17B12;PLXDC2;ADO;EML1;SVIP;SYTL2;TTLL7;NFASC;KIF5B;REEP3;INSC;S1PR1;PIP4K2A;PADI2;FAM53B;FAT3;TSPAN2;LRRC8B;SOX6;EPS15
ChEA_2022,EBF1 22473956 ChIP-Seq BONE MARROW Mouse,0.0014036113616459733,0.01295231243847993,23,SEMA6D;KCNAB1;PAX6;ELOVL6;GPR37L1;PROX1;HSD17B12;PLXDC2;SGPP2;ANO3;PIK3C2B;TMEFF2;NFASC;CREB1;RASSF2;TMBIM1;S1PR1;PIP4K2A;EFHD1;TSPAN2;PLCB1;GPR155;MAP4K4
ChEA_2022,SOX2 18555785 Chip-Seq ESCs Mouse,0.0014788777951237203,0.013476273908064903,23,KCNJ10;SEMA6D;KCNAB1;PAX6;ELOVL6;GPR37L1;PROX1;PLXDC2;SGPP2;ANO3;PIK3C2B;TTLL7;TMEFF2;NFASC;CREB1;RASSF2;TMBIM1;MAL;EFHD1;TSPAN2;PLCB1;GPR155;MAP4K4
ChEA_2022,LMO2 26923725 Chip-Seq MACROPHAGESS Mouse,0.0016117267868342952,0.014318030311015757,9,TTLL7;NDUFS8;INSC;TRIM36;PHKB;HSD17B12;SOX6;FGFR2;YPEL2
ChEA_2022,TCF3 18692474 ChIP-Seq MESCs Mouse,0.0016293899508919361,0.014318030311015757,17,PRMT8;PAX6;ELOVL6;SEMA3E;ETV5;MLH3;GPRC5B;NFASC;MMP15;FUT9;REEP3;TMBIM1;TRIM36;JAM2;FGFR2;YPEL2;MAP4K4
ChEA_2022,NANOG 18555785 Chip-Seq ESCs Mouse,0.001668153706323154,0.014318030311015757,23,KCNJ10;SEMA6D;PAX6;ELOVL6;GPR37L1;PROX1;HSD17B12;FHDC1;PLXDC2;SGPP2;ANO3;PIK3C2B;TMEFF2;NFASC;CREB1;FUT9;S1PR1;PIP4K2A;TSPAN2;PLCB1;GPR155;EPS15;MAP4K4
ChEA_2022,RNF2 18974828 ChIP-Seq MESCs Mouse,0.001675929659227782,0.014318030311015757,18,GABRA1;DLX1;SEMA6D;PAX6;PROX1;HAPLN4;SGPP2;PPM1E;GPRC5B;RASSF2;MMP15;EFHD1;ENPP1;SOX8;SP8;FGF12;EDIL3;FGFR2
ChEA_2022,EZH2 18974828 ChIP-Seq MESCs Mouse,0.001675929659227782,0.014318030311015757,18,GABRA1;DLX1;SEMA6D;PAX6;PROX1;HAPLN4;SGPP2;PPM1E;GPRC5B;RASSF2;MMP15;EFHD1;ENPP1;SOX8;SP8;FGF12;EDIL3;FGFR2
ChEA_2022,SALL4 22934838 ChIP-ChIP CD34+ Human,0.0016933063638406528,0.014318030311015757,18,SLC12A2;GBF1;AQP4;KCNAB1;ELOVL6;PROX1;ARHGAP5;PLA2G7;SYTL2;NUDT4;TTLL7;CREB1;PRKD3;TMEM33;CPD;MYO6;CYCS;MAP4K4
ChEA_2022,NR3C1 34362910 ChIP-Seq WistarRat Hippocampus,0.0017087361276520864,0.014318030311015757,13,ARAP2;MLC1;PHKB;SGPP2;PPM1E;CHORDC1;TMBIM1;FAM53B;EFHD1;FAT3;MAP4;CRYAB;MAP4K4
ChEA_2022,TAL1 26923725 Chip-Seq HEMANGIOBLAST Mouse,0.0017463565321794137,0.014466976272259005,18,PHYHIPL;PROX1;ETV5;NUDT4;TTLL7;PTPRD;TMEFF2;GRM5;SALL1;BAALC;MAL;PADI2;FAT3;ANKRD40;TPPP;SOX6;FGFR2;YPEL2
ChEA_2022,SOX9 26525672 Chip-Seq Limbbuds Mouse,0.0019549066177288513,0.016012662071059915,17,PHYHIPL;GPR37L1;PROX1;NLK;ARHGAP5;ADO;NUDT4;NFASC;CREB1;REEP3;TMBIM1;ENPP1;SP8;DIP2A;YPEL2;CHST3;MAP4K4
ChEA_2022,FOXA1 21915096 ChIP-Seq LNCaP-1F5 Human,0.0020339671231063556,0.01647513369716148,24,DLX1;SEMA6D;GBF1;ARAP2;PAX6;SEMA3E;PROX1;ARHGAP5;ADO;GNAI1;HIPK2;ANO3;MMP15;REEP3;MYO6;BAALC;FAM53B;TRIM36;ANKRD40;TMEM229A;FGFR2;YPEL2;CHST3;SEC11C
ChEA_2022,NFI 21473784 ChIP-Seq ESCs Mouse,0.0020925339486363883,0.01676326646764755,23,GABRB2;LYNX1;KCNG4;SEMA6D;ARAP2;PKD2L1;KCNAB1;PAX6;ELFN1;HIPK2;ANO3;PIK3C2B;TMEFF2;GRM5;OXCT1;CDH10;REEP3;CHORDC1;TMBIM1;S1PR1;PPARGC1A;SFXN5;MAP4K4
ChEA_2022,SMAD3 21741376 ChIP-Seq ESCs Human,0.002144942797019452,0.01699634020681718,23,DLX1;LYNX1;PRMT8;PHKB;FHDC1;PPM1E;ETV5;VEGFA;TTLL7;DPY19L1;NFASC;CREB1;RASSF2;SALL1;KIF5B;CPD;INSC;PIP4K2A;FAT3;PPARGC1A;GOLGA7;FGFR2;CHST3
ChEA_2022,MEIS1 26253404 ChIP-Seq OPTIC CUPS Mouse,0.002211790821124449,0.017221083665144257,22,SEMA6D;GBF1;MBOAT1;PAX6;SEMA3E;PROX1;NLK;EML1;ETV5;HIPK2;RASGRP3;ANO3;PTPRD;GPRC5B;SALL1;KIF5B;MYO6;BMP2K;SOX8;SP8;TMEM229A;GPR155
ChEA_2022,PAX3-FKHR 20663909 ChIP-Seq RHABDOMYOSARCOMA Human,0.00222055125449048,0.017221083665144257,16,GBF1;PROX1;PLXDC2;SGPP2;ETV5;GNAI1;PTPRD;TMEFF2;CPD;BMP2K;BAALC;SP8;SOX6;PPARGC1A;GOLGA7;FGFR2
ChEA_2022,PRDM14 20953172 ChIP-Seq ESCs Human,0.002344351088612183,0.01798980993261349,21,GABRB2;PRMT8;UBXN2B;ELOVL5;ARAP2;PHKB;HSD17B12;EML1;SVIP;PPM1E;PIK3C2B;NUDT4;TTLL7;PTPRD;NFASC;BMP2K;PIP4K2A;FAT3;SOX6;PLCB1;EDIL3
ChEA_2022,SALL4 18804426 ChIP-ChIP MESCs Mouse,0.002578235523710579,0.019430109826488347,14,PRMT8;PAX6;ELOVL6;PLA2G7;ETV5;NUDT4;SALL1;CPD;BMP2K;CDC42EP1;TRIM36;JAM2;FGFR2;MAP4K4
ChEA_2022,TOP2B 26459242 ChIP-Seq MCF-7 Human,0.002585350690218614,0.019430109826488347,23,GABRB2;ELOVL5;SEMA6D;PIGQ;MBOAT1;SEMA3E;PROX1;ARHGAP5;EML1;ELFN1;GNAI1;VEGFA;ANO3;NFASC;FUT9;INSC;PIP4K2A;EFHD1;TRIM36;SP8;TPPP;GOLGA7;MAP4K4
ChEA_2022,SMAD1 18555785 Chip-Seq ESCs Mouse,0.0026580777945734504,0.01977284400249026,22,KCNJ10;SEMA6D;PAX6;GPR37L1;PROX1;PLXDC2;SGPP2;ANO3;PIK3C2B;TTLL7;TMEFF2;NFASC;CREB1;RASSF2;TMBIM1;PIP4K2A;MAL;EFHD1;PLCB1;GPR155;EPS15;MAP4K4
ChEA_2022,ZFX 18555785 Chip-Seq ESCs Mouse,0.002702195188534999,0.019889826043327417,22,DLX1;KCNJ10;SEMA6D;PAX6;ELOVL6;GPR37L1;PROX1;PLXDC2;SGPP2;ANO3;PIK3C2B;TMEFF2;NFASC;CREB1;RASSF2;TMBIM1;PIP4K2A;MAL;EFHD1;PLCB1;GPR155;MAP4K4
ChEA_2022,JUN 21703547 ChIP-Seq K562 Human,0.002728371199359042,0.019889826043327417,19,ELOVL5;KCNAB1;PDIA4;RASGRP3;NUDT4;TMEFF2;CREB1;RASSF2;TMEM98;PRKD3;CDH10;MYO6;BMP2K;MAL;SP8;RNF141;EPS15;JAM2;SH3D19
ChEA_2022,FOXA1 27270436 ChIP-Seq VCaP Human Prostate Carcinoma,0.002766620374800871,0.019968972804255792,40,DLX1;PHYHIPL;EFCAB14;SEMA3E;NLK;ARHGAP5;ELFN1;GNAI1;PIK3C2B;OXCT1;MYO6;FAM53B;MAP4;SOX6;H3C4;EPS15;ANKUB1;SH3D19;ANKRD28;SLC12A2;GUCY1A1;SEMA6D;GBF1;ARAP2;ERBIN;PHKB;PAX6;ELOVL6;EML1;ETV5;HIPK2;TMEM98;TMEM33;REEP3;CPD;BMP2K;CYCS;SP8;ANKRD40;YPEL2
ChEA_2022,PBX 27287812 Chip-Seq EMBYONIC-LIMB Mouse,0.0028152166211099844,0.02008851849958398,22,KCNG4;ELOVL6;NLK;DUSP15;EML1;RNF5;HAPLN4;MLH3;SYTL2;PIK3C2B;MYO1E;MMP15;CDH10;PACSIN2;CDC42EP1;PADI2;FAM53B;EFHD1;PPARGC1A;EDIL3;FGFR2;YPEL2
ChEA_2022,SUZ12 18555785 Chip-Seq ESCs Mouse,0.002838295480736831,0.02008851849958398,22,KCNJ10;SEMA6D;KCNAB1;PAX6;ELOVL6;GPR37L1;PROX1;PLXDC2;SGPP2;ANO3;PIK3C2B;TMEFF2;NFASC;CREB1;RASSF2;TMBIM1;PIP4K2A;MAL;EFHD1;PLCB1;GPR155;MAP4K4
ChEA_2022,AR 19668381 ChIP-Seq PC3 Human,0.002868434306608183,0.020106621245359283,35,MLC1;ARHGAP5;RASGRP3;PIK3C2B;FUT9;OXCT1;KIF5B;PACSIN2;BAALC;FAM53B;SOX8;SOX6;PPARGC1A;EPS15;SH3D19;SEC11C;ANKRD28;GABRA1;ZFP91;PHKB;PAX6;PROX1;PLXDC2;SGPP2;VEGFA;PTPRD;MYO1E;TMEFF2;NFASC;PRKD3;CDH10;PADI2;SP8;FGF12;FGFR2
ChEA_2022,REST 18959480 ChIP-ChIP MESCs Mouse,0.003242082825226134,0.02250931790085573,24,PRMT8;METRN;SEMA6D;PIGQ;PHYHIPL;PHKB;HSD17B12;NLK;PLXDC2;PPM1E;NUDT4;PTPRD;GPRC5B;DPY19L1;NFASC;RASSF2;SALL1;TMEM98;CHORDC1;CDC42EP1;TRIM36;ANKRD40;FGF12;JAM2
ChEA_2022,RUNX2 22187159 ChIP-Seq PCA Human,0.0033149099231472396,0.02279782390541828,34,UBXN2B;USP31;SEMA3E;ELFN1;GNAI1;RASGRP3;NUDT4;TMEM47;GRM5;SALL1;SOX8;TSPAN2;TPPP;SOX6;PPARGC1A;EPS15;SH3D19;MMGT1;ARAP2;MBOAT1;KCNAB1;PHKB;FHDC1;EML1;SVIP;HIPK2;VEGFA;PTPRD;GPRC5B;NFASC;FAT3;PLCB1;FGF12;RNF141
ChEA_2022,TCF3 18347094 ChIP-ChIP MESCs Mouse,0.0034814625173456063,0.023606187269929746,23,P2RY12;GABRB2;PRMT8;PAX6;ELOVL6;PROX1;RNF5;SGPP2;ETV5;MLH3;GNAI1;PTPRD;FUT9;REEP3;TMBIM1;CDC42EP1;TRIM36;SP8;SOX6;JAM2;FGFR2;YPEL2;MAP4K4
ChEA_2022,OCT4 21477851 ChIP-Seq ESCs Mouse,0.0034972129288784806,0.023606187269929746,22,GABRB2;KCNJ10;PHYHIPL;GPR37L1;PROX1;NLK;ADO;SGPP2;PPM1E;PIK3C2B;NUDT4;TMEFF2;NFASC;CREB1;REEP3;TMBIM1;EFHD1;ENPP1;DIP2A;YPEL2;CHST3;MAP4K4
ChEA_2022,JARID2 20075857 ChIP-Seq MESCs Mouse,0.0036434829147012505,0.02436788114511203,17,GABRA1;DLX1;GBF1;PAX6;PROX1;FHDC1;ELFN1;HAPLN4;PIK3C2B;MMP15;FAM53B;EFHD1;SOX8;SP8;TMEM229A;FGF12;FGFR2
ChEA_2022,SOX2 19030024 ChIP-ChIP MESCs Mouse,0.003694966033893902,0.024487547624624132,12,ANKRD28;FUT9;REEP3;CHORDC1;ZFP91;ELOVL6;PROX1;NLK;GOLGA7;JAM2;FGFR2;MAP4K4
ChEA_2022,E2F1 18555785 Chip-Seq ESCs Mouse,0.003812504283589912,0.02503887948411753,22,KCNJ10;SEMA6D;PAX6;GPR37L1;PROX1;HSD17B12;PLXDC2;SGPP2;ANO3;PIK3C2B;TTLL7;TMEFF2;NFASC;CREB1;RASSF2;TMBIM1;S1PR1;MAL;EFHD1;PLCB1;GPR155;MAP4K4
ChEA_2022,AF4 26711339 ChIP-Seq SEM Human Blood Leukemia,0.003976543762464269,0.02588303931103975,36,HSD17B12;GNAI1;RASGRP3;PIK3C2B;HSPH1;OXCT1;KIF5B;CHORDC1;PACSIN2;FAM53B;MAP4;LRRC8B;EDIL3;EPS15;JAM2;MAP4K4;ANKRD28;SLC12A2;ELOVL5;ARAP2;MBOAT1;ZFP91;PHKB;PAX6;ELOVL6;NETO2;PLXDC2;MLH3;HIPK2;PTPRD;MYO1E;CREB1;BMP2K;TRIM36;ANKRD40;YPEL2
ChEA_2022,MYC 19915707 ChIP-ChIP AK7 Human,0.004075283818250378,0.026290990296500224,24,ANKRD28;GPR17;GABRB2;PRMT8;MLC1;KCNAB1;GPR37L1;PLXDC2;PPM1E;SYTL2;VEGFA;PTPRD;CREB1;SALL1;OXCT1;CDC42EP1;CYCS;ENPP1;SP8;SOX6;JAM2;SFXN5;FGFR2;MAP4K4
ChEA_2022,CEBPD 21427703 ChIP-Seq 3T3-L1 Mouse,0.004204414811104742,0.026886126292064532,20,DLX1;UBXN2B;SEMA6D;KCNAB1;HSD17B12;PLXDC2;PLA2G7;HIPK2;VEGFA;CREB1;HSPH1;RASSF2;REEP3;CHORDC1;SP8;ANKRD40;PLCB1;GPR155;SFXN5;MAP4K4
ChEA_2022,TCF3 18467660 ChIP-ChIP MESCs Mouse,0.004291009030131367,0.027201265938832753,16,SLC12A2;PRMT8;ELOVL5;PAX6;NUDT4;CREB1;OXCT1;CPD;TMBIM1;BMP2K;TRIM36;TSPAN2;SP8;EPS15;FGFR2;MAP4K4
ChEA_2022,SMC3 22415368 ChIP-Seq MEFs Mouse,0.004379920831596205,0.027525536950289944,22,GABRB2;GPR37L1;PLXDC2;ELFN1;HAPLN4;VEGFA;ANO3;MYO1E;GPRC5B;DPY19L1;OXCT1;CDH10;S1PR1;BAALC;PADI2;ANKRD40;SOX6;PLCB1;PPARGC1A;RNF141;FGFR2;YPEL2
ChEA_2022,TCF4 32651957 ChIP-Seq PLC/PRF/5 Human Liver Heptoma,0.00460827063146087,0.02871307085756388,11,GABRB2;SMIM13;TMEM33;FUT9;KIF5B;S1PR1;SP8;HSD17B12;HAPLN4;PDIA4;RASGRP3
ChEA_2022,SIN3B 21632747 ChIP-Seq MESCs Mouse,0.004889371695984722,0.03020637259638019,39,DLX1;MLC1;ARHGAP5;ADO;RNF5;ELFN1;HAPLN4;PPM1E;SALL1;OXCT1;KIF5B;S1PR1;SOX8;TPPP;MAP4K4;ANKRD28;PRMT8;GBF1;TPRKB;ARAP2;PHKB;PAX6;ELOVL6;GPR37L1;PLXDC2;EML1;SGPP2;PDIA4;PTPRD;MYO1E;TMEFF2;TMEM33;CDH10;REEP3;CPD;CDC42EP1;SFXN5;FGFR2;CHST3
ChEA_2022,SMAD4 21741376 ChIP-Seq HESCs Human,0.0050490353906223005,0.03093064537616519,25,DLX1;KCNG4;MLC1;AQP4;SEMA3E;HSPH1;RASSF2;KIF5B;S1PR1;PACSIN2;TSPAN2;MAP4;PRMT8;KCNJ10;SEMA6D;ARAP2;PAX6;EML1;PTPRD;TMEFF2;NFASC;CDC42EP1;FGF12;FGFR2;YPEL2
ChEA_2022,NUCKS1 24931609 ChIP-Seq HEPATOCYTES Mouse,0.005181262538085497,0.030943612292847603,11,DLX1;CREB1;MYO6;GBF1;S1PR1;ARAP2;CYCS;EPS15;HIPK2;VEGFA;MAP4K4
ChEA_2022,CEBPD 23245923 ChIP-Seq MEFs Mouse,0.005202528988989259,0.030943612292847603,9,TTLL7;TMEFF2;CHORDC1;PAX6;PLXDC2;PPARGC1A;EDIL3;SVIP;FGFR2
ChEA_2022,OLIG2 29049317 ChIP-Seq Mouse SpinalCord,0.0052179751910806805,0.030943612292847603,21,EXD2;SMIM13;SEMA6D;NLK;ADO;EML1;SVIP;ETV5;TTLL7;MYO1E;CREB1;HSPH1;NDUFS8;TMEM98;TMEM33;CHORDC1;ANKRD40;LRRC8B;CRYAB;GOLGA7;PAK5
ChEA_2022,NANOG 18692474 ChIP-Seq MESCs Mouse,0.005220938699616262,0.030943612292847603,28,KCNG4;SEMA3E;PPM1E;PIK3C2B;SALL1;FUT9;GOLGA7;EPS15;JAM2;MAP4K4;SLC12A2;PRMT8;GBF1;TPRKB;PAX6;ELOVL6;GPR37L1;ETV5;MLH3;GPRC5B;NFASC;CDH10;REEP3;TMBIM1;TRIM36;ANKRD40;FGFR2;YPEL2
ChEA_2022,NANOG 21062744 ChIP-ChIP HESCs Human,0.005278596463251282,0.031033038884759553,12,MYO1E;TMEM98;FUT9;CHORDC1;PACSIN2;PIP4K2A;TRIM36;PHKB;NLK;RNF5;MLH3;YPEL2
ChEA_2022,SOX2 27498859 Chip-Seq STOMACH Mouse,0.005362633483192921,0.03127487847398112,22,SLC12A2;ELOVL5;ARAP2;MBOAT1;SEMA3E;SGPP2;SVIP;ETV5;VEGFA;MMP15;FUT9;REEP3;CPD;TMBIM1;MYO6;PACSIN2;MAL;CDC42EP1;DIP2A;RNF141;YPEL2;MAP4K4
ChEA_2022,EGR1 20690147 ChIP-Seq ERYTHROLEUKEMIA Human,0.005501109885016406,0.03182785004902349,53,GABRB2;KCNG4;PIGQ;MLC1;DUSP15;NUDT4;ME1;FAM53B;EFHD1;SOX8;DIP2A;GOLGA7;EDIL3;LYNX1;METRN;KCNAB1;PAX6;GPR37L1;OXSR1;EML1;ETV5;PDIA4;TMEFF2;GPRC5B;PRKD3;MMP15;BMP2K;MAL;CDC42EP1;PADI2;CHST3;DLX1;PPM1E;GNAI1;HSPH1;PACSIN2;TPPP;GPR155;EPS15;JAM2;MAP4K4;ANKRD28;SLC12A2;KCNJ10;GBF1;VEGFA;TTLL7;PTPRD;REEP3;TRIM36;SP8;SFXN5;YPEL2
ChEA_2022,FOXO3 23340844 ChIP-Seq DLD1 Human,0.005593668346025114,0.03210853719883707,11,ANKRD28;MMP15;KIF5B;REEP3;S1PR1;PACSIN2;FHDC1;PLXDC2;PLCB1;YPEL2;VEGFA
ChEA_2022,ISL1 27105846 Chip-Seq CPCs Mouse,0.0057756034899123015,0.03289386675114116,19,ANKRD28;SLC12A2;SEMA6D;MBOAT1;PHKB;ELOVL6;GPR37L1;HSD17B12;ELFN1;ETV5;HIPK2;RASGRP3;SALL1;REEP3;ME1;ENPP1;FAT3;SOX6;FGFR2
ChEA_2022,PCGF2 27294783 Chip-Seq NPCs Mouse,0.005875042537078411,0.03320082177930358,8,TMEFF2;NFASC;CREB1;TMBIM1;EFHD1;GPR37L1;SGPP2;PIK3C2B
ChEA_2022,SOX9 24532713 ChIP-Seq HFSC Mouse,0.005997324275620992,0.03326883039976633,18,ELOVL6;SEMA3E;HSD17B12;RNF5;ETV5;SYTL2;PDIA4;ANO3;MYO1E;REEP3;CHORDC1;FAM53B;ENPP1;PLCB1;GOLGA7;SFXN5;FGFR2;YPEL2
ChEA_2022,TBX20 22080862 ChIP-Seq HEART Mouse,0.006027135412187688,0.03326883039976633,22,ANKRD28;GABRB2;LYNX1;ELOVL5;AQP4;KCNAB1;ELOVL6;PROX1;SVIP;ETV5;PIK3C2B;GPRC5B;MMP15;KIF5B;CPD;PACSIN2;CDC42EP1;FAM53B;SOX6;GPR155;CRYAB;MAP4K4
ChEA_2022,TBX20 22328084 ChIP-Seq HEART Mouse,0.006027135412187688,0.03326883039976633,22,ANKRD28;GABRB2;LYNX1;ELOVL5;AQP4;KCNAB1;ELOVL6;PROX1;SVIP;ETV5;PIK3C2B;GPRC5B;MMP15;KIF5B;CPD;PACSIN2;CDC42EP1;FAM53B;SOX6;GPR155;CRYAB;MAP4K4
ChEA_2022,CRX 20693478 ChIP-Seq RETINA Mouse,0.006069622007090428,0.03326883039976633,21,KCNJ10;PHYHIPL;GPR37L1;PROX1;NLK;ADO;SGPP2;PPM1E;PIK3C2B;NUDT4;TMEFF2;NFASC;CREB1;REEP3;CPD;TMBIM1;EFHD1;DIP2A;YPEL2;CHST3;MAP4K4
ChEA_2022,CBP 21632823 ChIP-Seq H3396 Human,0.006203529480094054,0.03374905217155646,22,PRMT8;GBF1;PHYHIPL;PKD2L1;PAX6;HSD17B12;PLXDC2;ADO;SVIP;SYTL2;ANO3;GRM5;KIF5B;REEP3;CHORDC1;PIP4K2A;FAM53B;FAT3;SOX6;RNF141;FGFR2;CHST3
ChEA_2022,FOXM1 26456572 ChIP-Seq MCF-7 Human,0.006293318681044725,0.033983920877641516,22,GABRA1;ELOVL5;SEMA3E;ARHGAP5;SGPP2;HIPK2;RASGRP3;DPY19L1;CREB1;FUT9;MYO6;BAALC;PIP4K2A;FAM53B;EFHD1;ENPP1;TMEM229A;PLCB1;FGF12;EPS15;FGFR2;YPEL2
ChEA_2022,RUNX1 26923725 Chip-Seq MACROPHAGESS Mouse,0.006595955113169651,0.035047337840150586,3,PPARGC1A;VEGFA;YPEL2
ChEA_2022,SOX6 21985497 ChIP-Seq MYOTUBES Mouse,0.006633659359533533,0.035047337840150586,21,GABRA1;GABRB2;KCNJ10;PHYHIPL;GPR37L1;PROX1;ADO;SGPP2;PIK3C2B;NUDT4;TMEFF2;NFASC;CREB1;TMEM98;REEP3;TMBIM1;EFHD1;ENPP1;DIP2A;CHST3;MAP4K4
ChEA_2022,SMAD4 21741376 ChIP-Seq EPCs Human,0.006663314140890443,0.035047337840150586,22,DLX1;PRMT8;UBXN2B;KCNAB1;PAX6;EML1;SGPP2;ETV5;MLH3;VEGFA;PTPRD;CREB1;RASSF2;SALL1;REEP3;BMP2K;LRRC8B;FGF12;GOLGA7;FGFR2;CHST3;MAP4K4
ChEA_2022,EBF1 22473956 ChIP-Seq LYMPHODE Mouse,0.006682551385159027,0.035047337840150586,21,DLX1;SEMA6D;KCNAB1;PAX6;GPR37L1;PROX1;PLXDC2;SGPP2;PIK3C2B;TMEFF2;NFASC;CREB1;RASSF2;FUT9;TMBIM1;PIP4K2A;EFHD1;TSPAN2;PLCB1;GPR155;MAP4K4
ChEA_2022,TFAP2C 20629094 ChIP-Seq MCF-7 Human,0.006962846271522839,0.03625653522814393,16,KCNG4;KCNJ10;ELOVL5;OXSR1;HSD17B12;SYTL2;PIK3C2B;MYO1E;GPRC5B;BAALC;MAL;EFHD1;TPPP;FGF12;FGFR2;CHST3
ChEA_2022,CDX2 21402776 ChIP-Seq INTESTINAL-VILLUS Mouse,0.007136096891416411,0.03689513924711038,21,GABRA1;GABRB2;KCNJ10;PHYHIPL;GPR37L1;PROX1;SGPP2;PPM1E;PIK3C2B;NUDT4;TMEFF2;NFASC;CREB1;REEP3;TMBIM1;EFHD1;ENPP1;DIP2A;YPEL2;CHST3;MAP4K4
ChEA_2022,SUZ12 18555785 ChIP-Seq MESCs Mouse,0.007935418029671576,0.04073887143401816,14,GABRA1;DLX1;GABRB2;PRMT8;SEMA6D;PROX1;SGPP2;RASSF2;MMP15;CDC42EP1;EFHD1;ENPP1;FGF12;EDIL3
ChEA_2022,KLF1 20508144 ChIP-Seq FETAL-LIVER-ERYTHROID Mouse,0.008089422661986832,0.041239084759359446,14,SEMA6D;AQP4;PHKB;FHDC1;PLXDC2;PIK3C2B;PTPRD;TMEFF2;TMEM98;BMP2K;PACSIN2;FAM53B;TRIM36;ANKRD40
ChEA_2022,RNF2 27304074 Chip-Seq NSC Mouse,0.00835068371513392,0.04227533630786547,13,PHYHIPL;NETO2;PROX1;HSD17B12;TTLL7;PTPRD;TMEM47;TMEFF2;TMEM33;CDH10;SP8;FGF12;EDIL3
ChEA_2022,TCF3 18692474 ChIP-Seq MEFs Mouse,0.008543464095083655,0.04295300224355852,11,GPRC5B;MMP15;FUT9;REEP3;TMBIM1;TRIM36;PAX6;SEMA3E;JAM2;FGFR2;MAP4K4
ChEA_2022,FOXO1 32281255 ChIP-Seq Chondrocytes Human Osteoarthritis,0.00890712068826251,0.04447459576536555,10,ANKRD28;REEP3;ERBIN;ENPP1;ELOVL6;ANKRD40;SEMA3E;ETV5;SH3D19;MAP4K4
ChEA_2022,ZFP281 27345836 Chip-Seq ESCs Mouse,0.008973204186923206,0.04449976770249672,22,GABRB2;PRMT8;KCNJ10;PAX6;RNF5;PLA2G7;ELFN1;SGPP2;MLH3;PIK3C2B;MYO1E;GPRC5B;CREB1;RASSF2;SALL1;CDH10;CDC42EP1;EFHD1;SP8;DIP2A;TPPP;MAP4K4
ChEA_2022,CJUN 26792858 Chip-Seq BT549 Human,0.01013981716561419,0.04994545076846449,21,KCNG4;NETO2;FHDC1;PLXDC2;EML1;GNAI1;SYTL2;RASGRP3;TMEFF2;DPY19L1;CHORDC1;ME1;PACSIN2;PADI2;ENPP1;TMEM229A;EDIL3;SFXN5;CHST3;SH3D19;MAP4K4
ChEA_2022,EED 16625203 ChIP-ChIP MESCs Mouse,0.01035524196899533,0.050664237553004,11,GABRA1;DLX1;TMEFF2;CREB1;SEMA6D;EFHD1;ENPP1;PAX6;HAPLN4;PPM1E;FGFR2
ChEA_2022,GATA3 21867929 ChIP-Seq TH1 Mouse,0.010575039356242887,0.051394691271340436,19,SLC12A2;UBXN2B;ZFP91;KCNAB1;SEMA3E;NETO2;PROX1;ADO;PLA2G7;ELFN1;NUDT4;HSPH1;CDH10;REEP3;BMP2K;CDC42EP1;SOX8;TPPP;SFXN5
ChEA_2022,MYC 19829295 ChIP-Seq ESCs Human,0.010703987715579809,0.0516768678454151,21,SLC12A2;GABRA1;MMGT1;TPRKB;MBOAT1;ELFN1;GNAI1;SYTL2;RASGRP3;GRM5;TMEM33;KIF5B;TMBIM1;S1PR1;SP8;SOX6;TMEM229A;CRYAB;RNF141;JAM2;SEC11C
ChEA_2022,PHF8 20622853 ChIP-Seq HELA Human,0.010848929296556455,0.05174310333941088,21,PHYHIPL;PAX6;GPR37L1;PROX1;PLXDC2;ADO;ANO3;NUDT4;TTLL7;NFASC;KIF5B;REEP3;CHORDC1;S1PR1;PIP4K2A;PADI2;TSPAN2;LRRC8B;EPS15;FGFR2;CHST3
ChEA_2022,RUNX1 30185409 ChIP-Seq HPC Mouse BoneMarrow Leukemia,0.010891889963129309,0.05174310333941088,32,EXD2;GNAI1;RASSF2;OXCT1;CHORDC1;PACSIN2;PIP4K2A;TSPAN2;DIP2A;MAP4;GPR155;PPARGC1A;GOLGA7;ANKRD28;SMIM13;PRMT8;DESI1;ELOVL5;ELOVL6;OXSR1;EML1;ETV5;PDIA4;VEGFA;NFASC;AGO3;MMP15;REEP3;TMBIM1;BMP2K;RNF141;SFXN5
ChEA_2022,HAND2 30127528 ChIP-Seq KELLY Human Brain Neuroblastoma,0.010936865257543503,0.05174310333941088,38,EXD2;USP31;MLC1;PHYHIPL;GNAI1;PIK3C2B;OXCT1;PACSIN2;MAP4;TPPP;LRRC8B;PPARGC1A;EDIL3;JAM2;MAP4K4;ANKRD28;P2RY12;GUCY1A1;TPRKB;ZFP91;ELOVL6;GPR37L1;PROX1;EML1;ETV5;MLH3;PDIA4;VEGFA;ANO3;PYURF;TMEFF2;GPRC5B;NFASC;CREB1;MMP15;CDH10;PLCB1;SFXN5
ChEA_2022,KLF4 26769127 Chip-Seq PDAC-Cell Line Human,0.011086781040953191,0.05174310333941088,22,ANKRD28;METRN;AQP4;ARHGAP5;ADO;EML1;SGPP2;CREB1;NDUFS8;MMP15;TMEM33;KIF5B;CPD;TMBIM1;S1PR1;PIP4K2A;CDC42EP1;TSPAN2;LRRC8B;RNF141;YPEL2;CHST3
ChEA_2022,DMRT1 23473982 ChIP-Seq TESTES Mouse,0.011086781040953191,0.05174310333941088,22,USP31;ZFP91;PHKB;PROX1;NLK;ARHGAP5;EML1;RNF5;ELFN1;MYO1E;SALL1;TMEM98;REEP3;ME1;PACSIN2;CDC42EP1;CYCS;ENPP1;SOX6;GOLGA7;FGFR2;MAP4K4
ChEA_2022,LXR 22158963 ChIP-Seq LIVER Mouse,0.011143576439351863,0.05174310333941088,21,ANKRD28;ELOVL5;ELOVL6;PROX1;ARHGAP5;ADO;HIPK2;VEGFA;NUDT4;DPY19L1;SALL1;NDUFS8;REEP3;INSC;S1PR1;ME1;PACSIN2;CDC42EP1;PLCB1;FGFR2;YPEL2
ChEA_2022,NFYA 21822215 ChIP-Seq K562 Human,0.011218239651314124,0.051760105732962,21,PHYHIPL;GPR37L1;PROX1;HSD17B12;PLXDC2;ADO;SVIP;ANO3;TTLL7;NFASC;KIF5B;REEP3;S1PR1;PIP4K2A;PADI2;FAT3;TSPAN2;LRRC8B;SOX6;EPS15;FGFR2
ChEA_2022,CDX2 21074721 ChIP-Seq CACO-2 Mouse,0.01183020596930971,0.0542403783121181,21,GBF1;PHYHIPL;PAX6;GPR37L1;PROX1;PLXDC2;ADO;PIK3C2B;TTLL7;NFASC;KIF5B;REEP3;S1PR1;PIP4K2A;PADI2;TSPAN2;LRRC8B;SOX6;EPS15;FGFR2;CHST3
ChEA_2022,RARG 19884340 ChIP-ChIP MEFs Mouse,0.012340885287737021,0.0562281585922518,7,NDUFS8;METRN;KIF5B;BAALC;RNF5;FGFR2;VEGFA
ChEA_2022,ESRRB 18555785 Chip-Seq ESCs Mouse,0.01258870572591435,0.056727269351461655,20,P2RY12;KCNJ10;SEMA6D;PAX6;ELOVL6;GPR37L1;PROX1;FHDC1;SGPP2;ANO3;PIK3C2B;TMEFF2;NFASC;CREB1;RASSF2;TMBIM1;MAL;EFHD1;PLCB1;MAP4K4
ChEA_2022,E2F2 33952803 ChIP-Seq Patient Human Synovium,0.012606059855880368,0.056727269351461655,2,MBOAT1;GPR37L1
ChEA_2022,CTCF 31629814 ChIP-Seq Hepatocytes Mouse Tyrosinemia,0.012896540080789514,0.05767839091346967,35,PPM1E;GNAI1;PIK3C2B;NUDT4;FUT9;OXCT1;CHORDC1;INSC;FAM53B;ENPP1;TSPAN2;MAP4;TPPP;LRRC8B;SLC12A2;ELOVL5;TPRKB;ARAP2;ERBIN;PAX6;NETO2;PROX1;FHDC1;EML1;SVIP;MLH3;SYTL2;DPY19L1;TMEM98;REEP3;TMBIM1;BMP2K;CDC42EP1;PLCB1;RNF141
ChEA_2022,POU5F1 26923725 Chip-Seq MESODERM Mouse,0.014510282849949615,0.06410906786432284,8,TTLL7;SALL1;SEMA6D;FAM53B;PKD2L1;ADO;ETV5;YPEL2
ChEA_2022,TEAD4 26923725 Chip-Seq HEMANGIOBLAST Mouse,0.014510282849949615,0.06410906786432284,8,TTLL7;SALL1;SEMA6D;FAM53B;PKD2L1;ADO;ETV5;YPEL2
ChEA_2022,TAL1 26923725 Chip-Seq HPCs Mouse,0.014795825979636839,0.06497685023587504,19,GABRA1;GABRB2;PROX1;PLXDC2;SVIP;GNAI1;VEGFA;ANO3;PTPRD;TMEFF2;TMEM98;MMP15;CDH10;INSC;PIP4K2A;GOLGA7;EDIL3;YPEL2;SH3D19
ChEA_2022,POU5F1 18692474 ChIP-Seq MESCs Mouse,0.01529323258553365,0.06639993308719001,34,DLX1;KCNG4;SEMA3E;PPM1E;NUDT4;SALL1;FUT9;CHORDC1;EFHD1;GPR155;GOLGA7;JAM2;MAP4K4;SLC12A2;P2RY12;PRMT8;GBF1;PAX6;ELOVL6;GPR37L1;PROX1;EML1;ETV5;MLH3;GPRC5B;TMEM98;CDH10;REEP3;TMBIM1;TRIM36;SP8;CRYAB;FGFR2;YPEL2
ChEA_2022,ARNT 22903824 ChIP-Seq MCF-7 Human,0.015302042192932679,0.06639993308719001,13,OXSR1;ARHGAP5;PIK3C2B;TTLL7;DPY19L1;SALL1;INSC;FAM53B;ENPP1;SOX6;EDIL3;FGFR2;YPEL2
ChEA_2022,PPAR 26484153 Chip-Seq NCI-H1993 Human,0.016067659250499196,0.06930960706280423,14,PRMT8;ARAP2;KCNAB1;ELOVL6;SEMA3E;OXSR1;VEGFA;NUDT4;TTLL7;SALL1;REEP3;MAL;SOX6;YPEL2
ChEA_2022,POU2F1 35413990 ChIP-Seq Human ARnegCRProstateCancer,0.016991022961166675,0.07286150434523828,8,PTPRD;DLX1;CPD;H2BC4;INSC;PAX6;RASGRP3;MAP4K4
ChEA_2022,BMI1 23680149 ChIP-Seq NPCS Mouse,0.01728959003359709,0.07370825224849287,13,ZFP91;DUSP15;SGPP2;SVIP;ANO3;TMEM47;TMEFF2;S1PR1;MAL;EFHD1;TRIM36;SP8;FGF12
ChEA_2022,ASH2L 23239880 ChIP-Seq MESCs Mouse,0.017596223137790582,0.07457934108982171,30,PHYHIPL;SEMA3E;HSD17B12;ARHGAP5;PLA2G7;PIK3C2B;TMEM47;SALL1;FUT9;CHORDC1;JAM2;SEC11C;MAP4K4;PRMT8;GPR37L1;OXSR1;SVIP;ETV5;MLH3;MYO1E;DPY19L1;PRKD3;TMEM33;REEP3;PADI2;SP8;ANKRD40;TMEM229A;YPEL2;CHST3
ChEA_2022,NR4A2 19515692 ChIP-ChIP MN9D Mouse,0.01802675663751756,0.07596246005057979,4,TMEM98;ELOVL6;FGF12;HAPLN4
ChEA_2022,STAT5A 24692510 ChIP-Seq Epithelium Mouse Mammary,0.019220005015712447,0.0805251934278987,24,ELOVL5;ERBIN;EFCAB14;ELOVL6;SEMA3E;PROX1;OXSR1;EML1;ETV5;RASGRP3;VEGFA;NUDT4;SHTN1;NFASC;PRKD3;OXCT1;ME1;FAM53B;TRIM36;DIP2A;MAP4;SOX6;GPR155;GOLGA7
ChEA_2022,FOXM1 26100407 CHIP-SEQ Hek293 Flp-In Human,0.02112898129859897,0.08766183798610322,20,EXD2;ELOVL5;SEMA6D;PAX6;ARHGAP5;EML1;SGPP2;NUDT4;SALL1;OXCT1;REEP3;MYO6;PIP4K2A;CDC42EP1;TRIM36;DIP2A;EDIL3;EPS15;FGFR2;CHST3
ChEA_2022,RUNX1 27457419 Chip-Seq LIVER Mouse,0.02116390052888089,0.08766183798610322,19,DLX1;KCNJ10;SEMA6D;PAX6;GPR37L1;PROX1;HSD17B12;PLXDC2;SGPP2;PIK3C2B;TMEFF2;NFASC;CREB1;RASSF2;TMBIM1;PIP4K2A;EFHD1;GPR155;MAP4K4
ChEA_2022,GATA6 21074721 ChIP-Seq CACO-2 Human,0.02217146390275414,0.09131636827744502,20,KCNJ10;PHYHIPL;GPR37L1;PROX1;PLXDC2;ANO3;PIK3C2B;TTLL7;NFASC;KIF5B;REEP3;CHORDC1;S1PR1;PIP4K2A;PADI2;TSPAN2;LRRC8B;SOX6;RNF141;EPS15
ChEA_2022,POU5F1 18358816 ChIP-ChIP MESCs Mouse,0.022419511408421078,0.09172063399856244,9,PRMT8;SALL1;OXCT1;REEP3;GBF1;PAX6;JAM2;FGFR2;ETV5
ChEA_2022,STAT3 18555785 ChIP-Seq MESCs Mouse,0.02252125306686238,0.09172063399856244,19,PRMT8;ELOVL5;ARAP2;PHYHIPL;PHKB;OXSR1;FHDC1;ETV5;NUDT4;GPRC5B;SALL1;TMEM98;FUT9;KIF5B;REEP3;CHORDC1;BMP2K;GOLGA7;SFXN5
ChEA_2022,MYC 20876797 ChIP-ChIP MEDULLOBLASTOMA Human,0.0227472386297097,0.09212631645032428,15,ELOVL5;KCNAB1;PAX6;NUDT4;TMEFF2;NDUFS8;FUT9;CHORDC1;SOX8;SP8;PLCB1;PPARGC1A;EDIL3;RNF141;SFXN5
ChEA_2022,FLI1 21867929 ChIP-Seq TH2 Mouse,0.02409097884795613,0.09702941204508297,19,ANKRD28;GABRA1;GABRB2;MBOAT1;PHYHIPL;NLK;ARHGAP5;ADO;EML1;PPM1E;NUDT4;REEP3;ENPP1;SP8;DIP2A;FGF12;EDIL3;YPEL2;CHST3
ChEA_2022,TCF3/E2A 22897851 ChIP-Seq JUKARTE6-1 Human,0.024831708904989914,0.09907500955676617,19,UBXN2B;SEMA6D;ARAP2;PHKB;FHDC1;SVIP;PIK3C2B;TTLL7;PTPRD;NFASC;INSC;PIP4K2A;FAM53B;CYCS;PLCB1;GPR155;PPARGC1A;CHST3;MAP4K4
ChEA_2022,NANOG 18347094 ChIP-ChIP MESCs Mouse,0.024870681411369285,0.09907500955676617,18,SLC12A2;PRMT8;PAX6;ELOVL6;RNF5;ETV5;MLH3;SALL1;FUT9;REEP3;CYCS;TRIM36;SP8;SOX6;EPS15;JAM2;FGFR2;MAP4K4
ChEA_2022,PU1 27457419 Chip-Seq LIVER Mouse,0.026208913069775443,0.10348974646091992,19,P2RY12;KCNJ10;SEMA6D;PAX6;ELOVL6;GPR37L1;PROX1;PLXDC2;SGPP2;PIK3C2B;TMEFF2;NFASC;CREB1;RASSF2;TMBIM1;PIP4K2A;EFHD1;GPR155;MAP4K4
ChEA_2022,ESR2 21235772 ChIP-Seq MCF-7 Human,0.026262830034664175,0.10348974646091992,7,CDH10;MBOAT1;PIP4K2A;EFHD1;SEMA3E;GPR37L1;HIPK2
ChEA_2022,TET1 21490601 ChIP-Seq MESCs Mouse,0.026899177596630887,0.10542742187066621,20,ANKRD28;DLX1;EXD2;PRMT8;USP31;ELOVL6;PROX1;FHDC1;ADO;DUSP15;HAPLN4;SGPP2;HIPK2;PIK3C2B;MMP15;SOX8;TPPP;CRYAB;YPEL2;CHST3
ChEA_2022,EP300 20729851 ChIP-Seq FORBRAIN MIDBRAIN LIMB HEART Mouse,0.027435047084873373,0.10695267018648497,17,KCNJ10;METRN;ELOVL5;SEMA6D;ZFP91;PROX1;EML1;MLH3;HIPK2;TMEM47;NFASC;REEP3;SP8;SOX6;EDIL3;FGFR2;YPEL2
ChEA_2022,NR3C1 23031785 ChIP-Seq PC12 Mouse,0.028088302333678018,0.10891687447474083,11,P2RY12;NFASC;REEP3;INSC;PHYHIPL;KCNAB1;FAT3;SEMA3E;FHDC1;HIPK2;VEGFA
ChEA_2022,FOXA1 27197147 Chip-Seq ENDOMETRIOID-ADENOCARCINOMA Human,0.02871769045179774,0.11076823459979128,8,PTPRD;SALL1;KIF5B;ELOVL6;GPR37L1;FHDC1;PLXDC2;FGFR2
ChEA_2022,HOXB13 26457646 ChIP-Seq LNCaP Human Prostate Carcinoma,0.028997314173951447,0.11125811596216108,18,ANKRD28;EXD2;GBF1;TPRKB;ARAP2;EFCAB14;PHKB;SEMA3E;SHTN1;MYO6;ME1;PIP4K2A;CYCS;ANKRD40;TMEM229A;EPS15;YPEL2;SH3D19
ChEA_2022,MNX1 26342078 ChIP-Seq MIN6-4N Mouse,0.02999356491276784,0.11447805665658511,19,ANKRD28;GABRB2;KCNJ10;AQP4;PAX6;GPR37L1;PROX1;OXSR1;EML1;ETV5;MLH3;PIK3C2B;NUDT4;TMEM98;REEP3;CHORDC1;PIP4K2A;ENPP1;SP8
ChEA_2022,POU5F1 16518401 ChIP-PET MESCs Mouse,0.030873885212499758,0.11722428291621002,12,GABRB2;SALL1;SEMA6D;GBF1;PADI2;ELOVL6;PPARGC1A;JAM2;SFXN5;ETV5;CHST3;MAP4K4
ChEA_2022,CREB1 26743006 Chip-Seq LNCaP Human,0.03131184781712163,0.1182711764698532,20,ANKRD28;EXD2;AQP4;PHKB;ELOVL6;GPR37L1;NETO2;PROX1;NLK;ADO;PIK3C2B;OXCT1;KIF5B;TMBIM1;MYO6;MAL;LRRC8B;EPS15;SFXN5;FGFR2
ChEA_2022,AF4 28076791 ChIP-Seq SEM Human Blood Leukemia,0.03198500537172244,0.12019107688652401,10,RASSF2;ELOVL5;BMP2K;ARAP2;BAALC;FAM53B;ELOVL6;PLCB1;PIK3C2B;MAP4K4
ChEA_2022,MYC 27129775 Chip-Seq CORNEA Mouse,0.032491438186684596,0.12146799199022087,19,PRMT8;ZFP91;NLK;RASGRP3;PIK3C2B;NUDT4;HSPH1;SALL1;TMEM98;MMP15;CPD;PIP4K2A;MAL;EFHD1;ANKRD40;PLCB1;FGF12;EPS15;JAM2
ChEA_2022,PDX1 19855005 ChIP-ChIP MIN6 Mouse,0.033401080704582566,0.12390267797699184,8,TMEFF2;NDUFS8;TPRKB;BAALC;PAX6;HSD17B12;RNF5;SFXN5
ChEA_2022,SOX2 18692474 ChIP-Seq MESCs Mouse,0.03348261668239697,0.12390267797699184,26,SEMA3E;PPM1E;NUDT4;FUT9;GOLGA7;JAM2;MAP4K4;SLC12A2;PRMT8;GBF1;PAX6;ELOVL6;ETV5;PDIA4;MYO1E;GPRC5B;NFASC;TMEM98;CDH10;REEP3;TMBIM1;CDC42EP1;TRIM36;SP8;FGFR2;YPEL2
ChEA_2022,POU3F1 26484290 ChIP-Seq ESCss Mouse,0.0343691238304404,0.126540865012076,19,GABRB2;GPR37L1;HSD17B12;ADO;EML1;RNF5;ELFN1;ETV5;PTPRD;SALL1;NDUFS8;FUT9;KIF5B;REEP3;ME1;DIP2A;PLCB1;PPARGC1A;FGFR2
ChEA_2022,TBX5 21415370 ChIP-Seq HL-1 Mouse,0.035142493890997016,0.12873808063586345,19,TPRKB;ZFP91;NLK;EML1;PPM1E;RASGRP3;RASSF2;TMEM33;OXCT1;TMBIM1;BMP2K;CDC42EP1;ANKRD40;LRRC8B;SOX6;GPR155;CRYAB;SH3D19;SEC11C
ChEA_2022,TP53 23651856 ChIP-Seq MEFs Mouse,0.0364126132047148,0.13272397513118545,28,DLX1;PIGQ;PKD2L1;NLK;ADO;DUSP15;ELFN1;RASGRP3;CHORDC1;PACSIN2;FAM53B;SOX6;GPR155;MAP4K4;METRN;ELOVL5;ARAP2;KCNAB1;PROX1;PLXDC2;SYTL2;VEGFA;ANO3;PTPRD;NDUFS8;BMP2K;CRYAB;FGF12
ChEA_2022,TRIM28 17542650 ChIP-ChIP NTERA2 Human,0.036794961346550324,0.1330033672406927,10,DLX1;CREB1;SALL1;SOX8;PAX6;PROX1;SGPP2;GNAI1;PDIA4;CHST3
ChEA_2022,RUNX2 24655370 ChIP-Seq MC3T3E1 Mouse Bone,0.036854156629108265,0.1330033672406927,44,DLX1;UBXN2B;USP31;EFCAB14;HSD17B12;NLK;HSPH1;RASSF2;CHORDC1;INSC;S1PR1;PIP4K2A;FAM53B;LRRC8B;SOX6;GPR155;GOLGA7;H3C4;EPS15;SMIM13;GBF1;MBOAT1;PHKB;PAX6;ELOVL6;FHDC1;PLXDC2;HIPK2;PDIA4;PYURF;MYO1E;GPRC5B;DPY19L1;AGO3;TMEM33;CPD;BMP2K;CYCS;ANKRD40;PLCB1;CRYAB;RNF141;SFXN5;YPEL2
ChEA_2022,CEBPB 26923725 Chip-Seq HEMANGIOBLAST Mouse,0.03704953973227524,0.13304982494989484,8,TMEM47;USP31;TMEM33;TRIM36;PHKB;SOX6;ELFN1;MAP4K4
ChEA_2022,PU.1 20176806 ChIP-Seq MACROPHAGES Mouse,0.0376999776991635,0.13472197913083428,18,ANKRD28;P2RY12;EXD2;PIGQ;MBOAT1;ZFP91;PLXDC2;DUSP15;PLA2G7;HIPK2;PDIA4;VEGFA;PIK3C2B;NDUFS8;CPD;MAL;FAM53B;ANKRD40
ChEA_2022,PPARG 20176806 ChIP-Seq 3T3-L1 Mouse,0.03856361794690595,0.13650979515008113,17,SEMA6D;PKD2L1;FHDC1;ADO;HIPK2;PIK3C2B;TMEFF2;PRKD3;REEP3;CDC42EP1;CYCS;TPPP;PLCB1;PPARGC1A;CRYAB;SFXN5;CHST3
ChEA_2022,HNFA 21074721 ChIP-Seq CACO-2 Human,0.03857478436339741,0.13650979515008113,19,PHYHIPL;GPR37L1;PROX1;HSD17B12;PLXDC2;ADO;SYTL2;TTLL7;NFASC;KIF5B;REEP3;S1PR1;PIP4K2A;PADI2;FAM53B;TSPAN2;LRRC8B;EPS15;CHST3
ChEA_2022,AR 21909140 ChIP-Seq LNCAP Human,0.03899307011760727,0.13732342084896473,5,TMEM98;SEMA6D;SP8;SYTL2;HIPK2
ChEA_2022,TAL1 21186366 ChIP-Seq BM-HSCs Mouse,0.03942978369654607,0.1381938092056831,18,ANKRD28;GABRA1;GABRB2;MBOAT1;PHYHIPL;NLK;ARHGAP5;ADO;EML1;PPM1E;NUDT4;REEP3;ENPP1;SP8;DIP2A;EDIL3;YPEL2;CHST3
ChEA_2022,GATA4 21415370 ChIP-Seq HL-1 Mouse,0.03969777564640208,0.13846736098673262,17,GBF1;ZFP91;ARHGAP5;EML1;ETV5;SYTL2;HIPK2;RASGRP3;PIK3C2B;REEP3;CYCS;ANKRD40;SOX6;CRYAB;FGF12;EPS15;SFXN5
ChEA_2022,LUZP1 20508642 ChIP-Seq ESCs Mouse,0.04009327382982447,0.1391809362949621,18,GABRA1;GABRB2;MBOAT1;PHYHIPL;NLK;ARHGAP5;ADO;EML1;NUDT4;REEP3;CPD;ENPP1;ANKRD40;DIP2A;FGF12;EDIL3;YPEL2;CHST3
ChEA_2022,KLF5 25053715 ChIP-Seq YYC3 Human,0.04136229639585545,0.1429057538984769,19,EXD2;PRMT8;UBXN2B;USP31;MBOAT1;GPR37L1;OXSR1;HSD17B12;FHDC1;ARHGAP5;SVIP;PIK3C2B;NUDT4;CDH10;CHORDC1;TMBIM1;TRIM36;FGF12;MAP4K4
ChEA_2022,POU2F1 27270436 ChIP-Seq LNCaP Human Prostate Carcinoma,0.041771972275272407,0.14307547722932373,8,SHTN1;MYO6;KCNAB1;FAT3;NLK;H3C4;ETV5;MAP4K4
ChEA_2022,KLF5 20875108 ChIP-Seq MESCs Mouse,0.041803946021736565,0.14307547722932373,19,PRMT8;USP31;ELOVL6;NLK;PPM1E;MLH3;DPY19L1;GRM5;TMEM98;KIF5B;MYO6;CYCS;TRIM36;ENPP1;ANKRD40;SOX6;EPS15;YPEL2;SH3D19
ChEA_2022,MYCN 27167114 Chip-Seq NEUROBLASTOMA Human,0.04202606457354678,0.14316355642110096,19,ANKRD28;PRMT8;KCNG4;GBF1;PAX6;NLK;PLXDC2;ADO;TTLL7;HSPH1;SALL1;MMP15;KIF5B;CPD;CHORDC1;PIP4K2A;SOX8;LRRC8B;CHST3
ChEA_2022,WDR5 24793694 ChIP-Seq LNCAP Human,0.042749812574483605,0.14353676524008516,9,SLC12A2;CREB1;PIGQ;ARAP2;CYCS;ELFN1;SFXN5;CHST3;SH3D19
ChEA_2022,TAL1 20566737 ChIP-Seq PRIMARY FETAL LIVER ERYTHROID Mouse,0.042829313679715694,0.14353676524008516,18,SLC12A2;TPRKB;PKD2L1;AQP4;GPR37L1;FHDC1;PPM1E;HIPK2;VEGFA;KIF5B;REEP3;BMP2K;PIP4K2A;FAM53B;ANKRD40;LRRC8B;SOX6;GPR155
ChEA_2022,SMAD4 19686287 ChIP-ChIP HaCaT Human,0.04287669119714553,0.14353676524008516,6,MYO6;FAM53B;ZFP91;RNF5;EDIL3;SYTL2
ChEA_2022,P63 20808887 ChIP-Seq KERATINOCYTES Human,0.04292320277412698,0.14353676524008516,19,SLC12A2;DLX1;UBXN2B;TPRKB;GPR37L1;OXSR1;PPM1E;ETV5;PDIA4;VEGFA;INSC;CDC42EP1;PADI2;FAM53B;FAT3;SOX8;PPARGC1A;FGFR2;CHST3
ChEA_2022,MYC 30127528 ChIP-Seq KELLY Human Brain Neuroblastoma,0.04346780708473995,0.14469420714509326,42,UBXN2B;SEMA3E;HAPLN4;GNAI1;FUT9;OXCT1;MYO6;ME1;PACSIN2;EFHD1;ENPP1;DIP2A;MAP4;GPR155;PPARGC1A;GOLGA7;PAK5;MAP4K4;ANKRD28;SMIM13;GUCY1A1;LYNX1;ELOVL5;TPRKB;KCNAB1;ELOVL6;OXSR1;ETV5;VEGFA;PTPRD;PYURF;TMEFF2;DPY19L1;CREB1;TMEM33;CDH10;TMBIM1;BMP2K;CYCS;TRIM36;PLCB1;SFXN5
ChEA_2022,NR3C2 34362910 ChIP-Seq WistarRat Hippocampus,0.043770880133828065,0.14504078007982119,18,KCNJ10;ARAP2;PHKB;OXSR1;PLXDC2;PPM1E;ANO3;PTPRD;DPY19L1;NFASC;HSPH1;CPD;TMBIM1;MYO6;TRIM36;FAT3;MAP4;SOX6
ChEA_2022,MEF2A 21415370 ChIP-Seq HL-1 Mouse,0.044560488183221676,0.14621652468772145,10,NFASC;KCNG4;CPD;GBF1;BAALC;ANKRD40;ARHGAP5;SOX6;RNF5;RASGRP3
ChEA_2022,RUNX 20019798 ChIP-Seq JUKART Human,0.04470408408440265,0.14621652468772145,8,ELOVL5;CPD;S1PR1;PIP4K2A;TSPAN2;PPARGC1A;ELFN1;SYTL2
ChEA_2022,IRF8 27001747 Chip-Seq BMDM Mouse,0.04472741427347309,0.14621652468772145,18,SEMA6D;HSD17B12;PLA2G7;MLH3;SYTL2;DPY19L1;REEP3;MYO6;S1PR1;BMP2K;PACSIN2;CYCS;FAT3;GPR155;EDIL3;RNF141;SFXN5;MAP4K4
ChEA_2022,WT1 19549856 ChIP-ChIP CCG9911 Human,0.04673820758583078,0.15210782736638676,4,TMEFF2;NLK;ETV5;NUDT4
ChEA_2022,NMYC 18555785 Chip-Seq ESCs Mouse,0.04718496776255297,0.15237163890398067,18,KCNJ10;SEMA6D;PAX6;GPR37L1;PROX1;HSD17B12;PLXDC2;SGPP2;ANO3;PIK3C2B;TMEFF2;NFASC;CREB1;RASSF2;TMBIM1;PIP4K2A;PLCB1;MAP4K4
ChEA_2022,GATA3 27048872 Chip-Seq THYMUS Human,0.047376790712061516,0.15237163890398067,19,GPR17;KCNJ10;ARAP2;ELOVL6;HSD17B12;NLK;GNAI1;RASGRP3;TTLL7;CREB1;HSPH1;RASSF2;TMEM33;REEP3;TMBIM1;MAL;FAM53B;ANKRD40;MAP4K4
ChEA_2022,GATA2 19941826 ChIP-Seq K562 Human,0.04762011459263114,0.15237163890398067,19,ELOVL5;MBOAT1;PHKB;ELOVL6;GPR37L1;HSD17B12;NLK;NUDT4;TTLL7;TMBIM1;S1PR1;BMP2K;PACSIN2;PIP4K2A;CDC42EP1;TPPP;LRRC8B;EPS15;YPEL2
ChEA_2022,CDX2 19796622 ChIP-Seq MESCs Mouse,0.047790636467627344,0.15237163890398067,5,OXCT1;REEP3;PIP4K2A;SOX6;PLA2G7
ChEA_2022,CDX2 22108803 ChIP-Seq LS180 Human,0.04786434198767019,0.15237163890398067,19,SLC12A2;GPR17;DLX1;KCNAB1;ELOVL6;FHDC1;GNAI1;HIPK2;TTLL7;TMEFF2;CREB1;SALL1;OXCT1;BMP2K;FAM53B;TRIM36;PLCB1;RNF141;CHST3
ChEA_2022,NFE2L2 22581777 ChIP-Seq LYMPHOBLASTOID Human,0.04934408494012289,0.155853167205463,7,MYO1E;TMEFF2;S1PR1;MAL;FAM53B;DIP2A;SFXN5
ChEA_2022,GATA1 19941827 ChIP-Seq MEL86 Mouse,0.04947876631333449,0.155853167205463,18,SLC12A2;AQP4;NETO2;FHDC1;ARHGAP5;PPM1E;ETV5;HIPK2;GPRC5B;DPY19L1;HSPH1;CPD;CHORDC1;PACSIN2;PIP4K2A;SOX8;SOX6;SFXN5
ChEA_2022,CREB1 26743006 Chip-Seq LNCaP-abl Human,0.049599361854139115,0.155853167205463,19,ANKRD28;GPR17;LYNX1;TPRKB;PHKB;GPR37L1;NETO2;PROX1;PIK3C2B;TTLL7;GPRC5B;MMP15;KIF5B;TMBIM1;MAL;PADI2;LRRC8B;FGFR2;MAP4K4
ChEA_2022,TCF7L2 21901280 ChIP-Seq H4IIE Rat,0.0515478481215987,0.1612806063547015,11,EXD2;PRKD3;PIGQ;SEMA3E;SOX6;PLCB1;ELFN1;SGPP2;HIPK2;VEGFA;PIK3C2B
ChEA_2022,KDM2B 26808549 Chip-Seq HPB-ALL Human,0.05215592744713396,0.16248577396991734,19,GPR17;EXD2;ELOVL5;ELOVL6;ARHGAP5;PLXDC2;ADO;PDIA4;VEGFA;PIK3C2B;TTLL7;RASSF2;REEP3;TMBIM1;MAL;FAM53B;TRIM36;LRRC8B;RNF141
ChEA_2022,POU3F2 20337985 ChIP-ChIP 501MEL Human,0.052466035889069576,0.16275634111970946,16,P2RY12;GABRA1;PHYHIPL;EML1;TMEFF2;PRKD3;FUT9;OXCT1;CDH10;REEP3;CHORDC1;MYO6;DIP2A;MAP4;SOX6;PPARGC1A
ChEA_2022,TP63 22573176 ChIP-Seq HFKS Human,0.052929491891593454,0.16349830334310012,34,DLX1;KCNG4;USP31;PIGQ;MLC1;HSD17B12;ARHGAP5;KIF5B;INSC;ME1;PACSIN2;BAALC;FAM53B;TSPAN2;DIP2A;SOX6;EDIL3;LYNX1;KCNJ10;ZFP91;ELOVL6;PLXDC2;MLH3;SYTL2;HIPK2;TTLL7;TMEFF2;NFASC;CREB1;TMBIM1;CDC42EP1;RNF141;SFXN5;CHST3
ChEA_2022,NANOG 18692474 ChIP-Seq MEFs Mouse,0.0532042285345222,0.1636535130872012,18,SLC12A2;KCNG4;TPRKB;PAX6;SEMA3E;GPRC5B;SALL1;FUT9;REEP3;TMBIM1;TRIM36;ANKRD40;GOLGA7;EPS15;JAM2;FGFR2;YPEL2;MAP4K4
ChEA_2022,SMAD1 18555785 ChIP-Seq MESCs Mouse,0.055140917915684755,0.16889802168291676,7,KIF5B;REEP3;EFHD1;JAM2;FGFR2;NUDT4;MAP4K4
ChEA_2022,LDB1 21186366 ChIP-Seq BM-HSCs Mouse,0.055555510676713306,0.16945593005574894,17,DLX1;ELOVL5;PKD2L1;MLH3;PTPRD;MYO1E;GPRC5B;DPY19L1;CREB1;MMP15;PACSIN2;TRIM36;SP8;FGF12;GOLGA7;YPEL2;SH3D19
ChEA_2022,TCFAP2C 20176728 ChIP-ChIP TROPHOBLAST STEM CELLS Mouse,0.0568234086596499,0.1726011038036866,22,ELOVL5;ZFP91;PKD2L1;AQP4;PAX6;ELOVL6;VEGFA;NUDT4;SALL1;TMEM98;OXCT1;REEP3;CHORDC1;BMP2K;CDC42EP1;SOX8;LRRC8B;GOLGA7;JAM2;SFXN5;FGFR2;MAP4K4
ChEA_2022,ERA 27197147 Chip-Seq ENDOMETRIOID-ADENOCARCINOMA Human,0.05731900048533844,0.1730731427870085,11,PRMT8;SALL1;MBOAT1;GPR37L1;MAP4;PLXDC2;FGF12;ELFN1;FGFR2;PIK3C2B;MAP4K4
ChEA_2022,BACH1 22875853 ChIP-PCR HELA AND SCP4 Human,0.05753227602899253,0.1730731427870085,14,PKD2L1;KCNAB1;PAX6;SEMA3E;PROX1;PPM1E;GPRC5B;SALL1;OXCT1;CPD;ME1;FGF12;JAM2;FGFR2
ChEA_2022,HNF1A 27111144 ChIP-Seq CD8+TCells Mouse Blood Lymphoma,0.0576910475956695,0.1730731427870085,32,UBXN2B;USP31;EFCAB14;HSD17B12;RNF5;PPM1E;HSPH1;RASSF2;KIF5B;CHORDC1;PACSIN2;FAM53B;ENPP1;DIP2A;MAP4;GOLGA7;SEC11C;P2RY12;SMIM13;ELOVL5;ARAP2;ERBIN;NETO2;OXSR1;ETV5;PDIA4;DPY19L1;CREB1;NDUFS8;CPD;ANKRD40;RNF141
ChEA_2022,JUND 26020271 ChIP-Seq HCASMC Human CoronaryArtery,0.05837264791205654,0.1737951675982635,9,TTLL7;SHTN1;RASSF2;MMGT1;ELOVL5;OXCT1;CYCS;MAP4;SYTL2
ChEA_2022,FOXP2 21765815 ChIP-ChIP NEURO2A Mouse,0.0584085268334356,0.1737951675982635,10,SLC12A2;SEMA6D;CYCS;ELOVL6;EDIL3;ETV5;GNAI1;SYTL2;PDIA4;RASGRP3
ChEA_2022,KDM2B 26808549 Chip-Seq SUP-B15 Human,0.060389552839314665,0.17895928463357882,19,DLX1;USP31;DUSP15;EML1;ELFN1;ETV5;VEGFA;PIK3C2B;HSPH1;RASSF2;PRKD3;MMP15;S1PR1;CDC42EP1;FAM53B;SFXN5;YPEL2;CHST3;MAP4K4
ChEA_2022,GATA1 19941827 ChIP-Seq MEL Mouse,0.060984390159162086,0.17999036609728405,17,PIGQ;FHDC1;PPM1E;DPY19L1;MMP15;CPD;CHORDC1;TMBIM1;S1PR1;BMP2K;PACSIN2;PIP4K2A;FAT3;LRRC8B;SOX6;GOLGA7;SFXN5
ChEA_2022,NFE2 27457419 Chip-Seq LIVER Mouse,0.0623807841166808,0.18336932105266252,10,TMEFF2;NFASC;CREB1;TMBIM1;EFHD1;GPR37L1;PROX1;SGPP2;PIK3C2B;MAP4K4
ChEA_2022,CRX 20693478 ChIP-Seq ADULT RETINA Mouse,0.06351681750750479,0.18595887535329717,8,SLC12A2;KCNJ10;CHORDC1;TRIM36;FAT3;PPM1E;JAM2;YPEL2
ChEA_2022,JUND 26020271 ChIP-Seq SMOOTH MUSCLE Human,0.06493832035194504,0.18936014214627173,18,SLC12A2;KCNG4;ELOVL5;ETV5;SYTL2;HIPK2;TTLL7;PTPRD;MYO1E;NDUFS8;OXCT1;CYCS;MAP4;LRRC8B;EDIL3;SFXN5;CHST3;SH3D19
ChEA_2022,FOXO1 23066095 ChIP-Seq LIVER Mouse,0.06540391267171072,0.1899579774409447,5,MYO1E;ELOVL5;CYCS;ARHGAP5;SOX6
ChEA_2022,NANOG 18700969 ChIP-ChIP MESCs Mouse,0.06762696651526226,0.19563515313343724,4,SALL1;FUT9;PAX6;ETV5
ChEA_2022,SCL 21571218 ChIP-Seq MEGAKARYOCYTES Human,0.06912041007890234,0.1983810194784244,17,KCNG4;TPRKB;KCNAB1;NLK;ELFN1;RASGRP3;VEGFA;NFASC;RASSF2;TMEM98;INSC;S1PR1;PACSIN2;BAALC;CDC42EP1;EFHD1;YPEL2
ChEA_2022,SETDB1 19884255 ChIP-Seq MESCs Mouse,0.06912041007890234,0.1983810194784244,17,ANKRD28;SLC12A2;PRMT8;KCNJ10;ELOVL6;NETO2;MYO1E;SALL1;MMP15;OXCT1;CYCS;TSPAN2;ANKRD40;SOX6;FGF12;GOLGA7;JAM2
ChEA_2022,ERG 20517297 ChIP-Seq VCAP Human,0.07057570829814629,0.20170618090571873,11,P2RY12;DLX1;NDUFS8;CPD;BMP2K;TPRKB;BAALC;MAP4;ETV5;PDIA4;PIK3C2B
ChEA_2022,ETS1 21867929 ChIP-Seq TH2 Mouse,0.07083234885029355,0.20170618090571873,17,GPR17;EXD2;UBXN2B;ARHGAP5;SGPP2;ETV5;PDIA4;TTLL7;GPRC5B;NDUFS8;KIF5B;CPD;FAM53B;TPPP;PLCB1;PPARGC1A;GOLGA7
ChEA_2022,ERG 21242973 ChIP-ChIP JURKAT Human,0.07114321666043069,0.2018031320834785,5,SALL1;TRIM36;TSPAN2;SP8;EDIL3
ChEA_2022,ELK1 22589737 ChIP-Seq MCF10A Human,0.07182637271854526,0.2029512624489128,10,UBXN2B;CPD;CHORDC1;TPRKB;SEMA3E;LRRC8B;NLK;PLXDC2;PPARGC1A;GOLGA7
ChEA_2022,SUZ12 27294783 Chip-Seq NPCs Mouse,0.072917585975807,0.20518769715998553,9,TMEFF2;NFASC;CREB1;TMBIM1;EFHD1;GPR37L1;SGPP2;PIK3C2B;MAP4K4
ChEA_2022,E2F1 26619117 ChIP-Seq Hepatocytes Mouse Liver,0.0732937007978032,0.20518769715998553,28,EXD2;USP31;NLK;ADO;RNF5;HSPH1;SALL1;KIF5B;DIP2A;TPPP;SEC11C;SLC12A2;MMGT1;GBF1;TPRKB;ARAP2;OXSR1;ETV5;MLH3;PDIA4;VEGFA;MYO1E;NDUFS8;REEP3;CPD;CYCS;SP8;SFXN5
ChEA_2022,FOXO1 25302145 ChIP-Seq T-LYMPHOCYTE Mouse,0.07346226194616766,0.20518769715998553,18,ANKRD28;ELOVL5;ARAP2;ELOVL6;NETO2;ADO;HIPK2;MYO1E;CREB1;RASSF2;INSC;S1PR1;PIP4K2A;ENPP1;DIP2A;LRRC8B;SH3D19;MAP4K4
ChEA_2022,GATA4 25053715 ChIP-Seq YYC3 Human,0.07449243778833876,0.20710327991624983,18,SLC12A2;GPR37L1;FHDC1;ARHGAP5;EML1;ETV5;ANO3;PIK3C2B;OXCT1;KIF5B;TMBIM1;ME1;PACSIN2;CDC42EP1;PADI2;TPPP;PLCB1;FGF12
ChEA_2022,FOXA1 27270436 ChIP-Seq LNCaP Human Prostate Carcinoma,0.07471627245263883,0.20710327991624983,20,ANKRD28;SEMA6D;ARAP2;ERBIN;PHKB;PAX6;SEMA3E;ETV5;PIK3C2B;TMEM98;REEP3;MYO6;ME1;FAM53B;ANKRD40;RNF141;H3C4;EPS15;YPEL2;ANKUB1
ChEA_2022,KLF4 25985364 ChIP-Seq ATHEROSCLEROSIS LESION Mouse,0.0761985502874327,0.20961789871523942,11,TTLL7;USP31;CHORDC1;ELOVL6;PLXDC2;DUSP15;PPARGC1A;GNAI1;YPEL2;VEGFA;MAP4K4
ChEA_2022,NANOG 18358816 ChIP-ChIP MESCs Mouse,0.0761985502874327,0.20961789871523942,11,SLC12A2;PRMT8;SALL1;NDUFS8;REEP3;TPRKB;MAL;PAX6;RNF5;FGFR2;ETV5
ChEA_2022,CTNNB1 24651522 ChIP-Seq LGR5+ INTESTINAL STEM Human,0.07726837045121866,0.21176181225164814,3,TMEM47;PROX1;NUDT4
ChEA_2022,VDR 20736230 ChIP-Seq LYMPHOBLASTOID Human,0.07838312084983269,0.21401234119673418,6,ELOVL5;SEMA6D;REEP3;PIGQ;GPR37L1;VEGFA
ChEA_2022,NR3C2 34362910 ChIP-Seq WistarRat Hippocampus Stress,0.07906416154592961,0.2150663200260548,12,EXD2;GABRB2;DPY19L1;KCNJ10;TMBIM1;TRIM36;PHKB;FAT3;MAP4;GPR155;PPM1E;ANO3
ChEA_2022,ESRRB 18555785 ChIP-Seq MESCs Mouse,0.08023381502181556,0.2174366213788236,13,ANKRD28;LYNX1;HAPLN4;GNAI1;NDUFS8;MMP15;FUT9;OXCT1;REEP3;BMP2K;ANKRD40;EDIL3;SFXN5
ChEA_2022,FLI1 27457419 Chip-Seq LIVER Mouse,0.08070492864536175,0.21790330734247673,5,TMEFF2;CREB1;TMBIM1;SGPP2;MAP4K4
ChEA_2022,PCGF2 27294783 Chip-Seq ESCs Mouse,0.08146523854230181,0.21914449777615508,6,TMEFF2;CREB1;TMBIM1;EFHD1;SGPP2;MAP4K4
ChEA_2022,P63 26484246 Chip-Seq KERATINOCYTES Human,0.08345860882693189,0.22368134498100495,18,PRMT8;USP31;PHYHIPL;ELOVL6;PLXDC2;EML1;HIPK2;NFASC;NDUFS8;CHORDC1;TMBIM1;CDC42EP1;FAM53B;DIP2A;MAP4;SOX6;FGFR2;CHST3
ChEA_2022,BCAT 22108803 ChIP-Seq LS180 Human,0.08385431645603615,0.22391866921776685,7,DLX1;USP31;FUT9;ARAP2;SEMA3E;ETV5;ANO3
ChEA_2022,EGR1 19374776 ChIP-ChIP THP-1 Human,0.08442191111855107,0.22461158104169246,2,BAALC;ETV5
ChEA_2022,NCOR1 26117541 ChIP-Seq K562 Human,0.08495690506581531,0.2252130319744704,18,ELOVL5;PHKB;ELOVL6;GPR37L1;OXSR1;FHDC1;ADO;ETV5;HIPK2;PDIA4;VEGFA;KIF5B;TMBIM1;PIP4K2A;CDC42EP1;DIP2A;YPEL2;CHST3
ChEA_2022,VDR 23401126 ChIP-Seq LCL-AND-THP1 Human,0.08569327472382658,0.22634201910749846,4,FAM53B;TSPAN2;RNF5;PIK3C2B
ChEA_2022,SETDB1 19884257 ChIP-Seq MESCs Mouse,0.0860922432954753,0.22657489300505954,18,ANKRD28;DLX1;MBOAT1;PAX6;ELOVL6;NETO2;PROX1;MLH3;GNAI1;GPRC5B;KIF5B;TSPAN2;SP8;LRRC8B;GOLGA7;JAM2;CHST3;MAP4K4
ChEA_2022,SPI1 20517297 ChIP-Seq HL60 Human,0.08670804778705979,0.22737470085167838,12,PRMT8;NFASC;RASSF2;NDUFS8;TMBIM1;ARAP2;LRRC8B;FHDC1;ADO;EPS15;SYTL2;CHST3
ChEA_2022,MECOM 23826213 ChIP-Seq KASUMI Mouse,0.0871441034865966,0.2276991091101395,17,P2RY12;EXD2;ELOVL5;GBF1;TPRKB;PROX1;PLXDC2;HIPK2;VEGFA;RASSF2;OXCT1;CPD;PACSIN2;PIP4K2A;CDC42EP1;JAM2;SEC11C
ChEA_2022,FOXI1 33610681 ChIP-Seq GES1 Human Gastric Carcinoma,0.08910383747151285,0.23161783627589252,4,GBF1;LRRC8B;PLCB1;SFXN5
ChEA_2022,MYC 18940864 ChIP-ChIP HL60 Human,0.08927930314612592,0.23161783627589252,8,TTLL7;TMEM33;FUT9;ELOVL5;KIF5B;INSC;TPRKB;SP8
ChEA_2022,CTBP2 25329375 ChIP-Seq LNCAP Human,0.09043967444803677,0.23304652387999475,10,PTPRD;CDH10;CHORDC1;ARAP2;FAT3;SP8;MAP4;PROX1;SOX6;EDIL3
ChEA_2022,IRF1 19129219 ChIP-ChIP H3396 Human,0.0904693638656221,0.23304652387999475,3,HSPH1;NUDT4;YPEL2
ChEA_2022,FOXA1 25552417 ChIP-Seq VCAP Human,0.09231625273828885,0.23613525700425464,18,DLX1;LYNX1;SEMA6D;ARAP2;MBOAT1;PHYHIPL;SEMA3E;PROX1;GNAI1;RASGRP3;GPRC5B;TMEM98;CPD;TMBIM1;FAM53B;TMEM229A;PLCB1;PPARGC1A
ChEA_2022,UBF1/2 26484160 Chip-Seq HMEC-DERIVED Human,0.09231625273828885,0.23613525700425464,18,PRMT8;METRN;PAX6;ELOVL6;NETO2;NLK;ADO;MYO1E;GRM5;HSPH1;MMP15;S1PR1;PADI2;FAM53B;TSPAN2;SP8;LRRC8B;CHST3
ChEA_2022,TP63 30713093 ChIP-Seq Epithelial Human Tongue SCC,0.09333934469013044,0.2379174205563115,22,EXD2;PRMT8;USP31;ELOVL5;ELOVL6;PROX1;ADO;GNAI1;RASGRP3;PIK3C2B;GPRC5B;NDUFS8;TMBIM1;MYO6;DIP2A;SOX6;PLCB1;PPARGC1A;CRYAB;PAK5;SFXN5;FGFR2
ChEA_2022,SOX2 16153702 ChIP-ChIP HESCs Human,0.09448279522534231,0.2391810770555971,10,DLX1;SALL1;GBF1;PAX6;PROX1;HSD17B12;FGFR2;ETV5;GNAI1;NUDT4
ChEA_2022,ER 23166858 ChIP-Seq MCF-7 Human,0.09449128970097663,0.2391810770555971,9,ANKRD28;DPY19L1;SEMA6D;INSC;TSPAN2;SEMA3E;PPM1E;GNAI1;YPEL2
ChEA_2022,NANOG 16518401 ChIP-PET MESCs Mouse,0.09512906632452348,0.2399622468878118,18,GABRA1;SEMA6D;PHYHIPL;ZFP91;ELOVL6;SEMA3E;GPR37L1;ETV5;NUDT4;GPRC5B;SALL1;FUT9;CHORDC1;MYO6;SOX6;JAM2;FGFR2;CHST3
ChEA_2022,FOXA1 26769127 Chip-Seq PDAC-Cell Line Human,0.09553537427389551,0.24015616498506837,18,METRN;GBF1;MBOAT1;NETO2;PROX1;ARHGAP5;NUDT4;NFASC;NDUFS8;REEP3;CPD;MYO6;FAM53B;ANKRD40;LRRC8B;EDIL3;RNF141;MAP4K4
ChEA_2022,CREB1 20920259 ChIP-Seq GC1-SPG Mouse,0.09665158125396166,0.24190511709994905,25,EXD2;PIGQ;HSD17B12;NLK;ADO;RNF5;ELFN1;PPM1E;RASSF2;OXCT1;PACSIN2;GPR155;GOLGA7;ELOVL5;GBF1;ZFP91;NFASC;CREB1;TMEM98;CDH10;CPD;BMP2K;CDC42EP1;ANKRD40;RNF141
ChEA_2022,EVI1 22308434 ChIP-Seq SKOV3 Human Ovary OvarianCancer,0.09689477941452006,0.24190511709994905,12,DLX1;SMIM13;TMEFF2;AGO3;TMBIM1;GBF1;ARAP2;ME1;PACSIN2;ELOVL6;PLCB1;SYTL2
ChEA_2022,CTCF 27219007 Chip-Seq ERYTHROID Human,0.09758372954259717,0.24279364790632538,18,GPR17;DLX1;KCNJ10;NLK;PLXDC2;TTLL7;GPRC5B;RASSF2;MMP15;KIF5B;TMBIM1;S1PR1;FAM53B;SOX8;SP8;LRRC8B;PLCB1;YPEL2
ChEA_2022,RUNX1 22412390 ChIP-Seq EML Mouse,0.1013107568225254,0.2512093255905477,17,ZFP91;PAX6;HSD17B12;NLK;PLXDC2;VEGFA;CREB1;KIF5B;REEP3;CPD;BMP2K;PACSIN2;PADI2;TSPAN2;GOLGA7;SFXN5;SEC11C
ChEA_2022,TBX2 33478486 ChIP-Seq IMR90 Human Lung,0.10284365296732553,0.2541458407226451,24,ANKRD28;GABRB2;DESI1;SEMA6D;PHYHIPL;PAX6;ADO;PLA2G7;VEGFA;PIK3C2B;TTLL7;SHTN1;GPRC5B;NFASC;HSPH1;SALL1;FUT9;TRIM36;DIP2A;LRRC8B;GPR155;RNF141;JAM2;CHST3
ChEA_2022,CEBPB 26923725 Chip-Seq MESODERM Mouse,0.10474595323356933,0.25679470576380015,10,SLC12A2;TMEM47;GABRB2;GRM5;USP31;TMEM33;NETO2;DUSP15;RNF141;VEGFA
ChEA_2022,ELF3 26769127 Chip-Seq PDAC-Cell Line Human,0.104758207974207,0.25679470576380015,18,KCNJ10;ELOVL5;NETO2;PROX1;NLK;ADO;SVIP;HIPK2;ANO3;NUDT4;MMP15;CPD;PACSIN2;PIP4K2A;FAM53B;ANKRD40;LRRC8B;CHST3
ChEA_2022,STAT1 17558387 ChIP-Seq HELA Human,0.10497232142333668,0.25679470576380015,15,DLX1;PRMT8;KCNG4;SEMA3E;ELFN1;HIPK2;RASGRP3;GRM5;SALL1;PACSIN2;BAALC;CDC42EP1;PADI2;SOX8;FGF12
ChEA_2022,CEBPB 26923725 Chip-Seq HEMOGENIC-ENDOTHELIUM Mouse,0.10600937084210682,0.258274351139093,16,SLC12A2;DLX1;USP31;ELOVL5;ELOVL6;NETO2;ADO;ELFN1;PPM1E;VEGFA;MYO1E;GPRC5B;TRIM36;FAT3;DIP2A;EPS15
ChEA_2022,HOXB7 26014856 ChIP-Seq BT474 Human,0.10664002701353496,0.258274351139093,17,HSD17B12;GNAI1;TTLL7;CREB1;NDUFS8;MMP15;OXCT1;CDH10;MYO6;BAALC;PIP4K2A;PADI2;EFHD1;ANKRD40;PLCB1;PPARGC1A;RNF141
ChEA_2022,PU 27001747 Chip-Seq BMDM Mouse,0.10664002701353496,0.258274351139093,17,KCNJ10;PIGQ;ETV5;PIK3C2B;NUDT4;CREB1;TMEM98;CPD;TMBIM1;EFHD1;ENPP1;ANKRD40;DIP2A;EDIL3;YPEL2;CHST3;MAP4K4
ChEA_2022,OCT4 20526341 ChIP-Seq ESCs Human,0.10891140917223344,0.2629020439952257,17,DLX1;KCNG4;PKD2L1;PAX6;PLXDC2;RASGRP3;VEGFA;PIK3C2B;NFASC;NDUFS8;REEP3;CHORDC1;BMP2K;PIP4K2A;MAP4;GPR155;FGFR2
ChEA_2022,JUN 27471255 ChIP-Seq Chondrocytes Mouse Rib,0.11212709145597409,0.26977112102773965,39,USP31;PIGQ;SEMA3E;NLK;RNF5;RASGRP3;NUDT4;TMEM47;HSPH1;OXCT1;ME1;FAM53B;SOX8;SOX6;EDIL3;SEC11C;MAP4K4;SLC12A2;SMIM13;MMGT1;ELOVL5;SEMA6D;GBF1;OXSR1;FHDC1;EML1;ETV5;PDIA4;VEGFA;TTLL7;MYO1E;NDUFS8;TMEM33;CPD;CYCS;TRIM36;PLCB1;RNF141;SFXN5
ChEA_2022,TP53 22573176 ChIP-Seq HFKS Human,0.1129143066291116,0.2707714787257315,12,SLC12A2;RASSF2;FUT9;CPD;MYO6;SEMA3E;MAP4;LRRC8B;PLCB1;GPR155;PPM1E;SEC11C
ChEA_2022,POU5F1 18700969 ChIP-ChIP MESCs Mouse,0.11647644604464298,0.27835325903279895,5,TMEM47;FUT9;PAX6;ETV5;MAP4K4
ChEA_2022,SMAD4 21741376 ChIP-Seq ESCs Human,0.11685784255110786,0.27835325903279895,17,NLK;PPM1E;ETV5;PDIA4;VEGFA;DPY19L1;NFASC;CREB1;RASSF2;NDUFS8;MYO6;FAM53B;SP8;LRRC8B;EDIL3;FGFR2;CHST3
ChEA_2022,CHD1 19587682 ChIP-ChIP MESCs Mouse,0.1172214684815765,0.27835325903279895,8,NDUFS8;TMEM33;KIF5B;ZFP91;HSD17B12;RNF5;PDIA4;MAP4K4
ChEA_2022,BRD4 27068464 Chip-Seq AML-cells Mouse,0.11781543046604633,0.2788553532784019,17,P2RY12;TPRKB;MBOAT1;ADO;RASGRP3;NUDT4;DPY19L1;CREB1;NDUFS8;REEP3;CPD;TMBIM1;S1PR1;DIP2A;LRRC8B;YPEL2;SEC11C
ChEA_2022,RXR 22108803 ChIP-Seq LS180 Human,0.11876513022451228,0.2801934625685095,6,SALL1;KIF5B;CDC42EP1;PHKB;ELOVL6;FGFR2
ChEA_2022,RUNX1 26923725 Chip-Seq HPCs Mouse,0.11954738808942487,0.28112918037803464,8,ANKRD28;MAL;PKD2L1;SOX6;ADO;YPEL2;VEGFA;SH3D19
ChEA_2022,FOXP2 23625967 ChIP-Seq PFSK-1 AND SK-N-MC Human,0.12016357972085084,0.2816696129147918,9,INSC;PIP4K2A;CDC42EP1;FAM53B;CYCS;ELOVL6;SEMA3E;PLXDC2;SH3D19
ChEA_2022,NR1I2 20693526 ChIP-Seq LIVER Mouse,0.12111173262727658,0.2829822214271943,8,PTPRD;TMEM33;ELOVL5;ENPP1;ELOVL6;SOX6;PLCB1;HIPK2
ChEA_2022,GATA2 21186366 ChIP-Seq BM-HSCs Mouse,0.12259216349906547,0.28552615715916524,16,GABRA1;GABRB2;MBOAT1;PHYHIPL;NLK;ARHGAP5;ADO;PPM1E;NUDT4;REEP3;CPD;ENPP1;DIP2A;FGF12;YPEL2;CHST3
ChEA_2022,POU5F1 16153702 ChIP-ChIP HESCs Human,0.12358091938603731,0.2869123892752268,6,DLX1;SALL1;PAX6;SP8;PROX1;FGFR2
ChEA_2022,SMAD3 22036565 ChIP-Seq ESCs Mouse,0.12437789547803568,0.28764653514233807,10,PRMT8;KCNG4;FUT9;REEP3;ELOVL6;PLCB1;JAM2;FGFR2;PIK3C2B;MAP4K4
ChEA_2022,E4F1 26484288 ChIP-Seq MOUSE EMBRYONIC FIBROBLAST Mouse,0.12468628958158962,0.28764653514233807,1,PHKB
ChEA_2022,GABPA 29892750 ChIP-Seq EML Mouse BoneMarrow,0.12662599200818858,0.2911998365109447,4,TMEM33;ME1;HSD17B12;NLK
ChEA_2022,NR1H3 23393188 ChIP-Seq ATHEROSCLEROTIC-FOAM Human,0.1275967976310074,0.29250963985221506,7,NDUFS8;ELOVL5;CPD;BMP2K;ME1;PLA2G7;JAM2
ChEA_2022,AR 21915096 ChIP-Seq LNCaP-1F5 Human,0.12866350762704515,0.2940303983075734,17,DLX1;KCNJ10;SEMA6D;GBF1;TPRKB;ETV5;GPRC5B;DPY19L1;CREB1;MMP15;MYO6;S1PR1;PACSIN2;TRIM36;GPR155;SFXN5;FGFR2
ChEA_2022,GATA3 21867929 ChIP-Seq CD8 Mouse,0.12965904447072393,0.295379510684868,15,ANKRD28;GABRA1;SEMA6D;GBF1;MBOAT1;PAX6;NLK;EML1;ETV5;RASGRP3;INSC;BAALC;MAL;TPPP;YPEL2
ChEA_2022,BP1 19119308 ChIP-ChIP Hs578T Human,0.13151953428970917,0.29868454983550774,1,VEGFA
ChEA_2022,PPARG 20176806 ChIP-Seq THIOMACROPHAGE Mouse,0.13236628451474292,0.299673979538036,8,RASSF2;INSC;CYCS;OXSR1;DUSP15;GPR155;CHST3;PIK3C2B
ChEA_2022,LMO2 26923725 Chip-Seq HEMANGIOBLAST Mouse,0.13352029832173776,0.3013507661812595,15,P2RY12;USP31;AQP4;PROX1;ETV5;VEGFA;NUDT4;TTLL7;PTPRD;SALL1;MAL;FAT3;SOX6;EDIL3;YPEL2
ChEA_2022,LMO2 26923725 Chip-Seq HEMOGENIC-ENDOTHELIUM Mouse,0.13410400043156961,0.30173400097103165,16,PHKB;GPR37L1;PROX1;HSD17B12;VEGFA;TTLL7;DPY19L1;HSPH1;RASSF2;SALL1;INSC;BAALC;FAT3;EPS15;YPEL2;CHST3
ChEA_2022,P53 22127205 ChIP-Seq FIBROBLAST Human,0.13477668917395652,0.30231448125481325,7,SLC12A2;TMEM47;SALL1;PHYHIPL;PPM1E;HIPK2;CHST3
ChEA_2022,PU.1 20513432 ChIP-Seq Bcells Mouse,0.13572098104685848,0.30349875823055167,16,EXD2;KCNJ10;ARAP2;ZFP91;NLK;PLXDC2;SGPP2;PPM1E;MYO1E;NDUFS8;KIF5B;CPD;PACSIN2;CDC42EP1;EFHD1;CHST3
ChEA_2022,SMAD3 30307970 ChIP-Seq HCASMC Human CoronaryArtery,0.1423607698992194,0.3173730925276176,18,GUCY1A1;USP31;METRN;EFCAB14;NETO2;DUSP15;GNAI1;HIPK2;AGO3;REEP3;BMP2K;ME1;BAALC;PIP4K2A;CDC42EP1;CYCS;SOX6;MAP4K4
ChEA_2022,ESR1 17901129 ChIP-ChIP LIVER Mouse,0.14387229634217927,0.3188429423007723,5,BMP2K;GPR37L1;RNF5;PPARGC1A;MAP4K4
ChEA_2022,ZIC3 20872845 ChIP-ChIP MESCs Mouse,0.1446582104438142,0.3188429423007723,4,ZFP91;PAX6;ETV5;MAP4K4
ChEA_2022,REST 21632747 ChIP-Seq MESCs Mouse,0.14550082067616477,0.3188429423007723,18,PRMT8;KCNG4;USP31;SEMA6D;ARAP2;PHYHIPL;SEMA3E;ARHGAP5;PPM1E;PTPRD;GPRC5B;NFASC;GRM5;S1PR1;TPPP;TMEM229A;EDIL3;SFXN5
ChEA_2022,GATA1 30185409 ChIP-Seq HPC Mouse BoneMarrow Leukemia,0.14590330023744957,0.3188429423007723,10,DLX1;DESI1;PIGQ;PACSIN2;CDC42EP1;HSD17B12;NLK;SOX6;PDIA4;MAP4K4
ChEA_2022,MEIS1 20887958 ChIP-Seq HPC-7 Mouse,0.145956428316837,0.3188429423007723,12,OXCT1;TMBIM1;GBF1;PADI2;FAM53B;PHKB;TSPAN2;ADO;RNF141;RASGRP3;SEC11C;MAP4K4
ChEA_2022,KDM2B 26808549 Chip-Seq SIL-ALL Human,0.14600822778612918,0.3188429423007723,17,HSD17B12;ADO;DUSP15;ETV5;HIPK2;PIK3C2B;DPY19L1;CREB1;PRKD3;MMP15;REEP3;TMBIM1;PIP4K2A;CDC42EP1;FAM53B;TRIM36;SP8
ChEA_2022,FLI1 21867929 ChIP-Seq CD8 Mouse,0.1460816772681179,0.3188429423007723,15,EXD2;KCNG4;KCNJ10;PIGQ;PLA2G7;ETV5;PDIA4;PIK3C2B;NUDT4;NFASC;SALL1;CDC42EP1;FAT3;TPPP;YPEL2
ChEA_2022,SMAD3 21741376 ChIP-Seq HESCs Human,0.14701585909478834,0.31992406352268865,11,NFASC;SALL1;SEMA6D;ARAP2;PACSIN2;PAX6;SEMA3E;MAP4;PLCB1;FGFR2;YPEL2
ChEA_2022,OCT4 18692474 ChIP-Seq MEFs Mouse,0.1476481040306546,0.32034365428079525,17,SLC12A2;DLX1;KCNG4;PAX6;SEMA3E;PROX1;GPRC5B;SALL1;FUT9;REEP3;CHORDC1;TRIM36;CRYAB;GOLGA7;JAM2;FGFR2;MAP4K4
ChEA_2022,STAT3 29892750 ChIP-Seq EML Mouse BoneMarrow,0.1486908738258219,0.32148927000041155,5,HSPH1;TMEM33;CHORDC1;BMP2K;HSD17B12
ChEA_2022,ADNP 35650610 ChIP-Seq mESC Mouse Stem Autism,0.149058125185376,0.32148927000041155,6,METRN;TRIM36;MAP4;ELFN1;VEGFA;NUDT4
ChEA_2022,ISL1 30127528 ChIP-Seq BE2C Human Brain Neuroblastoma,0.15335795105755842,0.3278266161544132,9,P2RY12;GABRA1;CREB1;OXCT1;PHYHIPL;PPARGC1A;PPM1E;ANO3;MAP4K4
ChEA_2022,Nerf2 26677805 Chip-Seq MACROPHAGESS Mouse,0.15345825581024014,0.3278266161544132,11,ANKRD28;TMEFF2;REEP3;TMBIM1;ARAP2;FAT3;ADO;PLA2G7;EDIL3;VEGFA;ANO3
ChEA_2022,PPARA 22158963 ChIP-Seq LIVER Mouse,0.15366391636006715,0.3278266161544132,16,TPRKB;ELOVL6;GPR37L1;OXSR1;HSD17B12;ADO;PDIA4;SALL1;TMEM98;MMP15;ME1;CDC42EP1;SOX6;SFXN5;YPEL2;MAP4K4
ChEA_2022,SMAD1 26771354 ChIP-Seq mESC Mouse Stem,0.15418303758646446,0.3278266161544132,11,LYNX1;GPRC5B;CREB1;S1PR1;TRIM36;PAX6;MAP4;OXSR1;GOLGA7;ETV5;PIK3C2B
ChEA_2022,EBNA1 20929547 Chip-Seq RAJI-cells Human,0.1542448962153138,0.3278266161544132,16,EXD2;KCNG4;GBF1;TPRKB;AQP4;OXSR1;HSD17B12;ELFN1;PDIA4;RASGRP3;TMEFF2;CREB1;MYO6;PADI2;CYCS;SP8
ChEA_2022,STAT3 19079543 ChIP-ChIP MESCs Mouse,0.1555297387303926,0.3292089863574228,8,P2RY12;GABRA1;LYNX1;PAX6;SP8;PROX1;FGF12;JAM2
ChEA_2022,NR3C1 21868756 ChIP-Seq MCF10A Human,0.15579849148602315,0.3292089863574228,10,ANKRD28;SALL1;FAM53B;FAT3;PROX1;PPARGC1A;FGF12;SYTL2;HIPK2;CHST3
ChEA_2022,SOX2 18555785 ChIP-Seq MESCs Mouse,0.15728681506399236,0.3313933184440764,5,MYO1E;PRMT8;SALL1;REEP3;JAM2
ChEA_2022,GATA3 30127528 ChIP-Seq BE2C Human Brain Neuroblastoma,0.15832279093608342,0.33206856619616665,9,GABRA1;KCNG4;ELOVL5;OXCT1;PACSIN2;MAP4;PPARGC1A;SVIP;MLH3
ChEA_2022,FOXA1 26457646 ChIP-Seq LHSAR Human ProstateCancer,0.15851832789611248,0.33206856619616665,20,ANKRD28;H2BC4;GBF1;TPRKB;ARAP2;ERBIN;EFCAB14;PHKB;PAX6;OXSR1;ETV5;RASGRP3;HSPH1;NDUFS8;MYO6;FAM53B;CYCS;ANKRD40;CRYAB;ANKUB1
ChEA_2022,HOXA2 22223247 ChIP-Seq E11.5 EMBRYO Mouse,0.16489880435238824,0.34278025204784607,1,BAALC
ChEA_2022,MEIS1 26923725 Chip-Seq HEMOGENIC-ENDOTHELIUM Mouse,0.16522642861981773,0.34278025204784607,10,NFASC;KCNG4;SEMA6D;MAL;MLC1;TRIM36;PHKB;GOLGA7;FGFR2;VEGFA
ChEA_2022,AHR 22903824 ChIP-Seq MCF-7 Human,0.165418230941702,0.34278025204784607,7,TTLL7;DPY19L1;ENPP1;EDIL3;FGFR2;YPEL2;PIK3C2B
ChEA_2022,NCOR 22424771 ChIP-Seq 293T Human,0.1655125496856541,0.34278025204784607,16,ANKRD28;USP31;PHYHIPL;ARHGAP5;SYTL2;PDIA4;VEGFA;ANO3;TTLL7;MYO1E;REEP3;MAL;CYCS;LRRC8B;EDIL3;SFXN5
ChEA_2022,BCOR 27268052 Chip-Seq Bcells Human,0.16611753395912285,0.3430585899609081,16,KCNG4;MMGT1;PIGQ;PKD2L1;ADO;HAPLN4;PPM1E;MLH3;VEGFA;NFASC;NDUFS8;CDC42EP1;PADI2;TPPP;CHST3;SH3D19
ChEA_2022,CEBPB 24764292 ChIP-Seq MC3T3 Mouse,0.16737033939246737,0.3446694277319455,15,DLX1;LYNX1;PHKB;NLK;ADO;RNF5;MLH3;CREB1;NDUFS8;TMEM33;BMP2K;FAM53B;CYCS;PLCB1;CRYAB
ChEA_2022,FOXA1 21572438 ChIP-Seq LNCaP Human,0.16916018179626582,0.34645820785297565,16,P2RY12;GPR17;HSD17B12;ELFN1;SVIP;MLH3;PIK3C2B;NUDT4;GRM5;SALL1;NDUFS8;FUT9;BMP2K;FGF12;GOLGA7;EPS15
ChEA_2022,TP53 18474530 ChIP-ChIP U2OS Human,0.1691894677581061,0.34645820785297565,8,TMEFF2;PHYHIPL;TRIM36;FAT3;SEMA3E;FGFR2;GNAI1;MAP4K4
ChEA_2022,AR 27270436 ChIP-Seq LNCaP Human Prostate Carcinoma,0.1700418270824259,0.3466687311367721,3,SEMA6D;MYO6;ARAP2
ChEA_2022,ZFP281 18757296 ChIP-ChIP E14 Mouse,0.1705391100789545,0.3466687311367721,15,GABRB2;PRMT8;PAX6;ELOVL6;PLXDC2;RNF5;ETV5;VEGFA;SALL1;MMP15;FUT9;SP8;JAM2;FGFR2;MAP4K4
ChEA_2022,SMC1 22415368 ChIP-Seq MEFs Mouse,0.17223221864105115,0.3466687311367721,16,GABRB2;ZFP91;PKD2L1;PLXDC2;PIK3C2B;MYO1E;TMEFF2;CDH10;S1PR1;PACSIN2;BAALC;SOX8;ANKRD40;SOX6;YPEL2;MAP4K4
ChEA_2022,UBF1/2 26484160 Chip-Seq FIBROBLAST Human,0.17223221864105115,0.3466687311367721,16,AQP4;KCNAB1;FHDC1;PLXDC2;PLA2G7;SVIP;RASGRP3;TTLL7;HSPH1;MMP15;FUT9;TRIM36;LRRC8B;PPARGC1A;EPS15;FGFR2
ChEA_2022,CDKN2AIP 20523734 ChIP-Seq CORTICAL Neurons,0.1723592061067551,0.3466687311367721,2,NDUFS8;MAP4K4
ChEA_2022,SOX2 19829295 ChIP-Seq ESCs Human,0.1728501336117113,0.3466687311367721,16,DLX1;MMGT1;PAX6;OXSR1;FHDC1;HIPK2;PIK3C2B;PTPRD;CREB1;PIP4K2A;GPR155;GOLGA7;EDIL3;FGFR2;YPEL2;SEC11C
ChEA_2022,NANOG 19829295 ChIP-Seq ESCs Human,0.1728501336117113,0.3466687311367721,16,DLX1;MMGT1;PAX6;OXSR1;FHDC1;HIPK2;PIK3C2B;PTPRD;CREB1;PIP4K2A;GPR155;GOLGA7;EDIL3;FGFR2;YPEL2;SEC11C
ChEA_2022,JARID1B-DAIN 22020125 ChIP-Seq ESCs Mouse,0.1730965955195954,0.3466687311367721,15,EXD2;GABRB2;MMGT1;ELOVL6;NLK;PLXDC2;SGPP2;MYO1E;SALL1;MMP15;CDC42EP1;CYCS;LRRC8B;PLCB1;GOLGA7
ChEA_2022,TAF15 26573619 Chip-Seq HEK293 Human,0.17579708504534558,0.34947878492119566,3,TTLL7;CREB1;CHORDC1
ChEA_2022,FOXH1 21741376 ChIP-Seq ESCs Human,0.175957148176887,0.34947878492119566,16,DLX1;EXD2;PRMT8;PAX6;VEGFA;CREB1;SALL1;TMEM98;CPD;CDC42EP1;TRIM36;ENPP1;SP8;GPR155;GOLGA7;FGFR2
ChEA_2022,SOX2 21211035 ChIP-Seq LN229 Human,0.17658202621736374,0.34947878492119566,16,EXD2;LYNX1;UBXN2B;MMGT1;ARAP2;KCNAB1;SEMA3E;SVIP;RASSF2;NDUFS8;TMBIM1;S1PR1;BMP2K;CDC42EP1;TPPP;PPARGC1A
ChEA_2022,GATA2 21666600 ChIP-Seq HMVEC Human,0.17662163191690203,0.34947878492119566,7,MYO1E;ELOVL5;TMBIM1;PACSIN2;PIP4K2A;MAP4;MAP4K4
ChEA_2022,ETV2 25802403 ChIP-Seq MESCs Mouse,0.1771864076264803,0.34947878492119566,9,GPRC5B;DPY19L1;SALL1;TMEM98;ELOVL6;OXSR1;NLK;HIPK2;PDIA4
ChEA_2022,PIAS1 25552417 ChIP-Seq VCAP Human,0.1776561713489903,0.34947878492119566,7,ANKRD28;UBXN2B;KIF5B;INSC;BMP2K;MBOAT1;GNAI1
ChEA_2022,STAT5B 24692510 ChIP-Seq Epithelium Mouse Mammary,0.17785545844412015,0.34947878492119566,6,NFASC;ELOVL5;OXCT1;ERBIN;MAP4;NUDT4
ChEA_2022,CLOCK 20551151 ChIP-Seq 293T Human,0.17898175068197641,0.3499394437220031,5,TMEM33;EFHD1;AQP4;PLA2G7;PDIA4
ChEA_2022,AR 35650195 ChIP-Seq DSRCT Human Mesenchymal Sarcoma,0.17904994857106604,0.3499394437220031,10,DLX1;GPRC5B;NFASC;AGO3;SEMA6D;MBOAT1;KCNAB1;TMEM229A;GOLGA7;MLH3
ChEA_2022,CBX2 22325352 ChIP-Seq 293T-Rex Human,0.17972368913817924,0.3503170304324403,16,GPR37L1;PROX1;ETV5;RASGRP3;PIK3C2B;TTLL7;TMEFF2;NFASC;S1PR1;MAL;PADI2;TSPAN2;LRRC8B;EPS15;SFXN5;MAP4K4
ChEA_2022,TRP63 18441228 ChIP-ChIP KERATINOCYTES Mouse,0.18071946398801675,0.3513186379927046,2,MYO6;EFHD1
ChEA_2022,GATA1 30185409 ChIP-Seq K562 Mouse BoneMarrow Leukemia,0.18250492515266814,0.3527763171593421,9,TTLL7;S1PR1;BMP2K;FAM53B;ELOVL6;GPR37L1;NLK;DUSP15;NUDT4
ChEA_2022,TFAP2A 35110662 ChIP-Seq HEPM Human Embryo,0.18288404678523695,0.3527763171593421,12,PYURF;HSPH1;TMBIM1;TRIM36;PHKB;MAP4;OXSR1;SOX6;EPS15;PDIA4;VEGFA;MAP4K4
ChEA_2022,PPARG 20887899 ChIP-Seq 3T3-L1 Mouse,0.18292105334188108,0.3527763171593421,26,HSD17B12;ARHGAP5;PIK3C2B;HSPH1;RASSF2;FAM53B;PPARGC1A;MAP4K4;ANKRD28;ELOVL5;SEMA6D;MBOAT1;PHKB;ELOVL6;HIPK2;PDIA4;VEGFA;TTLL7;GPRC5B;REEP3;TMBIM1;BMP2K;CYCS;FAT3;PLCB1;FGFR2
ChEA_2022,SMAD 19615063 ChIP-ChIP OVARY Human,0.1835199217140049,0.3529974219775978,2,ARHGAP5;SYTL2
ChEA_2022,GBX2 23144817 ChIP-Seq PC3 Human,0.1874673147529376,0.35878577012190227,3,PTPRD;FAT3;FGF12
ChEA_2022,CEBPB 20176806 ChIP-Seq MACROPHAGES Mouse,0.18751355063984193,0.35878577012190227,15,PIGQ;ZFP91;OXSR1;DUSP15;PDIA4;PIK3C2B;MYO1E;RASSF2;PRKD3;KIF5B;PACSIN2;MAL;ANKRD40;TPPP;YPEL2
ChEA_2022,GATA1 22025678 ChIP-Seq K562 Human,0.19068187605935943,0.36389289960019117,1,BMP2K
ChEA_2022,MYBL1 21750041 ChIP-ChIP SPERMATOCYTES Mouse,0.19195860747771806,0.3644214188834804,2,GBF1;GOLGA7
ChEA_2022,VDR 22108803 ChIP-Seq LS180 Human,0.19195860747771806,0.3644214188834804,2,TMEM33;KIF5B
ChEA_2022,POU2F1 27270436 ChIP-Seq VCaP Human Prostate Carcinoma,0.1933988175089164,0.36620191678961056,10,DLX1;NDUFS8;PIGQ;BMP2K;NLK;ARHGAP5;H3C4;ETV5;PDIA4;MAP4K4
ChEA_2022,JUN 26020271 ChIP-Seq HCASMC Human CoronaryArtery,0.19423864104819596,0.36683929876718874,6,SHTN1;RASSF2;OXCT1;CYCS;MAP4;SYTL2
ChEA_2022,CTNNB1 20460455 ChIP-Seq HCT116 Human,0.19519152292417308,0.367686357136233,9,ANKRD28;SLC12A2;MYO1E;CPD;GBF1;ARAP2;FAT3;EPS15;GNAI1
ChEA_2022,RUNX1 30185409 ChIP-Seq K562 Mouse BoneMarrow Leukemia,0.20081701079531641,0.377308249664396,4,S1PR1;BMP2K;GPR37L1;DUSP15
ChEA_2022,MYB 26560356 Chip-Seq TH2 Human,0.2018325919423615,0.378241541197896,16,PKD2L1;OXSR1;NLK;GNAI1;HIPK2;RASGRP3;CREB1;KIF5B;CHORDC1;S1PR1;BMP2K;MAL;TSPAN2;GPR155;SEC11C;MAP4K4
ChEA_2022,GF1B 26923725 Chip-Seq HPCs Mouse,0.20274009945650442,0.37896803206100443,13,USP31;PROX1;FHDC1;NLK;DUSP15;ELFN1;SYTL2;HSPH1;SALL1;ME1;EFHD1;CHST3;SH3D19
ChEA_2022,ESR1 21235772 ChIP-Seq MCF-7 Human,0.20533356986046852,0.38283420058384027,3,EFHD1;ELOVL6;SEMA3E
ChEA_2022,FOXP3 17237761 ChIP-ChIP TREG Mouse,0.2061318333545436,0.3833421084578119,2,REEP3;ENPP1
ChEA_2022,STAT3 20064451 ChIP-Seq CD4+T Mouse,0.2129990945195464,0.39458305513057607,9,DPY19L1;CREB1;KIF5B;CPD;CHORDC1;OXSR1;LRRC8B;ETV5;MAP4K4
ChEA_2022,ESR1 22446102 ChIP-Seq UTERUS Mouse,0.21325888027633327,0.39458305513057607,12,ANKRD28;PTPRD;MYO1E;KCNG4;CREB1;SALL1;MYO6;BMP2K;PADI2;EML1;SYTL2;YPEL2
ChEA_2022,TAL1 30185409 ChIP-Seq K562 Mouse BoneMarrow Leukemia,0.21449673319422408,0.39512426404772166,10,TTLL7;S1PR1;BMP2K;PACSIN2;FAM53B;ELOVL6;GPR37L1;NLK;DUSP15;NUDT4
ChEA_2022,RUNX1 21571218 ChIP-Seq MEGAKARYOCYTES Human,0.21463540269258954,0.39512426404772166,37,EXD2;USP31;MLC1;HSD17B12;ADO;GNAI1;HSPH1;INSC;ME1;PACSIN2;BAALC;PIP4K2A;FAM53B;SOX8;MAP4;LRRC8B;PPARGC1A;GOLGA7;EPS15;LYNX1;ELOVL5;GBF1;KCNAB1;ELOVL6;EML1;SVIP;ETV5;SYTL2;HIPK2;VEGFA;NDUFS8;REEP3;BMP2K;MAL;CDC42EP1;RNF141;SFXN5
ChEA_2022,LYL1 30185409 ChIP-Seq K562 Mouse BoneMarrow Leukemia,0.21719955357511417,0.3983111304230128,10,TTLL7;S1PR1;BMP2K;PACSIN2;FAM53B;ELOVL6;GPR37L1;NLK;DUSP15;NUDT4
ChEA_2022,ATF3 23680149 ChIP-Seq GBM1-GSC Human,0.21749565620626143,0.3983111304230128,16,PKD2L1;PAX6;ELOVL6;OXSR1;MLH3;SYTL2;NDUFS8;PACSIN2;CDC42EP1;CYCS;ANKRD40;DIP2A;MAP4;RNF141;EPS15;CHST3
ChEA_2022,BRD4 25478319 ChIP-Seq HGPS Human,0.21800568043728683,0.3983111304230128,17,ANKRD28;GPR17;SEMA6D;GBF1;PHKB;NLK;ETV5;RASGRP3;TMEFF2;CREB1;KIF5B;PACSIN2;CDC42EP1;PADI2;FAT3;DIP2A;MAP4K4
ChEA_2022,STAT3 22323479 ChIP-Seq MACROPHAGE Mouse,0.221801094523886,0.40423249476978224,1,EPS15
ChEA_2022,RXRA 24833708 ChIP-Seq LIVER Mouse,0.2288202067480353,0.41598486463670253,14,DLX1;TPRKB;PROX1;NLK;DUSP15;ETV5;PDIA4;NFASC;TMBIM1;PACSIN2;FAM53B;ANKRD40;CRYAB;YPEL2
ChEA_2022,REST 19997604 ChIP-ChIP NEURONS Mouse,0.23585491994091642,0.4266457484787297,11,SLC12A2;TMEM33;FUT9;KIF5B;CYCS;ZFP91;ANKRD40;EDIL3;SGPP2;GNAI1;VEGFA
ChEA_2022,RCOR1 19997604 ChIP-ChIP NEURONS Mouse,0.23585491994091642,0.4266457484787297,11,ANKRD28;SLC12A2;P2RY12;MYO1E;GRM5;FUT9;SEMA6D;KCNAB1;PHKB;JAM2;ETV5
ChEA_2022,NRF2 31884422 ChIP-Seq A549 Human Lung Carcinoma,0.23782558922691552,0.42914567957035005,15,ARAP2;SEMA3E;ADO;PTPRD;MYO1E;GPRC5B;HSPH1;SALL1;CPD;ME1;PACSIN2;LRRC8B;SOX6;SFXN5;FGFR2
ChEA_2022,SOX2 18692474 ChIP-Seq MEFs Mouse,0.2400686574456769,0.43212358340221846,15,SLC12A2;PAX6;SEMA3E;PDIA4;NUDT4;MYO1E;GPRC5B;FUT9;REEP3;TMBIM1;TRIM36;GOLGA7;JAM2;FGFR2;MAP4K4
ChEA_2022,ELK3 25401928 ChIP-Seq HUVEC Human,0.24380225530833227,0.43668757768986294,16,SEMA6D;ZFP91;PAX6;PROX1;OXSR1;NLK;ADO;PIK3C2B;GPRC5B;NDUFS8;TMEM98;CHORDC1;TMBIM1;S1PR1;BMP2K;CHST3
ChEA_2022,P300 27058665 Chip-Seq ZR-75-30cells Human,0.24380225530833227,0.43668757768986294,16,PRMT8;KCNJ10;METRN;GBF1;NETO2;HIPK2;TTLL7;MYO1E;SALL1;KIF5B;REEP3;CHORDC1;S1PR1;PIP4K2A;FAM53B;JAM2
ChEA_2022,GATA6 21074721 ChIP-Seq CACO-2 Mouse,0.24685016266109408,0.44098679621305753,15,KCNJ10;PHYHIPL;GPR37L1;PROX1;ADO;PIK3C2B;TTLL7;NFASC;KIF5B;S1PR1;PADI2;TSPAN2;LRRC8B;EPS15;CHST3
ChEA_2022,TBX2 30127528 ChIP-Seq BE2C Human Brain Neuroblastoma,0.24741234520046712,0.44098679621305753,9,SMIM13;DPY19L1;HSPH1;MMP15;OXCT1;PHYHIPL;MAP4;EDIL3;ANO3
ChEA_2022,OCT4 19829295 ChIP-Seq ESCs Human,0.2529424766591072,0.4491818627956205,15,ANKRD28;SLC12A2;GPR37L1;EML1;ELFN1;ETV5;NUDT4;INSC;PACSIN2;PADI2;EFHD1;CYCS;SP8;TPPP;SH3D19
ChEA_2022,HNF4A 19761587 ChIP-ChIP CACO-2 Human,0.2546393709575157,0.4491818627956205,8,GPR17;MYO1E;CHORDC1;ME1;CYCS;SP8;RNF5;CHST3
ChEA_2022,PAX6 23342162 ChIP-ChIP BETA-FORBRAIN-LENS Mouse,0.2546768863081358,0.4491818627956205,7,MYO1E;NDUFS8;MMP15;SEMA6D;TPRKB;PAX6;ANKRD40
ChEA_2022,FOXH1 21741376 ChIP-Seq EPCs Human,0.2552423160528754,0.4491818627956205,15,DLX1;ELOVL5;FHDC1;ETV5;CREB1;SALL1;PRKD3;BMP2K;CDC42EP1;ENPP1;TSPAN2;GPR155;PPARGC1A;FGFR2;MAP4K4
ChEA_2022,SRF 21415370 ChIP-Seq HL-1 Mouse,0.25546274706129424,0.4491818627956205,10,CREB1;TMEM33;TPRKB;TRIM36;PHKB;EML1;CRYAB;GOLGA7;SFXN5;RASGRP3
ChEA_2022,GATA3 22897851 ChIP-Seq JUKARTE6-1 Human,0.2560107459717087,0.4491818627956205,15,KCNG4;KCNJ10;NUDT4;NFASC;HSPH1;RASSF2;PRKD3;REEP3;PIP4K2A;CDC42EP1;TRIM36;TSPAN2;EPS15;CHST3;SH3D19
ChEA_2022,TBX2 30127528 ChIP-Seq KELLY Human Brain Neuroblastoma,0.256323257781863,0.4491818627956205,22,GUCY1A1;H2BC4;PHYHIPL;PHKB;ELOVL6;GPR37L1;OXSR1;HSD17B12;ETV5;GNAI1;PDIA4;PIK3C2B;PYURF;DPY19L1;NFASC;BMP2K;TRIM36;DIP2A;MAP4;FGFR2;YPEL2;SH3D19
ChEA_2022,KLF4 19829295 ChIP-Seq ESCs Human,0.260640151308354,0.4556514875390649,15,METRN;ELOVL5;PKD2L1;PAX6;EML1;ETV5;SYTL2;DPY19L1;RASSF2;NDUFS8;PIP4K2A;TRIM36;SOX6;EDIL3;FGFR2
ChEA_2022,NACC1 18358816 ChIP-ChIP MESCs Mouse,0.26478508104424836,0.46068812429894285,6,PRMT8;SALL1;FUT9;REEP3;PHYHIPL;NUDT4
ChEA_2022,TAF7L 23326641 ChIP-Seq C3H10T1-2 Mouse,0.26478508104424836,0.46068812429894285,6,REEP3;CYCS;OXSR1;ARHGAP5;PLCB1;VEGFA
ChEA_2022,ZFP42 18358816 ChIP-ChIP MESCs Mouse,0.2670866429561328,0.4635861017024306,10,NDUFS8;KIF5B;GBF1;MLC1;ZFP91;PHKB;PAX6;RNF5;JAM2;ETV5
ChEA_2022,FOXM1 25889361 ChIP-Seq OE33 AND U2OS Human,0.26898575608374264,0.46577343511887975,8,NDUFS8;DESI1;KIF5B;CYCS;PAX6;HSD17B12;LRRC8B;ETV5
ChEA_2022,TCFCP2L1 18555785 ChIP-Seq MESCs Mouse,0.2698370543214629,0.4661403142188304,14,PHKB;RNF5;SYTL2;PDIA4;RASGRP3;TMEM47;MYO1E;FUT9;TMBIM1;BMP2K;CDC42EP1;LRRC8B;PLCB1;EPS15
ChEA_2022,ESR1 22217937 ChIP-Seq MCF-7 Human BreastCancer,0.27808331332727604,0.4792499655214757,2,CDC42EP1;GPR37L1
ChEA_2022,TP53 20018659 ChIP-ChIP R1E Mouse,0.2793873961214707,0.48036182021828333,9,DLX1;EFHD1;ENPP1;PAX6;SP8;PROX1;PLXDC2;DUSP15;SGPP2
ChEA_2022,PHOX2B 30127528 ChIP-Seq BE2C Human Brain Neuroblastoma,0.2801810435559451,0.48059289588772697,8,P2RY12;GABRA1;OXCT1;CDH10;FAT3;LRRC8B;PPARGC1A;EDIL3
ChEA_2022,SOX9 25088423 ChIP-ChIP EMBRYONIC GONADS Mouse,0.28105708716671646,0.48096388860219785,15,KCNG4;PIGQ;PAX6;TMEFF2;GPRC5B;NFASC;OXCT1;CYCS;SOX8;TSPAN2;SP8;SOX6;CRYAB;RNF141;SEC11C
ChEA_2022,SMRT 27268052 Chip-Seq Bcells Human,0.28265040839564287,0.48255772299865024,15,ANKRD28;ELOVL5;ELOVL6;FHDC1;NLK;ELFN1;VEGFA;NFASC;TMEM98;TMEM33;BAALC;CDC42EP1;FAM53B;GPR155;CHST3
ChEA_2022,VDR 24763502 ChIP-Seq THP-1 Human,0.28782789014473165,0.49024890634464807,10,SALL1;REEP3;INSC;TPPP;OXSR1;HSD17B12;GNAI1;YPEL2;CHST3;PIK3C2B
ChEA_2022,GATA3 24758297 ChIP-Seq MCF-7 Human,0.2890544120135412,0.4911903644705631,15,DLX1;ELOVL5;PROX1;ADO;PIK3C2B;MYO1E;REEP3;TMBIM1;MYO6;BAALC;MAL;MAP4;TMEM229A;PLCB1;YPEL2
ChEA_2022,ELK4 26923725 Chip-Seq MESODERM Mouse,0.29174320344381766,0.49426001054398816,4,USP31;TSPAN2;PLCB1;PIK3C2B
ChEA_2022,CTCF 27219007 Chip-Seq Bcells Human,0.2922744083195055,0.49426001054398816,15,PRMT8;METRN;SEMA6D;PAX6;PROX1;DUSP15;ANO3;NFASC;NDUFS8;PIP4K2A;PADI2;FAM53B;FGF12;YPEL2;CHST3
ChEA_2022,KLF4 19030024 ChIP-ChIP MESCs Mouse,0.2928948210631041,0.49426001054398816,11,DLX1;MMP15;REEP3;PAX6;SP8;ELOVL6;PROX1;FGF12;JAM2;SYTL2;HIPK2
ChEA_2022,GATA3 30127528 ChIP-Seq KELLY Human Brain Neuroblastoma,0.29425719592958605,0.49541223056043465,12,H2BC4;TPRKB;EFCAB14;ANKRD40;PPARGC1A;PPM1E;PAK5;ETV5;PDIA4;PIK3C2B;NUDT4;SH3D19
ChEA_2022,PBX1 22567123 ChIP-ChIP OVCAR3 Human,0.29793730824748704,0.5004522988765393,15,GABRA1;GBF1;KCNAB1;PAX6;NLK;RNF5;GPRC5B;NFASC;RASSF2;FUT9;PACSIN2;PADI2;FAM53B;LRRC8B;SFXN5
ChEA_2022,AR 21572438 ChIP-Seq LNCaP Human,0.3011569282650481,0.5046974728855633,2,PIGQ;ANO3
ChEA_2022,CHD1 26751641 Chip-Seq LNCaP Human,0.30363455555186253,0.5067662382773136,15,METRN;GBF1;TPRKB;NLK;SVIP;MLH3;HIPK2;PDIA4;TTLL7;CREB1;MMP15;REEP3;MYO6;LRRC8B;SFXN5
ChEA_2022,PPARD 23208498 ChIP-Seq MDA-MB-231 Human,0.3039915927232611,0.5067662382773136,4,INSC;TMBIM1;SOX8;OXSR1
ChEA_2022,TP53 32428506 ChIP-Seq Human Liver Heptoma,0.3050469169042439,0.5067662382773136,6,EXD2;TMEM33;ANKRD40;EPS15;SFXN5;GNAI1
ChEA_2022,EWS-FLI1 20517297 ChIP-Seq SK-N-MC Human,0.3051719871107554,0.5067662382773136,5,TMEM47;EXD2;ENPP1;TSPAN2;RNF141
ChEA_2022,YY1 33199912 ChIP-Seq 293T Human KidneyEmbryo,0.3076135042512168,0.5096596468162206,31,EXD2;UBXN2B;EFCAB14;ADO;PIK3C2B;HSPH1;KIF5B;PACSIN2;MAP4;LRRC8B;SOX6;SEC11C;SMIM13;GBF1;PHKB;OXSR1;EML1;SGPP2;ANO3;TTLL7;PYURF;MYO1E;TMEFF2;NFASC;NDUFS8;AGO3;CPD;CYCS;ANKRD40;PLCB1;SFXN5
ChEA_2022,CDX2 20551321 ChIP-Seq CACO-2 Human,0.30925938708940015,0.5112247011069676,4,SLC12A2;GABRB2;PHYHIPL;CHST3
ChEA_2022,NANOG 16153702 ChIP-ChIP HESCs Human,0.3110543644587174,0.5130285784850792,10,DLX1;SALL1;GBF1;PAX6;PROX1;HSD17B12;PPARGC1A;FGFR2;ETV5;GNAI1
ChEA_2022,KDM2B 26808549 Chip-Seq JURKAT Human,0.31430157252975327,0.5153943722019522,15,ELOVL5;ARAP2;PAX6;NETO2;PROX1;FHDC1;PIK3C2B;DPY19L1;RASSF2;TMBIM1;S1PR1;FAM53B;TRIM36;LRRC8B;YPEL2
ChEA_2022,MYBL2 22936984 ChIP-ChIP MESCs Mouse,0.3144457031222167,0.5153943722019522,13,KCNJ10;USP31;MBOAT1;MLC1;PAX6;MLH3;SALL1;REEP3;CHORDC1;GOLGA7;EPS15;JAM2;MAP4K4
ChEA_2022,SOX2 18358816 ChIP-ChIP MESCs Mouse,0.31460973337430553,0.5153943722019522,6,PRMT8;REEP3;TRIM36;PAX6;FGFR2;ETV5
ChEA_2022,THRA 23701648 ChIP-Seq CEREBELLUM Mouse,0.31552055360408904,0.5157275416533204,2,CPD;BMP2K
ChEA_2022,ASXL1 24218140 ChIP-Seq BMDM Mouse,0.31735135725772257,0.5175595960646079,6,S1PR1;ZFP91;PHKB;NLK;RNF5;NUDT4
ChEA_2022,SMARCA4 20176728 ChIP-ChIP TSCs Mouse,0.32144357335103935,0.5230633146716689,8,REEP3;LRRC8B;NLK;PLA2G7;GOLGA7;ETV5;PDIA4;NUDT4
ChEA_2022,SA1 22415368 ChIP-Seq MEFs Mouse,0.3226703017659793,0.5238900890587949,14,PHYHIPL;PKD2L1;FHDC1;PLXDC2;VEGFA;NUDT4;CREB1;TMEM98;KIF5B;CDH10;ANKRD40;EDIL3;FGFR2;YPEL2
ChEA_2022,SOX2 22085726 ChIP-Seq NPCs Mouse,0.3242580131732904,0.5252979813407305,13,PRMT8;USP31;SVIP;MLH3;VEGFA;PTPRD;CREB1;SALL1;FUT9;CDC42EP1;CYCS;TPPP;SEC11C
ChEA_2022,CREM 20920259 ChIP-Seq GC1-SPG Mouse,0.3269600077273531,0.5285007663708213,39,KCNG4;USP31;PHYHIPL;HSD17B12;NLK;ADO;RNF5;ELFN1;PPM1E;NUDT4;HSPH1;CHORDC1;MYO6;ME1;PACSIN2;FAM53B;LRRC8B;GOLGA7;EPS15;ANKRD28;MMGT1;ELOVL5;GBF1;ARAP2;ZFP91;ELOVL6;FHDC1;SGPP2;ETV5;HIPK2;PDIA4;TTLL7;GPRC5B;CREB1;TMEM33;CPD;BMP2K;SP8;RNF141
ChEA_2022,CTCF 33576154 ChIP-Seq Human HilarLN ProstateCancer,0.329353653653748,0.530767982308292,31,EXD2;NLK;GNAI1;PIK3C2B;CHORDC1;EFHD1;DIP2A;SOX6;PPARGC1A;GOLGA7;MAP4K4;SLC12A2;SMIM13;METRN;ARAP2;ZFP91;NETO2;HIPK2;VEGFA;GPRC5B;DPY19L1;NFASC;NDUFS8;TMEM98;CPD;TMBIM1;CDC42EP1;CYCS;ANKRD40;PLCB1;SFXN5
ChEA_2022,ETS2 20176728 ChIP-ChIP TROPHOBLAST STEM CELLS Mouse,0.3298187873602967,0.530767982308292,2,EPS15;SFXN5
ChEA_2022,BCL3 23251550 ChIP-Seq MUSCLE Mouse,0.33718536054249804,0.53978918267236,7,HSPH1;KIF5B;FAM53B;CYCS;ZFP91;RASGRP3;VEGFA
ChEA_2022,CNOT3 19339689 ChIP-ChIP MESCs Mouse,0.33783400757278403,0.53978918267236,10,NFASC;CREB1;SALL1;MMP15;TPRKB;PHYHIPL;PHKB;SP8;DUSP15;PPM1E
ChEA_2022,E2F4 17652178 ChIP-ChIP JURKAT Human,0.3380266759891759,0.53978918267236,6,DLX1;HSPH1;BMP2K;TPRKB;ARHGAP5;RNF5
ChEA_2022,FLI1 26923725 Chip-Seq HEMOGENIC-ENDOTHELIUM Mouse,0.338663319653767,0.53978918267236,13,METRN;PROX1;NLK;ELFN1;ETV5;KIF5B;PIP4K2A;MAL;TRIM36;LRRC8B;GOLGA7;SH3D19;SEC11C
ChEA_2022,RUNX1 27514584 Chip-Seq MCF-7 Human,0.3391268116103441,0.53978918267236,14,EXD2;KCNG4;GPR37L1;NUDT4;PACSIN2;PIP4K2A;EFHD1;SOX8;TSPAN2;TPPP;SFXN5;FGFR2;YPEL2;CHST3
ChEA_2022,TDRD3 21172665 ChIP-Seq MCF-7 Human,0.34046065970105105,0.5407316359957869,5,SLC12A2;KCNG4;BAALC;PPM1E;VEGFA
ChEA_2022,CEBPB 26923725 Chip-Seq MACROPHAGESS Mouse,0.342287074126296,0.5424506022566734,13,DLX1;KCNG4;MBOAT1;PKD2L1;ELFN1;SGPP2;ETV5;NDUFS8;ME1;PACSIN2;PIP4K2A;TRIM36;FGFR2
ChEA_2022,GF1 26923725 Chip-Seq HPCs Mouse,0.3440786579777319,0.5433792205957162,10,TTLL7;CREB1;SALL1;PHKB;FAT3;PROX1;FHDC1;NLK;SYTL2;SH3D19
ChEA_2022,GATA3 21878914 ChIP-Seq MCF-7 Human,0.34436378589193534,0.5433792205957162,14,KCNG4;PAX6;OXSR1;EML1;MLH3;SYTL2;HIPK2;HSPH1;NDUFS8;PRKD3;BMP2K;PIP4K2A;FAM53B;CHST3
ChEA_2022,POU2F1 35413990 ChIP-Seq Human ARposCRProstateCancer,0.3460629655230689,0.5437859101611212,7,DLX1;TMEM33;H2BC4;GBF1;EFHD1;SEMA3E;ETV5
ChEA_2022,P68 20966046 ChIP-Seq HELA Human,0.34611339137827196,0.5437859101611212,14,KCNG4;METRN;PIGQ;PKD2L1;GPR37L1;ADO;ELFN1;HAPLN4;VEGFA;NDUFS8;BMP2K;SOX8;TPPP;SH3D19
ChEA_2022,TP53 16413492 ChIP-PET HCT116 Human,0.35014701458536873,0.5489401583499651,3,GRM5;ARHGAP5;GNAI1
ChEA_2022,E2F1 21310950 ChIP-Seq MCF-7 Human,0.3543148482811029,0.5542822411951158,8,TTLL7;OXCT1;PIGQ;MYO6;CYCS;FGF12;EPS15;SFXN5
ChEA_2022,NKX2-5 21415370 ChIP-Seq HL-1 Mouse,0.35638216987727406,0.5555506880698042,9,DPY19L1;TMEM33;BMP2K;TPRKB;PACSIN2;CDC42EP1;SFXN5;VEGFA;SEC11C
ChEA_2022,ETV1 20927104 ChIP-Seq GIST48 Human,0.3566498244398743,0.5555506880698042,14,GPR37L1;PROX1;SGPP2;RASGRP3;TTLL7;NFASC;PRKD3;S1PR1;PADI2;TSPAN2;LRRC8B;EPS15;SFXN5;MAP4K4
ChEA_2022,TCF12/HEB 22897851 ChIP-Seq JUKARTE6-1 Human,0.3610583599790436,0.5612186448288332,14,DLX1;UBXN2B;ELOVL5;SVIP;PIK3C2B;PTPRD;NFASC;RASSF2;BMP2K;PIP4K2A;FAM53B;FAT3;TMEM229A;CHST3
ChEA_2022,FLI1 26923725 Chip-Seq MACROPHAGESS Mouse,0.36327416814176033,0.5634614225007304,13,ELOVL5;NETO2;HSD17B12;ADO;SYTL2;TTLL7;SALL1;NDUFS8;KIF5B;PIP4K2A;FAM53B;ANKRD40;EPS15
ChEA_2022,IRF1 21803131 ChIP-Seq MONOCYTES Human,0.36503301717473335,0.5644758543392813,3,P2RY12;SEMA3E;PPM1E
ChEA_2022,RBPJ 21746931 ChIP-Seq IB4 Human,0.3654768220139105,0.5644758543392813,14,GPR37L1;PROX1;RASGRP3;PIK3C2B;TTLL7;NFASC;PRKD3;S1PR1;MAL;PADI2;TSPAN2;LRRC8B;EPS15;MAP4K4
ChEA_2022,PPARD 23176727 ChIP-Seq KERATINOCYTES Mouse,0.36657644820270435,0.5649772320079735,2,OXCT1;ELOVL6
ChEA_2022,NEUROD2 26341353 ChIP-Seq CORTEX Mouse,0.37062643299460285,0.5700140709980285,13,SEMA6D;FHDC1;NLK;ELFN1;VEGFA;GRM5;CREB1;SALL1;TMEM98;KIF5B;BMP2K;CDC42EP1;JAM2
ChEA_2022,SOX11 22085726 ChIP-Seq ESNs Mouse,0.373389509190359,0.5730546362100457,13,KCNG4;GBF1;PHYHIPL;PTPRD;DPY19L1;HSPH1;NDUFS8;TMEM98;MYO6;MAL;ENPP1;PPARGC1A;MAP4K4
ChEA_2022,SOX17 20123909 ChIP-Seq XEN Mouse,0.3749885094013644,0.5742996288941065,12,ANKRD28;TMEM33;PACSIN2;BAALC;PHYHIPL;ZFP91;SP8;SOX6;RNF5;FGFR2;PDIA4;MAP4K4
ChEA_2022,TBX2 35687133 ChIP-Seq MCF-7 Human BreastCancer,0.3766909237725011,0.5756974495391054,7,NDUFS8;TRIM36;TSPAN2;TPPP;PDIA4;PIK3C2B;NUDT4
ChEA_2022,DNAJC2 21179169 ChIP-ChIP NT2 Human,0.3792524613789385,0.5778362672631783,7,GABRB2;TMEM98;PHYHIPL;FHDC1;RNF5;GOLGA7;EDIL3
ChEA_2022,UBF1/2 26484160 Chip-Seq HMECs Human,0.3796756817819786,0.5778362672631783,14,SLC12A2;MBOAT1;PAX6;FHDC1;ADO;VEGFA;PIK3C2B;PRKD3;MMP15;CHORDC1;S1PR1;PADI2;FAM53B;CHST3
ChEA_2022,ESET 19884257 ChIP-Seq ESCs Mouse,0.38075713796073657,0.5782749032778687,12,DLX1;KIF5B;ARAP2;MLC1;FAM53B;ELOVL6;TPPP;DUSP15;GOLGA7;GNAI1;PDIA4;CHST3
ChEA_2022,TRIM28 19339689 ChIP-ChIP MESCs Mouse,0.385873026290119,0.5840342575524486,19,KCNJ10;TPRKB;MLC1;PHKB;ELOVL6;PPM1E;VEGFA;TMEM47;NFASC;CREB1;SALL1;MMP15;OXCT1;TMBIM1;EFHD1;SP8;ANKRD40;PLCB1;GOLGA7
ChEA_2022,TCF21 26020271 ChIP-Seq HCASMC Human CoronaryArtery,0.38615159415676303,0.5840342575524486,10,EXD2;CPD;TPRKB;LRRC8B;ADO;GOLGA7;SVIP;SYTL2;RASGRP3;VEGFA
ChEA_2022,MYB 21317192 ChIP-Seq ERMYB Mouse,0.39078877363367687,0.5898240496458601,7,ANKRD28;HSPH1;ELOVL5;BMP2K;ETV5;NUDT4;MAP4K4
ChEA_2022,TCF21 26020271 ChIP-Seq SMOOTH MUSCLE Human,0.39305657531254523,0.5920211640554659,14,KCNG4;TPRKB;ADO;SYTL2;VEGFA;HSPH1;RASSF2;CPD;PACSIN2;CDC42EP1;FAM53B;ENPP1;PLCB1;MAP4K4
ChEA_2022,EBNA2 21746931 ChIP-Seq IB4-LCL Human,0.39463067270441743,0.5931665162917944,10,NFASC;NDUFS8;ELOVL5;PADI2;EFHD1;ADO;GPR155;FGF12;CHST3;PIK3C2B
ChEA_2022,PU.1 20513432 ChIP-Seq MACROPHAGES Mouse,0.39651957579057345,0.5940741189683091,13,EXD2;ZFP91;PKD2L1;PPM1E;PDIA4;VEGFA;KIF5B;CPD;EFHD1;ANKRD40;TPPP;YPEL2;CHST3
ChEA_2022,CREB1 23762244 ChIP-Seq HIPPOCAMPUS Rat,0.3968643291324644,0.5940741189683091,17,EXD2;MMGT1;ELOVL5;GBF1;ZFP91;NLK;ADO;RNF5;ETV5;CREB1;HSPH1;NDUFS8;TMEM33;CPD;RNF141;EPS15;SEC11C
ChEA_2022,CDH4 35650610 ChIP-Seq mESC Mouse Stem Autism,0.39976745273834413,0.596833937251395,7,PRMT8;HSPH1;AGO3;CDC42EP1;PLA2G7;ELFN1;NUDT4
ChEA_2022,CTCF 21964334 ChIP-Seq BJAB-B Human,0.40111054045319366,0.596833937251395,14,ANKRD28;LYNX1;METRN;NETO2;PLXDC2;HIPK2;VEGFA;NFASC;S1PR1;MAL;FAT3;ANKRD40;SOX6;YPEL2
ChEA_2022,PKCTHETA 26484144 Chip-Seq BREAST Human,0.4011641004844767,0.596833937251395,4,ELOVL5;ARAP2;PIP4K2A;NLK
ChEA_2022,GATA1 19941826 ChIP-Seq K562 Human,0.40211794898140263,0.5970345922758503,6,TTLL7;TMBIM1;MBOAT1;CDC42EP1;GPR37L1;NLK
ChEA_2022,EZH2 23942234 ChIP-Seq MYOBLASTS AND MYOTUBES Mouse,0.4036157680040767,0.5972974520001497,7,NFASC;RASSF2;CDC42EP1;DIP2A;ELFN1;HAPLN4;VEGFA
ChEA_2022,PPARG 23326641 ChIP-Seq C3H10T1-2 Mouse,0.40393366781354434,0.5972974520001497,5,KIF5B;CYCS;PLCB1;GOLGA7;VEGFA
ChEA_2022,EWS 26573619 Chip-Seq HEK293 Human,0.4049096004805011,0.5975285399803346,6,CREB1;S1PR1;ARAP2;PROX1;PLXDC2;EDIL3
ChEA_2022,FOXA1 33576154 ChIP-Seq Human HilarLN ProstateCancer,0.408746266090843,0.6019153288327056,7,OXCT1;FAM53B;SEMA3E;ETV5;GNAI1;ANKUB1;SH3D19
ChEA_2022,RBPJ 21746931 ChIP-Seq IB4-LCL Human,0.40953361193555826,0.6019153288327056,13,ELOVL5;ADO;MLH3;PIK3C2B;NFASC;NDUFS8;CDC42EP1;PADI2;EFHD1;MAP4;GPR155;FGF12;CHST3
ChEA_2022,RCOR2 21632747 ChIP-Seq MESCs Mouse,0.41138404012026064,0.6034184411421931,3,SALL1;SEMA3E;ARHGAP5
ChEA_2022,SPI1 23127762 ChIP-Seq K562 Human,0.41587219455917673,0.6087767667342165,10,ANKRD28;DPY19L1;KIF5B;TMBIM1;ELOVL6;DIP2A;SOX6;HAPLN4;SFXN5;HIPK2
ChEA_2022,GRHL2 25758223 ChIP-Seq PLACENTA Mouse,0.4177206351929894,0.6094001508160751,7,PRMT8;DPY19L1;TMEM98;PHYHIPL;FAM53B;ELOVL6;TMEM229A
ChEA_2022,GATA2 26923725 Chip-Seq HEMANGIOBLAST Mouse,0.4179699251139061,0.6094001508160751,1,ELOVL6
ChEA_2022,HTT 18923047 ChIP-ChIP STHdh Human,0.42386090656200565,0.616755690386631,3,PLCB1;FGF12;RASGRP3
ChEA_2022,E2F4 21247883 ChIP-Seq LYMPHOBLASTOID Human,0.428640480931562,0.6224679494006149,20,USP31;METRN;ZFP91;PHKB;PAX6;NETO2;ADO;EML1;MLH3;NUDT4;TTLL7;MYO1E;MMP15;KIF5B;REEP3;CHORDC1;S1PR1;FAM53B;LRRC8B;RNF141
ChEA_2022,RXR 22158963 ChIP-Seq LIVER Mouse,0.4309630140515927,0.6233572167531966,13,ANKRD28;ELOVL5;GBF1;TPRKB;ADO;NDUFS8;TMEM98;REEP3;ME1;CDC42EP1;PPARGC1A;RNF141;MAP4K4
ChEA_2022,RAD21 21589869 ChIP-Seq MESCs Mouse,0.4309630140515927,0.6233572167531966,13,LYNX1;USP31;HSD17B12;HIPK2;NUDT4;MYO1E;CDH10;S1PR1;BAALC;PADI2;GOLGA7;RNF141;JAM2
ChEA_2022,YY1 23942234 ChIP-Seq MYOBLASTS AND MYOTUBES Mouse,0.4328778497956899,0.6248870346555603,10,PTPRD;EXD2;NDUFS8;USP31;KIF5B;INSC;SEMA3E;PLCB1;GPR155;GNAI1
ChEA_2022,FOXA1 33576154 ChIP-Seq Human Lung ProstateCancer,0.43793458705625016,0.6307440760963012,31,UBXN2B;SEMA3E;DUSP15;HSPH1;FAM53B;MAP4;GOLGA7;ANKUB1;SH3D19;MAP4K4;ANKRD28;GUCY1A1;ELOVL5;H2BC4;ARAP2;ERBIN;ZFP91;PHKB;PAX6;OXSR1;ETV5;MLH3;SYTL2;PDIA4;SHTN1;MYO1E;DPY19L1;CDC42EP1;CYCS;ANKRD40;YPEL2
ChEA_2022,PPARG 19300518 ChIP-PET 3T3-L1 Mouse,0.4401776811200304,0.6307440760963012,2,CYCS;VEGFA
ChEA_2022,HOXB4 20404135 ChIP-ChIP EML Mouse,0.4403125534937322,0.6307440760963012,10,DPY19L1;CPD;MYO6;GBF1;BMP2K;PHKB;PAX6;HSD17B12;LRRC8B;NLK
ChEA_2022,ESR1 15608294 ChIP-ChIP MCF-7 Human,0.44039606959261635,0.6307440760963012,1,VEGFA
ChEA_2022,TRIM28 21343339 ChIP-Seq HEK293 Human,0.44477718144486217,0.6357697358300088,1,TMEFF2
ChEA_2022,BCL6 27268052 Chip-Seq Bcells Human,0.446809825353363,0.636793606193727,13,LYNX1;PRMT8;MMGT1;ELOVL5;ADO;EML1;ELFN1;HAPLN4;MLH3;RASSF2;CDC42EP1;TPPP;CHST3
ChEA_2022,SOX3 22085726 ChIP-Seq NPCs Mouse,0.4486732317418322,0.636793606193727,13,PAX6;PROX1;DUSP15;TMEFF2;RASSF2;NDUFS8;REEP3;TMBIM1;ME1;SP8;PLCB1;GPR155;PPARGC1A
ChEA_2022,CEBPB 22108803 ChIP-Seq LS180 Human,0.4486732317418322,0.636793606193727,13,GPR17;ELOVL6;GPR37L1;HAPLN4;MLH3;PIK3C2B;TMEFF2;DPY19L1;HSPH1;BMP2K;MAL;FAM53B;CRYAB
ChEA_2022,FOXA1 33576154 ChIP-Seq Human Liver ProstateCancer,0.4494365183247192,0.636793606193727,16,ANKRD28;EFCAB14;PHKB;SEMA3E;OXSR1;GNAI1;TTLL7;DPY19L1;CREB1;OXCT1;MYO6;CYCS;DIP2A;TMEM229A;ANKUB1;SH3D19
ChEA_2022,CEBPB 20176806 ChIP-Seq THIOMACROPHAGE Mouse,0.44986105238651497,0.636793606193727,10,MYO1E;SALL1;NDUFS8;PRKD3;OXCT1;ANKRD40;TPPP;SOX6;PDIA4;CHST3
ChEA_2022,SALL1 21062744 ChIP-ChIP HESCs Human,0.4534374242520154,0.6394403968237836,1,ELOVL6
ChEA_2022,PGR 26153859 ChIP-Seq MCF-7 Human BreastCancer,0.45348516482564627,0.6394403968237836,7,EXD2;LYNX1;NFASC;METRN;GPR37L1;YPEL2;PIK3C2B
ChEA_2022,SALL4 18804426 ChIP-ChIP XEN Mouse,0.45628333956891903,0.6421439276944826,6,SALL1;ELOVL5;MYO6;BMP2K;BAALC;NUDT4
ChEA_2022,MYC 22102868 ChIP-Seq BL Human,0.45764131768025973,0.6428141051809428,5,ANKRD28;GPR17;RASSF2;ELOVL6;PIK3C2B
ChEA_2022,EOMES 21245162 ChIP-Seq HESCs Human,0.4585666589984833,0.642875181557489,7,PTPRD;EXD2;HSPH1;CPD;BMP2K;HSD17B12;YPEL2
ChEA_2022,IRF1 21803131 ChIP-Seq PrimaryMonocytes Human Connective,0.46196343861574596,0.6447374813152937,1,TSPAN2
ChEA_2022,FOXA1 25329375 ChIP-Seq VCAP Human,0.4626353555978014,0.6447374813152937,13,GPR17;DLX1;TPRKB;ARAP2;PHYHIPL;PKD2L1;GPR37L1;ELFN1;MLH3;RASSF2;NDUFS8;BMP2K;FAT3
ChEA_2022,FOXA1 27270436 Chip-Seq PROSTATE Human,0.4626353555978014,0.6447374813152937,13,GPR17;DLX1;TPRKB;ARAP2;PHYHIPL;PKD2L1;GPR37L1;ELFN1;MLH3;RASSF2;NDUFS8;BMP2K;FAT3
ChEA_2022,SPI1 23547873 ChIP-Seq NB4 Human,0.4645195519071366,0.6447374813152937,22,ANKRD28;SLC12A2;EXD2;KCNG4;ELOVL5;GBF1;ARAP2;PAX6;ELOVL6;OXSR1;ETV5;CREB1;HSPH1;RASSF2;TMEM33;CPD;CHORDC1;PACSIN2;PADI2;ANKRD40;LRRC8B;GOLGA7
ChEA_2022,GATA3 26560356 Chip-Seq TH2 Human,0.4654240504365662,0.6447374813152937,13,GABRB2;MBOAT1;HIPK2;GPRC5B;CREB1;OXCT1;REEP3;S1PR1;BMP2K;MAL;CDC42EP1;LRRC8B;GPR155
ChEA_2022,SCL 19346495 ChIP-Seq HPC-7 Human,0.46625924808861013,0.6447374813152937,2,REEP3;FHDC1
ChEA_2022,ETS1 20019798 ChIP-Seq JURKAT Human,0.46739150775861443,0.6447374813152937,11,HSPH1;USP31;TMEM33;TPRKB;CYCS;ZFP91;PHKB;OXSR1;HSD17B12;ADO;SEC11C
ChEA_2022,ESR1 20056654 ChIP-Seq MCF-7 Human BreastCancer,0.46743660225541844,0.6447374813152937,7,SHTN1;USP31;MYO6;MBOAT1;PPM1E;YPEL2;VEGFA
ChEA_2022,SOX3 22085726 ChIP-Seq MUSCLE Mouse,0.4678547703920307,0.6447374813152937,12,DLX1;LYNX1;HSPH1;TMEM98;METRN;MAL;CDC42EP1;FAM53B;PKD2L1;PHKB;ANKRD40;OXSR1
ChEA_2022,JUN 26020271 ChIP-Seq SMOOTH MUSCLE Human,0.46913987501752336,0.6452886205429709,13,SLC12A2;KCNG4;SYTL2;MYO1E;HSPH1;NDUFS8;OXCT1;CYCS;MAP4;EDIL3;SFXN5;CHST3;SH3D19
ChEA_2022,SPI1 20176806 ChIP-Seq THIOMACROPHAGE Mouse,0.4710129045685786,0.6466448350856756,10,EXD2;MYO1E;SALL1;NDUFS8;OXCT1;TRIM36;PLXDC2;ADO;MLH3;CHST3
ChEA_2022,TAF2 19829295 ChIP-Seq ESCs Human,0.4765620182645998,0.6530332919452881,13,GABRA1;PIGQ;ADO;PLA2G7;ELFN1;HAPLN4;PIK3C2B;NFASC;NDUFS8;MYO6;FAM53B;TPPP;JAM2
ChEA_2022,SPI1 26923725 Chip-Seq MACROPHAGESS Mouse,0.47749637898496233,0.6530860418011961,12,KCNG4;KIF5B;GBF1;PACSIN2;MBOAT1;ENPP1;PKD2L1;ANKRD40;LRRC8B;NLK;YPEL2;SH3D19
ChEA_2022,BRD4 28847988 ChIP-Seq BCBL1 Human Blood Lymphoma,0.47903092470385883,0.6539579477698746,2,HIPK2;NUDT4
ChEA_2022,CCND1 20090754 ChIP-ChIP RETINA Mouse,0.4803837545704185,0.6544591268624399,12,SALL1;NDUFS8;GBF1;ZFP91;ELOVL6;ANKRD40;NLK;RNF5;FGF12;GOLGA7;SFXN5;HIPK2
ChEA_2022,RUNX2 24764292 ChIP-Seq MC3T3 Mouse,0.4811935418357583,0.6544591268624399,13,USP31;ZFP91;PLXDC2;HIPK2;VEGFA;NUDT4;HSPH1;INSC;PACSIN2;CDC42EP1;PADI2;SOX6;GPR155
ChEA_2022,STAT6 20620947 ChIP-Seq CD4 POS T Human,0.484734456464916,0.6559068025879817,3,GPR17;HIPK2;RASGRP3
ChEA_2022,KLF5 18264089 ChIP-ChIP MESCs Mouse,0.48675662578888634,0.6559068025879817,1,SALL1
ChEA_2022,KLF2 18264089 ChIP-ChIP MESCs Mouse,0.48675662578888634,0.6559068025879817,1,SALL1
ChEA_2022,KLF4 18264089 ChIP-ChIP MESCs Mouse,0.48675662578888634,0.6559068025879817,1,SALL1
ChEA_2022,IGF1R 20145208 ChIP-Seq DFB Human,0.48675662578888634,0.6559068025879817,1,RNF141
ChEA_2022,EGR1 19032775 ChIP-ChIP M12 Human,0.48911413665884323,0.656791176712749,2,PIP4K2A;MAP4
ChEA_2022,IRF8 22096565 ChIP-ChIP GC-B Mouse,0.48921482709879655,0.656791176712749,4,P2RY12;CHORDC1;ZFP91;RNF141
ChEA_2022,DMRT1 21621532 ChIP-ChIP FETAL Ovary,0.49872411759674257,0.6683269884706348,1,RNF5
ChEA_2022,FOSL1 28411283 ChIP-Seq MDA231-LM2-4175 Human BreastCancer,0.5014233817888973,0.670711275824048,10,ANKRD28;SHTN1;OXCT1;PACSIN2;ANKRD40;MAP4;EML1;GNAI1;SYTL2;SH3D19
ChEA_2022,EP300 21415370 ChIP-Seq HL-1 Mouse,0.5040865192378003,0.6730385943669531,5,GBF1;PIP4K2A;FGF12;SYTL2;RASGRP3
ChEA_2022,EOMES 20176728 ChIP-ChIP TSCs Mouse,0.5066252937248248,0.6751916620208359,10,GPRC5B;NFASC;REEP3;ZFP91;AQP4;PAX6;GOLGA7;FGFR2;SYTL2;MAP4K4
ChEA_2022,ELF5 23300383 ChIP-Seq T47D Human,0.508755188837744,0.676792942815174,7,SLC12A2;ELOVL5;REEP3;TMBIM1;ELOVL6;SEMA3E;SVIP
ChEA_2022,TCF7 22412390 ChIP-Seq EML Mouse,0.5134045015104677,0.681733846267998,13,ELOVL5;ELOVL6;NETO2;VEGFA;CREB1;RASSF2;REEP3;TMBIM1;S1PR1;BMP2K;PACSIN2;DIP2A;MAP4K4
ChEA_2022,GATA6 25053715 ChIP-Seq YYC3 Human,0.5170572095080838,0.6853358286025328,13,PROX1;ARHGAP5;SGPP2;RASGRP3;DPY19L1;KIF5B;CPD;MYO6;PADI2;TMEM229A;PPARGC1A;YPEL2;MAP4K4
ChEA_2022,ESR1 30970003 ChIP-Seq MCF-7 Human BreastCancer,0.5186206110345392,0.6861604817498712,7,HSPH1;USP31;FHDC1;TMEM229A;EML1;SFXN5;SYTL2
ChEA_2022,SALL4 28974232 ChIP-Seq Mouse BoneMarrow Leukemia,0.5197768773669311,0.686444463044371,3,CPD;FGF12;PIK3C2B
ChEA_2022,ZNF652 21678463 ChIP-ChIP ZR75-1 Human,0.5218335738290183,0.6879144219192664,1,PLXDC2
ChEA_2022,GATA2 22383799 ChIP-Seq G1ME Mouse,0.5280167384769714,0.693809632088244,12,DLX1;RASSF2;KIF5B;CDH10;REEP3;S1PR1;PACSIN2;ZFP91;NLK;GPR155;HIPK2;MAP4K4
ChEA_2022,TBX4 33478486 ChIP-Seq IMR90 Human Lung,0.5282089791618318,0.693809632088244,2,SHTN1;PHYHIPL
ChEA_2022,KAP1 22055183 ChIP-Seq ESCs Mouse,0.532444728483142,0.6981154803313139,8,FUT9;KIF5B;NETO2;PROX1;LRRC8B;SGPP2;MLH3;YPEL2
ChEA_2022,KDM2B 26808549 Chip-Seq DND41 Human,0.533405529318253,0.6981196245475879,13,METRN;ELOVL5;ELOVL6;FHDC1;DUSP15;VEGFA;PIK3C2B;CREB1;RASSF2;PRKD3;CHORDC1;PIP4K2A;MAL
ChEA_2022,CEBPB 21427703 ChIP-Seq 3T3-L1 Mouse,0.5364655550727208,0.7008662896917803,12,HSPH1;METRN;TMEM33;TMBIM1;S1PR1;BMP2K;CDC42EP1;ANKRD40;PPARGC1A;RNF141;JAM2;MAP4K4
ChEA_2022,PRDM16 22522345 ChIP-ChIP PALATE MESENCHYMAL Mouse,0.540280526135374,0.7045876628849511,1,FAM53B
ChEA_2022,CUX1 19635798 ChIP-ChIP MULTIPLE CANCER TYPES Human,0.544215120930878,0.7084514699260894,13,KCNJ10;ELOVL5;AQP4;GNAI1;SYTL2;HIPK2;RASGRP3;TMEFF2;PACSIN2;ENPP1;SOX8;PLCB1;FGF12
ChEA_2022,SMC4 20622854 ChIP-Seq HELA Human,0.5485860192116772,0.7128684634675805,12,LYNX1;CREB1;TMEM98;OXCT1;CDH10;CDC42EP1;TRIM36;SOX8;TPPP;ELFN1;PPM1E;SYTL2
ChEA_2022,RACK7 27058665 Chip-Seq MCF-7 Human,0.5531626288876944,0.7160003420094331,13,METRN;HSD17B12;PLXDC2;ADO;PPM1E;VEGFA;NUDT4;GPRC5B;MMP15;REEP3;FAM53B;LRRC8B;SFXN5
ChEA_2022,CTCF 33576154 ChIP-Seq Human PerigastricLN ProstateCancer,0.5532344584158034,0.7160003420094331,18,SLC12A2;UBXN2B;ZFP91;NETO2;PLA2G7;VEGFA;ANO3;NUDT4;GPRC5B;DPY19L1;NFASC;TMBIM1;MYO6;CDC42EP1;EFHD1;SOX6;PLCB1;YPEL2
ChEA_2022,TP53 22127205 ChIP-Seq IMR90 Human,0.5539426514311663,0.7160003420094331,6,SLC12A2;MYO1E;PKD2L1;MAP4;LRRC8B;MAP4K4
ChEA_2022,NOTCH1 17114293 ChIP-ChIP T-ALL Human,0.5614856595086715,0.7238679194934602,1,SEC11C
ChEA_2022,SOX11 23321250 ChIP-ChIP Z138-A519-JVM2 Human,0.5629120630106755,0.7238679194934602,6,RASSF2;SALL1;SP8;MAP4;PROX1;PLXDC2
ChEA_2022,VDR 21846776 ChIP-Seq THP-1 Human,0.5630083818282468,0.7238679194934602,5,REEP3;OXSR1;HSD17B12;ELFN1;CHST3
ChEA_2022,E2F1 20622854 ChIP-Seq HELA Human,0.5697616879156362,0.7310567839276546,12,NDUFS8;PIGQ;MBOAT1;MAL;PKD2L1;FAT3;GPR37L1;ADO;ELFN1;HAPLN4;SFXN5;CHST3
ChEA_2022,RARA 24833708 ChIP-Seq LIVER Mouse,0.57060536358688,0.7310567839276546,11,HSPH1;KIF5B;PACSIN2;PROX1;NLK;FGFR2;ETV5;MLH3;YPEL2;VEGFA;SH3D19
ChEA_2022,ZNF274 21170338 ChIP-Seq K562 Hela,0.5719563092134919,0.7315020165204134,2,USP31;PLCB1
ChEA_2022,HSF1 23293686 ChIP-Seq STHDH STRIATAL Mouse,0.5741014212589453,0.7329248285717626,5,TMEM33;ELOVL5;CHORDC1;SEMA3E;CRYAB
ChEA_2022,PITX1 30713093 ChIP-Seq Epithelial Human Tongue SCC,0.575079563707885,0.7329248285717626,1,FGFR2
ChEA_2022,HIF1A 21447827 ChIP-Seq MCF-7 Human,0.5785913647274589,0.7361136210930498,2,GPR37L1;OXSR1
ChEA_2022,SMRT 22465074 ChIP-Seq MACROPHAGES Mouse,0.5815632583179287,0.7383634064567034,12,CREB1;NDUFS8;PRKD3;REEP3;CPD;PIP4K2A;PAX6;RNF5;ETV5;YPEL2;RASGRP3;SEC11C
ChEA_2022,BMI1 19503595 ChIP-Seq MEFsC Mouse,0.5823854028979485,0.7383634064567034,4,SALL1;MMGT1;MLC1;RNF5
ChEA_2022,NANOG 18555785 ChIP-Seq MESCs Mouse,0.5858153115823477,0.7414225037214088,3,PRMT8;TPRKB;JAM2
ChEA_2022,KDM5B 21448134 ChIP-Seq MESCs Mouse,0.5908794751938153,0.7465357667526714,23,ANKRD28;DLX1;LYNX1;GBF1;ZFP91;PAX6;OXSR1;NLK;ARHGAP5;PLA2G7;ETV5;HIPK2;NUDT4;HSPH1;SALL1;KIF5B;CHORDC1;FAT3;SP8;SOX6;FGF12;GOLGA7;JAM2
ChEA_2022,CIITA 25753668 ChIP-Seq RAJI Human,0.5927914991882277,0.7476557143740795,3,USP31;GBF1;OXSR1
ChEA_2022,PCGF4 22325352 ChIP-Seq 293T-Rex Human,0.5941253715105647,0.7480438615392083,12,TTLL7;NFASC;S1PR1;PADI2;TSPAN2;GPR37L1;PROX1;LRRC8B;EPS15;SFXN5;RASGRP3;MAP4K4
ChEA_2022,NCOR 22465074 ChIP-Seq MACROPHAGES Mouse,0.6029994438648424,0.7579079216852933,12,P2RY12;RASSF2;NDUFS8;REEP3;CPD;TMBIM1;MYO6;GBF1;ADO;EPS15;YPEL2;NUDT4
ChEA_2022,NR0B1 18358816 ChIP-ChIP MESCs Mouse,0.606801938958931,0.761374549915767,9,PRMT8;REEP3;PADI2;PAX6;ELOVL6;RNF5;ETV5;YPEL2;NUDT4
ChEA_2022,AR 27623747 ChIP-Seq 22Rv1 Mouse Prostate Carcinoma,0.6156706825440195,0.7703262417553051,21,P2RY12;GABRB2;LYNX1;PRMT8;ELOVL5;MLC1;PROX1;HAPLN4;GNAI1;HIPK2;ANO3;NFASC;MMP15;TMEM33;INSC;ME1;PACSIN2;EFHD1;MAP4;FGF12;SH3D19
ChEA_2022,ERG 20887958 ChIP-Seq HPC-7 Mouse,0.6160496556150108,0.7703262417553051,11,DLX1;EXD2;UBXN2B;ELOVL5;OXCT1;MYO6;CDC42EP1;FAM53B;ELOVL6;LRRC8B;SEC11C
ChEA_2022,DROSHA 22980978 ChIP-Seq HELA Human,0.6215913291634559,0.7751195867769718,3,OXCT1;FAT3;NLK
ChEA_2022,ELF1 20517297 ChIP-Seq JURKAT Human,0.6220095449444836,0.7751195867769718,6,PIGQ;TMBIM1;LRRC8B;ADO;HAPLN4;CHST3
ChEA_2022,MAF 26560356 Chip-Seq TH2 Human,0.6230770420313747,0.7751248526294746,12,TTLL7;DPY19L1;CREB1;METRN;REEP3;S1PR1;ARAP2;MAL;ELOVL6;NLK;RASGRP3;MAP4K4
ChEA_2022,IKZF1 21737484 ChIP-ChIP HCT116 Human,0.6253935201218973,0.7766812200491706,1,PLXDC2
ChEA_2022,MYCN 21190229 ChIP-Seq SHEP-21N Human,0.6269660228800682,0.7773099161217173,2,JAM2;ETV5
ChEA_2022,ELK1 19687146 ChIP-ChIP HELA Human,0.6298455180804836,0.7795541301878991,5,CHORDC1;TPRKB;ZFP91;ANKRD40;SYTL2
ChEA_2022,EWS-ERG 20517297 ChIP-Seq CADO-ES1 Human,0.6325827242690251,0.7812490328553329,6,TMEM47;UBXN2B;BAALC;ANKRD40;RNF141;MLH3
ChEA_2022,FOXO3 22982991 ChIP-Seq MACROPHAGES Mouse,0.6333582694341587,0.7812490328553329,12,SMIM13;UBXN2B;USP31;MYO6;TPRKB;ME1;CYCS;LRRC8B;NLK;ADO;PLCB1;MLH3
ChEA_2022,ZFP281 18358816 ChIP-ChIP MESCs Mouse,0.6378791830443103,0.7854964939853079,3,PRMT8;FUT9;RNF5
ChEA_2022,YY1 22570637 ChIP-Seq MALME-3M Human,0.6429847829707853,0.7883854771716929,6,ANKRD28;TMBIM1;ADO;ELFN1;EPS15;CHST3
ChEA_2022,MYCN 28898695 ChIP-Seq NB1643 Human Nerve Neuroblastoma,0.6431952087198624,0.7883854771716929,16,ANKRD28;EXD2;GUCY1A1;SEMA6D;TPRKB;ELOVL6;OXSR1;PDIA4;HSPH1;S1PR1;CYCS;ANKRD40;MAP4;LRRC8B;PPARGC1A;SEC11C
ChEA_2022,ZBTB16 27035670 ChIP-Seq hESC Human Endometrial,0.6434696281442487,0.7883854771716929,4,LYNX1;HSPH1;NLK;SVIP
ChEA_2022,FUS 26573619 Chip-Seq HEK293 Human,0.6521188099019409,0.7976419671451593,3,PHKB;SEMA3E;EML1
ChEA_2022,ETS1 22383799 ChIP-Seq G1ME Mouse,0.6539322770526218,0.7985203182099855,10,ANKRD28;GABRA1;HSPH1;ELOVL5;PHYHIPL;TRIM36;ELOVL6;HSD17B12;ADO;RNF5
ChEA_2022,KLF6 26769127 Chip-Seq PDAC-Cell Line Human,0.6559735222681509,0.7996734075810735,12,CREB1;NDUFS8;KIF5B;REEP3;CPD;TMBIM1;PIP4K2A;FAM53B;ADO;PPM1E;HIPK2;CHST3
ChEA_2022,HOXD13 18407260 ChIP-ChIP DEVELOPING-LIMBS Mouse,0.6618785620287627,0.804931827500809,1,PAX6
ChEA_2022,THAP11 20581084 ChIP-Seq MESCs Mouse,0.662495331276386,0.804931827500809,4,CHORDC1;ZFP91;SFXN5;SEC11C
ChEA_2022,RELB 30642670 ChIP-Seq CTB1 Human Placenta Inflammation,0.6645342227272866,0.8056012011064185,1,VEGFA
ChEA_2022,SRY 25088423 ChIP-ChIP EMBRYONIC GONADS Mouse,0.6652564102415144,0.8056012011064185,19,ANKRD28;PIGQ;GBF1;PAX6;GPR37L1;FHDC1;RNF5;TMEFF2;NFASC;HSPH1;FUT9;REEP3;TMBIM1;MAL;CYCS;SOX8;SOX6;PLCB1;EDIL3
ChEA_2022,GTF3C2 35216376 ChIP-Seq H9 Human BoneMarrow Lymphoma,0.6709635140240426,0.8101870960135501,9,TMEFF2;H2BC4;ARAP2;CDC42EP1;FAM53B;PAX6;PLCB1;PLA2G7;MAP4K4
ChEA_2022,SRY 22984422 ChIP-ChIP TESTIS Rat,0.6723774939481452,0.8101870960135501,1,RNF5
ChEA_2022,SOX4 29892750 ChIP-Seq EML Mouse BoneMarrow,0.6723774939481452,0.8101870960135501,1,PKD2L1
ChEA_2022,RAC3 21632823 ChIP-Seq H3396 Human,0.6791893160303132,0.8170445732443866,11,ANKRD28;PRMT8;KCNG4;INSC;PADI2;FHDC1;DUSP15;SGPP2;PPM1E;SFXN5;VEGFA
ChEA_2022,ZFX 18555785 ChIP-Seq MESCs Mouse,0.6820834254259722,0.8191743280651297,17,ANKRD28;SLC12A2;TPRKB;HSD17B12;EML1;ETV5;MLH3;PDIA4;NUDT4;TMEM33;KIF5B;REEP3;CHORDC1;TMBIM1;ANKRD40;DIP2A;RNF141
ChEA_2022,VDR 33458620 ChIP-Seq PrimaryEpithelial Human Prostate,0.6841389002086876,0.8202915431778508,8,PYURF;EXD2;SMIM13;AGO3;H2BC4;OXSR1;PLCB1;ETV5
ChEA_2022,XRN2 22483619 ChIP-Seq HELA Human,0.6880092056949942,0.8235775220880965,9,PIGQ;TMBIM1;GBF1;TPRKB;CDC42EP1;CYCS;OXSR1;RNF5;NUDT4
ChEA_2022,ERA 21632823 ChIP-Seq H3396 Human,0.6914007778034618,0.8262806016700387,11,GPRC5B;OXCT1;INSC;GBF1;AQP4;ANKRD40;PROX1;RNF141;PPM1E;MLH3;PIK3C2B
ChEA_2022,FLI1 21571218 ChIP-Seq MEGAKARYOCYTES Human,0.6933523347182426,0.8272567135999982,35,EXD2;UBXN2B;HSD17B12;NLK;ELFN1;GNAI1;RASGRP3;RASSF2;CHORDC1;BAALC;FAM53B;TPPP;LRRC8B;GOLGA7;EPS15;TPRKB;MBOAT1;ZFP91;PHKB;OXSR1;PLXDC2;EML1;SGPP2;SVIP;ETV5;MLH3;HIPK2;PTPRD;NFASC;NDUFS8;TMEM98;TMEM33;BMP2K;MAL;TRIM36
ChEA_2022,PHF8 20622854 ChIP-Seq HELA Human,0.6970051954919257,0.8291680197202316,11,KCNG4;NDUFS8;MMGT1;PIGQ;GPR37L1;TPPP;ADO;ELFN1;SFXN5;MLH3;SH3D19
ChEA_2022,ISL1 30127528 ChIP-Seq KELLY Human Brain Neuroblastoma,0.697229075567218,0.8291680197202316,1,PPARGC1A
ChEA_2022,TBP 23326641 ChIP-Seq C3H10T1-2 Mouse,0.7009289658600474,0.8322104496937697,4,METRN;ELOVL6;RNF5;VEGFA
ChEA_2022,GATA3 20176728 ChIP-ChIP TSCs Mouse,0.7033769903874231,0.8329345474520585,4,OXCT1;ZFP91;PAX6;PLA2G7
ChEA_2022,CTCF 20526341 ChIP-Seq ESCs Human,0.7049059071060192,0.8329345474520585,11,TTLL7;LYNX1;INSC;S1PR1;CDC42EP1;PHYHIPL;CYCS;PKD2L1;ELOVL6;NLK;ADO
ChEA_2022,STAT5 23275557 ChIP-Seq MAMMARY-EPITHELIUM Mouse,0.7057109619826621,0.8329345474520585,6,TRIM36;ELOVL6;SEMA3E;EML1;GPR155;GOLGA7
ChEA_2022,RUNX1 22897851 ChIP-Seq JUKARTE6-1 Human,0.7072516939270566,0.8329345474520585,11,NDUFS8;UBXN2B;TPRKB;MBOAT1;PIP4K2A;FAM53B;PKD2L1;GPR155;SGPP2;MLH3;CHST3
ChEA_2022,CSB 26484114 Chip-Seq FIBROBLAST Human,0.7072516939270566,0.8329345474520585,11,MYO1E;TPRKB;MBOAT1;BAALC;DIP2A;NETO2;FHDC1;DUSP15;SFXN5;SYTL2;SH3D19
ChEA_2022,KAP1 27257070 Chip-Seq ESCs Mouse,0.710952153156546,0.8359421284695517,10,MYO1E;KCNJ10;REEP3;PACSIN2;PAX6;ELOVL6;HAPLN4;JAM2;SYTL2;PIK3C2B
ChEA_2022,E2A 27217539 Chip-Seq RAMOS-Cell Line Human,0.7142208490178215,0.837089492970792,11,ANKRD28;GPR17;RASSF2;MMP15;ELOVL5;TMBIM1;S1PR1;MBOAT1;EDIL3;RNF141;RASGRP3
ChEA_2022,AR 20517297 ChIP-Seq VCAP Human,0.7149888556808449,0.837089492970792,11,GPR17;MYO1E;USP31;BMP2K;TPRKB;BAALC;MAP4;SOX6;GPR155;SYTL2;PIK3C2B
ChEA_2022,GATA1 26923725 Chip-Seq HPCs Mouse,0.7157542036425173,0.837089492970792,1,NLK
ChEA_2022,GATA1 22383799 ChIP-Seq G1ME Mouse,0.7165210474811717,0.837089492970792,11,MYO1E;KCNJ10;ELOVL5;KIF5B;PIGQ;S1PR1;PKD2L1;PAX6;NLK;PPM1E;HIPK2
ChEA_2022,MYB 26560356 Chip-Seq TH1 Human,0.7195701119178394,0.8381109685420058,11,GABRB2;CREB1;KIF5B;CPD;CHORDC1;S1PR1;BMP2K;BAALC;PKD2L1;ARHGAP5;SEC11C
ChEA_2022,GATA2 21571218 ChIP-Seq MEGAKARYOCYTES Human,0.7196947411622712,0.8381109685420058,6,HSPH1;ELOVL5;SOX8;ELOVL6;PLXDC2;GNAI1
ChEA_2022,GFI1B 20887958 ChIP-Seq HPC-7 Mouse,0.7220949597081338,0.839564953153476,10,CREB1;MMP15;ELOVL5;OXCT1;CHORDC1;MYO6;ANKRD40;LRRC8B;PIK3C2B;MAP4K4
ChEA_2022,MYC 19030024 ChIP-ChIP MESCs Mouse,0.7246889341871872,0.8412392245580564,20,ANKRD28;PRMT8;ZFP91;ELOVL6;PROX1;HSD17B12;ETV5;PDIA4;VEGFA;CREB1;SALL1;NDUFS8;TMEM33;FUT9;REEP3;CHORDC1;ANKRD40;TPPP;SFXN5;SEC11C
ChEA_2022,FOXA1 26743006 Chip-Seq LNCaP-abl Human,0.7271029935805075,0.84269965392717,11,REEP3;CPD;GBF1;ME1;PIP4K2A;FAM53B;ELOVL6;NLK;ADO;SH3D19;MAP4K4
ChEA_2022,TP63 19390658 ChIP-ChIP HaCaT Human,0.7310371168152774,0.8435584559082975,1,DLX1
ChEA_2022,ESR1 20079471 ChIP-ChIP T-47D Human,0.7310371168152774,0.8435584559082975,1,EPS15
ChEA_2022,SIN3A 21632747 ChIP-Seq MESCs Mouse,0.7313154240521866,0.8435584559082975,6,GBF1;PHYHIPL;PHKB;ELOVL6;HAPLN4;MAP4K4
ChEA_2022,DCP1A 22483619 ChIP-Seq HELA Human,0.735026954617556,0.8465002368344365,4,MYO1E;GBF1;CYCS;ANKRD40
ChEA_2022,SA1 27219007 Chip-Seq Bcells Human,0.7367026498048391,0.8470918481194444,11,PRMT8;RASSF2;KCNJ10;S1PR1;PADI2;FAM53B;PAX6;ANKRD40;NLK;PDIA4;CHST3
ChEA_2022,YY1 21170310 ChIP-Seq MESCs Mouse,0.741912239486904,0.8517386182455953,2,EXD2;NUDT4
ChEA_2022,CTCF 21964334 Chip-Seq Bcells Human,0.7460823263794474,0.8538367597026957,11,GPRC5B;NFASC;METRN;S1PR1;FAM53B;FAT3;NETO2;RNF141;SVIP;ETV5;RASGRP3
ChEA_2022,SA1 27219007 Chip-Seq ERYTHROID Human,0.7460823263794474,0.8538367597026957,11,GRM5;KCNJ10;KIF5B;REEP3;TPRKB;CDC42EP1;FAM53B;PAX6;NETO2;PLXDC2;YPEL2
ChEA_2022,SMAD2 18955504 ChIP-ChIP HaCaT Human,0.7509410393941703,0.8562804727336569,10,ANKRD28;CREB1;TMBIM1;BMP2K;MBOAT1;FAM53B;ZFP91;EDIL3;SYTL2;PIK3C2B
ChEA_2022,SMAD3 18955504 ChIP-ChIP HaCaT Human,0.7509410393941703,0.8562804727336569,10,ANKRD28;CREB1;TMBIM1;BMP2K;MBOAT1;FAM53B;ZFP91;EDIL3;SYTL2;PIK3C2B
ChEA_2022,SOX2 30713093 ChIP-Seq Epithelial Human Tongue SCC,0.7517414301091089,0.8562804727336569,6,HSPH1;KCNAB1;PROX1;RNF5;CRYAB;RASGRP3
ChEA_2022,SREBP2 21459322 ChIP-Seq LIVER Mouse,0.7534514963157685,0.8565745278718351,5,GPR17;KIF5B;ANKRD40;TMEM229A;HAPLN4
ChEA_2022,STAT1 19122651 ChIP-Seq HeLaS3 Human CervicalCancer,0.7543495842163486,0.8565745278718351,24,DLX1;EXD2;MMGT1;GBF1;TPRKB;ERBIN;MBOAT1;EFCAB14;PHKB;NETO2;ADO;SVIP;TMEM47;SHTN1;DPY19L1;AGO3;TMEM33;OXCT1;TMBIM1;CYCS;ANKRD40;MAP4;RNF141;FGFR2
ChEA_2022,KLF4 18358816 ChIP-ChIP MESCs Mouse,0.7566860625160087,0.8566203014325071,8,TMEFF2;SALL1;OXCT1;REEP3;PADI2;PAX6;JAM2;CHST3
ChEA_2022,E2F1 17053090 ChIP-ChIP MCF-7 Human,0.7567400193724754,0.8566203014325071,9,HSPH1;USP31;NETO2;HSD17B12;PLCB1;CRYAB;JAM2;SYTL2;NUDT4
ChEA_2022,RELA 24523406 ChIP-Seq FIBROSARCOMA Human,0.764158823397636,0.8636771817936072,7,ANKRD28;CREB1;CPD;TMBIM1;ZFP91;AQP4;PIK3C2B
ChEA_2022,TFAP2A 17053090 ChIP-ChIP MCF-7 Human,0.776358437939521,0.876107277489026,10,SEMA6D;CHORDC1;PACSIN2;FAT3;PAX6;ANKRD40;NETO2;HSD17B12;SOX6;SYTL2
ChEA_2022,STAT1 20625510 ChIP-Seq HELA Human,0.778305252612705,0.876946722031935,3,BMP2K;PKD2L1;PPM1E
ChEA_2022,KDM5A 27292631 Chip-Seq BREAST Human,0.7803953381484897,0.877944755417051,5,EXD2;REEP3;HSD17B12;RNF141;PDIA4
ChEA_2022,TTF2 22483619 ChIP-Seq HELA Human,0.7825089763083629,0.8789661690736464,8,TTLL7;HSPH1;MYO6;CYCS;ENPP1;ANKRD40;LRRC8B;PDIA4
ChEA_2022,TAL1 22897851 ChIP-Seq JUKARTE6-1 Human,0.7896729962698414,0.8856486373549453,10,PTPRD;RASSF2;UBXN2B;OXCT1;PIP4K2A;FAM53B;HSD17B12;EML1;CHST3;PIK3C2B
ChEA_2022,SPI1 22790984 ChIP-Seq ERYTHROLEUKEMIA Mouse,0.7916206546207669,0.8864692123172643,10,EXD2;KCNG4;HSPH1;NDUFS8;ELOVL5;KIF5B;ELOVL6;RNF5;EPS15;SEC11C
ChEA_2022,DPY 21335234 ChIP-Seq ESCs Mouse,0.7935554273801586,0.887272862822294,10,SLC12A2;CREB1;KCNJ10;TMBIM1;PHYHIPL;SP8;GPR37L1;PROX1;JAM2;CHST3
ChEA_2022,SFPI1 20887958 ChIP-Seq HPC-7 Mouse,0.7949197045316775,0.8874127093584029,12,TMEM33;ELOVL5;CHORDC1;MYO6;TPRKB;CDC42EP1;PADI2;PHKB;ELOVL6;ELFN1;PIK3C2B;SEC11C
ChEA_2022,NANOG 20526341 ChIP-Seq ESCs Human,0.7961151055149457,0.8874127093584029,10,NFASC;NDUFS8;MMGT1;REEP3;PIGQ;PIP4K2A;FAM53B;PAX6;ELOVL6;ANKRD40
ChEA_2022,MYC 18555785 ChIP-Seq MESCs Mouse,0.799298205285159,0.8888731107821982,5,ANKRD28;SALL1;FUT9;HSD17B12;RNF141
ChEA_2022,ILF3 29590119 ChIP-Seq K562 Human BoneMarrow Leukemia,0.799863869236107,0.8888731107821982,4,KIF5B;ADO;SFXN5;PDIA4
ChEA_2022,PADI4 21655091 ChIP-ChIP MCF-7 Human,0.8034131642378919,0.8909795009725217,5,HSPH1;FAM53B;ZFP91;ARHGAP5;RNF5
ChEA_2022,MYC 28411283 ChIP-Seq MDA231-LM2-4175 Human BreastCancer,0.8057012642990817,0.8909795009725217,16,ANKRD28;EXD2;DESI1;ELOVL5;ZFP91;OXSR1;NLK;PDIA4;VEGFA;TMEM33;BMP2K;CYCS;ANKRD40;DIP2A;MAP4;LRRC8B
ChEA_2022,ESR1 26153859 ChIP-Seq T47D Human Breast Carcinoma,0.8067913031768483,0.8909795009725217,9,EXD2;NFASC;USP31;ANKRD40;HSD17B12;EML1;CRYAB;YPEL2;PIK3C2B
ChEA_2022,HCFC1 20581084 ChIP-Seq MESCs Mouse,0.8070238933133741,0.8909795009725217,1,ZFP91
ChEA_2022,FOXP1 21924763 ChIP-Seq HESCs Human,0.8078703019792001,0.8909795009725217,22,DLX1;EXD2;METRN;ELOVL5;GBF1;ZFP91;ELOVL6;PROX1;RNF5;PPM1E;GNAI1;VEGFA;NUDT4;TMEM47;MMP15;MYO6;BMP2K;FAM53B;SP8;FGF12;RNF141;FGFR2
ChEA_2022,RUNX1 20887958 ChIP-Seq HPC-7 Mouse,0.813803715416895,0.8911544677538716,5,PIGQ;CDC42EP1;PADI2;TSPAN2;MAP4K4
ChEA_2022,E2F1 18555785 ChIP-Seq MESCs Mouse,0.815412972501558,0.8911544677538716,20,ANKRD28;SLC12A2;PRMT8;PIGQ;ELOVL6;HSD17B12;PLA2G7;ETV5;MLH3;NUDT4;TMEM47;MYO1E;SALL1;TMEM33;FUT9;CHORDC1;TMBIM1;RNF141;SFXN5;MAP4K4
ChEA_2022,PRDM5 23873026 ChIP-Seq MEFs Mouse,0.8161389466487812,0.8911544677538716,5,SP8;GOLGA7;HIPK2;PDIA4;VEGFA
ChEA_2022,SMAD2/3 21741376 ChIP-Seq ESCs Human,0.8163650213657212,0.8911544677538716,10,DLX1;SALL1;PIGQ;PAX6;GPR155;HAPLN4;PPM1E;FGFR2;CHST3;SH3D19
ChEA_2022,LXR 22292898 ChIP-Seq THP-1 Human,0.8175429283589939,0.8911544677538716,10,GPR17;NFASC;KCNG4;ELOVL5;GPR37L1;PROX1;OXSR1;ELFN1;HAPLN4;VEGFA
ChEA_2022,STAT4 19710469 ChIP-ChIP TH1 Mouse,0.817994660493481,0.8911544677538716,6,P2RY12;CREB1;TMEM33;CPD;SOX6;GOLGA7
ChEA_2022,SPI1 26923725 Chip-Seq HPCs Mouse,0.8198603979982122,0.8911544677538716,9,NFASC;KCNG4;NDUFS8;CPD;PIP4K2A;PHKB;NLK;ELFN1;CHST3
ChEA_2022,RUNX1 17652178 ChIP-ChIP JURKAT Human,0.8206554902912728,0.8911544677538716,4,FUT9;CDH10;PAX6;PPARGC1A
ChEA_2022,RUNX1 22343733 ChIP-Seq Kasumi1 Human PeriphBlood AML,0.8210653466699799,0.8911544677538716,2,NFASC;FGF12
ChEA_2022,SPI1 22096565 ChIP-ChIP GC-B Mouse,0.8215448389805,0.8911544677538716,6,P2RY12;TMEM33;PADI2;ZFP91;OXSR1;HSD17B12
ChEA_2022,IRF8 21731497 ChIP-ChIP J774 Mouse,0.8217097223893121,0.8911544677538716,1,MYO6
ChEA_2022,SREBP1 19666523 ChIP-Seq LIVER Mouse,0.8226981574737389,0.8911544677538716,3,ANKRD28;PTPRD;EPS15
ChEA_2022,CEBPB 20513432 ChIP-Seq MACROPHAGES Mouse,0.8264365120256641,0.8938756932740493,9,EXD2;MYO1E;PIGQ;ZFP91;ANKRD40;TPPP;FHDC1;PLXDC2;YPEL2
ChEA_2022,FOXM1 23109430 ChIP-Seq U2OS Human,0.8313236546934962,0.897829547068976,1,BAALC
ChEA_2022,HNF1A 26855178 ChIP-Seq Caco2 Human Colon Adenocarcinoma,0.8336260343532573,0.8989842885259239,2,SOX6;YPEL2
ChEA_2022,EKLF 21900194 ChIP-Seq ERYTHROCYTE Mouse,0.8371824056228062,0.9014859286543955,6,NDUFS8;OXCT1;PIGQ;SOX6;PDIA4;SEC11C
ChEA_2022,LYL1 20887958 ChIP-Seq HPC-7 Mouse,0.8402549744808242,0.9034599946851339,3,UBXN2B;S1PR1;EML1
ChEA_2022,AR 35413990 ChIP-Seq Human ARposCRProstateCancer,0.846038198392289,0.9083385075522513,3,MLH3;ANKUB1;PIK3C2B
ChEA_2022,EST1 17652178 ChIP-ChIP JURKAT Human,0.8484610779334891,0.9096001850198728,3,HSPH1;TMEM33;TPRKB
ChEA_2022,STAT3 1855785 ChIP-Seq MESCs Mouse,0.8564000458129474,0.9167630446367675,2,PRMT8;TMBIM1
ChEA_2022,CTCF 33576154 ChIP-Seq Human Liver ProstateCancer,0.8604896317076469,0.9187468858359152,24,SMIM13;UBXN2B;PIGQ;EFCAB14;ZFP91;NETO2;OXSR1;MLH3;GNAI1;HIPK2;VEGFA;GPRC5B;DPY19L1;NFASC;TMEM98;TMBIM1;FAM53B;EFHD1;CYCS;ANKRD40;SOX6;PLCB1;PPARGC1A;SFXN5
ChEA_2022,CREB1 15753290 ChIP-ChIP HEK293T Human,0.8607738313112896,0.9187468858359152,2,CPD;GBF1
ChEA_2022,NFIB 24661679 ChIP-Seq LUNG Mouse,0.8715845703031937,0.9266827555618756,2,SGPP2;ETV5
ChEA_2022,IRF4 20064451 ChIP-Seq CD4+T Mouse,0.872022455851093,0.9266827555618756,4,GPRC5B;CPD;NLK;SFXN5
ChEA_2022,CBP 20019798 ChIP-Seq JUKART Human,0.872022455851093,0.9266827555618756,4,GPRC5B;CPD;NLK;SFXN5
ChEA_2022,RARB 24833708 ChIP-Seq LIVER Mouse,0.873852146693123,0.9272754220368074,8,NDUFS8;NETO2;PROX1;NLK;FGFR2;ETV5;YPEL2;VEGFA
ChEA_2022,P53 21459846 ChIP-Seq SAOS-2 Human,0.8781105165359849,0.9304397769690886,9,RASSF2;NDUFS8;MMGT1;ELOVL5;S1PR1;PLA2G7;HAPLN4;PDIA4;PIK3C2B
ChEA_2022,ESR1 26153859 ChIP-Seq MCF-7 Human BreastCancer,0.8794585318830418,0.9305156309763969,23,ANKRD28;EXD2;LYNX1;GBF1;MBOAT1;EFCAB14;GPR37L1;OXSR1;EML1;PPM1E;SYTL2;RASGRP3;PIK3C2B;SHTN1;PYURF;NFASC;TMBIM1;MYO6;ME1;EFHD1;TRIM36;LRRC8B;SFXN5
ChEA_2022,BCL6 25482012 ChIP-Seq CML-JURL-MK1 Human,0.8872147743843594,0.9373616964147796,9,PIGQ;CYCS;GPR37L1;HSD17B12;GPR155;HAPLN4;SFXN5;CHST3;VEGFA
ChEA_2022,LMO2 20887958 ChIP-Seq HPC-7 Mouse,0.8951108740128519,0.9433967806407846,7,S1PR1;BMP2K;CDC42EP1;HSD17B12;ADO;PIK3C2B;MAP4K4
ChEA_2022,ATF3 27146783 Chip-Seq COLON Human,0.8965437458506821,0.9433967806407846,9,NDUFS8;ME1;CDC42EP1;CYCS;ADO;EML1;RNF141;EPS15;VEGFA
ChEA_2022,TFEB 21752829 ChIP-Seq HELA Human,0.8968956342800166,0.9433967806407846,3,ZFP91;PPARGC1A;SEC11C
ChEA_2022,GATA2 20887958 ChIP-Seq HPC-7 Mouse,0.8981033823932846,0.9433967806407846,7,NFASC;S1PR1;CDC42EP1;TSPAN2;PAX6;EML1;MAP4K4
ChEA_2022,MYC 19079543 ChIP-ChIP MESCs Mouse,0.9014751785788895,0.9455761225669215,5,LYNX1;CHORDC1;GOLGA7;FGFR2;ETV5
ChEA_2022,DACH1 20351289 ChIP-Seq MDA-MB-231 Human,0.9038742642010371,0.9467303715553965,7,SLC12A2;TTLL7;USP31;REEP3;DIP2A;LRRC8B;HIPK2
ChEA_2022,YY1 26981420 ChIP-Seq C2C12 Mouse Muscle,0.9080102151672703,0.9495489038679528,10,EXD2;NDUFS8;USP31;KIF5B;CPD;GBF1;ZFP91;OXSR1;GPR155;SFXN5
ChEA_2022,CEBPB 23403033 ChIP-Seq LIVER Mouse,0.9091702810697271,0.9495489038679528,1,TMEM33
ChEA_2022,CTCF 26484167 Chip-Seq Bcells Mouse,0.9138876773330555,0.9531103244288948,8,GPRC5B;CDH10;S1PR1;ANKRD40;DIP2A;JAM2;YPEL2;VEGFA
ChEA_2022,FLI1 20887958 ChIP-Seq HPC-7 Mouse,0.9183376134584217,0.9563830288731276,8,EXD2;CREB1;TMEM33;CHORDC1;TPRKB;FAM53B;ELOVL6;NLK
ChEA_2022,GATA3 26560356 Chip-Seq TH1 Human,0.9199964714424103,0.9567438340677846,8,DPY19L1;MMP15;KIF5B;MAL;TPPP;GOLGA7;YPEL2;MAP4K4
ChEA_2022,MYC 22102868 ChIP-Seq CA46 Human Blood BurkittsLymphoma,0.9238625913121226,0.9593957679010504,13,ANKRD28;DESI1;ERBIN;ELOVL6;OXSR1;ADO;PDIA4;HSPH1;RASSF2;CYCS;ANKRD40;MAP4;LRRC8B
ChEA_2022,RUNX1 27514584 ChIP-Seq MCF-7 Human BreastCancer,0.9302968860215095,0.9647033142385213,7,SHTN1;EXD2;H2BC4;PACSIN2;TPPP;SFXN5;NUDT4
ChEA_2022,RUNX1 22343733 ChIP-Seq PBMC Human BoneMarrow,0.9345202117891234,0.9674645775412044,3,NFASC;ADO;SYTL2
ChEA_2022,OCT1 27270436 Chip-Seq PROSTATE Human,0.9356138918608355,0.9674645775412044,8,TMEM33;BMP2K;MBOAT1;KCNAB1;SVIP;MLH3;GNAI1;RASGRP3
ChEA_2022,CTCF 18555785 ChIP-Seq MESCs Mouse,0.9421931618945688,0.9728878399732871,5,MMP15;OXCT1;SOX8;EML1;FGFR2
ChEA_2022,CTNNB1 20615089 ChIP-ChIP FETAL BRAIN Human,0.9488160015544733,0.9783406861855884,1,NFASC
ChEA_2022,KLF4 18555785 ChIP-Seq MESCs Mouse,0.954166373368387,0.9811730659094954,9,ANKRD28;TMEM33;OXCT1;TPRKB;PHKB;GPR155;EPS15;HIPK2;MAP4K4
ChEA_2022,AUTS2 25519132 ChIP-Seq 293T-REX Human,0.954254737626656,0.9811730659094954,3,ME1;CYCS;PDIA4
ChEA_2022,GABP 17652178 ChIP-ChIP JURKAT Human,0.9556198349506303,0.981192760111281,2,TMEM33;TPRKB
ChEA_2022,TET1 21451524 ChIP-Seq MESCs Mouse,0.9659536334647919,0.9891609665238011,6,LYNX1;UBXN2B;METRN;OXCT1;CDC42EP1;DUSP15
ChEA_2022,VDR 24787735 ChIP-Seq THP-1 Human,0.96744381222526,0.9891609665238011,2,FAM53B;CHST3
ChEA_2022,TAL1 20887958 ChIP-Seq HPC-7 Mouse,0.9682384116604731,0.9891609665238011,7,CREB1;NDUFS8;PHKB;PAX6;LRRC8B;PIK3C2B;MAP4K4
ChEA_2022,P300 27268052 Chip-Seq Bcells Human,0.9700203937556399,0.9891609665238011,7,NFASC;NDUFS8;ELOVL6;GPR37L1;TPPP;SFXN5;PIK3C2B
ChEA_2022,CEBPA 26348894 ChIP-Seq LIVER Mouse,0.9701647339705319,0.9891609665238011,7,DLX1;MYO1E;DPY19L1;PRKD3;CPD;LRRC8B;SOX6
ChEA_2022,CEBPA 23403033 ChIP-Seq LIVER Mouse,0.9725682605456709,0.9895868458884601,1,TMEM33
ChEA_2022,UTX 26944678 Chip-Seq JUKART Human,0.9734455773203943,0.9895868458884601,7,GPR17;REEP3;INSC;FAM53B;ELOVL6;NLK;PIK3C2B
ChEA_2022,HOXC9 25013753 ChIP-Seq NEUROBLASTOMA BE2-C Human,0.9756873572024832,0.9895868458884601,7,NDUFS8;ELOVL5;ELOVL6;PROX1;HSD17B12;PPARGC1A;PDIA4
ChEA_2022,VDR 23849224 ChIP-Seq CD4+ Human,0.9760599188829889,0.9895868458884601,8,HSPH1;UBXN2B;OXCT1;TMBIM1;TPRKB;CYCS;GOLGA7;MLH3
ChEA_2022,FOXM1 26456572 ChIP-Seq MCF-7 Human BreastCancer,0.9773697243342817,0.9895868458884601,1,TMEM229A
ChEA_2022,CEBPA 20513432 ChIP-Seq MACROPHAGES Mouse,0.9788041729024808,0.9896646907710243,6,CPD;ZFP91;ANKRD40;DUSP15;PLA2G7;YPEL2
ChEA_2022,EGR1 23403033 ChIP-Seq LIVER Mouse,0.9833208529838406,0.9928544346609693,1,GPR37L1
ChEA_2022,MAF 26560356 Chip-Seq TH1 Human,0.9898596669515126,0.9958701714385276,6,S1PR1;PIP4K2A;PKD2L1;PROX1;LRRC8B;SVIP
ChEA_2022,NELFA 20434984 ChIP-Seq ESCs Mouse,0.9903218657138442,0.9958701714385276,5,ANKRD28;KIF5B;GOLGA7;ETV5;VEGFA
ChEA_2022,MYCN 18555785 ChIP-Seq MESCs Mouse,0.9917316991478042,0.9958701714385276,6,REEP3;CHORDC1;PHKB;ELOVL6;LRRC8B;JAM2
ChEA_2022,MYC 18358816 ChIP-ChIP MESCs Mouse,0.9917719402803443,0.9958701714385276,10,CREB1;NDUFS8;TMEM33;TPRKB;MLC1;CYCS;HSD17B12;RNF5;GOLGA7;PDIA4
ChEA_2022,GABP 19822575 ChIP-Seq HepG2 Human,0.9958226397620805,0.9978362864354303,8,NDUFS8;UBXN2B;CHORDC1;TPRKB;CYCS;ANKRD40;ETV5;MLH3
ChEA_2022,FOXP3 21729870 ChIP-Seq TREG Human,0.9964675123799633,0.9978362864354303,3,TPRKB;EPS15;SFXN5
ChEA_2022,JARID1A 20064375 ChIP-Seq MESCs Mouse,0.9994049295445784,0.9994049295445784,4,NDUFS8;METRN;PIGQ;GOLGA7
TRRUST_Transcription_Factors_2019,SMAD3 mouse,0.006595955113169651,0.24563789010968307,3,ENPP1;PPARGC1A;VEGFA
TRRUST_Transcription_Factors_2019,TP53 human,0.009337313702413233,0.24563789010968307,5,MAP4;PPARGC1A;CRYAB;HIPK2;VEGFA
TRRUST_Transcription_Factors_2019,STAT3 mouse,0.023912501803510827,0.24563789010968307,3,S1PR1;SOX6;VEGFA
TRRUST_Transcription_Factors_2019,SREBF1 mouse,0.032027867169825835,0.24563789010968307,2,ELOVL5;PPARGC1A
TRRUST_Transcription_Factors_2019,RUNX1 human,0.038863193627031264,0.24563789010968307,2,BAALC;VEGFA
TRRUST_Transcription_Factors_2019,TRP53 mouse,0.04198060715381544,0.24563789010968307,4,MAP4;PROX1;EDIL3;HIPK2
TRRUST_Transcription_Factors_2019,PAX6 mouse,0.04431888899254007,0.24563789010968307,2,SP8;CRYAB
TRRUST_Transcription_Factors_2019,MEIS2 mouse,0.0459022343700219,0.24563789010968307,1,PAX6
TRRUST_Transcription_Factors_2019,FOXO4 human,0.0459022343700219,0.24563789010968307,1,CREB1
TRRUST_Transcription_Factors_2019,FOXQ1 human,0.0459022343700219,0.24563789010968307,1,VEGFA
TRRUST_Transcription_Factors_2019,HDGF human,0.0459022343700219,0.24563789010968307,1,VEGFA
TRRUST_Transcription_Factors_2019,KAT5 mouse,0.0459022343700219,0.24563789010968307,1,PAX6
TRRUST_Transcription_Factors_2019,MEF2A mouse,0.05334641212217211,0.24563789010968307,1,PPARGC1A
TRRUST_Transcription_Factors_2019,MEIS1 mouse,0.05334641212217211,0.24563789010968307,1,PAX6
TRRUST_Transcription_Factors_2019,CTCF mouse,0.05334641212217211,0.24563789010968307,1,PAX6
TRRUST_Transcription_Factors_2019,FOXO4 mouse,0.05334641212217211,0.24563789010968307,1,PPARGC1A
TRRUST_Transcription_Factors_2019,HEY1 human,0.05334641212217211,0.24563789010968307,1,PROX1
TRRUST_Transcription_Factors_2019,SIN3A mouse,0.05334641212217211,0.24563789010968307,1,MAP4
TRRUST_Transcription_Factors_2019,E2F1 mouse,0.056009470550630894,0.24563789010968307,2,DLX1;VEGFA
TRRUST_Transcription_Factors_2019,MEF2C human,0.06073287883778701,0.24563789010968307,1,VEGFA
TRRUST_Transcription_Factors_2019,ATF5 human,0.06073287883778701,0.24563789010968307,1,CREB1
TRRUST_Transcription_Factors_2019,ZFP36 human,0.06073287883778701,0.24563789010968307,1,VEGFA
TRRUST_Transcription_Factors_2019,ERCC2 human,0.06073287883778701,0.24563789010968307,1,CPD
TRRUST_Transcription_Factors_2019,ESRRA mouse,0.06073287883778701,0.24563789010968307,1,PPARGC1A
TRRUST_Transcription_Factors_2019,SMAD7 mouse,0.06073287883778701,0.24563789010968307,1,VEGFA
TRRUST_Transcription_Factors_2019,SP4 mouse,0.06073287883778701,0.24563789010968307,1,VEGFA
TRRUST_Transcription_Factors_2019,MAF mouse,0.06073287883778701,0.24563789010968307,1,CRYAB
TRRUST_Transcription_Factors_2019,TFCP2 human,0.06806207873592487,0.24563789010968307,1,PAX6
TRRUST_Transcription_Factors_2019,HIC1 human,0.06806207873592487,0.24563789010968307,1,VEGFA
TRRUST_Transcription_Factors_2019,HIPK2 human,0.06806207873592487,0.24563789010968307,1,VEGFA
TRRUST_Transcription_Factors_2019,RUNX2 mouse,0.07304182327075999,0.24563789010968307,2,ENPP1;SOX6
TRRUST_Transcription_Factors_2019,TFAP2A mouse,0.07533445276005073,0.24563789010968307,1,VEGFA
TRRUST_Transcription_Factors_2019,TRP63 mouse,0.07533445276005073,0.24563789010968307,1,VEGFA
TRRUST_Transcription_Factors_2019,NKX3-1 human,0.07533445276005073,0.24563789010968307,1,VEGFA
TRRUST_Transcription_Factors_2019,EPAS1 human,0.07533445276005073,0.24563789010968307,1,VEGFA
TRRUST_Transcription_Factors_2019,HOXB7 human,0.07533445276005073,0.24563789010968307,1,VEGFA
TRRUST_Transcription_Factors_2019,EP300 mouse,0.079807293181645,0.24563789010968307,2,CREB1;CRYAB
TRRUST_Transcription_Factors_2019,MEF2A human,0.08255043847948365,0.24563789010968307,1,PPARGC1A
TRRUST_Transcription_Factors_2019,NEUROD1 mouse,0.08255043847948365,0.24563789010968307,1,PAX6
TRRUST_Transcription_Factors_2019,PAX6 human,0.08255043847948365,0.24563789010968307,1,PROX1
TRRUST_Transcription_Factors_2019,KLF5 mouse,0.08255043847948365,0.24563789010968307,1,VEGFA
TRRUST_Transcription_Factors_2019,CREB5 human,0.08971047021215825,0.2534291174602882,1,RASGRP3
TRRUST_Transcription_Factors_2019,OTX2 human,0.08971047021215825,0.2534291174602882,1,PAX6
TRRUST_Transcription_Factors_2019,XBP1 mouse,0.0968149789454771,0.2534291174602882,1,VEGFA
TRRUST_Transcription_Factors_2019,E2F3 human,0.0968149789454771,0.2534291174602882,1,VEGFA
TRRUST_Transcription_Factors_2019,PBX1 mouse,0.0968149789454771,0.2534291174602882,1,PAX6
TRRUST_Transcription_Factors_2019,STAT3 human,0.09975727550904642,0.2534291174602882,3,S1PR1;NLK;VEGFA
TRRUST_Transcription_Factors_2019,PAX2 mouse,0.10386439240175746,0.2534291174602882,1,PAX6
TRRUST_Transcription_Factors_2019,GLI2 mouse,0.10386439240175746,0.2534291174602882,1,SOX8
TRRUST_Transcription_Factors_2019,SIX1 mouse,0.10386439240175746,0.2534291174602882,1,SALL1
TRRUST_Transcription_Factors_2019,TFAP2A human,0.10611747465121735,0.25384964524408854,2,CRYAB;VEGFA
TRRUST_Transcription_Factors_2019,PTTG1 human,0.11085913505430996,0.25642528778489665,1,VEGFA
TRRUST_Transcription_Factors_2019,WT1 mouse,0.12468628958158962,0.25642528778489665,1,VEGFA
TRRUST_Transcription_Factors_2019,ESR2 mouse,0.12468628958158962,0.25642528778489665,1,VEGFA
TRRUST_Transcription_Factors_2019,FOXM1 human,0.12468628958158962,0.25642528778489665,1,VEGFA
TRRUST_Transcription_Factors_2019,HMGA1 human,0.12468628958158962,0.25642528778489665,1,CRYAB
TRRUST_Transcription_Factors_2019,SP7 mouse,0.12468628958158962,0.25642528778489665,1,VEGFA
TRRUST_Transcription_Factors_2019,FOXA2 human,0.13151953428970917,0.25642528778489665,1,PAX6
TRRUST_Transcription_Factors_2019,FOXO3 human,0.13151953428970917,0.25642528778489665,1,VEGFA
TRRUST_Transcription_Factors_2019,XBP1 human,0.13829977388820142,0.25642528778489665,1,VEGFA
TRRUST_Transcription_Factors_2019,NR0B2 mouse,0.13829977388820142,0.25642528778489665,1,PPARGC1A
TRRUST_Transcription_Factors_2019,NR2F2 mouse,0.13829977388820142,0.25642528778489665,1,VEGFA
TRRUST_Transcription_Factors_2019,ESR2 human,0.13829977388820142,0.25642528778489665,1,VEGFA
TRRUST_Transcription_Factors_2019,PML human,0.13829977388820142,0.25642528778489665,1,HIPK2
TRRUST_Transcription_Factors_2019,RUNX2 human,0.13829977388820142,0.25642528778489665,1,VEGFA
TRRUST_Transcription_Factors_2019,ARNT human,0.14502741686194973,0.25642528778489665,1,VEGFA
TRRUST_Transcription_Factors_2019,MSX2 mouse,0.14502741686194973,0.25642528778489665,1,ENPP1
TRRUST_Transcription_Factors_2019,VHL human,0.14502741686194973,0.25642528778489665,1,VEGFA
TRRUST_Transcription_Factors_2019,NR1H4 human,0.14502741686194973,0.25642528778489665,1,VEGFA
TRRUST_Transcription_Factors_2019,HIF1A mouse,0.15170286860984958,0.264396428148595,1,VEGFA
TRRUST_Transcription_Factors_2019,ATM human,0.15832653136454503,0.2682755114788124,1,VEGFA
TRRUST_Transcription_Factors_2019,SOX2 human,0.15832653136454503,0.2682755114788124,1,PAX6
TRRUST_Transcription_Factors_2019,FOXO1 human,0.17142008371286638,0.2712834128732681,1,NLK
TRRUST_Transcription_Factors_2019,HDAC3 human,0.17142008371286638,0.2712834128732681,1,VEGFA
TRRUST_Transcription_Factors_2019,HDAC4 human,0.17142008371286638,0.2712834128732681,1,VEGFA
TRRUST_Transcription_Factors_2019,TCF4 human,0.17789076253984798,0.2712834128732681,1,VEGFA
TRRUST_Transcription_Factors_2019,CREBBP human,0.17789076253984798,0.2712834128732681,1,CREB1
TRRUST_Transcription_Factors_2019,CREM human,0.17789076253984798,0.2712834128732681,1,CREB1
TRRUST_Transcription_Factors_2019,PGR human,0.17789076253984798,0.2712834128732681,1,VEGFA
TRRUST_Transcription_Factors_2019,SRF human,0.17789076253984798,0.2712834128732681,1,CREB1
TRRUST_Transcription_Factors_2019,MITF human,0.18431123094403512,0.2742191484777108,1,PPARGC1A
TRRUST_Transcription_Factors_2019,HNF1A human,0.18431123094403512,0.2742191484777108,1,VEGFA
TRRUST_Transcription_Factors_2019,HDAC2 human,0.19068187605935943,0.2802793840872512,1,VEGFA
TRRUST_Transcription_Factors_2019,MITF mouse,0.1970030819520549,0.2818133869850667,1,PAX6
TRRUST_Transcription_Factors_2019,TWIST1 mouse,0.20327522995644154,0.2818133869850667,1,FGFR2
TRRUST_Transcription_Factors_2019,ESR1 mouse,0.20327522995644154,0.2818133869850667,1,VEGFA
TRRUST_Transcription_Factors_2019,SNAI1 mouse,0.20327522995644154,0.2818133869850667,1,MMP15
TRRUST_Transcription_Factors_2019,SOX9 mouse,0.20327522995644154,0.2818133869850667,1,VEGFA
TRRUST_Transcription_Factors_2019,CTCF human,0.2094986982516284,0.2829270021190927,1,PAX6
TRRUST_Transcription_Factors_2019,CREB1 mouse,0.21567386227111168,0.2829270021190927,1,PPARGC1A
TRRUST_Transcription_Factors_2019,DNMT1 human,0.21567386227111168,0.2829270021190927,1,VEGFA
TRRUST_Transcription_Factors_2019,RB1 human,0.21567386227111168,0.2829270021190927,1,VEGFA
TRRUST_Transcription_Factors_2019,SMAD3 human,0.21567386227111168,0.2829270021190927,1,VEGFA
TRRUST_Transcription_Factors_2019,ATF4 human,0.2398988831818414,0.31135812498068777,1,VEGFA
TRRUST_Transcription_Factors_2019,HNF4A mouse,0.24583805673584785,0.3157078202291941,1,PPARGC1A
TRRUST_Transcription_Factors_2019,SMAD4 mouse,0.2691371788769408,0.3385024311648121,1,VEGFA
TRRUST_Transcription_Factors_2019,KLF4 human,0.2691371788769408,0.3385024311648121,1,VEGFA
TRRUST_Transcription_Factors_2019,CREBBP mouse,0.2748493245776993,0.3421593632497889,1,CRYAB
TRRUST_Transcription_Factors_2019,CEBPB mouse,0.28051711024098797,0.34568775201414675,1,PPARGC1A
TRRUST_Transcription_Factors_2019,SIRT1 human,0.31361124852089345,0.38260572319549,1,PAX6
TRRUST_Transcription_Factors_2019,FOXO1 mouse,0.31897795231631954,0.38530010081773247,1,PPARGC1A
TRRUST_Transcription_Factors_2019,MYOD1 mouse,0.32430296197565434,0.387891778049312,1,PPARGC1A
TRRUST_Transcription_Factors_2019,SP1 mouse,0.3522761144950866,0.41096591771700236,3,ME1;RNF141;VEGFA
TRRUST_Transcription_Factors_2019,EP300 human,0.3553952955138986,0.41096591771700236,1,VEGFA
TRRUST_Transcription_Factors_2019,BRCA1 human,0.36043732127638733,0.41096591771700236,1,VEGFA
TRRUST_Transcription_Factors_2019,WT1 human,0.36043732127638733,0.41096591771700236,1,VEGFA
TRRUST_Transcription_Factors_2019,FOS human,0.36043732127638733,0.41096591771700236,1,HSPH1
TRRUST_Transcription_Factors_2019,ETS1 mouse,0.3704041132132606,0.41841946122238693,1,VEGFA
TRRUST_Transcription_Factors_2019,CTNNB1 mouse,0.38506565676789845,0.4309909185842533,1,VEGFA
TRRUST_Transcription_Factors_2019,ESR1 human,0.4491242118311317,0.4981195803945279,1,VEGFA
TRRUST_Transcription_Factors_2019,NFKB1 mouse,0.46368296753757027,0.5096335318881403,2,PPARGC1A;VEGFA
TRRUST_Transcription_Factors_2019,HIF1A human,0.47862101939240365,0.5167412775740995,1,VEGFA
TRRUST_Transcription_Factors_2019,SP3 mouse,0.47862101939240365,0.5167412775740995,1,VEGFA
TRRUST_Transcription_Factors_2019,EGR1 human,0.49872411759674257,0.533722301287742,1,VEGFA
TRRUST_Transcription_Factors_2019,SP1 human,0.5042497410643104,0.5349432035638771,4,CREB1;ME1;PAX6;VEGFA
TRRUST_Transcription_Factors_2019,AR human,0.5180568650144485,0.5448529097565751,1,VEGFA
TRRUST_Transcription_Factors_2019,MYC human,0.5438841666005395,0.5671270797031267,1,VEGFA
TRRUST_Transcription_Factors_2019,SP3 human,0.5882546745115712,0.6081955109356922,1,VEGFA
TRRUST_Transcription_Factors_2019,E2F1 human,0.6510454064778048,0.6674583158848083,1,VEGFA
TRRUST_Transcription_Factors_2019,RELA human,0.6834880351329908,0.6899770440867982,2,PROX1;VEGFA
TRRUST_Transcription_Factors_2019,NFKB1 human,0.6869971017567019,0.6899770440867982,2,PROX1;VEGFA
TRRUST_Transcription_Factors_2019,JUN human,0.6899770440867982,0.6899770440867982,1,VEGFA
ENCODE_and_ChEA_Consensus_TFs_from_ChIP-X,SUZ12 CHEA,4.012598593021479e-05,0.0036514647196495458,29,DLX1;GABRB2;ELFN1;HAPLN4;PPM1E;GNAI1;RASSF2;EFHD1;ENPP1;SOX8;TSPAN2;TPPP;EDIL3;GABRA1;PRMT8;SEMA6D;PAX6;PROX1;FHDC1;SGPP2;HIPK2;TMEFF2;GPRC5B;MMP15;MAL;CDC42EP1;SP8;TMEM229A;FGF12
ENCODE_and_ChEA_Consensus_TFs_from_ChIP-X,POU5F1 CHEA,0.00021524143771351351,0.008928926587190814,9,PRMT8;SALL1;REEP3;GBF1;PAX6;JAM2;FGFR2;ETV5;MAP4K4
ENCODE_and_ChEA_Consensus_TFs_from_ChIP-X,SOX2 CHEA,0.0003756529510860616,0.008928926587190814,16,PRMT8;PAX6;ELOVL6;PROX1;ETV5;NUDT4;MYO1E;SALL1;REEP3;CHORDC1;TRIM36;GOLGA7;JAM2;FGFR2;YPEL2;MAP4K4
ENCODE_and_ChEA_Consensus_TFs_from_ChIP-X,NFE2L2 CHEA,0.00039248028954684896,0.008928926587190814,19,SEMA6D;ARAP2;PHYHIPL;KCNAB1;SEMA3E;NETO2;ARHGAP5;PLXDC2;ADO;MLH3;HIPK2;PDIA4;RASGRP3;VEGFA;TMEFF2;CHORDC1;PACSIN2;TSPAN2;RNF141
ENCODE_and_ChEA_Consensus_TFs_from_ChIP-X,SALL4 CHEA,0.0019195865494246991,0.03234746331246247,9,SALL1;REEP3;CPD;MYO6;BMP2K;ELOVL6;PLA2G7;NUDT4;MAP4K4
ENCODE_and_ChEA_Consensus_TFs_from_ChIP-X,SMAD4 CHEA,0.0021327997788436795,0.03234746331246247,12,PTPRD;PRMT8;NFASC;KIF5B;SEMA6D;MYO6;PACSIN2;PAX6;FGF12;EDIL3;FGFR2;YPEL2
ENCODE_and_ChEA_Consensus_TFs_from_ChIP-X,AR CHEA,0.005272588678224217,0.06854365281691482,17,SEMA6D;ARHGAP5;SYTL2;HIPK2;ANO3;PIK3C2B;MYO1E;TMEFF2;FUT9;OXCT1;BMP2K;PACSIN2;BAALC;SP8;MAP4;SOX6;SH3D19
ENCODE_and_ChEA_Consensus_TFs_from_ChIP-X,ETS1 ENCODE,0.0076143327661881855,0.08661303521539061,5,SMIM13;ZFP91;OXSR1;ADO;SEC11C
ENCODE_and_ChEA_Consensus_TFs_from_ChIP-X,TCF3 CHEA,0.012204684886692225,0.11656814603227059,15,PRMT8;PAX6;ELOVL6;ETV5;MLH3;FUT9;REEP3;TMBIM1;FAM53B;TRIM36;SP8;JAM2;FGFR2;YPEL2;MAP4K4
ENCODE_and_ChEA_Consensus_TFs_from_ChIP-X,TP63 CHEA,0.012809686377172592,0.11656814603227059,19,DLX1;KCNJ10;USP31;MLC1;ELOVL6;ARHGAP5;PLXDC2;NFASC;KIF5B;INSC;TMBIM1;MYO6;PACSIN2;BAALC;CDC42EP1;TSPAN2;RNF141;SFXN5;CHST3
ENCODE_and_ChEA_Consensus_TFs_from_ChIP-X,UBTF ENCODE,0.028960154552286222,0.23957946038709513,20,SLC12A2;MBOAT1;ZFP91;ELOVL6;PPM1E;VEGFA;NUDT4;DPY19L1;CREB1;OXCT1;TMBIM1;MYO6;PACSIN2;PIP4K2A;FAM53B;ANKRD40;MAP4;LRRC8B;RNF141;EPS15
ENCODE_and_ChEA_Consensus_TFs_from_ChIP-X,NANOG CHEA,0.043897552145524446,0.3328897704368937,9,PRMT8;SALL1;FUT9;REEP3;TPRKB;PAX6;JAM2;FGFR2;ETV5
ENCODE_and_ChEA_Consensus_TFs_from_ChIP-X,ZEB1 ENCODE,0.05019837645630187,0.35138863519411306,3,ANKRD28;EXD2;LRRC8B
ENCODE_and_ChEA_Consensus_TFs_from_ChIP-X,REST ENCODE,0.0799157579029383,0.5194524263690989,6,GABRA1;PRMT8;PHYHIPL;FGF12;PPM1E;SEC11C
ENCODE_and_ChEA_Consensus_TFs_from_ChIP-X,GATA1 CHEA,0.1004438886695134,0.6093595912617146,10,DPY19L1;TMBIM1;S1PR1;BMP2K;PACSIN2;MBOAT1;FAT3;GPR37L1;LRRC8B;SFXN5
ENCODE_and_ChEA_Consensus_TFs_from_ChIP-X,ZNF384 ENCODE,0.11800928355912527,0.6335139532757896,9,EXD2;SMIM13;DESI1;ZFP91;ANKRD40;OXSR1;HSD17B12;NLK;ETV5
ENCODE_and_ChEA_Consensus_TFs_from_ChIP-X,VDR CHEA,0.11874979114271515,0.6335139532757896,2,UBXN2B;PIK3C2B
ENCODE_and_ChEA_Consensus_TFs_from_ChIP-X,EZH2 ENCODE,0.12531045229631005,0.6335139532757896,5,TMEFF2;MMP15;LRRC8B;HAPLN4;PPM1E
ENCODE_and_ChEA_Consensus_TFs_from_ChIP-X,GATA2 CHEA,0.15009209330530712,0.7188621310938395,9,ELOVL5;TMBIM1;S1PR1;PACSIN2;PIP4K2A;CDC42EP1;EFCAB14;ELOVL6;MAP4K4
ENCODE_and_ChEA_Consensus_TFs_from_ChIP-X,RFX5 ENCODE,0.2714008780994415,0.9981998408502218,6,CPD;GBF1;DIP2A;HSD17B12;YPEL2;PDIA4
ENCODE_and_ChEA_Consensus_TFs_from_ChIP-X,EZH2 CHEA,0.2820028237623779,0.9981998408502218,3,RASSF2;ELFN1;HAPLN4
ENCODE_and_ChEA_Consensus_TFs_from_ChIP-X,PBX3 ENCODE,0.2870078127700118,0.9981998408502218,12,LYNX1;GBF1;PACSIN2;PADI2;CYCS;ZFP91;OXSR1;NLK;ADO;SFXN5;ETV5;YPEL2
ENCODE_and_ChEA_Consensus_TFs_from_ChIP-X,ERG CHEA,0.30978200333051276,0.9981998408502218,2,DLX1;MAP4
ENCODE_and_ChEA_Consensus_TFs_from_ChIP-X,TCF3 ENCODE,0.33312139948461156,0.9981998408502218,8,SMIM13;BMP2K;PACSIN2;ZFP91;LRRC8B;ETV5;VEGFA;NUDT4
ENCODE_and_ChEA_Consensus_TFs_from_ChIP-X,MYOD1 ENCODE,0.3721667381812905,0.9981998408502218,2,BAALC;EML1
ENCODE_and_ChEA_Consensus_TFs_from_ChIP-X,FOS ENCODE,0.37837822127942605,0.9981998408502218,6,GBF1;ZFP91;OXSR1;NLK;SFXN5;ETV5
ENCODE_and_ChEA_Consensus_TFs_from_ChIP-X,NFYA ENCODE,0.3928081161478255,0.9981998408502218,19,ELOVL5;GBF1;TPRKB;ZFP91;OXSR1;HSD17B12;NLK;ETV5;PDIA4;HSPH1;NDUFS8;CPD;PACSIN2;CYCS;DIP2A;MAP4;LRRC8B;SFXN5;YPEL2
ENCODE_and_ChEA_Consensus_TFs_from_ChIP-X,HDAC2 ENCODE,0.39707056205465735,0.9981998408502218,2,GOLGA7;YPEL2
ENCODE_and_ChEA_Consensus_TFs_from_ChIP-X,STAT3 CHEA,0.4025445020621851,0.9981998408502218,2,PRMT8;ETV5
ENCODE_and_ChEA_Consensus_TFs_from_ChIP-X,PPARG CHEA,0.4054796085530683,0.9981998408502218,5,RASSF2;CYCS;PLCB1;VEGFA;PIK3C2B
ENCODE_and_ChEA_Consensus_TFs_from_ChIP-X,FOXA2 ENCODE,0.4485377336511006,0.9981998408502218,3,TMEM98;EPS15;ETV5
ENCODE_and_ChEA_Consensus_TFs_from_ChIP-X,CREB1 CHEA,0.45335263418005367,0.9981998408502218,12,EXD2;CREB1;HSPH1;ELOVL5;CPD;GBF1;EFCAB14;ZFP91;NLK;ADO;RNF5;RNF141
ENCODE_and_ChEA_Consensus_TFs_from_ChIP-X,RCOR1 ENCODE,0.4686498295176859,0.9981998408502218,6,USP31;ELOVL5;PHKB;ANKRD40;GOLGA7;VEGFA
ENCODE_and_ChEA_Consensus_TFs_from_ChIP-X,SP1 ENCODE,0.47548934407196614,0.9981998408502218,6,LYNX1;EFCAB14;NLK;EPS15;SFXN5;ETV5
ENCODE_and_ChEA_Consensus_TFs_from_ChIP-X,TCF7L2 ENCODE,0.4787830911426765,0.9981998408502218,5,SMIM13;TMEM33;KIF5B;ARHGAP5;PDIA4
ENCODE_and_ChEA_Consensus_TFs_from_ChIP-X,SIX5 ENCODE,0.48377037436744036,0.9981998408502218,9,EXD2;SMIM13;HSPH1;USP31;TMEM33;ZFP91;ADO;SFXN5;SEC11C
ENCODE_and_ChEA_Consensus_TFs_from_ChIP-X,TRIM28 CHEA,0.48911413665884323,0.9981998408502218,2,CREB1;SALL1
ENCODE_and_ChEA_Consensus_TFs_from_ChIP-X,RELA ENCODE,0.5239932673607752,0.9981998408502218,4,CREB1;BMP2K;ZFP91;SGPP2
ENCODE_and_ChEA_Consensus_TFs_from_ChIP-X,REST CHEA,0.5446276693266956,0.9981998408502218,10,PTPRD;GPRC5B;PRMT8;NFASC;SEMA6D;PHYHIPL;ANKRD40;TPPP;EDIL3;PPM1E
ENCODE_and_ChEA_Consensus_TFs_from_ChIP-X,SPI1 ENCODE,0.5448676187020539,0.9981998408502218,12,ANKRD28;HSPH1;RASSF2;TMEM33;KIF5B;TMBIM1;GBF1;EFCAB14;NETO2;PROX1;HSD17B12;HAPLN4
ENCODE_and_ChEA_Consensus_TFs_from_ChIP-X,NELFE ENCODE,0.5469897728408728,0.9981998408502218,2,PACSIN2;CYCS
ENCODE_and_ChEA_Consensus_TFs_from_ChIP-X,IRF3 ENCODE,0.5931610036086775,0.9981998408502218,5,GBF1;NLK;SFXN5;ETV5;YPEL2
ENCODE_and_ChEA_Consensus_TFs_from_ChIP-X,EGR1 ENCODE,0.6063452958822305,0.9981998408502218,4,DPY19L1;AGO3;CDC42EP1;PHKB
ENCODE_and_ChEA_Consensus_TFs_from_ChIP-X,TRIM28 ENCODE,0.6103417402021944,0.9981998408502218,1,REEP3
ENCODE_and_ChEA_Consensus_TFs_from_ChIP-X,IRF1 ENCODE,0.6106407257031334,0.9981998408502218,2,CREB1;CYCS
ENCODE_and_ChEA_Consensus_TFs_from_ChIP-X,NFYB ENCODE,0.6123922666545716,0.9981998408502218,28,DLX1;EFCAB14;HSD17B12;NLK;ARHGAP5;HSPH1;PACSIN2;DIP2A;MAP4;LRRC8B;SEC11C;ANKRD28;DESI1;METRN;ELOVL5;GBF1;TPRKB;MBOAT1;ZFP91;OXSR1;ETV5;PDIA4;NDUFS8;TMEM33;CPD;CYCS;SFXN5;YPEL2
ENCODE_and_ChEA_Consensus_TFs_from_ChIP-X,ZBTB33 ENCODE,0.6437062859376368,0.9981998408502218,5,SLC12A2;HSPH1;ZFP91;SVIP;ETV5
ENCODE_and_ChEA_Consensus_TFs_from_ChIP-X,PPARD CHEA,0.6542582678909404,0.9981998408502218,2,OXCT1;OXSR1
ENCODE_and_ChEA_Consensus_TFs_from_ChIP-X,SP2 ENCODE,0.6622496126073419,0.9981998408502218,7,NDUFS8;GBF1;PACSIN2;NLK;SFXN5;ETV5;YPEL2
ENCODE_and_ChEA_Consensus_TFs_from_ChIP-X,HNF4A ENCODE,0.6700516676913897,0.9981998408502218,9,USP31;MMP15;TMBIM1;CYCS;PROX1;EPS15;SFXN5;ETV5;VEGFA
ENCODE_and_ChEA_Consensus_TFs_from_ChIP-X,RUNX1 CHEA,0.6862401574310687,0.9981998408502218,9,EXD2;REEP3;CDC42EP1;PADI2;TSPAN2;ELOVL6;LRRC8B;PPARGC1A;MAP4K4
ENCODE_and_ChEA_Consensus_TFs_from_ChIP-X,ESR1 CHEA,0.7019698666519294,0.9981998408502218,1,BMP2K
ENCODE_and_ChEA_Consensus_TFs_from_ChIP-X,EGR1 CHEA,0.7073896708808937,0.9981998408502218,2,GPR37L1;ETV5
ENCODE_and_ChEA_Consensus_TFs_from_ChIP-X,TP53 CHEA,0.7139384581170308,0.9981998408502218,2,MAP4;MAP4K4
ENCODE_and_ChEA_Consensus_TFs_from_ChIP-X,SPI1 CHEA,0.7226556878237222,0.9981998408502218,7,EXD2;NDUFS8;TMEM33;ELOVL5;PADI2;EFCAB14;ELOVL6
ENCODE_and_ChEA_Consensus_TFs_from_ChIP-X,E2F6 ENCODE,0.7248672537268607,0.9981998408502218,23,ANKRD28;SLC12A2;SMIM13;METRN;MBOAT1;ZFP91;NETO2;OXSR1;PPM1E;MLH3;SYTL2;HIPK2;PDIA4;TTLL7;MMP15;OXCT1;CPD;ME1;PIP4K2A;ANKRD40;DIP2A;MAP4;LRRC8B
ENCODE_and_ChEA_Consensus_TFs_from_ChIP-X,ZBTB7A ENCODE,0.7369421449959349,0.9981998408502218,15,ANKRD28;SMIM13;ZFP91;ELOVL6;ETV5;HIPK2;VEGFA;CREB1;NDUFS8;MMP15;MYO6;BMP2K;CDC42EP1;DIP2A;SFXN5
ENCODE_and_ChEA_Consensus_TFs_from_ChIP-X,BHLHE40 ENCODE,0.757839160318321,0.9981998408502218,2,HSPH1;FAM53B
ENCODE_and_ChEA_Consensus_TFs_from_ChIP-X,KLF4 CHEA,0.7875957870131647,0.9981998408502218,6,SALL1;OXCT1;REEP3;PAX6;JAM2;HIPK2
ENCODE_and_ChEA_Consensus_TFs_from_ChIP-X,FOXA1 ENCODE,0.8008184912958214,0.9981998408502218,1,ETV5
ENCODE_and_ChEA_Consensus_TFs_from_ChIP-X,SMC3 ENCODE,0.8211207332452126,0.9981998408502218,7,GPRC5B;DPY19L1;FAM53B;MAP4;HIPK2;YPEL2;VEGFA
ENCODE_and_ChEA_Consensus_TFs_from_ChIP-X,CEBPD ENCODE,0.8287835110100535,0.9981998408502218,4,CDC42EP1;ANKRD40;MAP4;SFXN5
ENCODE_and_ChEA_Consensus_TFs_from_ChIP-X,STAT5A ENCODE,0.840422314040085,0.9981998408502218,1,EPS15
ENCODE_and_ChEA_Consensus_TFs_from_ChIP-X,FLI1 ENCODE,0.886129130448718,0.9981998408502218,3,NDUFS8;TMEM33;CHORDC1
ENCODE_and_ChEA_Consensus_TFs_from_ChIP-X,MAX ENCODE,0.8950724482930171,0.9981998408502218,12,ANKRD28;SLC12A2;HSPH1;USP31;TMEM33;BMP2K;CYCS;ZFP91;ANKRD40;MAP4;LRRC8B;PDIA4
ENCODE_and_ChEA_Consensus_TFs_from_ChIP-X,CTCF ENCODE,0.9005834251207666,0.9981998408502218,10,SMIM13;GPRC5B;DPY19L1;CDC42EP1;FAM53B;ZFP91;PLCB1;RNF141;HIPK2;VEGFA
ENCODE_and_ChEA_Consensus_TFs_from_ChIP-X,CREB1 ENCODE,0.9011431737000029,0.9981998408502218,13,DESI1;MMGT1;ELOVL5;GBF1;EFCAB14;OXSR1;HSD17B12;ADO;CREB1;HSPH1;CYCS;MAP4;RNF141
ENCODE_and_ChEA_Consensus_TFs_from_ChIP-X,BCLAF1 ENCODE,0.9031531107045356,0.9981998408502218,4,EXD2;SMIM13;AGO3;ANKRD40
ENCODE_and_ChEA_Consensus_TFs_from_ChIP-X,SRF ENCODE,0.9054868248516726,0.9981998408502218,1,MYO1E
ENCODE_and_ChEA_Consensus_TFs_from_ChIP-X,E2F1 CHEA,0.9070117661353735,0.9981998408502218,4,PIGQ;HSD17B12;SFXN5;NUDT4
ENCODE_and_ChEA_Consensus_TFs_from_ChIP-X,YY1 CHEA,0.9273113864282789,0.9981998408502218,1,EXD2
ENCODE_and_ChEA_Consensus_TFs_from_ChIP-X,ZMIZ1 ENCODE,0.9300630128057681,0.9981998408502218,4,CREB1;PIGQ;PIP4K2A;VEGFA
ENCODE_and_ChEA_Consensus_TFs_from_ChIP-X,RAD21 ENCODE,0.9346976379983921,0.9981998408502218,6,GPRC5B;DPY19L1;EFHD1;HIPK2;YPEL2;VEGFA
ENCODE_and_ChEA_Consensus_TFs_from_ChIP-X,NR2C2 ENCODE,0.937021861992071,0.9981998408502218,1,HIPK2
ENCODE_and_ChEA_Consensus_TFs_from_ChIP-X,MYC CHEA,0.9405721751933194,0.9981998408502218,2,ANKRD28;FUT9
ENCODE_and_ChEA_Consensus_TFs_from_ChIP-X,USF2 ENCODE,0.9467212848708635,0.9981998408502218,4,USP31;BMP2K;ZFP91;SEC11C
ENCODE_and_ChEA_Consensus_TFs_from_ChIP-X,MYC ENCODE,0.9560139860260243,0.9981998408502218,7,ANKRD28;CDC42EP1;CYCS;ZFP91;MAP4;PDIA4;VEGFA
ENCODE_and_ChEA_Consensus_TFs_from_ChIP-X,TAF7 ENCODE,0.9619676182599287,0.9981998408502218,2,CYCS;PHKB
ENCODE_and_ChEA_Consensus_TFs_from_ChIP-X,GABPA ENCODE,0.9691494722265763,0.9981998408502218,10,EXD2;UBXN2B;AGO3;TMEM33;PIGQ;TPRKB;ZFP91;ANKRD40;OXSR1;ADO
ENCODE_and_ChEA_Consensus_TFs_from_ChIP-X,BRCA1 ENCODE,0.9748323278075763,0.9981998408502218,17,SLC12A2;SMIM13;DESI1;MMGT1;GBF1;EFCAB14;ZFP91;OXSR1;SVIP;ETV5;CREB1;HSPH1;AGO3;CYCS;DIP2A;RNF141;SFXN5
ENCODE_and_ChEA_Consensus_TFs_from_ChIP-X,YY1 ENCODE,0.9865616368970954,0.9981998408502218,13,EXD2;UBXN2B;USP31;GBF1;ZFP91;PHKB;OXSR1;ADO;CREB1;NDUFS8;KIF5B;GPR155;SFXN5
ENCODE_and_ChEA_Consensus_TFs_from_ChIP-X,USF1 ENCODE,0.9884426597641871,0.9981998408502218,5,TMEFF2;USP31;BMP2K;ZFP91;SEC11C
ENCODE_and_ChEA_Consensus_TFs_from_ChIP-X,ELF1 ENCODE,0.9894428796865443,0.9981998408502218,11,HSPH1;UBXN2B;TMEM33;CHORDC1;TPRKB;FAM53B;EFCAB14;ZFP91;PHKB;NLK;GPR155
ENCODE_and_ChEA_Consensus_TFs_from_ChIP-X,NRF1 ENCODE,0.9930724987791045,0.9981998408502218,7,NDUFS8;DESI1;CHORDC1;CYCS;ZFP91;DIP2A;MLH3
ENCODE_and_ChEA_Consensus_TFs_from_ChIP-X,SIN3A ENCODE,0.9940116702014414,0.9981998408502218,3,SLC12A2;HSPH1;ZFP91
ENCODE_and_ChEA_Consensus_TFs_from_ChIP-X,CHD1 ENCODE,0.9945637005372167,0.9981998408502218,1,CREB1
ENCODE_and_ChEA_Consensus_TFs_from_ChIP-X,PML ENCODE,0.9958036939363342,0.9981998408502218,5,SLC12A2;CREB1;CYCS;SFXN5;VEGFA
ENCODE_and_ChEA_Consensus_TFs_from_ChIP-X,ATF2 ENCODE,0.9960041973963736,0.9981998408502218,12,EXD2;CREB1;HSPH1;DESI1;MMGT1;ELOVL5;TPRKB;CYCS;EFCAB14;ELOVL6;MAP4;OXSR1
ENCODE_and_ChEA_Consensus_TFs_from_ChIP-X,E2F4 ENCODE,0.9965186021857153,0.9981998408502218,1,ZFP91
ENCODE_and_ChEA_Consensus_TFs_from_ChIP-X,STAT3 ENCODE,0.9969176448723395,0.9981998408502218,1,ARHGAP5
ENCODE_and_ChEA_Consensus_TFs_from_ChIP-X,TAF1 ENCODE,0.9981998408502218,0.9981998408502218,14,SLC12A2;SMIM13;TPRKB;ZFP91;PHKB;ETV5;CREB1;AGO3;KIF5B;CHORDC1;PACSIN2;CYCS;ANKRD40;MAP4
