library,term,p,padj,n,genes
PanglaoDB_Augmented_2021,Endothelial Cells (Aorta),1.7312069900267538e-07,1.6969911092206528e-05,10,SULT1A1;PER3;COL4A2;LAMB2;MARVELD1;NOS3;SMOC1;ADGRF5;IGFBP7;TNS2
PanglaoDB_Augmented_2021,Endothelial Cells,2.781952638066644e-07,1.6969911092206528e-05,11,PTPRB;VWF;NOS3;ADGRF5;SLC2A1;PECAM1;IGFBP7;TNS2;ICAM1;TNS1;MFSD2A
PanglaoDB_Augmented_2021,Adipocytes,5.589512794781444e-07,1.9427482420036118e-05,10,SULT1A1;IL1R1;ZBTB16;ADGRF5;IGFBP7;SLC2A4;LBP;AGT;TNS2;TNS1
PanglaoDB_Augmented_2021,Peritubular Myoid Cells,6.369666367224957e-07,1.9427482420036118e-05,8,COL4A2;LAMC3;LAMB2;ELN;ADGRF5;MYH11;TNS2;TNS1
PanglaoDB_Augmented_2021,Pericytes,4.3795090707312785e-06,0.00010263466907679965,8,ECM1;COL4A2;ELN;ADGRF5;PECAM1;TNS2;ICAM1;TNS1
PanglaoDB_Augmented_2021,Sertoli Cells,5.04760667590818e-06,0.00010263466907679965,8,DOCK6;NOTCH2;COL18A1;LAMB2;AGT;ADCY6;TNS2;TNS1
PanglaoDB_Augmented_2021,Loop Of Henle Cells,2.9871791939337278e-05,0.000520622659514164,7,VWF;COL4A2;LAMB2;ADGRF5;IGFBP7;TNS2;TNS1
PanglaoDB_Augmented_2021,Juxtaglomerular Cells,3.660965700339328e-05,0.0005454104912921664,6,COL4A2;LAMB2;ELN;MYH11;TNS2;TNS1
PanglaoDB_Augmented_2021,Osteoblasts,4.0235200177290966e-05,0.0005454104912921664,7,MRC2;SLC6A6;COL4A2;LAMB2;IGFBP7;OSMR;TNS2
PanglaoDB_Augmented_2021,Smooth Muscle Cells,7.252383219146054e-05,0.0008847907527358185,7,COL4A2;LAMB2;ELN;SMOC1;MYH11;TNS2;TNS1
PanglaoDB_Augmented_2021,Stromal Cells,0.00010323082346204687,0.0011449236783972472,6,COL4A2;ELN;PECAM1;IGFBP7;ICAM1;TNS1
PanglaoDB_Augmented_2021,Microfold Cells,0.00011275604451403954,0.0011463531192260686,6,IL1R1;SUSD6;ARHGAP27;KLF4;ICAM1;IER3
PanglaoDB_Augmented_2021,Trophoblast Cells,0.0001338975439126637,0.0012565769505649977,6,ANXA2;IL1R1;ANXA3;SERPINE1;KLF4;IER3
PanglaoDB_Augmented_2021,Mesangial Cells,0.00027101026555664576,0.0023616608855650555,6,ECM1;PER3;COL4A2;FLNA;TNS2;TNS1
PanglaoDB_Augmented_2021,Myofibroblasts,0.0003417770167199186,0.0027797864026553377,5,COL4A2;LAMB2;ELN;TNS2;TNS1
PanglaoDB_Augmented_2021,Fibroblasts,0.000506018695695256,0.0038583925546763266,7,ITIH5;COL4A2;IL1R1;ELN;IGFBP7;KLF4;TNS1
PanglaoDB_Augmented_2021,Myoepithelial Cells,0.0006487762921450274,0.004655923978923138,5,COL4A2;LAMB2;MYOF;MYH11;OSMR
PanglaoDB_Augmented_2021,Melanocytes,0.0012474228552529526,0.008454754907825568,5,ECM1;COL4A2;LAMB2;OSMR;TNS2
PanglaoDB_Augmented_2021,Mesothelial Cells,0.0017721101831109484,0.010809872116976784,5,COL4A2;LAMB2;ADGRF5;OSMR;TNS2
PanglaoDB_Augmented_2021,Osteoclasts,0.0017721101831109484,0.010809872116976784,5,ABCA1;VWF;IL1R1;SLC2A1;TNS1
PanglaoDB_Augmented_2021,Mast Cells,0.0029631569540583204,0.01721453087595786,6,ABCA1;VWF;IL1R1;ADGRF5;IGFBP7;TNS1
PanglaoDB_Augmented_2021,Granulosa Cells,0.004652091688476903,0.023967507201984033,4,COL4A2;LAMB2;PCGF2;ADCY6
PanglaoDB_Augmented_2021,Cardiac Stem And Precursor Cells,0.004800828940059986,0.023967507201984033,4,COL4A2;LAMB2;PCGF2;ADCY6
PanglaoDB_Augmented_2021,Satellite Glial Cells,0.004952731441949352,0.023967507201984033,4,VWF;FXYD6;CBLN4;TNS1
PanglaoDB_Augmented_2021,Podocytes,0.005074850680352929,0.023967507201984033,5,COL4A2;LAMB2;SLC2A4;ADCY6;TNS2
PanglaoDB_Augmented_2021,Meningeal Cells,0.005107829403701515,0.023967507201984033,4,COL4A2;LAMB2;BMP7;TNS2
PanglaoDB_Augmented_2021,Chromaffin Cells,0.006285473503620393,0.02840102842376622,4,NPY;SERPINE1;AGRP;MAPK4
PanglaoDB_Augmented_2021,Myoblasts,0.007033196647554758,0.030644642535774303,4,COL4A2;LAMB2;ZBTB16;TNS2
PanglaoDB_Augmented_2021,Pulmonary Alveolar Type I Cells,0.00804764909442936,0.033596538812050644,4,LAMB2;OSMR;ADCY6;ICAM1
PanglaoDB_Augmented_2021,Hepatic Stellate Cells,0.00826144397017639,0.033596538812050644,4,COL4A2;LAMB2;IGFBP7;TNS2
PanglaoDB_Augmented_2021,Schwann Cells,0.009622670735124406,0.03760209883552882,4,NPY;AGT;TNS2;MAPK4
PanglaoDB_Augmented_2021,Satellite Cells,0.00986284559620428,0.03760209883552882,4,COL4A2;LAMB2;ADCY6;TNS2
PanglaoDB_Augmented_2021,Leydig Cells,0.011385840551989304,0.042093107495233185,4,COL4A2;LAMB2;ADGRF5;TNS2
PanglaoDB_Augmented_2021,Oxyphil Cells,0.019014885291071603,0.06822988251502164,3,HIF3A;SLC2A4;ACACB
PanglaoDB_Augmented_2021,Embryonic Stem Cells,0.02163760445940346,0.07180865571812364,4,COL4A2;PCGF2;PECAM1;KLF4
PanglaoDB_Augmented_2021,Airway Smooth Muscle Cells,0.02177803493090635,0.07180865571812364,3,MRC2;COL4A2;IGFBP7
PanglaoDB_Augmented_2021,Pulmonary Vascular Smooth Muscle Cells,0.02177803493090635,0.07180865571812364,3,ELN;IGFBP7;TNS1
PanglaoDB_Augmented_2021,Hematopoietic Stem Cells,0.022443359527204255,0.07205499637681367,4,NOTCH2;VWF;PECAM1;TNS1
PanglaoDB_Augmented_2021,Vascular Smooth Muscle Cells,0.02413830690954321,0.07550957546062236,3,COL4A2;ELN;MYH11
PanglaoDB_Augmented_2021,Urothelial Cells,0.025995853664138747,0.07928735367562317,3,AP1G2;NBEAL2;ARHGAP27
PanglaoDB_Augmented_2021,Pancreatic Progenitor Cells,0.0313142059988351,0.0931788568745825,3,PCGF2;BMP7;MAPK4
PanglaoDB_Augmented_2021,Choroid Plexus Cells,0.03344472777833224,0.09714897116563175,3,LAMB2;ADCY6;AGT
PanglaoDB_Augmented_2021,Transient Cells,0.03564898108149812,0.10114362074285513,3,COL18A1;LAMB2;ADCY6
PanglaoDB_Augmented_2021,Luteal Cells,0.03948539909834612,0.10948224295450516,3,LAMB2;ADCY6;FKBP5
PanglaoDB_Augmented_2021,Glomus Cells,0.04107646722568746,0.11136286670075267,3,COL4A2;IL1R1;CBS
PanglaoDB_Augmented_2021,Pulmonary Alveolar Type II Cells,0.04775931582939144,0.12666601154751642,3,IL1R1;ADGRF5;KLF4
PanglaoDB_Augmented_2021,Basal Cells,0.053100448167692306,0.1378352058820949,3,ANXA2;MYOF;BMP7
PanglaoDB_Augmented_2021,Beta Cells,0.05681458814567806,0.1409393381677438,3,TGFBR3;NPY;MAPK4
PanglaoDB_Augmented_2021,Chondrocytes,0.057762023839239264,0.1409393381677438,3,COL4A2;ELN;IGFBP7
PanglaoDB_Augmented_2021,Neuroblasts,0.057762023839239264,0.1409393381677438,3,IGDCC3;MAPK4;B4GALNT4
PanglaoDB_Augmented_2021,Astrocytes,0.06560870943457844,0.1569463245297759,3,GJB6;AGT;MAPK4
PanglaoDB_Augmented_2021,Neurons,0.09633127094095383,0.22600798182300705,4,NPY;NDN;AGRP;MIAT
PanglaoDB_Augmented_2021,Glycinergic Neurons,0.12116571332561664,0.27890975520236283,2,NGB;B4GALNT4
PanglaoDB_Augmented_2021,Trophoblast Progenitor Cells,0.12714240971718413,0.28724766639808264,2,NBEAL2;ARHGAP27
PanglaoDB_Augmented_2021,Spermatozoa,0.13725407199580644,0.2915889634089781,2,ABCA1;IL1R1
PanglaoDB_Augmented_2021,Platelets,0.13783300537263685,0.2915889634089781,3,VWF;SERPINE1;PECAM1
PanglaoDB_Augmented_2021,Enterochromaffin Cells,0.13929754841566763,0.2915889634089781,2,ITIH5;AGT
PanglaoDB_Augmented_2021,Epiblast Cells,0.13929754841566763,0.2915889634089781,2,IGDCC3;BMP7
PanglaoDB_Augmented_2021,Crypt Cells,0.1413477111054756,0.2915889634089781,2,FXYD6;BMP7
PanglaoDB_Augmented_2021,Enteric Glia Cells,0.14340440823392367,0.2915889634089781,2,FXYD6;MAPK4
PanglaoDB_Augmented_2021,GABAergic Neurons,0.14753680602397198,0.29375577843229467,2,CBLN4;MAPK4
PanglaoDB_Augmented_2021,Peri-islet Schwann Cells,0.14961221067767025,0.29375577843229467,2,COL4A2;ADCY6
PanglaoDB_Augmented_2021,Adipocyte Progenitor Cells,0.1516935577150374,0.29375577843229467,2,COL4A2;LAMB2
PanglaoDB_Augmented_2021,Olfactory Epithelial Cells,0.15462942248237557,0.29476233660702844,3,TTLL3;SLC16A11;KCNA5
PanglaoDB_Augmented_2021,Sebocytes,0.17066977668711725,0.3203340423973585,2,ANXA3;KLF4
PanglaoDB_Augmented_2021,Gamma (PP) Cells,0.17922819968213075,0.3313006115336356,2,AGT;MAPK4
PanglaoDB_Augmented_2021,Delta Cells,0.1856900398310637,0.3381221620804443,2,AGT;MAPK4
PanglaoDB_Augmented_2021,Megakaryocytes,0.2118374373948571,0.3800612847378319,2,VWF;PECAM1
PanglaoDB_Augmented_2021,Müller Cells,0.22063695060946031,0.3901117097732487,2,COL4A2;AGT
PanglaoDB_Augmented_2021,Neural Stem/Precursor Cells,0.2316784937604005,0.40378251769669804,2,RBM3;MAPK4
PanglaoDB_Augmented_2021,Microglia,0.24497393614118443,0.4209411297073873,2,MRC2;PECAM1
PanglaoDB_Augmented_2021,Monocytes,0.28497149778249725,0.48286837124256476,2,PECAM1;ICAM1
PanglaoDB_Augmented_2021,Oligodendrocytes,0.2894117701715263,0.48367446521816726,2,SGK3;MAPK4
PanglaoDB_Augmented_2021,Epithelial Cells,0.3769210837910914,0.6214104354393669,2,IL1R1;ICAM1
PanglaoDB_Augmented_2021,Hepatocytes,0.3833314168705169,0.6215989726007143,2,SULT1A1;LBP
PanglaoDB_Augmented_2021,His Bundle Cells,0.44634256614583245,0.6215989726007143,1,COL4A2
PanglaoDB_Augmented_2021,Osteocytes,0.44634256614583245,0.6215989726007143,1,COL4A2
PanglaoDB_Augmented_2021,Cholinergic Neurons,0.4595764503398224,0.6215989726007143,1,IGDCC3
PanglaoDB_Augmented_2021,Purkinje Fiber Cells,0.4595764503398224,0.6215989726007143,1,MAPK4
PanglaoDB_Augmented_2021,Kidney Progenitor Cells,0.4692955570795539,0.6215989726007143,1,PCGF2
PanglaoDB_Augmented_2021,Salivary Mucous Cells,0.4692955570795539,0.6215989726007143,1,MYH11
PanglaoDB_Augmented_2021,Adrenergic Neurons,0.47249658215318296,0.6215989726007143,1,FXYD6
PanglaoDB_Augmented_2021,Parathyroid Chief Cells,0.47249658215318296,0.6215989726007143,1,PCGF2
PanglaoDB_Augmented_2021,Pinealocytes,0.4756784595921537,0.6215989726007143,1,SLC6A6
PanglaoDB_Augmented_2021,Gastric Chief Cells,0.481985225470298,0.6215989726007143,1,ARHGEF5
PanglaoDB_Augmented_2021,Follicular Cells,0.4851103389940776,0.6215989726007143,1,SLC16A11
PanglaoDB_Augmented_2021,Motor Neurons,0.48821675522244135,0.6215989726007143,1,PCGF2
PanglaoDB_Augmented_2021,Pancreatic Stellate Cells,0.48821675522244135,0.6215989726007143,1,COL4A2
PanglaoDB_Augmented_2021,Parietal Cells,0.48821675522244135,0.6215989726007143,1,MAPK4
PanglaoDB_Augmented_2021,Myeloid-derived Suppressor Cells,0.4913045851226152,0.6215989726007143,1,ICAM1
PanglaoDB_Augmented_2021,Retinal Progenitor Cells,0.4913045851226152,0.6215989726007143,1,MAPK4
PanglaoDB_Augmented_2021,Radial Glia Cells,0.49742492629826063,0.6215989726007143,1,MAPK4
PanglaoDB_Augmented_2021,T Regulatory Cells,0.5064687764732404,0.6215989726007143,1,IL1R1
PanglaoDB_Augmented_2021,Airway Goblet Cells,0.5094473814880899,0.6215989726007143,1,QSOX1
PanglaoDB_Augmented_2021,Intercalated Cells,0.5094473814880899,0.6215989726007143,1,ADGRF5
PanglaoDB_Augmented_2021,Natural Killer T Cells,0.5094473814880899,0.6215989726007143,1,ZBTB16
PanglaoDB_Augmented_2021,Dopaminergic Neurons,0.5124081587037054,0.6215989726007143,1,MAPK4
PanglaoDB_Augmented_2021,Tanycytes,0.5182766519588855,0.6215989726007143,1,MAPK4
PanglaoDB_Augmented_2021,Neuroendocrine Cells,0.5240750953142075,0.6215989726007143,1,NPY
PanglaoDB_Augmented_2021,Oligodendrocyte Progenitor Cells,0.5298043180001427,0.6215989726007143,1,MAPK4
PanglaoDB_Augmented_2021,Keratinocytes,0.5354651395119621,0.6215989726007143,1,ICAM1
PanglaoDB_Augmented_2021,Pyramidal Cells,0.5438298884426291,0.6215989726007143,1,NGB
PanglaoDB_Augmented_2021,Interneurons,0.5486266936857784,0.6215989726007143,2,NPY;MAPK4
PanglaoDB_Augmented_2021,Bergmann Glia,0.5493232292152312,0.6215989726007143,1,GJB6
PanglaoDB_Augmented_2021,Mammary Epithelial Cells,0.5547509620755169,0.6215989726007143,1,ARHGEF5
PanglaoDB_Augmented_2021,Alpha Cells,0.560113863817348,0.6215989726007143,1,AGT
PanglaoDB_Augmented_2021,Ependymal Cells,0.560113863817348,0.6215989726007143,1,CFAP44
PanglaoDB_Augmented_2021,Immature Neurons,0.560113863817348,0.6215989726007143,1,MAPK4
PanglaoDB_Augmented_2021,Distal Tubule Cells,0.5627712434419151,0.6215989726007143,1,ADGRF5
PanglaoDB_Augmented_2021,Epsilon Cells,0.5654127025636495,0.6215989726007143,1,AGT
PanglaoDB_Augmented_2021,Enteroendocrine Cells,0.5680383358298595,0.6215989726007143,1,NPY
PanglaoDB_Augmented_2021,Luminal Epithelial Cells,0.5706482371416394,0.6215989726007143,1,ARHGEF5
PanglaoDB_Augmented_2021,Trigeminal Neurons,0.5809323851210152,0.6272013361483526,1,MAPK4
PanglaoDB_Augmented_2021,Neutrophils,0.5983451921962706,0.6403343284907457,1,PECAM1
PanglaoDB_Augmented_2021,NK Cells,0.6126980613728873,0.6492440531248789,1,ZBTB16
PanglaoDB_Augmented_2021,Proximal Tubule Cells,0.6288013114833826,0.6492440531248789,1,LBP
PanglaoDB_Augmented_2021,Retinal Ganglion Cells,0.6288013114833826,0.6492440531248789,1,MAPK4
PanglaoDB_Augmented_2021,Enteric Neurons,0.6332790354250868,0.6492440531248789,1,MAPK4
PanglaoDB_Augmented_2021,Plasma Cells,0.6332790354250868,0.6492440531248789,1,KLF4
PanglaoDB_Augmented_2021,Basophils,0.6398953769968773,0.6505602999468252,1,IGFBP7
PanglaoDB_Augmented_2021,Cajal-Retzius Cells,0.6506605520190463,0.6560379119530879,1,MAPK4
PanglaoDB_Augmented_2021,Enterocytes,0.7070917053715485,0.7070917053715485,1,COL18A1
ChEA_2022,CLOCK 20551151 ChIP-Seq 293T Human,1.4134205574204248e-11,1.0063554368833425e-08,18,ABCA1;COL18A1;CDKN1A;ANXA2;ELN;SERPINE1;CIRBP;SLC2A4;NET1;SULT1A1;RBM3;SLC6A6;PER3;COL4A2;MARVELD1;WDR6;FKBP5;TGM2
ChEA_2022,NR3C1 34362910 ChIP-Seq WistarRat Hippocampus Stress,3.244583875374741e-11,1.1550718596334078e-08,23,TRUB1;CDKN1A;LAMB2;ZBTB16;ATP10A;ARHGAP27;HIF3A;AFF1;SULT1A1;TGFBR3;GJB6;EVA1C;ADGRF5;PLIN4;FLNB;SUSD6;PRODH;TNS2;MAPK4;FKBP5;TNS1;TGM2;MFSD2A
ChEA_2022,NR3C1 34362910 ChIP-Seq WistarRat Hippocampus,1.6831357534774929e-09,3.99464218825325e-07,20,TRUB1;CDKN1A;LAMB2;ZBTB16;ATP10A;HIF3A;SULT1A1;TGFBR3;GJB6;EVA1C;ADGRF5;PLIN4;FLNB;SUSD6;PRODH;TNS2;MAPK4;FKBP5;TNS1;MFSD2A
ChEA_2022,NR3C2 34362910 ChIP-Seq WistarRat Hippocampus Stress,5.335931511894571e-06,0.0008697553489083527,19,CDKN1A;LAMB2;ZBTB16;ATP10A;HIF3A;AFF1;SULT1A1;TGFBR3;GJB6;EVA1C;PLIN4;SUSD6;PRODH;TNS2;MAPK4;FKBP5;TNS1;TGM2;MFSD2A
ChEA_2022,NR3C1 27076634 ChIP-Seq BEAS2B Human Lung Inflammation,6.1078325063788805e-06,0.0008697553489083527,38,NOTCH2;TRUB1;COL18A1;CDKN1A;ELN;SERPINE1;SLC2A1;KCNA5;HIF3A;ACACB;AFF1;ICAM1;MRC2;CBS;EVA1C;FLNB;LBP;TNS1;TGM2;IER3;MFSD2A;ABCA1;PLK5;ANXA2;IL1R1;ANXA3;ZBTB16;IDH2;CIRBP;OSMR;KLF4;TGFBR3;MYCL;COL4A2;SMOC1;PECAM1;AGRP;FKBP5
ChEA_2022,NR3C2 34362910 ChIP-Seq WistarRat Hippocampus,7.791114255482354e-06,0.0009245455583172394,24,NOTCH2;CDKN1A;LAMB2;ZBTB16;LENG8;ATP10A;HIF3A;PKD1;AFF1;SULT1A1;TGFBR3;PER3;GJB6;EVA1C;ADGRF5;IGDCC3;PLIN4;IGFBP7;PRODH;TNS2;FKBP5;TNS1;TGM2;MFSD2A
ChEA_2022,GATA1 19941827 ChIP-Seq MEL86 Mouse,1.0068159314301154e-05,0.0010240756331117745,24,ABCA1;DOCK6;NOTCH2;TRUB1;ECM1;CDKN1A;PLK5;VWF;ANXA3;NOS3;ZBTB16;ELN;SERPINE1;BMP7;ACACB;ADCY6;ICAM1;MRC2;SLC6A6;PTPRB;COL4A2;MARVELD1;PRODH;CBLN4
ChEA_2022,RUNX2 24764292 ChIP-Seq MC3T3 Mouse,2.376531779609931e-05,0.0021151132838528384,24,NOTCH2;CBX7;CDKN1A;ANXA2;CHPF2;LAMB2;SERPINE1;MYOF;CIRBP;STON1;PLA2G3;ATP10A;KLF4;ACACB;PKD1;AFF1;MRC2;GABRR2;DZIP1L;AGRP;FLNB;PRODH;TGM2;IER3
ChEA_2022,SOX9 24532713 ChIP-Seq HFSC Mouse,3.042486132318539e-05,0.0024069445846786664,20,ABCA1;NOTCH2;COL18A1;ECM1;ANXA2;ZBTB16;MYOF;SLC2A1;STON1;ISM1;PKD1;SLC6A6;COL4A2;SMOC1;FLNB;IGFBP7;NBL1;ARHGEF5;FKBP5;TNS1
ChEA_2022,ZFP281 18757296 ChIP-ChIP E14 Mouse,5.480379064601811e-05,0.0039020298939964897,22,ITIH5;NOTCH2;CBX7;COL18A1;CDKN1A;PCGF2;SERPINE1;CIRBP;SLC16A11;SLC2A4;BMP7;ICAM1;TGFBR3;MRC2;SLC6A6;CBS;SMOC1;DZIP1L;WDR6;FXYD6;MAPK4;FKBP5
ChEA_2022,WT1 25993318 ChIP-Seq PODOCYTE Human,6.859951107938838e-05,0.004440259262593139,34,ITIH5;TRUB1;COL18A1;ELN;SLC2A1;STON1;AFF1;MRC2;EVA1C;NPY;WDR6;FLNB;IGFBP7;MAPK4;TNS1;TGM2;IER3;B4GALNT4;MFSD2A;PCGF2;IDH2;MYOF;ARHGAP27;OSMR;KLF4;BMP7;TGFBR3;SLC6A6;PTPRB;COL4A2;SMOC1;IGDCC3;FXYD6;FKBP5
ChEA_2022,RUNX1 30185409 ChIP-Seq K562 Mouse BoneMarrow Leukemia,7.510049088279505e-05,0.0044559624590458395,9,TGFBR3;COL18A1;GABRR2;ANXA3;ZBTB16;SLC2A1;SGK3;TSKU;TGM2
ChEA_2022,GATA3 24758297 ChIP-Seq MCF-7 Human,9.186743930678575e-05,0.004792898423789434,23,CDKN1A;ANXA2;IL1R1;CHPF2;ANXA3;LAMB2;IDH2;MYOF;STON1;NBEAL2;BMP7;PKD1;TSKU;TGFBR3;SMOC1;IGDCC3;IGFBP7;SGK3;QSOX1;NBL1;TNS1;IER3;MFSD2A
ChEA_2022,NR1H3 23393188 ChIP-Seq ATHEROSCLEROTIC-FOAM Human,9.42423847374327e-05,0.004792898423789434,12,ABCA1;SLC6A6;ECM1;COL4A2;CBS;PCGF2;SLC2A1;COL9A2;AGT;FKBP5;TGM2;IER3
ChEA_2022,ESR1 22217937 ChIP-Seq MCF-7 Human BreastCancer,0.00015172436865661245,0.007201850032233871,6,SLC6A6;ANXA2;CIRBP;QSOX1;TSKU;IER3
ChEA_2022,TBX20 22080862 ChIP-Seq HEART Mouse,0.00017738799574454898,0.0074294266453011105,22,CDKN1A;VWF;ZBTB16;ELN;IDH2;SLC2A1;CIRBP;STON1;NBEAL2;KCNA5;ACACB;ADCY6;MRC2;PTPRB;SMOC1;PECAM1;WDR6;IGFBP7;NBL1;FKBP5;TGM2;MFSD2A
ChEA_2022,TBX20 22328084 ChIP-Seq HEART Mouse,0.00017738799574454898,0.0074294266453011105,22,CDKN1A;VWF;ZBTB16;ELN;IDH2;SLC2A1;CIRBP;STON1;NBEAL2;KCNA5;ACACB;ADCY6;MRC2;PTPRB;SMOC1;PECAM1;WDR6;IGFBP7;NBL1;FKBP5;TGM2;MFSD2A
ChEA_2022,RELB 30642670 ChIP-Seq CTB1 Human Placenta Inflammation,0.00019299757638193416,0.007634126354663174,6,MYCL;SLC6A6;CDKN1A;SUSD6;ICAM1;IER3
ChEA_2022,TBX2 33478486 ChIP-Seq IMR90 Human Lung,0.0002723199969349376,0.010204833569351346,28,COL18A1;CDKN1A;LAMC3;KMT2B;KCNA5;JADE2;HIF3A;ISM1;ADCY6;ICAM1;MRC2;MARVELD1;EVA1C;FLNB;TNS1;ABCA1;CBX7;PLK5;ANXA2;ANXA3;NGB;SLC16A11;COL4A2;IGDCC3;PLIN4;TCEA2;COL9A2;SUGP1
ChEA_2022,EGR1 20690147 ChIP-Seq ERYTHROLEUKEMIA Human,0.0002989582614050853,0.010642914106021037,47,DOCK6;NOTCH2;COL18A1;CDKN1A;LAMC3;ELN;SERPINE1;SLC2A1;LENG8;HIF3A;ACACB;PKD1;ADCY6;TSKU;AFF1;ICAM1;MRC2;GABRR2;MARVELD1;CBS;WDR6;MYH11;IGFBP7;LBP;PRODH;TNS1;TGM2;B4GALNT4;CBX7;ANXA3;LAMB2;NOS3;ZBTB16;PCGF2;CIRBP;ARHGAP27;OSMR;BMP7;TGFBR3;SLC6A6;PER3;TNIP2;TCEA2;FXYD6;CBLN4;NBL1;FKBP5
ChEA_2022,RXR 22158963 ChIP-Seq LIVER Mouse,0.0003292804389794218,0.011164174883492778,21,ABCA1;NOTCH2;COL18A1;SERPINE1;IDH2;CIRBP;ACACB;AGT;TSKU;PCSK4;SULT1A1;TGFBR3;SLC6A6;MARVELD1;CBS;SMOC1;FLNB;QSOX1;LBP;PRODH;MFSD2A
ChEA_2022,DMRT1 23473982 ChIP-Seq TESTES Mouse,0.0003807636606552054,0.011799075402626927,22,ITIH5;NOTCH2;TRUB1;VWF;ELN;IDH2;CIRBP;LENG8;HIF3A;ADCY6;PCSK4;TGFBR3;SLC6A6;MARVELD1;FLNA;WDR6;IGFBP7;ARHGEF5;TNS1;TGM2;B4GALNT4;MFSD2A
ChEA_2022,ESR2 21235772 ChIP-Seq MCF-7 Human,0.0003965561869045844,0.011799075402626927,9,VWF;IGDCC3;SLC2A1;FLNB;SGK3;QSOX1;BMP7;TGM2;IER3
ChEA_2022,RUNX1 27514584 Chip-Seq MCF-7 Human,0.0003977216427851773,0.011799075402626927,21,ABCA1;NOTCH2;COL18A1;IDH2;MYOF;LENG8;KLF4;BMP7;ADCY6;TSKU;NET1;MRC2;GABRR2;IGDCC3;FLNA;FXYD6;QSOX1;FKBP5;TNS1;IER3;MFSD2A
ChEA_2022,TET1 21490601 ChIP-Seq MESCs Mouse,0.000601434668789089,0.017128859367113253,21,NOTCH2;COL18A1;CDKN1A;ANXA2;IL1R1;CHPF2;LAMB2;LAMC3;SERPINE1;NGB;STON1;KCNA5;BMP7;TSKU;ICAM1;PTPRB;COL4A2;NDN;PRODH;ARHGEF5;MAPK4
ChEA_2022,VDR 24787735 ChIP-Seq THP-1 Human,0.0006427070670590404,0.01732197419673927,12,ABCA1;SLC6A6;CDKN1A;GJB6;SLC2A1;ATP10A;FLNB;IGFBP7;COL9A2;AFF1;FKBP5;MFSD2A
ChEA_2022,TCF21 26020271 ChIP-Seq SMOOTH MUSCLE Human,0.0006568726170111803,0.01732197419673927,21,CDKN1A;ANXA2;IL1R1;SERPINE1;MYOF;SLC2A1;CIRBP;SLC16A11;KLF4;ACACB;TSKU;AFF1;TGFBR3;RBM3;MRC2;SLC6A6;PECAM1;IGFBP7;COL9A2;TNS1;TGM2
ChEA_2022,ZFP281 27345836 Chip-Seq ESCs Mouse,0.0007513147190243238,0.01910485999804709,21,ABCA1;NOTCH2;CBX7;PLK5;ZBTB16;PCGF2;SERPINE1;SLC16A11;SLC2A4;KLF4;ADCY6;PCSK4;MRC2;CBS;SMOC1;SGK3;QSOX1;ARHGEF5;MAPK4;FKBP5;TGM2
ChEA_2022,KDM2B 26808549 Chip-Seq DND41 Human,0.0008185355037129922,0.02009645788426381,21,CBX7;CDKN1A;NOS3;SLC2A1;NGB;CIRBP;ARHGAP27;ISM1;BMP7;TSKU;TGFBR3;MARVELD1;GJB6;IGDCC3;TCEA2;FLNA;QSOX1;COL9A2;FKBP5;B4GALNT4;MFSD2A
ChEA_2022,SUZ12 18974828 ChIP-Seq MESCs Mouse,0.0009906197921258453,0.023510709733120062,20,ZBTB16;NGB;SLC16A11;ATP10A;KCNA5;OSMR;BMP7;TGFBR3;MRC2;PTPRB;COL4A2;NPY;DZIP1L;NDN;MYH11;IGFBP7;SGK3;CBLN4;NBL1;NKX2-4
ChEA_2022,LXR 22158963 ChIP-Seq LIVER Mouse,0.0011048232261304195,0.025375294742092217,20,ABCA1;COL18A1;IL1R1;IDH2;CIRBP;SLC2A4;ACACB;TSKU;AFF1;TGFBR3;SLC6A6;FLNB;QSOX1;LBP;PRODH;FKBP5;TNS1;TGM2;B4GALNT4;MFSD2A
ChEA_2022,STAT3 1855785 ChIP-Seq MESCs Mouse,0.0012495789123258749,0.02744468876378322,9,CDKN1A;TNIP2;SMOC1;SERPINE1;ARHGAP27;PRODH;ICAM1;IER3;B4GALNT4
ChEA_2022,LEF1 29337183 ChIP-Seq mESC Mouse Stem,0.0012720150691079301,0.02744468876378322,26,ITIH5;NOTCH2;TRUB1;ELN;SLC2A1;ISM1;TSKU;AFF1;CBS;EVA1C;DZIP1L;SUSD6;IER3;MFSD2A;ANXA2;IL1R1;MYOF;CIRBP;KLF4;BMP7;TGFBR3;MYCL;SLC6A6;PTPRB;GJB6;SGK3
ChEA_2022,FOXP2 23625967 ChIP-Seq PFSK-1 AND SK-N-MC Human,0.0015224856417144072,0.03054922139748974,12,ABCA1;TGFBR3;SLC6A6;CBX7;IL1R1;ELN;SERPINE1;TCEA2;TSKU;FKBP5;TNS1;TGM2
ChEA_2022,YAP1 20516196 ChIP-Seq MESCs Mouse,0.0015830063690690918,0.03054922139748974,22,CBX7;COL18A1;ANXA2;LAMB2;PCGF2;IDH2;SLC2A1;SLC16A11;PLA2G3;ATP10A;KLF4;BMP7;ACACB;TGFBR3;MRC2;SLC6A6;COL4A2;NPY;NDN;IGFBP7;QSOX1;CBLN4
ChEA_2022,SMAD2 18955504 ChIP-ChIP HaCaT Human,0.0016564512589550752,0.03054922139748974,19,NOTCH2;COL18A1;CDKN1A;ANXA2;ANXA3;NOS3;ELN;SERPINE1;CIRBP;KLF4;TSKU;NET1;PTPRB;MARVELD1;MYH11;QSOX1;ARHGEF5;TGM2;IER3
ChEA_2022,SMAD3 18955504 ChIP-ChIP HaCaT Human,0.0016564512589550752,0.03054922139748974,19,NOTCH2;COL18A1;CDKN1A;ANXA2;ANXA3;NOS3;ELN;SERPINE1;CIRBP;KLF4;TSKU;NET1;PTPRB;MARVELD1;MYH11;QSOX1;ARHGEF5;TGM2;IER3
ChEA_2022,KLF5 18264089 ChIP-ChIP MESCs Mouse,0.0017162483931174011,0.03054922139748974,4,CDKN1A;TCEA2;KLF4;BMP7
ChEA_2022,KLF2 18264089 ChIP-ChIP MESCs Mouse,0.0017162483931174011,0.03054922139748974,4,CDKN1A;TCEA2;KLF4;BMP7
ChEA_2022,KLF4 18264089 ChIP-ChIP MESCs Mouse,0.0017162483931174011,0.03054922139748974,4,CDKN1A;TCEA2;KLF4;BMP7
ChEA_2022,TAL1 30185409 ChIP-Seq K562 Mouse BoneMarrow Leukemia,0.001794481155601977,0.031162697141185552,14,COL18A1;IL1R1;ANXA3;NOS3;ZBTB16;SLC2A1;NBEAL2;TSKU;TGFBR3;MRC2;GABRR2;SGK3;TGM2;IER3
ChEA_2022,LYL1 30185409 ChIP-Seq K562 Mouse BoneMarrow Leukemia,0.0018473114491569516,0.03131632742380356,14,COL18A1;IL1R1;ANXA3;NOS3;ZBTB16;SLC2A1;NBEAL2;TSKU;TGFBR3;MRC2;GABRR2;SGK3;TGM2;IER3
ChEA_2022,KDM2B 26808549 Chip-Seq K562 Human,0.0022229161267457195,0.036807355400998894,20,CBX7;COL18A1;CDKN1A;IL1R1;ANXA3;LAMC3;ZBTB16;PCGF2;SLC2A1;CIRBP;ACACB;TSKU;AFF1;TGFBR3;MRC2;CBS;IGDCC3;QSOX1;NBL1;FKBP5
ChEA_2022,EZH2 23942234 ChIP-Seq MYOBLASTS AND MYOTUBES Mouse,0.002469656770108505,0.039851295348892646,12,TGFBR3;PLK5;ANXA2;VWF;COL4A2;LAMB2;DZIP1L;FLNA;FLNB;ARHGAP27;ADCY6;TNS1
ChEA_2022,RELA 24523406 ChIP-Seq FIBROSARCOMA Human,0.002518691419522709,0.039851295348892646,15,ABCA1;CDKN1A;LAMB2;SERPINE1;ARHGAP27;KLF4;AGT;TSKU;ICAM1;SLC6A6;FLNA;LBP;NBL1;TGM2;IER3
ChEA_2022,MTF2 20144788 ChIP-Seq MESCs Mouse,0.0031193450415591675,0.04828203629543755,26,NOTCH2;LAMC3;ATP10A;ADCY6;AFF1;MRC2;AP1G2;NPY;DZIP1L;NDN;IGFBP7;NKX2-4;B4GALNT4;ZBTB16;NGB;OSMR;KLF4;BMP7;TGFBR3;PTPRB;COL4A2;GJB6;TCEA2;SGK3;CBLN4;NBL1
ChEA_2022,SOX11 22085726 ChIP-Seq ESNs Mouse,0.0032182964021614784,0.04875376677316963,18,DOCK6;NOTCH2;ANXA2;IL1R1;ZBTB16;CIRBP;LENG8;KCNA5;AGT;ADCY6;SLC6A6;PTPRB;TNIP2;CBS;PECAM1;PLIN4;WDR6;IGFBP7
ChEA_2022,ESET 19884257 ChIP-Seq ESCs Mouse,0.0033163304582839986,0.049192235131212646,17,NOTCH2;CBX7;CDKN1A;NOS3;IDH2;NGB;SLC16A11;KCNA5;BMP7;TSKU;AFF1;MRC2;MARVELD1;PLIN4;NKX2-4;FKBP5;IER3
ChEA_2022,SMAD4 21741376 ChIP-Seq HESCs Human,0.0034387188240181774,0.049966689851039636,21,ITIH5;CBX7;COL18A1;LAMC3;ZBTB16;MYOF;NBEAL2;KCNA5;KLF4;BMP7;TSKU;AFF1;MRC2;TCEA2;WDR6;FLNB;FXYD6;NBL1;MAPK4;FKBP5;IER3
ChEA_2022,ERA 27197147 Chip-Seq ENDOMETRIOID-ADENOCARCINOMA Human,0.003890334511020214,0.05539836343692785,12,NOTCH2;TGFBR3;SLC6A6;COL18A1;GABRR2;IL1R1;ANXA3;TNIP2;KLF4;TSKU;TGM2;IER3
ChEA_2022,ESR1 22446102 ChIP-Seq UTERUS Mouse,0.004800976544161004,0.0663736216167571,15,CDKN1A;ANXA2;IL1R1;ANXA3;ELN;BMP7;AFF1;TGFBR3;MRC2;COL4A2;SMOC1;FLNB;IGFBP7;FXYD6;TNS1
ChEA_2022,AR 27270436 ChIP-Seq LNCaP Human Prostate Carcinoma,0.004847511691111474,0.0663736216167571,5,NET1;EVA1C;FLNB;SGK3;FKBP5
ChEA_2022,EP300 20729851 ChIP-Seq FORBRAIN MIDBRAIN LIMB HEART Mouse,0.005253785515739246,0.07057915636238384,16,DOCK6;COL18A1;ANXA2;IL1R1;IDH2;SLC2A1;CIRBP;BMP7;ADCY6;AFF1;NET1;TGFBR3;FLNA;WDR6;TNS1;TGM2
ChEA_2022,PPARG 19300518 ChIP-PET 3T3-L1 Mouse,0.005930184987942313,0.07641819066145981,5,SULT1A1;NOS3;SMOC1;AGT;ADCY6
ChEA_2022,ESR1 30970003 ChIP-Seq MCF-7 Human BreastCancer,0.005962132081867006,0.07641819066145981,12,COL18A1;ANXA2;ANXA3;TNIP2;EVA1C;KMT2B;CIRBP;FLNA;ATP10A;SGK3;COL9A2;ACACB
ChEA_2022,GATA1 19941827 ChIP-Seq MEL Mouse,0.006010419490227177,0.07641819066145981,17,ABCA1;DOCK6;NOTCH2;COL18A1;ECM1;VWF;IL1R1;NOS3;ZBTB16;ADCY6;AFF1;ICAM1;TGFBR3;PTPRB;COL4A2;TCEA2;TGM2
ChEA_2022,TAF7L 23326641 ChIP-Seq C3H10T1-2 Mouse,0.006212012236517445,0.07759566162106,9,SULT1A1;CDKN1A;IL1R1;MARVELD1;NOS3;SERPINE1;OSMR;ADCY6;PCSK4
ChEA_2022,KLF4 19829295 ChIP-Seq ESCs Human,0.006701164494109174,0.08226257103113331,18,ITIH5;TRUB1;ELN;CIRBP;PLA2G3;LENG8;ARHGAP27;PKD1;TSKU;MRC2;COL4A2;TNIP2;CBS;SMOC1;PECAM1;NKX2-4;TGM2;B4GALNT4
ChEA_2022,SUZ12 20075857 ChIP-Seq MESCs Mouse,0.006842485374961645,0.08257372181309645,33,NOTCH2;CDKN1A;LAMC3;ELN;ATP10A;KCNA5;ISM1;ADCY6;MRC2;NPY;NDN;IGFBP7;QSOX1;NKX2-4;MAPK4;TNS1;MFSD2A;PLK5;ZBTB16;NGB;SLC16A11;OSMR;BMP7;TGFBR3;PTPRB;COL4A2;SMOC1;IGDCC3;SGK3;COL9A2;CBLN4;NBL1;ARHGEF5
ChEA_2022,ESR1 21235772 ChIP-Seq MCF-7 Human,0.007173130276734858,0.08512114595058698,5,ABCA1;VWF;SLC2A1;SGK3;BMP7
ChEA_2022,LXR 22292898 ChIP-Seq THP-1 Human,0.007639531253227033,0.08908029222547566,18,ABCA1;ECM1;PCGF2;CIRBP;NBEAL2;ATP10A;KLF4;AGT;TSKU;SLC6A6;GABRR2;TTLL3;DZIP1L;PLIN4;WDR6;FXYD6;QSOX1;MFSD2A
ChEA_2022,PPARG 20176806 ChIP-Seq 3T3-L1 Mouse,0.007756991738735239,0.08908029222547566,16,ABCA1;NOTCH2;CDKN1A;ANXA3;CIRBP;SLC16A11;ATP10A;TGFBR3;SLC6A6;COL4A2;SMOC1;IGDCC3;TCEA2;NBL1;FKBP5;TNS1
ChEA_2022,P63 26484246 Chip-Seq KERATINOCYTES Human,0.008272243996940425,0.0934894877114537,18,CDKN1A;IL1R1;LAMC3;SERPINE1;MYOF;CIRBP;BMP7;TSKU;AP1G2;MARVELD1;DZIP1L;PLIN4;FLNA;COL9A2;PRODH;NBL1;FKBP5;IER3
ChEA_2022,CTCF 27219007 Chip-Seq Bcells Human,0.008578290527328001,0.09543348211652401,18,NOTCH2;VWF;ELN;PCGF2;SLC2A1;NGB;CIRBP;SLC16A11;KCNA5;AGT;AP1G2;MARVELD1;CBS;DZIP1L;PLIN4;COL9A2;NBL1;B4GALNT4
ChEA_2022,SPI1 23127762 ChIP-Seq K562 Human,0.009501185814178938,0.10260485270473059,14,NOTCH2;NOS3;IDH2;SLC2A1;ARHGAP27;AFF1;ICAM1;NET1;SLC6A6;GABRR2;COL4A2;IGDCC3;SGK3;TGM2
ChEA_2022,GATA1 30185409 ChIP-Seq K562 Mouse BoneMarrow Leukemia,0.009511123986674466,0.10260485270473059,11,TGFBR3;MRC2;COL18A1;GABRR2;IL1R1;ANXA3;ZBTB16;SLC2A1;TSKU;TGM2;IER3
ChEA_2022,CEBPB 21427703 ChIP-Seq 3T3-L1 Mouse,0.00991187004848475,0.1050588510959637,17,COL18A1;ANXA2;IL1R1;ANXA3;IDH2;SLC2A1;OSMR;KLF4;ACACB;AGT;MRC2;PER3;TNIP2;TCEA2;FLNB;IGFBP7;NBL1
ChEA_2022,MNX1 26342078 ChIP-Seq MIN6-4N Mouse,0.010033710497929118,0.1050588510959637,17,COL18A1;CDKN1A;PLK5;LAMC3;ZBTB16;PCGF2;SLC2A1;SLC16A11;PLA2G3;NBEAL2;SLC2A4;HIF3A;IGDCC3;PLIN4;SGK3;FKBP5;TNS1
ChEA_2022,EP300 21415370 ChIP-Seq HL-1 Mouse,0.010193930766609882,0.1051895464612498,9,TGFBR3;SLC6A6;COL4A2;ANXA3;ELN;PECAM1;CIRBP;AFF1;TNS1
ChEA_2022,KLF6 26769127 Chip-Seq PDAC-Cell Line Human,0.010429856465156043,0.10608654004558718,18,COL18A1;MYOF;SLC2A1;SLC16A11;ATP10A;KLF4;AGT;TSKU;TGFBR3;PER3;COL4A2;MARVELD1;TCEA2;IGFBP7;COL9A2;NBL1;TGM2;MFSD2A
ChEA_2022,JARID2 20075857 ChIP-Seq MESCs Mouse,0.010724145893146594,0.1075435475481743,13,PLK5;ZBTB16;ISM1;BMP7;TGFBR3;MRC2;COL4A2;IGDCC3;AGRP;CBLN4;NBL1;NKX2-4;MFSD2A
ChEA_2022,ESR1 20056654 ChIP-Seq MCF-7 Human BreastCancer,0.010995150909346952,0.10872982565909764,11,ABCA1;SULT1A1;SLC6A6;COL18A1;SGK3;QSOX1;NBL1;BMP7;AFF1;SUGP1;TNS1
ChEA_2022,DROSHA 22980978 ChIP-Seq HELA Human,0.01174594966380977,0.11456323507715829,7,DOCK6;COL18A1;TTLL3;NOS3;ELN;SMOC1;HIF3A
ChEA_2022,SOX3 22085726 ChIP-Seq NPCs Mouse,0.012151957490700483,0.11692153693755059,17,ITIH5;ABCA1;ANXA2;PCGF2;IDH2;SLC2A4;KLF4;ADCY6;RBM3;MRC2;TNIP2;CBS;SMOC1;DZIP1L;FLNA;PRODH;IER3
ChEA_2022,PPARG 20887899 ChIP-Seq 3T3-L1 Mouse,0.01277419123503409,0.12126965545792363,26,ITIH5;CDKN1A;SERPINE1;SLC2A1;ATP10A;ADCY6;PCSK4;AFF1;MARVELD1;IGFBP7;TNS1;TGM2;ANXA2;VWF;CHPF2;ANXA3;ZBTB16;SLC16A11;ARHGAP27;KLF4;BMP7;TGFBR3;SLC6A6;COL4A2;PECAM1;FKBP5
ChEA_2022,OCT4 19829295 ChIP-Seq ESCs Human,0.01349131501307697,0.12639231959619476,17,VWF;ELN;ARHGAP27;SLC2A4;BMP7;PKD1;TSKU;ICAM1;PER3;COL4A2;MARVELD1;PECAM1;FLNB;LBP;TNS1;IER3;B4GALNT4
ChEA_2022,CSB 26484114 Chip-Seq FIBROBLAST Human,0.014365679650595164,0.13283589495095788,17,COL18A1;ANXA2;VWF;IL1R1;SLC2A1;KCNA5;HIF3A;OSMR;AFF1;MRC2;MARVELD1;PECAM1;FLNB;IGFBP7;LBP;CBLN4;TGM2
ChEA_2022,GATA4 25053715 ChIP-Seq YYC3 Human,0.015029217646318448,0.13718978159203504,17,ITIH5;ANXA2;IL1R1;ANXA3;MYOF;SLC2A1;STON1;SLC16A11;ARHGAP27;OSMR;BMP7;AFF1;PTPRB;WDR6;FLNB;SGK3;QSOX1
ChEA_2022,KLF1 20508144 ChIP-Seq FETAL-LIVER-ERYTHROID Mouse,0.015306810565789452,0.13795505218787457,11,CBX7;ZBTB16;SLC2A1;NDN;SLC2A4;ACACB;TSKU;AFF1;MAPK4;TGM2;B4GALNT4
ChEA_2022,STAT3 18555785 ChIP-Seq MESCs Mouse,0.015987097543849797,0.14215243803190522,16,CDKN1A;VWF;ANXA3;ELN;SERPINE1;MYOF;ATP10A;ARHGAP27;KLF4;PKD1;SLC6A6;TNIP2;IGDCC3;CBLN4;FKBP5;TNS1
ChEA_2022,Nerf2 26677805 Chip-Seq MACROPHAGESS Mouse,0.016171836349135285,0.14215243803190522,12,NOTCH2;SLC6A6;CDKN1A;VWF;CHPF2;ANXA3;MYOF;SLC2A1;KLF4;TSKU;TNS1;IER3
ChEA_2022,TP63 17297297 ChIP-ChIP HaCaT Human,0.017671138295769356,0.15191013905549264,2,CDKN1A;BMP7
ChEA_2022,BACH1 22875853 ChIP-PCR HELA AND SCP4 Human,0.01770862576068243,0.15191013905549264,13,ITIH5;ABCA1;CBX7;ELN;SLC2A4;OSMR;ACACB;ICAM1;PECAM1;TCEA2;TNS1;TGM2;IER3
ChEA_2022,BRD4 25478319 ChIP-Seq HGPS Human,0.01844724401754091,0.156362354053442,18,ABCA1;NOTCH2;COL18A1;CHPF2;LAMB2;MYOF;ARHGAP27;OSMR;KLF4;BMP7;RBM3;SLC6A6;PTPRB;COL4A2;WDR6;FLNB;QSOX1;NKX2-4
ChEA_2022,SA1 27219007 Chip-Seq ERYTHROID Human,0.019121012869570297,0.16016660191922416,17,ELN;SLC2A1;CIRBP;NBEAL2;ARHGAP27;ADCY6;TSKU;PER3;MARVELD1;GJB6;PECAM1;PLIN4;NDN;FXYD6;QSOX1;COL9A2;NBL1
ChEA_2022,E2F1 18555785 ChIP-Seq MESCs Mouse,0.01944247140541807,0.16038223520219644,27,DOCK6;NOTCH2;TRUB1;COL18A1;CDKN1A;SLC2A1;LENG8;HIF3A;PKD1;TSKU;ICAM1;RBM3;CBS;FLNA;NDN;WDR6;IGFBP7;PRODH;MAPK4;IER3;ANXA2;PCGF2;IDH2;CIRBP;NET1;TNIP2;SMOC1
ChEA_2022,CTCF 26484167 Chip-Seq Bcells Mouse,0.019597267503639174,0.16038223520219644,16,ABCA1;LAMC3;ELN;MYOF;CIRBP;SLC16A11;SLC2A4;HIF3A;ICAM1;SLC6A6;MARVELD1;SMOC1;PLIN4;FLNA;SGK3;COL9A2
ChEA_2022,ESR1 17901129 ChIP-ChIP LIVER Mouse,0.02000967451149898,0.16134712410923488,6,SULT1A1;MARVELD1;CBS;SMOC1;LBP;PCSK4
ChEA_2022,STAT3 24763339 ChIP-Seq IMN-ESCs Mouse,0.02016839051365436,0.16134712410923488,15,ITIH5;COL18A1;ANXA2;PCGF2;MYOF;KLF4;AFF1;MRC2;PECAM1;AGRP;FXYD6;COL9A2;CBLN4;MAPK4;B4GALNT4
ChEA_2022,KDM2B 26808549 Chip-Seq JURKAT Human,0.020589789677290887,0.16199145189596303,17,CBX7;ECM1;ZBTB16;SLC2A1;NGB;CIRBP;SLC16A11;ATP10A;SLC2A4;TGFBR3;MRC2;FLNA;QSOX1;NBL1;FKBP5;B4GALNT4;MFSD2A
ChEA_2022,SUZ12 18692474 ChIP-Seq MESCs Mouse,0.020703963655242467,0.16199145189596303,16,ABCA1;ZBTB16;NGB;ATP10A;OSMR;BMP7;TGFBR3;MRC2;COL4A2;GJB6;NPY;NDN;SGK3;CBLN4;NBL1;NKX2-4
ChEA_2022,FOXA1 27197147 Chip-Seq ENDOMETRIOID-ADENOCARCINOMA Human,0.02145295079290811,0.1653864703576694,7,NOTCH2;SLC6A6;IL1R1;NPY;MYOF;KLF4;TGM2
ChEA_2022,NUCKS1 24931609 ChIP-Seq HEPATOCYTES Mouse,0.021602446268628166,0.1653864703576694,8,TGFBR3;COL18A1;CDKN1A;SLC2A1;LBP;BMP7;FKBP5;ICAM1
ChEA_2022,RAD21 21589869 ChIP-Seq MESCs Mouse,0.02245337157073937,0.16799348316549786,16,DOCK6;TRUB1;NOS3;ELN;SLC2A1;CIRBP;SLC16A11;ARHGAP27;SLC6A6;AP1G2;MARVELD1;TCEA2;FLNB;IGFBP7;NBL1;MFSD2A
ChEA_2022,RACK7 27058665 Chip-Seq MCF-7 Human,0.022720867954162238,0.16799348316549786,17,COL18A1;PCGF2;IDH2;MYOF;SLC2A1;CIRBP;SLC16A11;NBEAL2;BMP7;TSKU;MARVELD1;IGDCC3;FLNB;COL9A2;NBL1;FKBP5;MFSD2A
ChEA_2022,FOXO3 23340844 ChIP-Seq DLD1 Human,0.02282373211224056,0.16799348316549786,8,TGFBR3;SLC6A6;CBX7;CBS;DZIP1L;FLNB;KLF4;IER3
ChEA_2022,ISL1 27105846 Chip-Seq CPCs Mouse,0.022910315665498428,0.16799348316549786,14,ABCA1;COL18A1;CDKN1A;LAMB2;ZBTB16;MYOF;LENG8;ATP10A;ISM1;KLF4;BMP7;TSKU;AFF1;TGFBR3
ChEA_2022,EBNA1 20929547 Chip-Seq RAJI-cells Human,0.02330746658469444,0.16799348316549786,16,LAMC3;PLA2G3;LENG8;KCNA5;HIF3A;ISM1;OSMR;ACACB;ADCY6;TGFBR3;MRC2;SLC6A6;PLIN4;FLNA;IER3;B4GALNT4
ChEA_2022,RARB 24833708 ChIP-Seq LIVER Mouse,0.023358644428910516,0.16799348316549786,15,ITIH5;COL18A1;PLK5;ANXA2;ZBTB16;SLC16A11;PLA2G3;SLC2A4;RBM3;TTLL3;AP1G2;TNIP2;LBP;PRODH;FKBP5
ChEA_2022,TBX5 21415370 ChIP-Seq HL-1 Mouse,0.024313687296388033,0.1731134535502828,16,ABCA1;DOCK6;CBX7;COL18A1;ANXA2;LAMB2;SLC2A4;OSMR;PKD1;TSKU;AFF1;ICAM1;NET1;PER3;SMOC1;NBL1
ChEA_2022,FOXO1 23066095 ChIP-Seq LIVER Mouse,0.025517380091226997,0.17968951312189416,5,ZBTB16;NPY;TSKU;PCSK4;TNS1
ChEA_2022,AR 19668381 ChIP-Seq PC3 Human,0.025742036992181465,0.17968951312189416,25,ITIH5;COL18A1;ELN;SLC2A1;ATP10A;HIF3A;ACACB;AFF1;MRC2;DZIP1L;LBP;MAPK4;TNS1;TGM2;VWF;IL1R1;ANXA3;ZBTB16;ARHGAP27;TGFBR3;SLC6A6;COL4A2;SMOC1;PECAM1;CBLN4
ChEA_2022,SUZ12 16625203 ChIP-ChIP MESCs Mouse,0.026526408594456305,0.18336701863352317,11,MRC2;COL4A2;CBS;NPY;SLC16A11;SGK3;KCNA5;OSMR;CBLN4;NKX2-4;BMP7
ChEA_2022,JARID2 20064375 ChIP-Seq MESCs Mouse,0.027799479202051138,0.18883564855535254,11,TGFBR3;COL4A2;ZBTB16;ATP10A;SGK3;OSMR;CBLN4;NBL1;NKX2-4;BMP7;ADCY6
ChEA_2022,TP53 23651856 ChIP-Seq MEFs Mouse,0.02784795378976407,0.18883564855535254,23,DOCK6;TRUB1;COL18A1;CDKN1A;LAMC3;PCGF2;SLC2A1;CIRBP;NBEAL2;HIF3A;BMP7;PKD1;ADCY6;TSKU;AFF1;ICAM1;TGFBR3;SLC6A6;SMOC1;FLNA;FLNB;TNS1;IER3
ChEA_2022,CNOT3 19339689 ChIP-ChIP MESCs Mouse,0.029371856831482697,0.19729020815109133,12,NOTCH2;COL18A1;COL4A2;PCGF2;IDH2;SLC2A1;DZIP1L;ATP10A;KLF4;NKX2-4;PKD1;FKBP5
ChEA_2022,POU5F1 18692474 ChIP-Seq MESCs Mouse,0.0330103885917277,0.21965791287205724,26,DOCK6;CDKN1A;LAMC3;SLC2A1;ATP10A;TSKU;SULT1A1;WDR6;FLNB;NKX2-4;MAPK4;TGM2;IER3;B4GALNT4;CBX7;ZBTB16;PCGF2;CIRBP;SLC16A11;TGFBR3;SLC6A6;PTPRB;TTLL3;PECAM1;AGRP;COL9A2
ChEA_2022,CREB1 26743006 Chip-Seq LNCaP-abl Human,0.03375580966809679,0.22190282717647053,16,CDKN1A;ZBTB16;SLC2A1;NBEAL2;SLC2A4;HIF3A;AFF1;ICAM1;PER3;MARVELD1;PECAM1;FLNA;FLNB;QSOX1;COL9A2;MFSD2A
ChEA_2022,SMAD3 21741376 ChIP-Seq HESCs Human,0.034403338270098366,0.22190282717647053,11,MRC2;LAMC3;ZBTB16;MYOF;NBEAL2;FLNB;KLF4;BMP7;TSKU;AFF1;IER3
ChEA_2022,TP63 22573176 ChIP-Seq HFKS Human,0.034579669610731445,0.22190282717647053,28,DOCK6;COL18A1;PLA2G3;ACACB;PKD1;AFF1;SULT1A1;MARVELD1;FLNA;FLNB;LBP;TNS1;TGM2;IER3;B4GALNT4;ABCA1;ANXA2;ANXA3;MYOF;CIRBP;OSMR;PTPRB;COL4A2;PLIN4;AGRP;FXYD6;COL9A2;ARHGEF5
ChEA_2022,RUNX2 22187159 ChIP-Seq C42B Human ProstateCancer,0.034906062701916714,0.22190282717647053,3,TGFBR3;TCEA2;IGFBP7
ChEA_2022,ARID1A 32646524 ChIP-Seq H9 Human BoneMarrow Lymphoma,0.034906062701916714,0.22190282717647053,3,TGFBR3;TCEA2;IGFBP7
ChEA_2022,TCF7 22412390 ChIP-Seq EML Mouse,0.035251631356849174,0.22211647368209392,16,NOTCH2;CBX7;CDKN1A;LAMC3;NOS3;ZBTB16;PCGF2;CIRBP;NBEAL2;ACACB;AFF1;SLC6A6;GABRR2;TNIP2;FLNB;CBLN4
ChEA_2022,PPARD 21283829 ChIP-Seq MYOFIBROBLAST Human,0.036010065462192174,0.2240713133406633,24,ABCA1;CBX7;COL18A1;CDKN1A;ANXA2;VWF;CHPF2;ELN;SERPINE1;SLC2A1;SLC16A11;NBEAL2;ATP10A;KLF4;MRC2;COL4A2;NPY;TCEA2;FLNB;IGFBP7;COL9A2;LBP;TNS1;TGM2
ChEA_2022,NFE2L2 20460467 ChIP-Seq MEFs Mouse,0.03650600048808559,0.2240713133406633,10,MRC2;ECM1;CDKN1A;SERPINE1;IGFBP7;OSMR;KLF4;ACACB;PKD1;TSKU
ChEA_2022,NRF2 20460467 ChIP-Seq MEFs Mouse,0.03650600048808559,0.2240713133406633,10,MRC2;ECM1;CDKN1A;SERPINE1;IGFBP7;OSMR;KLF4;ACACB;PKD1;TSKU
ChEA_2022,ELK1 22589737 ChIP-Seq MCF10A Human,0.03805539814853128,0.23158498702354077,9,ANXA2;ANXA3;SERPINE1;MYOF;FLNA;LENG8;FLNB;IGFBP7;MAPK4
ChEA_2022,PRDM14 21183938 ChIP-Seq MESCs Mouse,0.03851598675959622,0.23184928175677133,15,CBX7;COL18A1;ANXA2;VWF;ELN;MYOF;STON1;KLF4;BMP7;AFF1;SLC6A6;TTLL3;PECAM1;NDN;FXYD6
ChEA_2022,OCT4 18692474 ChIP-Seq MEFs Mouse,0.03875009063069633,0.23184928175677133,16,CBX7;CDKN1A;LAMC3;PCGF2;SLC2A1;CIRBP;ATP10A;SULT1A1;TGFBR3;SLC6A6;PTPRB;PECAM1;AGRP;COL9A2;TGM2;IER3
ChEA_2022,CTCF 33576154 ChIP-Seq Human HilarLN ProstateCancer,0.039506430554079666,0.23440482128753937,30,DOCK6;CDKN1A;ZFAND4;ELN;KMT2B;JADE2;SLC2A4;AFF1;ICAM1;AP1G2;DZIP1L;FLNA;WDR6;FLNB;TSPOAP1;TNS2;TNS1;TGM2;ABCA1;CBX7;ZBTB16;MYOF;CIRBP;SLC16A11;ARHGAP27;MYCL;TNIP2;SGK3;SPACA6;NBL1
ChEA_2022,SUZ12 18692474 ChIP-Seq MEFs Mouse,0.04255420962870921,0.24743826264883267,11,ABCA1;TGFBR3;MRC2;COL4A2;GJB6;NGB;NDN;ATP10A;OSMR;NBL1;BMP7
ChEA_2022,NFKB1 27076634 ChIP-Seq BEAS2B Human Lung Inflammation,0.04280620467940105,0.24743826264883267,31,NOTCH2;CDKN1A;ZFAND4;ELN;SERPINE1;SLC2A1;AFF1;ICAM1;MARVELD1;IGFBP7;NKX2-4;TNS2;TNS1;TGM2;IER3;MFSD2A;ABCA1;ANXA2;ANXA3;ZBTB16;OSMR;KLF4;BMP7;TGFBR3;PTPRB;TTLL3;COL4A2;TNIP2;ADGRF5;CBLN4;FKBP5
ChEA_2022,KLF4 26769127 Chip-Seq PDAC-Cell Line Human,0.043079931386622104,0.24743826264883267,16,COL18A1;ECM1;SERPINE1;SLC2A1;NBEAL2;AGT;TSKU;SLC6A6;PER3;MARVELD1;FLNB;FXYD6;QSOX1;COL9A2;NBL1;MFSD2A
ChEA_2022,HAND2 30127528 ChIP-Seq KELLY Human Brain Neuroblastoma,0.04339947530754012,0.24743826264883267,28,CDKN1A;ZFAND4;ELN;SERPINE1;HIF3A;ACACB;ADCY6;TSKU;AFF1;SULT1A1;MRC2;GRK3;MARVELD1;NPY;PRODH;TNS1;ANXA2;NOS3;NBEAL2;BMP7;AGT;NET1;SLC6A6;SMOC1;IGDCC3;TCEA2;NBL1;FKBP5
ChEA_2022,STAT5 23275557 ChIP-Seq MAMMARY-EPITHELIUM Mouse,0.043440706223460794,0.24743826264883267,10,CDKN1A;PER3;SERPINE1;FLNB;LBP;PRODH;TSKU;ARHGEF5;MAPK4;IER3
ChEA_2022,MEIS1 26923725 Chip-Seq HEMOGENIC-ENDOTHELIUM Mouse,0.04398795742016111,0.24856687050122786,10,TRUB1;ANXA2;TNIP2;ZBTB16;MYOF;PECAM1;MYH11;LBP;TSKU;TNS1
ChEA_2022,STAT4 19710469 ChIP-ChIP TH1 Mouse,0.0445912854083627,0.24999208827365543,11,ITIH5;TGFBR3;RBM3;PER3;SERPINE1;SLC2A1;PECAM1;ARHGEF5;ICAM1;TNS1;IER3
ChEA_2022,SMAD4 19686287 ChIP-ChIP HaCaT Human,0.046797416142368195,0.25833775636613143,5,CDKN1A;ANXA2;IL1R1;SERPINE1;TGM2
ChEA_2022,BCL6 27268052 Chip-Seq Bcells Human,0.04723753501645221,0.25833775636613143,15,CBX7;ELN;MYOF;ARHGAP27;SLC2A4;PKD1;SLC6A6;GABRR2;TNIP2;CBS;SMOC1;WDR6;MYH11;TGM2;B4GALNT4
ChEA_2022,NRF2 31884422 ChIP-Seq A549 Human Lung Carcinoma,0.04723753501645221,0.25833775636613143,15,ANXA2;IL1R1;MYOF;ARHGAP27;KLF4;ACACB;ADCY6;TSKU;AFF1;NET1;SLC6A6;PTPRB;CBS;FLNB;TGM2
ChEA_2022,MITF 21258399 ChIP-Seq MELANOMA Human,0.04768164618646844,0.25833775636613143,36,COL18A1;CDKN1A;LAMC3;SERPINE1;SLC2A1;ATP10A;ISM1;TSKU;AFF1;ICAM1;MRC2;GABRR2;NPY;WDR6;FLNB;MYH11;IGFBP7;PRODH;MAPK4;TGM2;IER3;MFSD2A;ANXA2;VWF;ZBTB16;PCGF2;MYOF;KLF4;BMP7;AGT;TGFBR3;PER3;COL4A2;IGDCC3;NBL1;FKBP5
ChEA_2022,STAT5A 24692510 ChIP-Seq Epithelium Mouse Mammary,0.04789407842742886,0.25833775636613143,18,ITIH5;CDKN1A;VWF;SERPINE1;SLC2A1;TSKU;AFF1;MYCL;PER3;FLNB;IGFBP7;LBP;PRODH;SPACA6;ARHGEF5;MAPK4;TNS1;IER3
ChEA_2022,LDB1 21186366 ChIP-Seq BM-HSCs Mouse,0.0486401370076433,0.2603893048830228,14,NOTCH2;COL18A1;ECM1;NOS3;ZBTB16;CIRBP;ATP10A;SLC2A4;NET1;RBM3;TTLL3;MARVELD1;SMOC1;TGM2
ChEA_2022,JUND 26020271 ChIP-Seq SMOOTH MUSCLE Human,0.04945244139354785,0.26276222591198556,15,TRUB1;IL1R1;ANXA3;SERPINE1;MYOF;SLC2A1;CIRBP;PLA2G3;HIF3A;KLF4;AFF1;TGFBR3;SLC6A6;PTPRB;PLIN4
ChEA_2022,STAT1 19122651 ChIP-Seq HeLaS3 Human CervicalCancer,0.05105988265468614,0.26929360333434466,28,CDKN1A;ZFAND4;PLA2G3;JADE2;HIF3A;TSKU;AFF1;ICAM1;RBM3;AP1G2;EVA1C;DZIP1L;UFD1;SUSD6;TNS2;TGM2;IL1R1;ANXA3;MYOF;CIRBP;OSMR;KLF4;NET1;MYCL;TNIP2;SMOC1;SGK3;NBL1
ChEA_2022,EGR1 19374776 ChIP-ChIP THP-1 Human,0.05346696079258787,0.2786824734467507,2,AFF1;FKBP5
ChEA_2022,KLF5 25053715 ChIP-Seq YYC3 Human,0.05362289166040007,0.2786824734467507,15,CDKN1A;ANXA2;SLC2A1;CIRBP;KCNA5;SLC2A4;ISM1;OSMR;PER3;NPY;FLNA;FLNB;CBLN4;TNS1;TGM2
ChEA_2022,SOX4 29892750 ChIP-Seq EML Mouse BoneMarrow,0.054017581654788614,0.2786994067986195,3,CBX7;PER3;SGK3
ChEA_2022,MYC 22102868 ChIP-Seq BL Human,0.05561068178834909,0.2848547153475148,7,SLC6A6;TNIP2;SLC2A1;CIRBP;NBEAL2;FKBP5;ICAM1
ChEA_2022,ZNF263 19887448 ChIP-Seq K562 Human,0.056566403726334376,0.28768056752250054,2,KLF4;ACACB
ChEA_2022,JARID1B-DAIN 22020125 ChIP-Seq ESCs Mouse,0.057276941099438386,0.28922824158014276,14,DOCK6;TRUB1;LAMC3;ELN;LENG8;ISM1;ACACB;AGT;MRC2;AP1G2;PECAM1;PLIN4;WDR6;LBP
ChEA_2022,SMAD2/3 21741376 ChIP-Seq ESCs Human,0.05879307821010894,0.2947934625746308,15,ITIH5;PCGF2;MYOF;PLA2G3;LENG8;NBEAL2;ARHGAP27;ADCY6;ICAM1;TTLL3;TNIP2;MARVELD1;GJB6;SMOC1;TGM2
ChEA_2022,SCL 21571218 ChIP-Seq MEGAKARYOCYTES Human,0.059390765743400936,0.29567408780779814,14,COL18A1;VWF;IL1R1;ANXA3;LAMC3;ZBTB16;ELN;SLC2A1;NBEAL2;SLC2A4;COL4A2;PECAM1;FLNA;TNS1
ChEA_2022,CDX2 22108803 ChIP-Seq LS180 Human,0.06059070585348128,0.29567408780779814,15,NOTCH2;ANXA2;VWF;ZBTB16;ELN;MYOF;KLF4;AGT;AFF1;MRC2;CBS;IGDCC3;FLNB;SGK3;MAPK4
ChEA_2022,SOX9 25088423 ChIP-ChIP EMBRYONIC GONADS Mouse,0.06059070585348128,0.29567408780779814,15,VWF;SLC2A1;CIRBP;SLC16A11;ARHGAP27;BMP7;AGT;ICAM1;NET1;SLC6A6;FXYD6;LBP;NBL1;MAPK4;IER3
ChEA_2022,PPARG 20176806 ChIP-Seq MACROPHAGES Mouse,0.06075940371841559,0.29567408780779814,11,ABCA1;CDKN1A;VWF;ANXA3;NPY;PECAM1;SLC16A11;PLA2G3;ATP10A;KCNA5;KLF4
ChEA_2022,CEBPD 21427703 ChIP-Seq 3T3-L1 Mouse,0.061045071499643715,0.29567408780779814,13,ABCA1;NOTCH2;ANXA2;IL1R1;ZBTB16;STON1;ATP10A;ISM1;OSMR;KLF4;TGFBR3;FKBP5;TGM2
ChEA_2022,CTCF 33576154 ChIP-Seq Human PerigastricLN ProstateCancer,0.062289291662306796,0.2996619977267732,20,ABCA1;CDKN1A;LAMB2;ZBTB16;ELN;KMT2B;MYOF;CIRBP;SLC16A11;ARHGAP27;ICAM1;MYCL;AP1G2;FLNA;FLNB;SPACA6;TSPOAP1;TNS2;TNS1;TGM2
ChEA_2022,CEBPB 20176806 ChIP-Seq MACROPHAGES Mouse,0.0632177399971071,0.302087455556646,14,ABCA1;DOCK6;ECM1;VWF;IL1R1;ANXA3;PLA2G3;SLC2A4;TSKU;TNIP2;NPY;IGDCC3;NBL1;TNS1
ChEA_2022,GATA2 26923725 Chip-Seq HEMANGIOBLAST Mouse,0.06457966029698659,0.306538120876363,2,ECM1;KCNA5
ChEA_2022,CDX2 20551321 ChIP-Seq CACO-2 Human,0.06591254816020317,0.30885239678884163,5,NOTCH2;VWF;PRODH;KLF4;TGM2
ChEA_2022,GATA6 25053715 ChIP-Seq YYC3 Human,0.06593478133694372,0.30885239678884163,15,DOCK6;NOTCH2;CDKN1A;ANXA2;IL1R1;PCGF2;MYOF;SLC2A1;ARHGAP27;HIF3A;TSKU;PCSK4;TGFBR3;PER3;QSOX1
ChEA_2022,KLF4 18358816 ChIP-ChIP MESCs Mouse,0.06808443605700816,0.31552832734074354,12,RBM3;CBX7;CDKN1A;ANXA2;COL4A2;TNIP2;NDN;KLF4;NBL1;FKBP5;ICAM1;B4GALNT4
ChEA_2022,CTCF 31629814 ChIP-Seq Hepatocytes Mouse Tyrosinemia,0.06869557137539628,0.31552832734074354,25,NOTCH2;LAMC3;SLC2A1;TSKU;EVA1C;NPY;FLNB;SUSD6;MYH11;IGFBP7;TNS2;TGM2;B4GALNT4;CBX7;VWF;IL1R1;ZBTB16;AGT;TGFBR3;PTPRB;PER3;ADGRF5;TCEA2;SGK3;FKBP5
ChEA_2022,EZH2 27304074 Chip-Seq ESCs Mouse,0.0691445102219599,0.31552832734074354,8,PLK5;COL4A2;ISM1;CBLN4;NBL1;NKX2-4;BMP7;ADCY6
ChEA_2022,RING1B 27294783 Chip-Seq ESCs Mouse,0.06929096820207996,0.31552832734074354,15,PLK5;PCGF2;SLC2A1;ISM1;BMP7;ADCY6;PTPRB;CBS;SMOC1;SGK3;MAPK4;FKBP5;TNS1;B4GALNT4;MFSD2A
ChEA_2022,ATF3 23680149 ChIP-Seq GBM1-GSC Human,0.06957576880968643,0.31552832734074354,15,TRUB1;CDKN1A;ANXA2;VWF;ANXA3;PCGF2;SERPINE1;MYOF;SLC2A1;SLC6A6;GABRR2;COL4A2;FLNB;QSOX1;TGM2
ChEA_2022,E2F1 17053090 ChIP-ChIP MCF-7 Human,0.07035761631367053,0.31705457478059124,13,COL18A1;VWF;PCGF2;KCNA5;SLC2A4;ADCY6;ICAM1;PTPRB;COL4A2;GJB6;FXYD6;MAPK4;TGM2
ChEA_2022,TCF3 18467660 ChIP-ChIP MESCs Mouse,0.07100629749771382,0.31796530703378767,10,NOTCH2;SLC6A6;CBX7;MARVELD1;LENG8;ATP10A;NBL1;NKX2-4;BMP7;PKD1
ChEA_2022,RNF2 16625203 ChIP-ChIP MESCs Mouse,0.07149267103211503,0.3181423860929119,9,ABCA1;MRC2;COL4A2;CBS;NPY;SGK3;OSMR;NKX2-4;BMP7
ChEA_2022,CTCF 27219007 Chip-Seq ERYTHROID Human,0.07276087896648066,0.3193223178684083,15,DOCK6;NOTCH2;CDKN1A;ZBTB16;CIRBP;SLC16A11;SLC2A4;ICAM1;TGFBR3;AP1G2;MARVELD1;GJB6;TCEA2;COL9A2;NBL1
ChEA_2022,ESR1 15608294 ChIP-ChIP MCF-7 Human,0.07294791309209335,0.3193223178684083,2,SERPINE1;AGT
ChEA_2022,TBP 23326641 ChIP-Seq C3H10T1-2 Mouse,0.07310328344459348,0.3193223178684083,7,RBM3;CDKN1A;COL4A2;PCGF2;AGRP;TSKU;FKBP5
ChEA_2022,TRIM28 21343339 ChIP-Seq HEK293 Human,0.07466170295320573,0.3241410518456249,2,CDKN1A;IGFBP7
ChEA_2022,RUNX1 21571218 ChIP-Seq MEGAKARYOCYTES Human,0.07537676776114567,0.32526217361173165,32,DOCK6;NOTCH2;COL18A1;LAMC3;SERPINE1;SLC2A1;ADCY6;TSKU;AFF1;ICAM1;WDR6;FLNB;MYH11;IGFBP7;LBP;TNS1;TGM2;B4GALNT4;CHPF2;ANXA3;LAMB2;NOS3;ZBTB16;NBEAL2;ARHGAP27;SLC6A6;COL4A2;PECAM1;TCEA2;AGRP;COL9A2;FKBP5
ChEA_2022,SUZ12 18555785 ChIP-Seq MESCs Mouse,0.07650276199576755,0.3281323285601596,9,TGFBR3;COL4A2;ZBTB16;GJB6;SLC16A11;KCNA5;CBLN4;NBL1;NKX2-4
ChEA_2022,ELF3 26769127 Chip-Seq PDAC-Cell Line Human,0.07787325675741506,0.332010531804069,15,TRUB1;COL18A1;ECM1;SLC2A1;LENG8;TSKU;AFF1;PER3;COL4A2;MARVELD1;TCEA2;QSOX1;COL9A2;NBL1;MFSD2A
ChEA_2022,SMC3 22415368 ChIP-Seq MEFs Mouse,0.07953797367869538,0.33708950749542327,14,CDKN1A;NOS3;ELN;MYOF;CIRBP;SLC16A11;SLC2A4;KLF4;TGFBR3;AP1G2;TNIP2;MARVELD1;TCEA2;TGM2
ChEA_2022,ELK3 25401928 ChIP-Seq HUVEC Human,0.08067393899994658,0.3398807370885324,15,DOCK6;ECM1;CDKN1A;SERPINE1;SLC2A1;TGFBR3;MRC2;MARVELD1;TCEA2;FLNB;NBL1;FKBP5;TNS1;TGM2;IER3
ChEA_2022,RUNX1 27514584 ChIP-Seq MCF-7 Human BreastCancer,0.08125821991547279,0.3400244162441359,13,NOTCH2;COL18A1;CHPF2;ANXA3;LAMB2;LENG8;ARHGAP27;JADE2;OSMR;IGDCC3;WDR6;QSOX1;FKBP5
ChEA_2022,FOXA2 19822575 ChIP-Seq HepG2 Human,0.08166316738447645,0.3400244162441359,21,ABCA1;DOCK6;CBX7;COL18A1;CDKN1A;ANXA2;IL1R1;SERPINE1;SLC2A4;BMP7;TSKU;AFF1;AP1G2;TNIP2;SMOC1;PECAM1;FLNB;IGFBP7;SGK3;TGM2;IER3
ChEA_2022,RUNX 20019798 ChIP-Seq JUKART Human,0.0837637965304195,0.3439485103829812,6,NET1;TGFBR3;ZBTB16;NBEAL2;ISM1;IER3
ChEA_2022,EED 16625203 ChIP-ChIP MESCs Mouse,0.084032348713494,0.3439485103829812,7,MRC2;COL4A2;PRODH;OSMR;CBLN4;NKX2-4;BMP7
ChEA_2022,NANOG 18555785 ChIP-Seq MESCs Mouse,0.08449421088447484,0.3439485103829812,5,TGFBR3;TTLL3;CBLN4;FKBP5;ICAM1
ChEA_2022,CJUN 26792858 Chip-Seq BT549 Human,0.08553987016918517,0.3439485103829812,14,NOTCH2;COL18A1;ANXA2;SERPINE1;MYOF;ARHGAP27;AFF1;TGFBR3;SLC6A6;PTPRB;FLNA;FLNB;IGFBP7;IER3
ChEA_2022,NR1I2 20693526 ChIP-Seq LIVER Mouse,0.08566692590784954,0.3439485103829812,7,NOTCH2;COL18A1;ZBTB16;PCGF2;SERPINE1;FLNB;TNS1
ChEA_2022,CEBPB 22108803 ChIP-Seq LS180 Human,0.08588165729520299,0.3439485103829812,14,TRUB1;CBX7;ANXA2;ELN;LENG8;ARHGAP27;KLF4;NET1;TNIP2;MARVELD1;CBS;NPY;WDR6;TNS1
ChEA_2022,ZNF217 24962896 ChIP-Seq MCF-7 Human,0.0859871275957453,0.3439485103829812,12,ABCA1;MRC2;SLC6A6;COL18A1;ANXA2;IL1R1;MYOF;FLNB;QSOX1;KLF4;AFF1;TGM2
ChEA_2022,SOX2 21211035 ChIP-Seq GBM Human Brain Glioblastoma,0.08700687991337595,0.3452315866604126,2,FXYD6;BMP7
ChEA_2022,SOX2 22085726 ChIP-Seq NPCs Mouse,0.08727764831302565,0.3452315866604126,13,ABCA1;NOTCH2;PCGF2;SLC2A1;STON1;ATP10A;KCNA5;HIF3A;PCSK4;AP1G2;MARVELD1;CBS;LBP
ChEA_2022,RCOR3 21632747 ChIP-Seq MESCs Mouse,0.08864411370217415,0.34869949699418784,18,COL18A1;CDKN1A;VWF;SLC2A1;CIRBP;ARHGAP27;BMP7;ACACB;AFF1;SLC6A6;MARVELD1;SMOC1;PECAM1;FLNB;LBP;CBLN4;FKBP5;B4GALNT4
ChEA_2022,SIN3B 21632747 ChIP-Seq MESCs Mouse,0.09021496659802078,0.35292888031753183,26,NOTCH2;CDKN1A;SERPINE1;SLC2A1;LENG8;TSKU;AFF1;ICAM1;RBM3;FLNB;IGFBP7;QSOX1;PRODH;B4GALNT4;VWF;CHPF2;CIRBP;ARHGAP27;KLF4;BMP7;PTPRB;TTLL3;IGDCC3;TCEA2;AGRP;CBLN4
ChEA_2022,NFYA 21822215 ChIP-Seq K562 Human,0.09075934196540121,0.3531183140948943,14,ITIH5;NOTCH2;TRUB1;MYOF;SLC2A1;TGFBR3;MRC2;PTPRB;PER3;COL4A2;QSOX1;COL9A2;NBL1;MFSD2A
ChEA_2022,FOXP1 22492998 ChIP-Seq STRATIUM Mouse,0.09183123404474727,0.35534694912967424,1,IGFBP7
ChEA_2022,BMI1 19503595 ChIP-Seq MEFsC Mouse,0.09381973006627455,0.3610791773361485,6,SULT1A1;NOS3;FLNA;ARHGAP27;HIF3A;CBLN4
ChEA_2022,KLF5 20875108 ChIP-Seq MESCs Mouse,0.0958104929580447,0.3643438189814899,14,ITIH5;TRUB1;ELN;MYOF;ATP10A;SLC2A4;KLF4;TSKU;PTPRB;FLNB;IGFBP7;FXYD6;QSOX1;IER3
ChEA_2022,HSF1 23293686 ChIP-Seq STHDH STRIATAL Mouse,0.09585674758902421,0.3643438189814899,7,ANXA2;DZIP1L;PLA2G3;FLNB;OSMR;ACACB;AFF1
ChEA_2022,TP53 20018659 ChIP-ChIP R1E Mouse,0.09620314321421362,0.3643438189814899,9,TGFBR3;COL18A1;CDKN1A;COL4A2;ZBTB16;NPY;SLC2A4;NBL1;TSKU
ChEA_2022,NANOG 18692474 ChIP-Seq MESCs Mouse,0.09796447123256576,0.3670085248294505,18,CBX7;LAMC3;ZBTB16;IDH2;SLC2A1;ATP10A;AFF1;SULT1A1;TGFBR3;SLC6A6;PER3;TTLL3;NPY;PECAM1;COL9A2;MAPK4;FKBP5;TGM2
ChEA_2022,NANOG 21062744 ChIP-ChIP HESCs Human,0.09880289920388093,0.3670085248294505,7,COL18A1;COL4A2;ZBTB16;IDH2;MAPK4;FKBP5;IER3
ChEA_2022,GATA1 19941826 ChIP-Seq K562 Human,0.09880289920388093,0.3670085248294505,7,COL18A1;IL1R1;NOS3;IDH2;SLC2A1;KLF4;TGM2
ChEA_2022,CEBPB 26923725 Chip-Seq HEMOGENIC-ENDOTHELIUM Mouse,0.09896859096524507,0.3670085248294505,13,ABCA1;ANXA2;VWF;ATP10A;KLF4;BMP7;CBS;GJB6;SMOC1;DZIP1L;PRODH;TNS1;TGM2
ChEA_2022,E2A 27217539 Chip-Seq RAMOS-Cell Line Human,0.09952495373385625,0.3671594148109101,14,ABCA1;NOTCH2;CDKN1A;ELN;SLC2A1;BMP7;PKD1;AFF1;ICAM1;SULT1A1;CBS;AGRP;MYH11;B4GALNT4
ChEA_2022,HNF1A 26855178 ChIP-Seq Caco2 Human Colon Adenocarcinoma,0.10162218621681818,0.37292696338843534,5,CBS;IDH2;TCEA2;AGT;ADCY6
ChEA_2022,SPI1 26923725 Chip-Seq MACROPHAGESS Mouse,0.10213589587183271,0.37292696338843534,13,VWF;IL1R1;LAMC3;NGB;CIRBP;PLA2G3;SLC2A4;AP1G2;CBS;DZIP1L;PLIN4;PRODH;FKBP5
ChEA_2022,CEBPD 23245923 ChIP-Seq MEFs Mouse,0.1031886407643665,0.3748427220392314,5,SLC6A6;COL18A1;LAMC3;NDN;KLF4
ChEA_2022,UBF1/2 26484160 Chip-Seq HMECs Human,0.10371350595748396,0.3748427220392314,14,ABCA1;NOTCH2;CDKN1A;NGB;TGFBR3;GABRR2;COL4A2;MARVELD1;IGDCC3;FLNB;QSOX1;NBL1;ARHGEF5;IER3
ChEA_2022,RCOR2 21632747 ChIP-Seq MESCs Mouse,0.10474321937711363,0.37665238483083285,4,COL18A1;SLC2A1;ARHGAP27;AFF1
ChEA_2022,TP63 23658742 ChIP-Seq EP156T Human,0.1060981597493029,0.3796074861382093,23,NOTCH2;CDKN1A;ANXA2;ELN;SERPINE1;SLC2A1;NBEAL2;SLC2A4;ISM1;KLF4;BMP7;ACACB;TSKU;TGFBR3;MRC2;SLC6A6;GJB6;FXYD6;PRODH;MAPK4;TGM2;IER3;MFSD2A
ChEA_2022,RNF2 27304074 Chip-Seq ESCs Mouse,0.10824821882825687,0.3853636590285945,11,MRC2;PLK5;NPY;ATP10A;KCNA5;ISM1;OSMR;KLF4;BMP7;ADCY6;TNS1
ChEA_2022,ZNF652 21678463 ChIP-ChIP ZR75-1 Human,0.10943631516650965,0.3876550069579844,2,SLC6A6;ADCY6
ChEA_2022,CEBPA 20513432 ChIP-Seq MACROPHAGES Mouse,0.11200780190807369,0.3947997770225172,13,ABCA1;ECM1;ANXA2;PLA2G3;ARHGAP27;SLC2A4;AGT;PCSK4;NPY;PECAM1;MYH11;NBL1;TNS1
ChEA_2022,AR 27270436 ChIP-Seq VCaP Human Prostate Carcinoma,0.1126940711222039,0.3952619637389615,27,ITIH5;NOTCH2;CDKN1A;STON1;ATP10A;JADE2;HIF3A;ACACB;TSKU;AFF1;GABRR2;EVA1C;FLNB;TNS2;TGM2;IL1R1;CHPF2;ZBTB16;PCGF2;OSMR;KLF4;BMP7;NET1;SLC6A6;ADGRF5;SGK3;FKBP5
ChEA_2022,ESRRB 18555785 Chip-Seq ESCs Mouse,0.11328074982674871,0.3953720288070837,13,ITIH5;NOTCH2;IL1R1;LAMC3;SLC2A1;ISM1;BMP7;SGK3;QSOX1;CBLN4;NKX2-4;TNS1;TGM2
ChEA_2022,P300 18555785 Chip-Seq ESCs Mouse,0.11456233620948772,0.39675081932101747,13,ITIH5;ABCA1;NOTCH2;IL1R1;ISM1;BMP7;SGK3;QSOX1;LBP;CBLN4;NKX2-4;TNS1;TGM2
ChEA_2022,PPAR 26484153 Chip-Seq NCI-H1993 Human,0.11479026514063147,0.39675081932101747,9,ABCA1;SLC6A6;CDKN1A;IL1R1;ELN;SERPINE1;OSMR;KLF4;TGM2
ChEA_2022,CREB1 26743006 Chip-Seq LNCaP Human,0.11609603175778703,0.3993254812151902,14,CDKN1A;ANXA2;LAMB2;NOS3;ZBTB16;SLC16A11;AFF1;PER3;MARVELD1;CBS;FLNA;COL9A2;FKBP5;B4GALNT4
ChEA_2022,CHD1 26751641 Chip-Seq LNCaP Human,0.11692417343195532,0.40024043982477014,14,NOTCH2;LAMB2;PCGF2;SLC2A1;CIRBP;SLC16A11;KLF4;AFF1;NET1;TGFBR3;PECAM1;FLNB;QSOX1;FKBP5
ChEA_2022,UBF1/2 26484160 Chip-Seq HMEC-DERIVED Human,0.1181730207213762,0.4025798600651668,14,NOTCH2;ELN;NGB;TGFBR3;MRC2;PER3;TTLL3;MARVELD1;GJB6;COL9A2;NBL1;FKBP5;B4GALNT4;MFSD2A
ChEA_2022,GF1 26923725 Chip-Seq HPCs Mouse,0.11885179930039588,0.4026858120757292,10,ITIH5;ABCA1;NOTCH2;SLC6A6;MYOF;PLA2G3;ATP10A;BMP7;PKD1;TNS1
ChEA_2022,PU1 27457419 Chip-Seq LIVER Mouse,0.11933526172468939,0.4026858120757292,13,ITIH5;NOTCH2;IL1R1;LAMC3;ISM1;BMP7;SGK3;QSOX1;LBP;CBLN4;NKX2-4;TNS1;TGM2
ChEA_2022,SREBP1 19666523 ChIP-Seq LIVER Mouse,0.12616469296176094,0.42178248061830326,6,NOTCH2;PECAM1;LENG8;QSOX1;KCNA5;ACACB
ChEA_2022,SMARCA4 20176728 ChIP-ChIP TSCs Mouse,0.12617930951081263,0.42178248061830326,8,ANXA2;NPY;SLC2A1;SLC16A11;AGRP;SLC2A4;AFF1;ICAM1
ChEA_2022,MECOM 23826213 ChIP-Seq KASUMI Mouse,0.12693871606954568,0.4223381581379277,13,CDKN1A;ANXA2;ANXA3;AFF1;ICAM1;RBM3;SLC6A6;PECAM1;TCEA2;FLNA;FLNB;SUGP1;TNS1
ChEA_2022,KDM2B 26808549 Chip-Seq REH Human,0.1290088219849535,0.42507465843851094,12,ITIH5;CBX7;COL18A1;CDKN1A;COL4A2;IL1R1;ATP10A;CBLN4;KLF4;TSKU;MAPK4;MFSD2A
ChEA_2022,HOXA2 22223247 ChIP-Seq E11.5 EMBRYO Mouse,0.12932949536655852,0.42507465843851094,1,IDH2
ChEA_2022,NANOG 18692474 ChIP-Seq MEFs Mouse,0.12968777897445366,0.42507465843851094,13,CBX7;LAMC3;SLC2A1;ATP10A;AFF1;SULT1A1;TGFBR3;SLC6A6;PER3;PECAM1;COL9A2;FKBP5;TGM2
ChEA_2022,FLI1 20887958 ChIP-Seq HPC-7 Mouse,0.13014926339830812,0.42507465843851094,13,CDKN1A;CHPF2;NOS3;SERPINE1;ADCY6;PCSK4;ICAM1;SLC6A6;PER3;AP1G2;TNS1;TGM2;IER3
ChEA_2022,NANOG 18347094 ChIP-ChIP MESCs Mouse,0.13388426553759258,0.43399502029124526,12,TGFBR3;CBX7;COL18A1;CDKN1A;VWF;LAMC3;ZBTB16;NPY;PECAM1;LENG8;MAPK4;TGM2
ChEA_2022,TCF4 23295773 ChIP-Seq U87 Human,0.13416276919093442,0.43399502029124526,24,NOTCH2;ANXA2;VWF;IL1R1;LAMC3;MYOF;SLC2A1;ATP10A;ARHGAP27;HIF3A;BMP7;ACACB;AFF1;TGFBR3;GABRR2;PTPRB;COL4A2;PECAM1;NDN;AGRP;FLNB;MYH11;MAPK4;TNS1
ChEA_2022,RUNX1 30185409 ChIP-Seq HPC Mouse BoneMarrow Leukemia,0.13470912848927696,0.43399502029124526,21,ABCA1;NOTCH2;ANXA2;ZBTB16;SERPINE1;MYOF;SLC2A1;NGB;LENG8;ARHGAP27;ACACB;PKD1;AFF1;ICAM1;COL4A2;MARVELD1;FLNA;PRODH;FKBP5;TNS1;TGM2
ChEA_2022,MYC 27129775 Chip-Seq CORNEA Mouse,0.1362341833010669,0.43646486226983977,13,PLK5;ANXA3;KLF4;ACACB;ADCY6;MRC2;GABRR2;CBS;GJB6;IGFBP7;SGK3;COL9A2;MAPK4
ChEA_2022,GATA1 21571218 ChIP-Seq MEGAKARYOCYTES Human,0.13670177568282904,0.43646486226983977,17,NOTCH2;CDKN1A;IL1R1;ANXA3;LAMC3;ZBTB16;IDH2;SLC2A1;AFF1;GABRR2;PER3;COL4A2;PECAM1;FLNB;LBP;TNS1;B4GALNT4
ChEA_2022,PPARA 22158963 ChIP-Seq LIVER Mouse,0.13861669078224767,0.44060305284357293,13,NOTCH2;COL18A1;CDKN1A;NGB;AGT;TSKU;PCSK4;SLC6A6;MARVELD1;CBS;SMOC1;FLNB;QSOX1
ChEA_2022,POU3F1 26484290 ChIP-Seq ESCss Mouse,0.14102248155973524,0.4462578083134733,13,LENG8;ARHGAP27;ISM1;OSMR;ACACB;TSKU;NPY;TCEA2;NDN;CBLN4;MAPK4;B4GALNT4;MFSD2A
ChEA_2022,GATA2 21666600 ChIP-Seq HMVEC Human,0.14254102824551765,0.44906731022481666,6,PTPRB;VWF;ANXA3;SERPINE1;TCEA2;TGM2
ChEA_2022,FLI1 21867929 ChIP-Seq CD8 Mouse,0.1475549594693116,0.4628155556922901,12,ITIH5;CDKN1A;PCGF2;DZIP1L;CIRBP;TCEA2;MYH11;SGK3;NBL1;ADCY6;TNS1;TGM2
ChEA_2022,TOP2B 26459242 ChIP-Seq MCF-7 Human,0.1498745847751456,0.46802940508729673,13,ITIH5;SLC2A1;HIF3A;ISM1;OSMR;KLF4;SLC6A6;PTPRB;NPY;NDN;LBP;NBL1;FKBP5
ChEA_2022,P53 21459846 ChIP-Seq SAOS-2 Human,0.15441177152693117,0.4800924948784934,13,ITIH5;COL18A1;ANXA2;CHPF2;LENG8;ATP10A;KCNA5;ARHGAP27;OSMR;AFF1;GABRR2;MARVELD1;LBP
ChEA_2022,MYC 19915707 ChIP-ChIP AK7 Human,0.15535030165061142,0.4809104990227623,14,COL18A1;VWF;IL1R1;NOS3;ELN;ATP10A;KCNA5;OSMR;TTLL3;COL4A2;COL9A2;LBP;NBL1;MAPK4
ChEA_2022,CBP 21632823 ChIP-Seq H3396 Human,0.1590221245528489,0.48909971642323097,13,ITIH5;TRUB1;VWF;ZBTB16;MYOF;KCNA5;ACACB;TSKU;NET1;PTPRB;MARVELD1;GJB6;B4GALNT4
ChEA_2022,GATA3 20176728 ChIP-ChIP TSCs Mouse,0.1598546068044579,0.48909971642323097,6,TGFBR3;SLC6A6;LAMB2;SMOC1;DZIP1L;AGRP
ChEA_2022,CBX2 22325352 ChIP-Seq 293T-Rex Human,0.1600565083238944,0.48909971642323097,13,NOTCH2;IL1R1;SLC2A1;AGT;TGFBR3;SLC6A6;PER3;FLNB;QSOX1;COL9A2;NBL1;TNS1;MFSD2A
ChEA_2022,WT1 20215353 ChIP-ChIP NEPHRON PROGENITOR Mouse,0.1610584839780785,0.49005829312987986,11,TGFBR3;MRC2;COL18A1;CDKN1A;AP1G2;MARVELD1;PCGF2;SLC2A1;FXYD6;NBL1;BMP7
ChEA_2022,VDR 24763502 ChIP-Seq THP-1 Human,0.16859236386522572,0.5107989917959179,9,CDKN1A;ANXA3;IDH2;CIRBP;ATP10A;IGFBP7;KLF4;ACACB;AFF1
ChEA_2022,TCF3 18347094 ChIP-ChIP MESCs Mouse,0.16952540557840123,0.5114495286941596,13,CBX7;COL18A1;IL1R1;LAMC3;ZBTB16;SLC2A1;CIRBP;TSKU;TGFBR3;NPY;PECAM1;MAPK4;TGM2
ChEA_2022,GATA2 20887958 ChIP-Seq HPC-7 Mouse,0.1709618944704386,0.513015449539061,11,TGFBR3;CDKN1A;IL1R1;ZBTB16;ATP10A;ARHGAP27;HIF3A;NBL1;MAPK4;FKBP5;TNS1
ChEA_2022,AR 21909140 ChIP-Seq LNCAP Human,0.17203260781186278,0.513015449539061,3,ABCA1;SGK3;FKBP5
ChEA_2022,GATA2 19941826 ChIP-Seq K562 Human,0.17220602870763424,0.513015449539061,13,COL18A1;IL1R1;NOS3;ZBTB16;IDH2;SLC2A1;NBEAL2;KLF4;TSKU;AFF1;CBS;TGM2;IER3
ChEA_2022,ESR1 26153859 ChIP-Seq MCF-7 Human BreastCancer,0.1741396355207516,0.5146434998282479,26,NOTCH2;ZFAND4;SERPINE1;JADE2;ACACB;AFF1;ICAM1;SULT1A1;MRC2;FLNA;FLNB;QSOX1;TNS2;TNS1;IER3;IL1R1;CHPF2;ANXA3;IDH2;MYOF;OSMR;KLF4;SLC6A6;TCEA2;SGK3;NBL1
ChEA_2022,RUNX1 27457419 Chip-Seq LIVER Mouse,0.17419815092501084,0.5146434998282479,12,ITIH5;ECM1;IL1R1;LAMC3;SGK3;QSOX1;ISM1;CBLN4;NKX2-4;BMP7;TNS1;TGM2
ChEA_2022,SETDB1 19884255 ChIP-Seq MESCs Mouse,0.17590356170979915,0.5175082475712394,12,SLC6A6;CBX7;CDKN1A;LAMB2;LAMC3;TCEA2;FLNA;SLC16A11;AGRP;ARHGAP27;CBLN4;KLF4
ChEA_2022,CEBPB 20176806 ChIP-Seq THIOMACROPHAGE Mouse,0.17662149460647636,0.5175082475712394,10,TGFBR3;VWF;IL1R1;ANXA3;TNIP2;MARVELD1;NPY;PLA2G3;NBEAL2;IGFBP7
ChEA_2022,CEBPB 20513432 ChIP-Seq MACROPHAGES Mouse,0.1793393022736196,0.5223992790280674,12,ABCA1;ECM1;ANXA2;ANXA3;TNIP2;MYOF;PECAM1;PLA2G3;MYH11;SGK3;ARHGAP27;TNS1
ChEA_2022,RING1B 27294783 Chip-Seq NPCs Mouse,0.17982625351501572,0.5223992790280674,13,ITIH5;CBX7;COL18A1;PLK5;ZBTB16;ISM1;BMP7;MARVELD1;SGK3;NKX2-4;FKBP5;TNS1;TGM2
ChEA_2022,KLF4 18555785 Chip-Seq ESCs Mouse,0.18049188573160754,0.5223992790280674,12,ITIH5;NOTCH2;IL1R1;SGK3;QSOX1;LBP;ISM1;CBLN4;NKX2-4;BMP7;TNS1;TGM2
ChEA_2022,TAL1 20566737 ChIP-Seq PRIMARY FETAL LIVER ERYTHROID Mouse,0.1839714632519449,0.5245065123214615,12,ABCA1;NOTCH2;TGFBR3;MRC2;CBX7;COL18A1;ZBTB16;IDH2;SLC2A1;CIRBP;NBL1;B4GALNT4
ChEA_2022,OCT4 18555785 Chip-Seq ESCs Mouse,0.1839714632519449,0.5245065123214615,12,ITIH5;IL1R1;SLC2A1;SGK3;QSOX1;LBP;ISM1;NKX2-4;BMP7;ACACB;TNS1;TGM2
ChEA_2022,TCF4 18268006 ChIP-ChIP LS174T Human,0.18505416875219846,0.5245065123214615,4,TGFBR3;NBL1;AGT;TNS1
ChEA_2022,EZH2 22144423 ChIP-Seq EOC Human,0.18517625828747605,0.5245065123214615,1,ZBTB16
ChEA_2022,ISL1 30127528 ChIP-Seq BE2C Human Brain Neuroblastoma,0.18525161304889773,0.5245065123214615,7,NET1;ZBTB16;SGK3;ACACB;AGT;AFF1;TGM2
ChEA_2022,STAT3 18555785 Chip-Seq ESCs Mouse,0.1857234472736405,0.5245065123214615,12,ITIH5;IL1R1;LAMC3;SLC2A1;SGK3;QSOX1;ISM1;CBLN4;NKX2-4;BMP7;TNS1;TGM2
ChEA_2022,HIF1A 21447827 ChIP-Seq MCF-7 Human,0.18694386596047835,0.5245065123214615,3,PTPRB;SLC2A1;TNS1
ChEA_2022,JUN 21703547 ChIP-Seq K562 Human,0.18759512689407684,0.5245065123214615,10,NOTCH2;CDKN1A;VWF;COL4A2;NPY;SERPINE1;DZIP1L;KCNA5;KLF4;AGT
ChEA_2022,FOXA1 25552417 ChIP-Seq VCAP Human,0.18986680741779582,0.5245065123214615,13,CHPF2;SERPINE1;IDH2;LENG8;KLF4;BMP7;AFF1;TGFBR3;FLNB;IGFBP7;FXYD6;SGK3;QSOX1
ChEA_2022,RNF2 27304074 Chip-Seq NSC Mouse,0.19015767509909906,0.5245065123214615,7,ANXA2;PCGF2;PECAM1;NDN;ISM1;KLF4;NKX2-4
ChEA_2022,TP63 30713093 ChIP-Seq Epithelial Human Tongue SCC,0.1902393516982192,0.5245065123214615,16,TRUB1;COL18A1;CDKN1A;PLK5;VWF;SERPINE1;NBEAL2;ARHGAP27;JADE2;SLC2A4;OSMR;TSKU;SULT1A1;IGFBP7;TNS1;IER3
ChEA_2022,SIN3A 21632747 ChIP-Seq MESCs Mouse,0.19028518440111736,0.5245065123214615,8,NOTCH2;NOS3;IDH2;CIRBP;AGRP;SUGP1;ICAM1;IER3
ChEA_2022,KDM2B 26808549 Chip-Seq SIL-ALL Human,0.19099898727579778,0.5245065123214615,13,NOTCH2;CBX7;COL18A1;NOS3;ZBTB16;SLC2A1;CIRBP;SULT1A1;TCEA2;FLNA;COL9A2;FKBP5;B4GALNT4
ChEA_2022,PPARG 20176806 ChIP-Seq THIOMACROPHAGE Mouse,0.19153327697132022,0.5245065123214615,6,CDKN1A;VWF;NPY;PECAM1;SLC16A11;PLA2G3
ChEA_2022,TAL1 26923725 Chip-Seq HEMANGIOBLAST Mouse,0.1932823740283234,0.5252158788487014,9,ABCA1;NOTCH2;SLC6A6;PTPRB;MYOF;QSOX1;LBP;CBLN4;KLF4
ChEA_2022,SOX2 18555785 Chip-Seq ESCs Mouse,0.19340801738795624,0.5252158788487014,12,ITIH5;IL1R1;SLC2A1;SGK3;QSOX1;LBP;ISM1;CBLN4;NKX2-4;BMP7;TNS1;TGM2
ChEA_2022,PU.1 20513432 ChIP-Seq MACROPHAGES Mouse,0.19400530356349502,0.5252158788487014,12,ABCA1;COL18A1;ANXA2;TNIP2;PCGF2;PECAM1;SLC16A11;PLA2G3;PKD1;PCSK4;FKBP5;TNS1
ChEA_2022,AF4 28076791 ChIP-Seq SEM Human Blood Leukemia,0.19796194386206853,0.533897363749215,6,ABCA1;NOTCH2;LAMC3;IGFBP7;AFF1;FKBP5
ChEA_2022,KDM2B 26808549 Chip-Seq SUP-B15 Human,0.1990150938270619,0.5347122520938418,13,NOTCH2;CBX7;ANXA2;PCGF2;SERPINE1;SLC2A1;CIRBP;TGFBR3;MARVELD1;FLNA;COL9A2;FKBP5;B4GALNT4
ChEA_2022,E2F1 18555785 Chip-Seq ESCs Mouse,0.2055172534122467,0.5488730838302174,12,ITIH5;NOTCH2;IL1R1;SGK3;QSOX1;ISM1;CBLN4;KLF4;NKX2-4;BMP7;TNS1;TGM2
ChEA_2022,CTCF 33576154 ChIP-Seq Human Liver ProstateCancer,0.2065829469591826,0.5488730838302174,26,DOCK6;CDKN1A;ELN;KMT2B;SLC2A4;TSKU;AFF1;ICAM1;AP1G2;FLNA;WDR6;UFD1;FLNB;SUSD6;TGM2;ABCA1;LAMB2;CIRBP;NBEAL2;ARHGAP27;KLF4;MYCL;SLC6A6;PER3;SGK3;FKBP5
ChEA_2022,OLIG2 23332759 ChIP-Seq OLIGODENDROCYTES Mouse,0.2065982955990144,0.5488730838302174,13,NOTCH2;TRUB1;CBX7;IL1R1;STON1;ATP10A;TGFBR3;NPY;FLNB;IGFBP7;LBP;CBLN4;TNS1
ChEA_2022,SRY 22984422 ChIP-ChIP TESTIS Rat,0.20964309980510432,0.5548917734618375,2,PCGF2;CBLN4
ChEA_2022,AR 22383394 ChIP-Seq PROSTATE CANCER Human,0.21294421770112873,0.5594995929449846,12,ITIH5;ABCA1;TGFBR3;IL1R1;NPY;MYOF;FLNB;IGFBP7;SGK3;TSKU;MAPK4;FKBP5
ChEA_2022,TRIM28 17542650 ChIP-ChIP NTERA2 Human,0.2129556034945096,0.5594995929449846,6,ANXA2;IL1R1;NOS3;SMOC1;KCNA5;BMP7
ChEA_2022,RUNX1 22343733 ChIP-Seq Kasumi1 Human PeriphBlood AML,0.21833728316477172,0.5659527869189055,4,SLC6A6;TTLL3;PLIN4;ACACB
ChEA_2022,THRA 23701648 ChIP-Seq CEREBELLUM Mouse,0.218433957054494,0.5659527869189055,2,TNIP2;PCGF2
ChEA_2022,TAL1 30185409 ChIP-Seq HPC Mouse BoneMarrow Leukemia,0.2184550673335742,0.5659527869189055,16,ITIH5;ABCA1;CBX7;COL18A1;VWF;NOS3;ZBTB16;MYOF;SLC16A11;ACACB;AFF1;PTPRB;PECAM1;AGRP;MAPK4;TGM2
ChEA_2022,TFAP2A 17053090 ChIP-ChIP MCF-7 Human,0.2185913151723301,0.5659527869189055,12,MRC2;COL18A1;PTPRB;COL4A2;ZBTB16;PCGF2;FLNA;FXYD6;LBP;ADCY6;MAPK4;TGM2
ChEA_2022,RUNX1 22412390 ChIP-Seq EML Mouse,0.22622038307778838,0.5835830172151643,12,SLC6A6;AP1G2;SERPINE1;SLC2A1;FLNA;FLNB;QSOX1;ARHGAP27;COL9A2;PRODH;ARHGEF5;FKBP5
ChEA_2022,TP53 18474530 ChIP-ChIP U2OS Human,0.2312623837487231,0.5933636243072128,6,CDKN1A;ANXA2;SLC2A1;IGFBP7;BMP7;MAPK4
ChEA_2022,ISL1 30127528 ChIP-Seq KELLY Human Brain Neuroblastoma,0.2316784937604005,0.5933636243072128,2,ACACB;TGM2
ChEA_2022,MYC 19829295 ChIP-Seq ESCs Human,0.23331077783748208,0.5954024151264776,12,NET1;PER3;ZBTB16;GJB6;IDH2;PECAM1;LENG8;SGK3;OSMR;AGT;AFF1;ICAM1
ChEA_2022,FOXM1 32153563 ChIP-Seq SKOV3 Human Ovary OvarianCancer,0.23610567170393093,0.6002221174894623,2,MYOF;TGM2
ChEA_2022,TCF21 26020271 ChIP-Seq HCASMC Human CoronaryArtery,0.23688541434626254,0.6002221174894623,9,RBM3;MRC2;ECM1;CDKN1A;IL1R1;UFD1;KLF4;TSKU;TNS1
ChEA_2022,STAT3 20064451 ChIP-Seq CD4+T Mouse,0.24284462300125867,0.6011892760763137,7,ATP10A;KLF4;ADCY6;FKBP5;ICAM1;TGM2;B4GALNT4
ChEA_2022,CDX2 21074721 ChIP-Seq CACO-2 Mouse,0.24312362634551787,0.6011892760763137,12,ITIH5;TGFBR3;TRUB1;ECM1;PER3;MYOF;SLC2A1;QSOX1;COL9A2;NBL1;AGT;MFSD2A
ChEA_2022,GATA3 22897851 ChIP-Seq JUKARTE6-1 Human,0.24312362634551787,0.6011892760763137,12,TRUB1;CBX7;PTPRB;VWF;IL1R1;TNIP2;NGB;FLNA;FLNB;MYH11;ISM1;TNS1
ChEA_2022,SMAD3 22036565 ChIP-Seq ESCs Mouse,0.24374660212676422,0.6011892760763137,7,SLC6A6;CBX7;VWF;SLC2A1;ATP10A;TNS1;TGM2
ChEA_2022,RARA 24833708 ChIP-Seq LIVER Mouse,0.2438025773009572,0.6011892760763137,11,PER3;TTLL3;AP1G2;NGB;PLA2G3;NDN;ATP10A;SLC2A4;LBP;PRODH;FKBP5
ChEA_2022,ZFP281 18358816 ChIP-ChIP MESCs Mouse,0.24397112970365203,0.6011892760763137,4,CBX7;DZIP1L;WDR6;SLC2A4
ChEA_2022,FOXH1 21741376 ChIP-Seq ESCs Human,0.2444442067159683,0.6011892760763137,12,ITIH5;NET1;NOTCH2;SLC6A6;VWF;GJB6;PLA2G3;FLNB;ARHGAP27;COL9A2;MAPK4;FKBP5
ChEA_2022,ARNT 22903824 ChIP-Seq MCF-7 Human,0.2455538516093102,0.6011892760763137,7,COL18A1;MYOF;HIF3A;KLF4;BMP7;TSKU;TNS1
ChEA_2022,TCF4 32651957 ChIP-Seq PLC/PRF/5 Human Liver Heptoma,0.24745447657951847,0.6011892760763137,5,TGFBR3;MYCL;ARHGEF5;AFF1;SUGP1
ChEA_2022,RUNX1 22897851 ChIP-Seq JUKARTE6-1 Human,0.2477579161738399,0.6011892760763137,12,NET1;IL1R1;GJB6;MYOF;NGB;FLNA;LENG8;FLNB;ARHGAP27;SLC2A4;HIF3A;BMP7
ChEA_2022,MYCN 27167114 Chip-Seq NEUROBLASTOMA Human,0.2477579161738399,0.6011892760763137,12,MRC2;PTPRB;PER3;COL4A2;NPY;SLC2A1;CIRBP;MYH11;KLF4;TSKU;PCSK4;B4GALNT4
ChEA_2022,FOXM1 26456572 ChIP-Seq MCF-7 Human,0.24842274050904295,0.6011892760763137,12,ABCA1;NOTCH2;ANXA2;IL1R1;ANXA3;SLC2A1;DZIP1L;PLA2G3;SGK3;QSOX1;COL9A2;TSKU
ChEA_2022,TEAD4 22529382 ChIP-Seq TROPHECTODERM Mouse,0.24894195077925438,0.6011892760763137,13,NOTCH2;ZBTB16;IDH2;KCNA5;ISM1;ACACB;PCSK4;TGFBR3;SLC6A6;PECAM1;FLNB;MAPK4;FKBP5
ChEA_2022,P300 27268052 Chip-Seq Bcells Human,0.2490882534304951,0.6011892760763137,12,RBM3;CBS;ELN;NPY;SLC2A1;IGFBP7;SGK3;OSMR;ACACB;ADCY6;ICAM1;B4GALNT4
ChEA_2022,CEBPB 26923725 Chip-Seq MACROPHAGESS Mouse,0.2528733957025881,0.6082630329062254,11,CBX7;ANXA2;AP1G2;IL1R1;LAMB2;LAMC3;CBS;NGB;LENG8;LBP;PRODH
ChEA_2022,BCL6 25482012 ChIP-Seq CML-JURL-MK1 Human,0.25510845800914644,0.608799315027604,12,NET1;TRUB1;RBM3;VWF;SMOC1;LENG8;WDR6;FXYD6;ARHGAP27;COL9A2;ADCY6;TNS1
ChEA_2022,NELFA 20434984 ChIP-Seq ESCs Mouse,0.2556892382258897,0.608799315027604,11,NET1;DOCK6;CDKN1A;SLC2A1;CIRBP;LENG8;HIF3A;PRODH;ACACB;PKD1;IER3
ChEA_2022,RXR 22108803 ChIP-Seq LS180 Human,0.2557272700055204,0.608799315027604,4,MRC2;ANXA2;LENG8;BMP7
ChEA_2022,PPARD 23176727 ChIP-Seq KERATINOCYTES Mouse,0.25830020202775655,0.608799315027604,2,CBS;ICAM1
ChEA_2022,MYB 26560356 Chip-Seq TH1 Human,0.25847638173528126,0.608799315027604,12,NET1;NOTCH2;SULT1A1;COL18A1;ANXA2;VWF;SERPINE1;TCEA2;ATP10A;FLNB;COL9A2;AFF1
ChEA_2022,KLF4 19030024 ChIP-ChIP MESCs Mouse,0.25876046747504344,0.608799315027604,9,CBX7;COL18A1;NPY;CIRBP;TCEA2;LENG8;AGRP;PRODH;KLF4
ChEA_2022,FLI1 27457419 Chip-Seq LIVER Mouse,0.25908173097382586,0.608799315027604,3,IL1R1;SGK3;TNS1
ChEA_2022,ESR1 20079471 ChIP-ChIP T-47D Human,0.26496898591111095,0.6157143225364873,2,ATP10A;IER3
ChEA_2022,AHR 22903824 ChIP-Seq MCF-7 Human,0.26556987205817173,0.6157143225364873,5,COL18A1;MYOF;KLF4;TSKU;TNS1
ChEA_2022,UTX 26944678 Chip-Seq JUKART Human,0.26594275609748935,0.6157143225364873,12,NET1;NOTCH2;PER3;FLNA;WDR6;IGFBP7;QSOX1;COL9A2;TSKU;PCSK4;AFF1;FKBP5
ChEA_2022,SMAD1 18555785 ChIP-Seq MESCs Mouse,0.26627492634617084,0.6157143225364873,4,SLC2A1;PECAM1;FXYD6;ICAM1
ChEA_2022,PU.1 20176806 ChIP-Seq MACROPHAGES Mouse,0.2663483305354467,0.6157143225364873,11,ABCA1;DOCK6;ECM1;IL1R1;TNIP2;PCGF2;IGDCC3;PECAM1;NBEAL2;ARHGAP27;TNS1
ChEA_2022,BCL3 23251550 ChIP-Seq MUSCLE Mouse,0.269278902151502,0.6173034261783498,6,SLC6A6;PLK5;TTLL3;GJB6;CIRBP;SGK3
ChEA_2022,MYCN 19997598 ChIP-ChIP NEUROBLASTOMA Human,0.26941540780729506,0.6173034261783498,2,ARHGEF5;TNS1
ChEA_2022,JUN 27471255 ChIP-Seq Chondrocytes Mouse Rib,0.27159230122696537,0.6173034261783498,28,TRUB1;ECM1;KMT2B;JADE2;TSKU;UFD1;FLNB;MYH11;IGFBP7;TNS2;TNS1;TGM2;IER3;MFSD2A;ABCA1;IL1R1;CHPF2;LAMB2;ZBTB16;MYOF;OSMR;BMP7;NET1;SLC6A6;TTLL3;PLIN4;SGK3;NBL1
ChEA_2022,TP53 32428506 ChIP-Seq Human Liver Heptoma,0.27359210343401563,0.6173034261783498,5,CDKN1A;IGFBP7;ARHGAP27;KLF4;IER3
ChEA_2022,SA1 27219007 Chip-Seq Bcells Human,0.2741739596882573,0.6173034261783498,12,ITIH5;SULT1A1;MRC2;ECM1;PER3;SLC2A1;SLC16A11;COL9A2;NBL1;ADCY6;B4GALNT4;MFSD2A
ChEA_2022,RUNX2 22187159 ChIP-Seq PCA Human,0.2742351254765521,0.6173034261783498,19,ABCA1;DOCK6;ANXA2;IL1R1;ZBTB16;KCNA5;ARHGAP27;OSMR;KLF4;AGT;TGFBR3;SLC6A6;PECAM1;FLNB;IGFBP7;CBLN4;MAPK4;FKBP5;TNS1
ChEA_2022,LUZP1 20508642 ChIP-Seq ESCs Mouse,0.27426085806445577,0.6173034261783498,11,MRC2;COL18A1;PTPRB;PLK5;SMOC1;PECAM1;CIRBP;SLC16A11;PLA2G3;ARHGAP27;PCSK4
ChEA_2022,NEUROD2 26341353 ChIP-Seq CORTEX Mouse,0.2749840411875898,0.6173034261783498,11,CBX7;CBS;CIRBP;PLIN4;SLC16A11;SLC2A4;LBP;NBL1;ACACB;AGT;FKBP5
ChEA_2022,KDM2B 26808549 Chip-Seq HPB-ALL Human,0.2762452980291871,0.6173034261783498,12,SULT1A1;MRC2;CBX7;ECM1;CDKN1A;CIRBP;FLNA;QSOX1;COL9A2;ACACB;FKBP5;ICAM1
ChEA_2022,SMAD1 18555785 Chip-Seq ESCs Mouse,0.27643229680395454,0.6173034261783498,11,ITIH5;IL1R1;LAMC3;SGK3;QSOX1;LBP;ISM1;CBLN4;NKX2-4;TNS1;TGM2
ChEA_2022,LYL1 20887958 ChIP-Seq HPC-7 Mouse,0.27704654262997797,0.6173034261783498,5,IL1R1;NOS3;ATP10A;ACACB;MAPK4
ChEA_2022,ZFX 18555785 Chip-Seq ESCs Mouse,0.27788305151856774,0.6173034261783498,11,ITIH5;IL1R1;SGK3;QSOX1;LBP;ISM1;CBLN4;NKX2-4;BMP7;TNS1;TGM2
ChEA_2022,WT1 19549856 ChIP-ChIP CCG9911 Human,0.27830674129669986,0.6173034261783498,2,NOTCH2;SGK3
ChEA_2022,PIAS1 25552417 ChIP-Seq VCAP Human,0.2793546901447485,0.617703538456711,5,PTPRB;IGFBP7;SGK3;KLF4;TGM2
ChEA_2022,TFAP2C 20629094 ChIP-Seq MCF-7 Human,0.28110691320690584,0.6184953352588438,8,NOTCH2;SLC6A6;COL18A1;TNIP2;ELN;IDH2;MYOF;FLNB
ChEA_2022,PBX 27287812 Chip-Seq EMBYONIC-LIMB Mouse,0.28152071343395196,0.6184953352588438,11,NET1;CBX7;COL18A1;CHPF2;SMOC1;PCGF2;SERPINE1;ARHGAP27;BMP7;AGT;FKBP5
ChEA_2022,CTCF 18555785 Chip-Seq ESCs Mouse,0.28298002459593885,0.6184953352588438,11,ITIH5;IL1R1;LAMC3;SGK3;QSOX1;ISM1;CBLN4;NKX2-4;BMP7;TNS1;TGM2
ChEA_2022,CTCF 21964334 Chip-Seq Bcells Human,0.28318747091907737,0.6184953352588438,12,ABCA1;CDKN1A;ELN;PCGF2;MYOF;CIRBP;TCEA2;SLC16A11;COL9A2;SLC2A4;ICAM1;B4GALNT4
ChEA_2022,EZH2 27294783 Chip-Seq ESCs Mouse,0.2852811654121941,0.6211626598577438,12,MRC2;PTPRB;PLK5;ZBTB16;IGDCC3;NGB;STON1;SLC16A11;AGRP;NKX2-4;BMP7;ADCY6
ChEA_2022,CMYC 18555785 Chip-Seq ESCs Mouse,0.28810627490834567,0.6254014260205553,11,ITIH5;IL1R1;SLC2A1;SGK3;QSOX1;ISM1;CBLN4;NKX2-4;BMP7;TNS1;TGM2
ChEA_2022,TCF3/E2A 22897851 ChIP-Seq JUKARTE6-1 Human,0.28957614862632036,0.626681513136596,11,NPY;NGB;NDN;NBEAL2;FLNB;QSOX1;KCNA5;ISM1;CBLN4;BMP7;AGT
ChEA_2022,ASH2L 23239880 ChIP-Seq MESCs Mouse,0.2958437412461105,0.6383052841431234,18,NOTCH2;TRUB1;COL18A1;VWF;IDH2;MYOF;STON1;ATP10A;ARHGAP27;HIF3A;ISM1;TSKU;NET1;RBM3;DZIP1L;FLNA;QSOX1;TNS1
ChEA_2022,TCFCP2L1 18555785 Chip-Seq ESCs Mouse,0.29844239969157055,0.6419667328712937,11,ITIH5;IL1R1;SGK3;QSOX1;KCNA5;ISM1;CBLN4;NKX2-4;BMP7;TNS1;TGM2
ChEA_2022,NR0B1 18358816 ChIP-ChIP MESCs Mouse,0.3018440421205713,0.6473281867164059,9,NET1;SLC6A6;CBX7;CDKN1A;COL4A2;AP1G2;NBL1;MAPK4;ICAM1
ChEA_2022,KLF4 18555785 ChIP-Seq MESCs Mouse,0.30317597087720066,0.6482321058996002,13,NOTCH2;CBX7;CDKN1A;ANXA2;LAMB2;ATP10A;KLF4;PCSK4;TTLL3;AP1G2;SMOC1;PRODH;NBL1
ChEA_2022,GATA2 21571218 ChIP-Seq MEGAKARYOCYTES Human,0.30634682678501535,0.6530507205716495,7,DOCK6;COL18A1;CDKN1A;NOS3;SERPINE1;PLIN4;ATP10A
ChEA_2022,TP53 22127205 ChIP-Seq IMR90 Human,0.31191739269287133,0.6629408465591773,6,TGFBR3;CDKN1A;CHPF2;SMOC1;PRODH;MFSD2A
ChEA_2022,GBX2 23144817 ChIP-Seq PC3 Human,0.31817629630202054,0.6742307231161864,2,NOTCH2;AGT
ChEA_2022,SOX11 23321250 ChIP-ChIP Z138-A519-JVM2 Human,0.319321511760435,0.6746496034819873,6,ABCA1;COL18A1;ANXA2;SERPINE1;KLF4;ARHGEF5
ChEA_2022,SOX2 19030024 ChIP-ChIP MESCs Mouse,0.3214915018021497,0.6772247020210964,5,TGFBR3;CBX7;IDH2;LENG8;KCNA5
ChEA_2022,NFI 21473784 ChIP-Seq ESCs Mouse,0.3254796759245228,0.6815927331125302,11,ITIH5;SLC6A6;TTLL3;IL1R1;CHPF2;IGFBP7;ISM1;PRODH;KLF4;PKD1;TSKU
ChEA_2022,SA1 22415368 ChIP-Seq MEFs Mouse,0.3254796759245228,0.6815927331125302,11,ABCA1;PTPRB;CDKN1A;LAMC3;MARVELD1;ELN;CIRBP;SLC16A11;KLF4;TGM2;IER3
ChEA_2022,GATA3 21867929 ChIP-Seq CD8 Mouse,0.32848662095276016,0.6840717284500387,10,ABCA1;MRC2;PLK5;COL4A2;GJB6;STON1;MYH11;QSOX1;COL9A2;LBP
ChEA_2022,GATA3 30127528 ChIP-Seq BE2C Human Brain Neuroblastoma,0.32888206450098123,0.6840717284500387,6,KMT2B;TCEA2;ACACB;AGT;TNS1;TGM2
ChEA_2022,EOMES 20176728 ChIP-ChIP TSCs Mouse,0.32954579053140914,0.6840717284500387,9,NOTCH2;TGFBR3;COL18A1;ANXA2;SLC2A1;SLC16A11;AGRP;FXYD6;HIF3A
ChEA_2022,TET1 21451524 ChIP-Seq MESCs Mouse,0.3308892701068652,0.6844540144460077,10,CBX7;COL18A1;COL4A2;LAMC3;NOS3;SERPINE1;PLIN4;PKD1;PCSK4;MAPK4
ChEA_2022,ZFP322A 24550733 ChIP-Seq MESCs Mouse,0.33227497400202316,0.6844540144460077,1,PKD1
ChEA_2022,MEIS1 20887958 ChIP-Seq HPC-7 Mouse,0.3327180502429493,0.6844540144460077,8,SLC6A6;IL1R1;CHPF2;CIRBP;LENG8;AGRP;ADCY6;TNS1
ChEA_2022,LMO2 26923725 Chip-Seq HEMANGIOBLAST Mouse,0.3340985949675256,0.6844540144460077,10,ABCA1;NOTCH2;SLC6A6;PTPRB;VWF;GJB6;MYOF;LBP;CBLN4;KLF4
ChEA_2022,DCP1A 22483619 ChIP-Seq HELA Human,0.3345365126786667,0.6844540144460077,5,NOTCH2;SLC6A6;CDKN1A;SLC2A1;IER3
ChEA_2022,TDRD3 21172665 ChIP-Seq MCF-7 Human,0.3431821516092979,0.6965753567522407,4,NET1;PECAM1;WDR6;CBLN4
ChEA_2022,BCOR 27268052 Chip-Seq Bcells Human,0.3438152094524886,0.6965753567522407,11,RBM3;SLC6A6;CBS;SMOC1;MYOF;WDR6;NBEAL2;ACACB;ADCY6;ICAM1;TGM2
ChEA_2022,LMO2 26923725 Chip-Seq MACROPHAGESS Mouse,0.3441048188309174,0.6965753567522407,3,ABCA1;SMOC1;DZIP1L
ChEA_2022,PHF8 20622853 ChIP-Seq HELA Human,0.34458377035974624,0.6965753567522407,11,ITIH5;NOTCH2;TGFBR3;ECM1;PER3;MYOF;SLC2A1;QSOX1;COL9A2;NBL1;MFSD2A
ChEA_2022,DPY 21335234 ChIP-Seq ESCs Mouse,0.34535266985047886,0.6965753567522407,11,CDKN1A;PER3;TTLL3;IGDCC3;CIRBP;SLC16A11;SGK3;HIF3A;KLF4;ADCY6;AFF1
ChEA_2022,TBL1 22424771 ChIP-Seq 293T Human,0.3484315886615963,0.7008002574210638,11,ITIH5;NOTCH2;TGFBR3;PER3;ZBTB16;MYOF;SLC2A1;QSOX1;COL9A2;NBL1;MFSD2A
ChEA_2022,PHF8 20622854 ChIP-Seq HELA Human,0.34997299550289285,0.7019176698536893,11,SULT1A1;TRUB1;TTLL3;MARVELD1;MYOF;PLA2G3;WDR6;NBEAL2;ARHGAP27;ADCY6;ICAM1
ChEA_2022,BRD4 28847988 ChIP-Seq BCBL1 Human Blood Lymphoma,0.351024630094091,0.702049260188182,2,NOTCH2;ICAM1
ChEA_2022,SALL4 28974232 ChIP-Seq Mouse BoneMarrow Leukemia,0.35394648811297513,0.7033562271566972,3,AP1G2;IGFBP7;BMP7
ChEA_2022,JUN 26020271 ChIP-Seq SMOOTH MUSCLE Human,0.35460469638425673,0.7033562271566972,11,TRUB1;PTPRB;ANXA2;IL1R1;ANXA3;SERPINE1;SLC2A1;CIRBP;HIF3A;KLF4;AFF1
ChEA_2022,OLIG2 26023283 ChIP-Seq AINV15 Mouse,0.35537770356466103,0.7033562271566972,11,MRC2;CHPF2;ZBTB16;IGDCC3;CIRBP;QSOX1;CBLN4;NBL1;BMP7;TSKU;MFSD2A
ChEA_2022,TCF7L2 21901280 ChIP-Seq H4IIE Rat,0.355629553056757,0.7033562271566972,6,DOCK6;SLC6A6;CDKN1A;ATP10A;AFF1;IER3
ChEA_2022,CTCF 20526341 ChIP-Seq ESCs Human,0.35769847263138954,0.7035395373302469,11,NOTCH2;ANXA3;MARVELD1;PCGF2;STON1;ATP10A;MYH11;KCNA5;OSMR;NBL1;MFSD2A
ChEA_2022,OCT1 27270436 Chip-Seq PROSTATE Human,0.35769847263138954,0.7035395373302469,11,ANXA2;COL4A2;IL1R1;ANXA3;LAMC3;DZIP1L;STON1;ARHGAP27;OSMR;BMP7;AGT
ChEA_2022,EGR1 19032775 ChIP-ChIP M12 Human,0.35969952953024703,0.7039498155002483,2,SLC6A6;IL1R1
ChEA_2022,PCGF4 22325352 ChIP-Seq 293T-Rex Human,0.3600217953509035,0.7039498155002483,11,NOTCH2;TGFBR3;SLC6A6;PER3;IL1R1;SLC2A1;QSOX1;COL9A2;NBL1;TNS1;MFSD2A
ChEA_2022,CTCF 18555785 ChIP-Seq MESCs Mouse,0.36098289697150987,0.7039498155002483,8,SLC6A6;LAMC3;SLC2A1;SLC16A11;MYH11;SLC2A4;FKBP5;TGM2
ChEA_2022,NOTCH1 21737748 ChIP-Seq TLL Human,0.3618618433610827,0.7039498155002483,2,ABCA1;SERPINE1
ChEA_2022,FOXO1 25302145 ChIP-Seq T-LYMPHOCYTE Mouse,0.3638994382653288,0.7049344418522874,11,ABCA1;NOTCH2;CBX7;PER3;TNIP2;PECAM1;SGK3;ADCY6;ICAM1;TNS1;TGM2
ChEA_2022,PGR 26153859 ChIP-Seq MCF-7 Human BreastCancer,0.36530807031282364,0.7049344418522874,6,SULT1A1;MRC2;AP1G2;CBS;TCEA2;TNS2
ChEA_2022,VDR 23401126 ChIP-Seq LCL-AND-THP1 Human,0.36617845009319133,0.7049344418522874,2,IGFBP7;ISM1
ChEA_2022,TRIM28 19339689 ChIP-ChIP MESCs Mouse,0.36715712667924727,0.7049344418522874,15,NOTCH2;PCGF2;IDH2;SLC2A1;ATP10A;BMP7;PKD1;SLC6A6;COL4A2;TNIP2;SMOC1;WDR6;IGFBP7;NKX2-4;TGM2
ChEA_2022,SPI1 23547873 ChIP-Seq NB4 Human,0.367318367875279,0.7049344418522874,18,TRUB1;CDKN1A;CHPF2;NOS3;ZBTB16;MYOF;NBEAL2;ARHGAP27;ICAM1;RBM3;MRC2;SLC6A6;MARVELD1;GJB6;PECAM1;MYH11;IGFBP7;QSOX1
ChEA_2022,EOMES 21245162 ChIP-Seq HESCs Human,0.3696152097672752,0.7074355627803762,6,NET1;VWF;KCNA5;COL9A2;NBL1;TSKU
ChEA_2022,SMARCA4 23332759 ChIP-Seq OLIGODENDROCYTES Mouse,0.37267418928908,0.7093143252911279,14,ABCA1;DOCK6;NOTCH2;TRUB1;CDKN1A;ZBTB16;PLA2G3;OSMR;KLF4;TGFBR3;SLC6A6;IGFBP7;LBP;TNS1
ChEA_2022,ESR1 26153859 ChIP-Seq T47D Human Breast Carcinoma,0.37304110151022035,0.7093143252911279,10,SULT1A1;COL18A1;CDKN1A;ZFAND4;ATP10A;FLNB;SGK3;QSOX1;ARHGAP27;TNS2
ChEA_2022,EBNA2 21746931 ChIP-Seq IB4-LCL Human,0.37384447345259275,0.7093143252911279,8,SLC6A6;TNIP2;LENG8;FLNB;MYH11;ADCY6;SUGP1;ICAM1
ChEA_2022,EGR1 23403033 ChIP-Seq LIVER Mouse,0.37458172234475295,0.7093143252911279,4,PER3;ZFAND4;MARVELD1;LBP
ChEA_2022,TFAP2A 35110662 ChIP-Seq HEPM Human Embryo,0.38029107206441826,0.7182154994956652,8,NET1;ZFAND4;LAMB2;SERPINE1;WDR6;UFD1;SGK3;TNS1
ChEA_2022,STAT1 20625510 ChIP-Seq HELA Human,0.3841271075635349,0.7235410068392509,4,CBX7;LENG8;AGRP;OSMR
ChEA_2022,SMAD1 26771354 ChIP-Seq mESC Mouse Stem,0.38768642950312404,0.7283185694095629,7,MYCL;CDKN1A;SERPINE1;MYOF;AFF1;MAPK4;CFAP44
ChEA_2022,FOXO3 22982991 ChIP-Seq MACROPHAGES Mouse,0.395119018916047,0.740328267021646,11,ABCA1;NOTCH2;CDKN1A;ANXA2;CHPF2;TNIP2;IDH2;WDR6;ATP10A;AFF1;SUGP1
ChEA_2022,SRY 25088423 ChIP-ChIP EMBRYONIC GONADS Mouse,0.40014076125302284,0.7459445351876708,17,ECM1;NOS3;ZBTB16;ELN;SERPINE1;IDH2;SLC2A1;SLC16A11;BMP7;AGT;ICAM1;NET1;PTPRB;COL4A2;TNIP2;PLIN4;MAPK4
ChEA_2022,MEF2A 21415370 ChIP-Seq HL-1 Mouse,0.40021181522709304,0.7459445351876708,5,SLC6A6;MARVELD1;NOS3;IDH2;ATP10A
ChEA_2022,SALL4 18804426 ChIP-ChIP XEN Mouse,0.40259949666971795,0.7479302991239537,5,PTPRB;COL4A2;ZBTB16;SMOC1;SLC2A1
ChEA_2022,MYC 18555785 ChIP-Seq MESCs Mouse,0.40412410552815786,0.7479302991239537,6,TRUB1;RBM3;CBX7;SMOC1;CIRBP;TSKU
ChEA_2022,SUZ12 18555785 Chip-Seq ESCs Mouse,0.4050751553640632,0.7479302991239537,10,ITIH5;IL1R1;SGK3;QSOX1;ISM1;CBLN4;NKX2-4;BMP7;TNS1;TGM2
ChEA_2022,MYC 19079543 ChIP-ChIP MESCs Mouse,0.4065295305631602,0.7479302991239537,7,RBM3;SLC6A6;CBX7;AGRP;FXYD6;ICAM1;B4GALNT4
ChEA_2022,ZFP42 18358816 ChIP-ChIP MESCs Mouse,0.4065295305631602,0.7479302991239537,7,NET1;TRUB1;RBM3;COL4A2;SMOC1;CIRBP;KCNA5
ChEA_2022,PCGF2 27294783 Chip-Seq ESCs Mouse,0.4076383437804165,0.7480373731228261,3,IL1R1;SGK3;TNS1
ChEA_2022,FLI1 21867929 ChIP-Seq TH2 Mouse,0.40919512338802977,0.7483263300237227,10,MRC2;COL18A1;PTPRB;PLK5;SMOC1;PECAM1;CIRBP;FLNB;OSMR;PCSK4
ChEA_2022,E2F1 21310950 ChIP-Seq MCF-7 Human,0.41059186525282737,0.7483263300237227,6,CDKN1A;PER3;CBS;DZIP1L;AGT;FKBP5
ChEA_2022,PHC1 16625203 ChIP-ChIP MESCs Mouse,0.4109488694371848,0.7483263300237227,5,COL4A2;NPY;CBLN4;NKX2-4;BMP7
ChEA_2022,EBF1 22473956 ChIP-Seq BONE MARROW Mouse,0.4141409988530235,0.7522152836310019,10,ITIH5;NOTCH2;IL1R1;LAMC3;SGK3;QSOX1;ISM1;CBLN4;BMP7;TNS1
ChEA_2022,CUX1 19635798 ChIP-ChIP MULTIPLE CANCER TYPES Human,0.4186814704023063,0.7585272440876389,11,RBM3;ANXA3;NOS3;NPY;SLC2A1;FLNA;FXYD6;NBL1;PKD1;AGT;FKBP5
ChEA_2022,NMYC 18555785 Chip-Seq ESCs Mouse,0.4207374766844038,0.7598790531115539,10,ITIH5;IL1R1;SLC2A1;SGK3;QSOX1;ISM1;NKX2-4;BMP7;TNS1;TGM2
ChEA_2022,P53 22387025 ChIP-Seq ESCs Mouse,0.42156211513913455,0.7598790531115539,10,ITIH5;IL1R1;SGK3;QSOX1;ISM1;CBLN4;KLF4;BMP7;TNS1;TGM2
ChEA_2022,ELF1 17652178 ChIP-ChIP JURKAT Human,0.4258868814057484,0.7642834022582269,1,RBM3
ChEA_2022,NACC1 18358816 ChIP-ChIP MESCs Mouse,0.4261524026636462,0.7642834022582269,4,CBX7;COL18A1;PTPRB;CDKN1A
ChEA_2022,GATA1 30185409 ChIP-Seq HPC Mouse BoneMarrow Leukemia,0.4278103597944513,0.7653290858634405,6,TRUB1;CHPF2;ZBTB16;PKD1;MAPK4;TGM2
ChEA_2022,NANOG 18555785 Chip-Seq ESCs Mouse,0.43063273684670444,0.7684473900622896,10,ITIH5;IL1R1;SGK3;QSOX1;ISM1;CBLN4;NKX2-4;BMP7;TNS1;TGM2
ChEA_2022,SOX17 20123909 ChIP-Seq XEN Mouse,0.43316284343364975,0.7710298613118965,9,SULT1A1;TGFBR3;PTPRB;COL4A2;ZBTB16;SMOC1;SLC2A1;CIRBP;SLC2A4
ChEA_2022,POU5F1 18555785 ChIP-Seq MESCs Mouse,0.43640664217574443,0.7748666564317457,3,TGFBR3;TRUB1;ICAM1
ChEA_2022,CDKN2AIP 20523734 ChIP-Seq CORTICAL Neurons,0.43960561338379955,0.778604966988222,1,B4GALNT4
ChEA_2022,FOXP2 21765815 ChIP-ChIP NEURO2A Mouse,0.4418085028696176,0.7805648983701432,5,NOTCH2;MARVELD1;GJB6;BMP7;MAPK4
ChEA_2022,REST 18959480 ChIP-ChIP MESCs Mouse,0.4438485735810243,0.7822281791823993,11,CDKN1A;LAMC3;ZBTB16;SLC2A1;FXYD6;PRODH;OSMR;CBLN4;BMP7;AFF1;B4GALNT4
ChEA_2022,CDX2 19796622 ChIP-Seq MESCs Mouse,0.44776809755464103,0.7869834573158789,2,PTPRB;CBLN4
ChEA_2022,SMC4 20622854 ChIP-Seq HELA Human,0.4487574208851781,0.7869834573158789,10,RBM3;ELN;PCGF2;PLIN4;KCNA5;OSMR;BMP7;PKD1;TSKU;TGM2
ChEA_2022,PKCTHETA 26484144 Chip-Seq BREAST Human,0.45060284192527794,0.7882781902968007,3,NET1;ECM1;CBLN4
ChEA_2022,MYC 30127528 ChIP-Seq KELLY Human Brain Neuroblastoma,0.45813650733485306,0.7968654327718053,26,CDKN1A;KMT2B;LENG8;JADE2;ISM1;AFF1;RBM3;GRK3;CBS;NPY;DZIP1L;WDR6;UFD1;FLNB;PRODH;TNS1;CBX7;CHPF2;NBEAL2;KLF4;BMP7;SLC6A6;TTLL3;TNIP2;TCEA2;FKBP5
ChEA_2022,RNF2 18974828 ChIP-Seq MESCs Mouse,0.4589092196078284,0.7968654327718053,7,TGFBR3;COL4A2;ZBTB16;NPY;NBL1;NKX2-4;BMP7
ChEA_2022,EZH2 18974828 ChIP-Seq MESCs Mouse,0.4589092196078284,0.7968654327718053,7,TGFBR3;COL4A2;ZBTB16;NPY;NBL1;NKX2-4;BMP7
ChEA_2022,POU2F1 35413990 ChIP-Seq Human ARnegCRProstateCancer,0.4599883326814775,0.7968654327718053,3,TSKU;FKBP5;TNS1
ChEA_2022,VDR 22108803 ChIP-Seq LS180 Human,0.4628356064617643,0.7998518247591655,1,KLF4
ChEA_2022,RUNX1 22343733 ChIP-Seq PBMC Human BoneMarrow,0.46764133871831964,0.8037464770046605,5,MYCL;TNIP2;CBS;NBEAL2;MYH11
ChEA_2022,TAL1 22897851 ChIP-Seq JUKARTE6-1 Human,0.46928805404452234,0.8037464770046605,10,NOTCH2;CBX7;PTPRB;CDKN1A;VWF;FLNB;KCNA5;ISM1;BMP7;ICAM1
ChEA_2022,NFE2L2 22581777 ChIP-Seq LYMPHOBLASTOID Human,0.4708529820812818,0.8037464770046605,3,CDKN1A;TNIP2;SLC2A1
ChEA_2022,NCOR 22424771 ChIP-Seq 293T Human,0.47174470647416106,0.8037464770046605,10,MRC2;PTPRB;ANXA2;TTLL3;IL1R1;ELN;PLIN4;MYH11;ARHGAP27;AFF1
ChEA_2022,HOXB7 26014856 ChIP-Seq BT474 Human,0.47256319309886213,0.8037464770046605,10,NOTCH2;TRUB1;SERPINE1;MYOF;FLNB;KCNA5;CBLN4;BMP7;AFF1;IER3
ChEA_2022,SOX2 27498859 Chip-Seq STOMACH Mouse,0.47256319309886213,0.8037464770046605,10,TGFBR3;MYOF;DZIP1L;PECAM1;CIRBP;FLNB;QSOX1;HIF3A;AFF1;IER3
ChEA_2022,GATA3 21878914 ChIP-Seq MCF-7 Human,0.47338147559641497,0.8037464770046605,10,CDKN1A;CBS;SMOC1;DZIP1L;PLA2G3;AGRP;FLNB;KCNA5;CBLN4;ARHGEF5
ChEA_2022,GATA6 21074721 ChIP-Seq CACO-2 Mouse,0.47419955084230814,0.8037464770046605,10,ITIH5;TGFBR3;ECM1;PER3;SLC2A1;QSOX1;COL9A2;NBL1;AGT;MFSD2A
ChEA_2022,OCT4 20526341 ChIP-Seq ESCs Human,0.47665250052698543,0.8037464770046605,10,ITIH5;NOTCH2;ANXA3;TNIP2;CBS;GJB6;NDN;FLNB;ARHGEF5;B4GALNT4
ChEA_2022,HNFA 21074721 ChIP-Seq CACO-2 Human,0.47665250052698543,0.8037464770046605,10,ITIH5;NOTCH2;TGFBR3;PER3;MYOF;SLC2A1;QSOX1;COL9A2;NBL1;MFSD2A
ChEA_2022,ASXL1 24218140 ChIP-Seq BMDM Mouse,0.47796825075998,0.8037464770046605,4,NOTCH2;LENG8;SGK3;IER3
ChEA_2022,AR 35413990 ChIP-Seq Human ARposCRProstateCancer,0.47927554373942566,0.8037464770046605,4,EVA1C;ADCY6;TNS2;TNS1
ChEA_2022,SMC1 22415368 ChIP-Seq MEFs Mouse,0.4807363062442614,0.8037464770046605,10,CDKN1A;MARVELD1;MYOF;SLC2A1;CIRBP;TCEA2;SLC16A11;COL9A2;SLC2A4;KLF4
ChEA_2022,TAL1 20887958 ChIP-Seq HPC-7 Mouse,0.48155237231674297,0.8037464770046605,10,NOTCH2;CDKN1A;IL1R1;NOS3;SLC2A1;CIRBP;PLIN4;LENG8;PKD1;IER3
ChEA_2022,GATA6 21074721 ChIP-Seq CACO-2 Human,0.4823681993703984,0.8037464770046605,10,NOTCH2;TGFBR3;ECM1;PER3;SLC2A1;QSOX1;COL9A2;NBL1;AGT;MFSD2A
ChEA_2022,POU5F1 16153702 ChIP-ChIP HESCs Human,0.483150972132015,0.8037464770046605,3,GABRR2;LBP;BMP7
ChEA_2022,MYCN 21190229 ChIP-Seq SHEP-21N Human,0.4853856304179833,0.8055817455888208,2,SGK3;SLC2A4
ChEA_2022,TCF12/HEB 22897851 ChIP-Seq JUKARTE6-1 Human,0.4888858353843032,0.8089697261596216,10,PTPRB;CDKN1A;VWF;LENG8;NBEAL2;FLNB;KCNA5;ISM1;BMP7;ICAM1
ChEA_2022,NFYB 21822215 ChIP-Seq K562 Human,0.48969937075111925,0.8089697261596216,10,ITIH5;NOTCH2;TGFBR3;PER3;MYOF;SLC2A1;QSOX1;COL9A2;NBL1;MFSD2A
ChEA_2022,RBPJ 21746931 ChIP-Seq IB4 Human,0.49295078044337165,0.8124559159159274,10,NOTCH2;TGFBR3;ECM1;PER3;SLC2A1;QSOX1;COL9A2;NBL1;TNS1;MFSD2A
ChEA_2022,HNF4A 19761587 ChIP-ChIP CACO-2 Human,0.49426777123345295,0.8127451573169018,5,NOTCH2;CDKN1A;LAMB2;AFF1;IER3
ChEA_2022,NCOR 22465074 ChIP-Seq MACROPHAGES Mouse,0.4978193641850469,0.8166990490777728,10,SLC6A6;ECM1;IL1R1;MARVELD1;PECAM1;PLA2G3;QSOX1;ARHGAP27;KLF4;TGM2
ChEA_2022,RARB 27405468 Chip-Seq BRAIN Mouse,0.50348566131181,0.8220495961476019,10,TGFBR3;SLC6A6;AP1G2;PCGF2;SERPINE1;PECAM1;CIRBP;ACACB;MAPK4;B4GALNT4
ChEA_2022,FLI1 26923725 Chip-Seq HEMOGENIC-ENDOTHELIUM Mouse,0.5046605838481172,0.8220495961476019,9,NET1;RBM3;VWF;AP1G2;IL1R1;ATP10A;KCNA5;SLC2A4;TGM2
ChEA_2022,FLI1 21571218 ChIP-Seq MEGAKARYOCYTES Human,0.5054335182633615,0.8220495961476019,29,DOCK6;NOTCH2;COL18A1;CDKN1A;LAMC3;SERPINE1;SLC2A1;ATP10A;ADCY6;TSKU;ICAM1;RBM3;MARVELD1;IGFBP7;MFSD2A;CBX7;VWF;CHPF2;ZBTB16;CIRBP;NBEAL2;ARHGAP27;SLC6A6;COL4A2;TNIP2;PECAM1;AGRP;NBL1;FKBP5
ChEA_2022,FOXA1 33576154 ChIP-Seq Human HilarLN ProstateCancer,0.5056990493155191,0.8220495961476019,5,SLC6A6;FLNB;SGK3;KLF4;FKBP5
ChEA_2022,NFIB 24661679 ChIP-Seq LUNG Mouse,0.5132956731526062,0.8324977660242724,3,NET1;OSMR;MAPK4
ChEA_2022,CEBPB 24764292 ChIP-Seq MC3T3 Mouse,0.5173585405652932,0.8326456388927782,9,ECM1;CDKN1A;MARVELD1;PLIN4;STON1;KLF4;NBL1;AFF1;FKBP5
ChEA_2022,MYB 26560356 Chip-Seq TH2 Human,0.5179814274791709,0.8326456388927782,10,NET1;ANXA2;NPY;SERPINE1;STON1;NBEAL2;ATP10A;QSOX1;COL9A2;FKBP5
ChEA_2022,NCOR1 26117541 ChIP-Seq K562 Human,0.5195849050918039,0.8326456388927782,10,COL18A1;PTPRB;CDKN1A;LAMC3;NOS3;CBS;SLC2A1;FLNA;NBEAL2;B4GALNT4
ChEA_2022,IRF4 20064451 ChIP-Seq CD4+T Mouse,0.521535583206509,0.8326456388927782,5,IL1R1;MYOF;MYH11;FXYD6;QSOX1
ChEA_2022,CBP 20019798 ChIP-Seq JUKART Human,0.521535583206509,0.8326456388927782,5,IL1R1;MYOF;MYH11;FXYD6;QSOX1
ChEA_2022,STAT3 23295773 ChIP-Seq U87 Human,0.5215875216446225,0.8326456388927782,16,ABCA1;MYOF;ATP10A;KLF4;SULT1A1;PTPRB;TTLL3;PLIN4;AGRP;MYH11;IGFBP7;SGK3;LBP;CBLN4;MAPK4;TGM2
ChEA_2022,SETDB1 19884257 ChIP-Seq MESCs Mouse,0.5219872717939265,0.8326456388927782,10,CBX7;COL18A1;NOS3;CIRBP;TCEA2;SLC16A11;FXYD6;KCNA5;ARHGAP27;CBLN4
ChEA_2022,SPI1 26923725 Chip-Seq HPCs Mouse,0.5274471396240115,0.8326456388927782,9,ITIH5;CBX7;IL1R1;LAMC3;CIRBP;PLIN4;PLA2G3;LBP;PKD1
ChEA_2022,YY1 26981420 ChIP-Seq C2C12 Mouse Muscle,0.529302094659444,0.8326456388927782,11,NET1;TRUB1;MYCL;CDKN1A;PCGF2;KMT2B;SLC2A1;CIRBP;ADCY6;SUGP1;IER3
ChEA_2022,IKZF1 21737484 ChIP-ChIP HCT116 Human,0.5298043180001427,0.8326456388927782,1,FXYD6
ChEA_2022,TAL1 21186366 ChIP-Seq BM-HSCs Mouse,0.5307951675503784,0.8326456388927782,9,MRC2;COL18A1;PTPRB;PLK5;SMOC1;PECAM1;FLNB;ARHGAP27;PCSK4
ChEA_2022,MBD3 35695185 ChIP-Seq nicBasalRootGanglia Mouse Embryo,0.5312858533295225,0.8326456388927782,22,ZFAND4;ZBTB16;PCGF2;ISM1;TSKU;AFF1;TGFBR3;MYCL;PER3;SMOC1;EVA1C;NPY;IGDCC3;WDR6;SUSD6;IGFBP7;SGK3;SPACA6;TNS2;MAPK4;FKBP5;B4GALNT4
ChEA_2022,FOXA1 33576154 ChIP-Seq Human Lung ProstateCancer,0.5323057200962511,0.8326456388927782,23,TRUB1;CDKN1A;ANXA2;NOS3;ZBTB16;CIRBP;HIF3A;OSMR;KLF4;AGT;TSKU;PCSK4;NET1;SLC6A6;EVA1C;WDR6;UFD1;FLNB;SUSD6;SGK3;QSOX1;TNS2;FKBP5
ChEA_2022,AR 25329375 ChIP-Seq VCAP Human,0.5341354442865633,0.8326456388927782,9,COL4A2;NPY;SLC2A1;ATP10A;FLNB;OSMR;CBLN4;KLF4;BMP7
ChEA_2022,CTNNB1 24651522 ChIP-Seq LGR5+ INTESTINAL STEM Human,0.5354651395119621,0.8326456388927782,1,BMP7
ChEA_2022,FOXA1 27270436 ChIP-Seq VCaP Human Prostate Carcinoma,0.536837237919762,0.8326456388927782,20,ZFAND4;CHPF2;ANXA3;ZBTB16;IDH2;JADE2;KLF4;BMP7;AFF1;NET1;PTPRB;GRK3;EVA1C;UFD1;FLNB;SUSD6;SGK3;QSOX1;TNS2;FKBP5
ChEA_2022,AUTS2 25519132 ChIP-Seq 293T-REX Human,0.5371603667239372,0.8326456388927782,5,COL4A2;IGFBP7;KLF4;ACACB;TSKU
ChEA_2022,EWS-FLI1 20517297 ChIP-Seq SK-N-MC Human,0.5381862704443277,0.8326456388927782,3,TGFBR3;STON1;SGK3
ChEA_2022,CHD7 19251738 ChIP-ChIP MESCs Mouse,0.5382701532322233,0.8326456388927782,1,FLNA
ChEA_2022,NR4A2 19515692 ChIP-ChIP MN9D Mouse,0.5382701532322233,0.8326456388927782,1,CBX7
ChEA_2022,VDR 21846776 ChIP-Seq THP-1 Human,0.5391776748437521,0.8326456388927782,4,CDKN1A;SLC2A1;CIRBP;AFF1
ChEA_2022,SUZ12 27294783 Chip-Seq ESCs Mouse,0.5402841083826735,0.8326456388927782,10,MRC2;PTPRB;IL1R1;ZBTB16;SMOC1;SLC16A11;SGK3;NKX2-4;BMP7;ADCY6
ChEA_2022,NANOG 16518401 ChIP-PET MESCs Mouse,0.5402841083826735,0.8326456388927782,10,ITIH5;NOTCH2;SLC6A6;CBX7;COL18A1;COL4A2;IDH2;PECAM1;KLF4;FKBP5
ChEA_2022,MYC 19030024 ChIP-ChIP MESCs Mouse,0.5453818407831436,0.8372506793024147,17,CBX7;CDKN1A;PCGF2;CIRBP;HIF3A;KLF4;BMP7;TSKU;ICAM1;RBM3;MRC2;SLC6A6;TCEA2;AGRP;FXYD6;PRODH;B4GALNT4
ChEA_2022,GATA2 21186366 ChIP-Seq BM-HSCs Mouse,0.5457625725009136,0.8372506793024147,9,MRC2;COL18A1;PTPRB;PLK5;PECAM1;CIRBP;PLA2G3;ARHGAP27;PCSK4
ChEA_2022,PDX1 19855005 ChIP-ChIP MIN6 Mouse,0.546799952072504,0.8372506793024147,3,ARHGAP27;SLC2A4;AGT
ChEA_2022,IRF8 27001747 Chip-Seq BMDM Mouse,0.5498899726880261,0.8391104210307706,9,ABCA1;COL18A1;LAMB2;TNIP2;FLNB;SGK3;AFF1;IER3;B4GALNT4
ChEA_2022,ELF1 20517297 ChIP-Seq JURKAT Human,0.5503715823333847,0.8391104210307706,5,LENG8;ARHGAP27;COL9A2;FKBP5;ICAM1
ChEA_2022,CTNNB1 20460455 ChIP-Seq HCT116 Human,0.5536469531451274,0.8410459161665579,5,TGFBR3;ANXA2;FLNB;FKBP5;IER3
ChEA_2022,EBF1 22473956 ChIP-Seq LYMPHODE Mouse,0.5540035599467916,0.8410459161665579,9,ITIH5;NOTCH2;IL1R1;LAMC3;SGK3;QSOX1;CBLN4;NKX2-4;TNS1
ChEA_2022,BCAT 22108803 ChIP-Seq LS180 Human,0.5553211082996071,0.8412524023602559,3,MRC2;VWF;KLF4
ChEA_2022,STAT5B 24692510 ChIP-Seq Epithelium Mouse Mammary,0.5581406247028753,0.8419409725411036,3,VWF;IGFBP7;SPACA6
ChEA_2022,SUZ12 27294783 Chip-Seq NPCs Mouse,0.5600001618512273,0.8419409725411036,4,IL1R1;SGK3;QSOX1;TNS1
ChEA_2022,PAX6 23342162 ChIP-ChIP BETA-FORBRAIN-LENS Mouse,0.5600001618512273,0.8419409725411036,4,SULT1A1;NGB;SGK3;KLF4
ChEA_2022,CEBPB 26923725 Chip-Seq HEMANGIOBLAST Mouse,0.5609496028185534,0.8419409725411036,3,PRODH;CBLN4;BMP7
ChEA_2022,LMO2 26923725 Chip-Seq HEMOGENIC-ENDOTHELIUM Mouse,0.5638177171911971,0.8419409725411036,9,NOTCH2;PER3;VWF;COL4A2;LAMC3;SMOC1;MYOF;LBP;BMP7
ChEA_2022,HOXD13 18407260 ChIP-ChIP DEVELOPING-LIMBS Mouse,0.5654127025636495,0.8419409725411036,1,COL18A1
ChEA_2022,POU5F1 16518401 ChIP-PET MESCs Mouse,0.5666343192914788,0.8419409725411036,5,TGFBR3;COL18A1;IGFBP7;BMP7;MAPK4
ChEA_2022,HOXB4 20404135 ChIP-ChIP EML Mouse,0.5674596993273126,0.8419409725411036,7,TNIP2;PECAM1;CIRBP;TCEA2;SLC16A11;LENG8;SGK3
ChEA_2022,RBPJ 21746931 ChIP-Seq IB4-LCL Human,0.5686927204588206,0.8419409725411036,9,SLC6A6;TNIP2;SMOC1;LENG8;FLNB;ADCY6;SUGP1;ICAM1;TGM2
ChEA_2022,ENL 26711339 ChIP-Seq SEM Human Blood Leukemia,0.5686927204588206,0.8419409725411036,9,SULT1A1;MRC2;SLC6A6;CDKN1A;PER3;IDH2;IGFBP7;AFF1;FKBP5
ChEA_2022,EVI1 22308434 ChIP-Seq SKOV3 Human Ovary OvarianCancer,0.5687831570116163,0.8419409725411036,6,MRC2;ECM1;JADE2;NBL1;TNS2;SUGP1
ChEA_2022,TFEB 21752829 ChIP-Seq HELA Human,0.5720145998940828,0.8449676247398069,4,NET1;PCGF2;WDR6;FKBP5
ChEA_2022,AR 21572438 ChIP-Seq LNCaP Human,0.5732425000994258,0.8450282817200645,1,SLC6A6
ChEA_2022,POU2F1 27270436 ChIP-Seq LNCaP Human Prostate Carcinoma,0.5775789483168731,0.8496615933917637,3,FLNB;AFF1;FKBP5
ChEA_2022,GATA3 26560356 Chip-Seq TH1 Human,0.5815829424001664,0.8537877422451927,9,MRC2;CDKN1A;CHPF2;MARVELD1;NOS3;CBS;NGB;QSOX1;PKD1
ChEA_2022,PRDM14 20953172 ChIP-Seq ESCs Human,0.5870490140616332,0.8600388847981129,8,NOTCH2;SLC6A6;NPY;FLNB;CBLN4;BMP7;TNS1;IER3
ChEA_2022,POU5F1 18700969 ChIP-ChIP MESCs Mouse,0.5915806102440913,0.8620202115669054,2,TNIP2;SLC2A1
ChEA_2022,BMI1 23680149 ChIP-Seq NPCS Mouse,0.5920335441800797,0.8620202115669054,5,NPY;PCGF2;NDN;ISM1;NKX2-4
ChEA_2022,ELF5 23300383 ChIP-Seq T47D Human,0.5920335441800797,0.8620202115669054,5,TRUB1;ANXA3;SLC2A1;BMP7;TGM2
ChEA_2022,NANOG 18358816 ChIP-ChIP MESCs Mouse,0.5972239666607857,0.8676614599668934,5,CBX7;COL18A1;COL4A2;PCGF2;MAPK4
ChEA_2022,ETS2 20176728 ChIP-ChIP TROPHOBLAST STEM CELLS Mouse,0.5983451921962706,0.8676614599668934,1,LAMB2
ChEA_2022,RUNX1 20887958 ChIP-Seq HPC-7 Mouse,0.6023783629037022,0.8701551305500779,5,ITIH5;IL1R1;CIRBP;ATP10A;MAPK4
ChEA_2022,ETS1 22383799 ChIP-Seq G1ME Mouse,0.6036898682011397,0.8701551305500779,8,CBX7;CDKN1A;ZBTB16;CIRBP;NBL1;ACACB;AFF1;MFSD2A
ChEA_2022,E2F1 20622854 ChIP-Seq HELA Human,0.6037312282187338,0.8701551305500779,9,ITIH5;RBM3;LAMB2;MARVELD1;MYOF;LENG8;WDR6;ARHGAP27;ICAM1
ChEA_2022,PU 27001747 Chip-Seq BMDM Mouse,0.608405515898995,0.8745246754050828,9,MRC2;CDKN1A;IL1R1;PCGF2;CIRBP;PLA2G3;SGK3;QSOX1;ARHGAP27
ChEA_2022,ILF3 29590119 ChIP-Seq K562 Human BoneMarrow Leukemia,0.6092194367990464,0.8745246754050828,4,TGFBR3;AFF1;TGM2;IER3
ChEA_2022,P68 20966046 ChIP-Seq HELA Human,0.6107327964376446,0.8749331007315955,9,NET1;TRUB1;RBM3;TTLL3;MARVELD1;PLIN4;WDR6;ACACB;ADCY6
ChEA_2022,NANOG 20526341 ChIP-Seq ESCs Human,0.6130534265447777,0.875005781096145,9,NOTCH2;ANXA3;LAMB2;SMOC1;NDN;LENG8;ARHGAP27;BMP7;MFSD2A
ChEA_2022,UBF1/2 26484160 Chip-Seq FIBROBLAST Human,0.616137159589975,0.875005781096145,9,ITIH5;TGFBR3;PTPRB;ANXA3;MYH11;OSMR;KLF4;ACACB;MAPK4
ChEA_2022,SOX2 20726797 ChIP-Seq SW620 Human,0.6175261164769823,0.875005781096145,11,TGFBR3;PTPRB;COL4A2;MARVELD1;SERPINE1;TCEA2;FXYD6;ARHGAP27;BMP7;AFF1;TGM2
ChEA_2022,CTBP1 25329375 ChIP-Seq LNCAP Human,0.617620764275235,0.875005781096145,5,TRUB1;ANXA3;ZBTB16;CBLN4;BMP7
ChEA_2022,FOSL1 28411283 ChIP-Seq MDA231-LM2-4175 Human BreastCancer,0.6188719705079376,0.875005781096145,7,ECM1;MYOF;TCEA2;NBEAL2;JADE2;OSMR;AFF1
ChEA_2022,ETV1 20927104 ChIP-Seq GIST48 Human,0.6199748668425632,0.875005781096145,9,NOTCH2;TGFBR3;PER3;IL1R1;SLC2A1;QSOX1;COL9A2;NBL1;MFSD2A
ChEA_2022,AF4 26711339 ChIP-Seq SEM Human Blood Leukemia,0.6204594498523495,0.875005781096145,17,NOTCH2;TRUB1;CDKN1A;ANXA2;SLC2A1;CIRBP;LENG8;ATP10A;AFF1;SULT1A1;MRC2;SLC6A6;PER3;TNIP2;MARVELD1;IGFBP7;FKBP5
ChEA_2022,SOX2 21211035 ChIP-Seq LN229 Human,0.6215046230964723,0.875005781096145,9,CHPF2;CBS;GJB6;IGDCC3;SLC2A1;CIRBP;STON1;HIF3A;ACACB
ChEA_2022,ELK4 26923725 Chip-Seq MESODERM Mouse,0.6237251821651051,0.875005781096145,2,KCNA5;TGM2
ChEA_2022,MYBL2 22936984 ChIP-ChIP MESCs Mouse,0.6240238626561325,0.875005781096145,8,ABCA1;RBM3;CBX7;LAMB2;PCGF2;AGRP;HIF3A;AFF1
ChEA_2022,TAF2 19829295 ChIP-Seq ESCs Human,0.6253155626517741,0.875005781096145,9,LAMC3;CBS;GJB6;PECAM1;LENG8;ARHGAP27;NBL1;PKD1;TGM2
ChEA_2022,BRD4 27068464 Chip-Seq AML-cells Mouse,0.6268345184007192,0.875005781096145,9,SLC6A6;CDKN1A;AP1G2;IL1R1;MARVELD1;PCGF2;PECAM1;CIRBP;AFF1
ChEA_2022,P63 20808887 ChIP-Seq KERATINOCYTES Human,0.6275928274024638,0.875005781096145,9,COL18A1;ECM1;ANXA2;SERPINE1;LENG8;ARHGAP27;CBLN4;KLF4;MAPK4
ChEA_2022,CHD4 35695185 ChIP-Seq nicBasalRootGanglia Mouse Embryo,0.6279886996350142,0.875005781096145,12,SLC6A6;ZFAND4;ZBTB16;PCGF2;NBEAL2;SGK3;ARHGAP27;JADE2;HIF3A;SPACA6;FKBP5;TNS1
ChEA_2022,SMAD4 21741376 ChIP-Seq EPCs Human,0.6313726103574865,0.8780025362783797,9,ITIH5;ABCA1;NET1;PCGF2;IDH2;MYOF;FLNB;ISM1;NBL1
ChEA_2022,GATA1 22383799 ChIP-Seq G1ME Mouse,0.6336310057874416,0.8786163948395981,9,PLK5;AP1G2;LAMB2;TNIP2;NOS3;SERPINE1;CIRBP;PLA2G3;TGM2
ChEA_2022,PPARD 23208498 ChIP-Seq MDA-MB-231 Human,0.6345097036249733,0.8786163948395981,2,FLNB;ISM1
ChEA_2022,RUNX1 17652178 ChIP-ChIP JURKAT Human,0.6358137972904283,0.8786163948395981,4,NET1;RBM3;SERPINE1;IGFBP7
ChEA_2022,CRX 20693478 ChIP-Seq ADULT RETINA Mouse,0.6376097253269088,0.8786163948395981,3,MRC2;WDR6;HIF3A
ChEA_2022,NR3C1 23031785 ChIP-Seq PC12 Mouse,0.6422802647627981,0.8786163948395981,4,CDKN1A;ZBTB16;ATP10A;MYH11
ChEA_2022,RUNX2 24655370 ChIP-Seq MC3T3E1 Mouse Bone,0.6437032456219006,0.8786163948395981,25,NOTCH2;TRUB1;ZFAND4;SERPINE1;SLC2A1;ATP10A;TSKU;AFF1;MRC2;FLNA;IGFBP7;ANXA2;CHPF2;ANXA3;PCGF2;IDH2;NBEAL2;KLF4;NET1;TGFBR3;SLC6A6;TNIP2;TCEA2;AGRP;SUGP1
ChEA_2022,POU2F1 35413990 ChIP-Seq Human ARposCRProstateCancer,0.64441932243084,0.8786163948395981,4,GABRR2;ANXA2;TNS2;AFF1
ChEA_2022,SMAD3 21741376 ChIP-Seq EPCs Human,0.6474585841529749,0.8786163948395981,7,ABCA1;MYOF;FLNB;IGFBP7;ISM1;BMP7;MFSD2A
ChEA_2022,NFE2 27457419 Chip-Seq LIVER Mouse,0.6476124375243859,0.8786163948395981,4,IL1R1;SGK3;QSOX1;TNS1
ChEA_2022,AR 35650195 ChIP-Seq DSRCT Human Mesenchymal Sarcoma,0.6480330266012214,0.8786163948395981,5,AP1G2;ADGRF5;MYH11;ADCY6;TNS2
ChEA_2022,REST 19997604 ChIP-ChIP NEURONS Mouse,0.648059128181801,0.8786163948395981,6,NOTCH2;RBM3;LAMB2;CIRBP;SLC16A11;TGM2
ChEA_2022,MAF 26560356 Chip-Seq TH2 Human,0.6492366162551054,0.8786163948395981,9,NOTCH2;SULT1A1;ANXA2;TTLL3;AP1G2;SLC2A1;CIRBP;ATP10A;NBL1
ChEA_2022,PAX3-FKHR 20663909 ChIP-Seq RHABDOMYOSARCOMA Human,0.6499432373076484,0.8786163948395981,5,TGFBR3;FLNB;QSOX1;KLF4;BMP7
ChEA_2022,ATF3 27146783 Chip-Seq COLON Human,0.6499707217009681,0.8786163948395981,9,NOTCH2;CDKN1A;ANXA3;NOS3;CIRBP;FLNB;KLF4;PKD1;FKBP5
ChEA_2022,TCFAP2C 20176728 ChIP-ChIP TROPHOBLAST STEM CELLS Mouse,0.6512348425375908,0.8786163948395981,11,COL18A1;ANXA2;COL4A2;LAMB2;NPY;PCGF2;IDH2;SLC2A1;CIRBP;AGRP;TGM2
ChEA_2022,GTF3C2 35216376 ChIP-Seq H9 Human BoneMarrow Lymphoma,0.6515582253866683,0.8786163948395981,7,ABCA1;MYCL;FLNB;JADE2;CBLN4;KLF4;ICAM1
ChEA_2022,KAP1 27257070 Chip-Seq ESCs Mouse,0.6569274792345611,0.884182164867689,8,MARVELD1;ZBTB16;SERPINE1;SLC2A1;FLNB;QSOX1;TGM2;B4GALNT4
ChEA_2022,FOXA1 21915096 ChIP-Seq LNCaP-1F5 Human,0.6594378359997749,0.8858863004374334,9,PTPRB;ANXA2;SLC2A1;NGB;ATP10A;FLNB;QSOX1;BMP7;FKBP5
ChEA_2022,SOX9 26525672 Chip-Seq HEART Mouse,0.6692675461420792,0.8973982916255374,7,ITIH5;NET1;NOTCH2;ELN;MYOF;LBP;TGM2
ChEA_2022,TAF15 26573619 Chip-Seq HEK293 Human,0.6732334832030312,0.901019248196538,1,PTPRB
ChEA_2022,SOX2 30713093 ChIP-Seq Epithelial Human Tongue SCC,0.6750982616623552,0.9018198167046846,5,ANXA2;MYOF;UFD1;AFF1;IER3
ChEA_2022,FOXA1 26457646 ChIP-Seq LHSAR Human ProstateCancer,0.6775603199254766,0.9034137599006354,11,NOTCH2;ZFAND4;EVA1C;IDH2;LENG8;UFD1;FLNB;SGK3;KLF4;AFF1;FKBP5
ChEA_2022,MYB 21317192 ChIP-Seq ERMYB Mouse,0.6805036129657247,0.903952560506709,4,PECAM1;FLNA;FKBP5;IER3
ChEA_2022,TBX3 20139965 ChIP-Seq ESCs Mouse,0.6805036129657247,0.903952560506709,4,COL18A1;IGFBP7;KLF4;ACACB
ChEA_2022,LMO2 20887958 ChIP-Seq HPC-7 Mouse,0.6833495153871454,0.90452661698017,7,DOCK6;TGFBR3;IL1R1;NOS3;ATP10A;ADCY6;MAPK4
ChEA_2022,TBX3 20139965 ChIP-Seq MESCs Mouse,0.6834765729428812,0.90452661698017,4,COL18A1;IGFBP7;KLF4;ACACB
ChEA_2022,CIITA 25753668 ChIP-Seq RAJI Human,0.684857246186697,0.9046722806770467,2,CIRBP;AFF1
ChEA_2022,SOX6 21985497 ChIP-Seq MYOTUBES Mouse,0.6888626302333698,0.906815220694488,8,COL18A1;PTPRB;PLK5;IL1R1;SLC16A11;SGK3;QSOX1;TNS1
ChEA_2022,SMARCD1 25818293 ChIP-Seq ESCs Mouse,0.6890267337018511,0.906815220694488,9,MRC2;GJB6;MYOF;PECAM1;ATP10A;FLNB;ARHGAP27;KLF4;ACACB
ChEA_2022,SOX2 18358816 ChIP-ChIP MESCs Mouse,0.6926144479268092,0.909070882348243,3,CBX7;COL4A2;MAPK4
ChEA_2022,NANOG 18700969 ChIP-ChIP MESCs Mouse,0.6943592047169967,0.909070882348243,1,COL18A1
ChEA_2022,FOXM1 25889361 ChIP-Seq OE33 AND U2OS Human,0.6970977526915236,0.909070882348243,4,NET1;PCGF2;SGK3;OSMR
ChEA_2022,OCT4 21477851 ChIP-Seq ESCs Mouse,0.6981519805031986,0.909070882348243,8,COL18A1;PTPRB;IL1R1;PECAM1;PLA2G3;SGK3;QSOX1;TNS1
ChEA_2022,HNF1A 27111144 ChIP-Seq CD8+TCells Mouse Blood Lymphoma,0.6996837919658822,0.909070882348243,17,NOTCH2;CBX7;CDKN1A;SLC2A1;CIRBP;LENG8;KLF4;BMP7;ACACB;ICAM1;SLC6A6;TNIP2;WDR6;SUSD6;SPACA6;FKBP5;SUGP1
ChEA_2022,GATA2 22383799 ChIP-Seq G1ME Mouse,0.7016786343903122,0.909070882348243,8,ITIH5;NOTCH2;VWF;NOS3;DZIP1L;SLC2A4;PRODH;ACACB
ChEA_2022,CTBP2 25329375 ChIP-Seq LNCAP Human,0.7028077958300513,0.909070882348243,4,SMOC1;CBLN4;ARHGEF5;TGM2
ChEA_2022,POU5F1 26923725 Chip-Seq MESODERM Mouse,0.7033636899010005,0.909070882348243,2,LAMC3;CBLN4
ChEA_2022,TEAD4 26923725 Chip-Seq HEMANGIOBLAST Mouse,0.7033636899010005,0.909070882348243,2,LAMC3;CBLN4
ChEA_2022,SCL 19346495 ChIP-Seq HPC-7 Human,0.7035085058621936,0.909070882348243,1,SLC6A6
ChEA_2022,PHOX2B 30127528 ChIP-Seq BE2C Human Brain Neuroblastoma,0.7065719153293454,0.9108627212627487,4,NET1;GRK3;AFF1;FKBP5
ChEA_2022,STAT1 17558387 ChIP-Seq HELA Human,0.707453770868399,0.9108627212627487,7,ITIH5;ANXA2;MYH11;SLC2A4;TSKU;ARHGEF5;ICAM1
ChEA_2022,CBX2 27304074 Chip-Seq ESCs Mouse,0.7119669611679563,0.9147944925860405,3,COL4A2;NKX2-4;BMP7
ChEA_2022,SREBP2 21459322 ChIP-Seq LIVER Mouse,0.7130771676759164,0.9147944925860405,4,DOCK6;COL18A1;COL4A2;PKD1
ChEA_2022,ETV2 25802403 ChIP-Seq MESCs Mouse,0.7158332138416947,0.9166785040562709,4,TTLL3;SMOC1;STON1;QSOX1
ChEA_2022,MYC 28411283 ChIP-Seq MDA231-LM2-4175 Human BreastCancer,0.7181157568093104,0.9179504826718654,13,LAMB2;SERPINE1;KMT2B;LENG8;JADE2;SLC2A4;KLF4;TSKU;RBM3;MARVELD1;WDR6;FKBP5;MFSD2A
ChEA_2022,SMAD3 21741376 ChIP-Seq ESCs Human,0.722292911254156,0.9199926823078266,8,ITIH5;VWF;NPY;NDN;KCNA5;ISM1;BMP7;B4GALNT4
ChEA_2022,CREB1 20920259 ChIP-Seq GC1-SPG Mouse,0.7236509367838293,0.9199926823078266,13,NOTCH2;TRUB1;CDKN1A;MYOF;SLC2A1;CIRBP;LENG8;BMP7;ACACB;SLC6A6;TNIP2;FLNB;B4GALNT4
ChEA_2022,GATA3 21867929 ChIP-Seq TH1 Mouse,0.7240284921425686,0.9199926823078266,7,DOCK6;IDH2;MYOF;DZIP1L;OSMR;KLF4;ARHGEF5
ChEA_2022,CEBPB 26923725 Chip-Seq MESODERM Mouse,0.7248818746835545,0.9199926823078266,4,ANXA2;COL4A2;GJB6;PRODH
ChEA_2022,RAC3 21632823 ChIP-Seq H3396 Human,0.7269670822238711,0.9203887664183572,8,ITIH5;CBX7;COL18A1;VWF;IDH2;IGDCC3;ARHGAP27;KLF4
ChEA_2022,CHD1 19587682 ChIP-ChIP MESCs Mouse,0.7293823951194823,0.9203887664183572,3,RBM3;CBX7;PCGF2
ChEA_2022,KAP1 22055183 ChIP-Seq ESCs Mouse,0.729895553998626,0.9203887664183572,5,SLC6A6;SERPINE1;ATP10A;MYH11;IGFBP7
ChEA_2022,SMAD2/3 21741376 ChIP-Seq EPCs Human,0.7322455649976736,0.9203887664183572,8,ITIH5;ABCA1;ANXA2;ANXA3;MYOF;FLNB;NBL1;BMP7
ChEA_2022,RUNX1 26923725 Chip-Seq HPCs Mouse,0.7323696275670701,0.9203887664183572,3,VWF;ATP10A;PRODH
ChEA_2022,SPI1 22790984 ChIP-Seq ERYTHROLEUKEMIA Mouse,0.7355101686255348,0.9203887664183572,8,TRUB1;AP1G2;CHPF2;CIRBP;ARHGAP27;PKD1;ADCY6;IER3
ChEA_2022,ERA 21632823 ChIP-Seq H3396 Human,0.7368085775033795,0.9203887664183572,8,ANXA3;PECAM1;AGRP;HIF3A;KLF4;NKX2-4;TSKU;PCSK4
ChEA_2022,SMAD3 30307970 ChIP-Seq HCASMC Human CoronaryArtery,0.7384928127623708,0.9203887664183572,9,NOTCH2;TGFBR3;CDKN1A;FLNB;SUSD6;SGK3;ISM1;KLF4;TSKU
ChEA_2022,FOXM1 26100407 CHIP-SEQ Hek293 Flp-In Human,0.7387482193193377,0.9203887664183572,8,SLC6A6;ZBTB16;SMOC1;SLC2A1;KLF4;PKD1;MAPK4;FKBP5
ChEA_2022,SOX2 18692474 ChIP-Seq MESCs Mouse,0.7396759058937095,0.9203887664183572,12,SULT1A1;SLC6A6;CBX7;PER3;COL4A2;IDH2;PECAM1;SLC16A11;PLA2G3;NKX2-4;MAPK4;TGM2
ChEA_2022,TCF4 22108803 ChIP-Seq LS180 Human,0.7400359960034006,0.9203887664183572,8,MRC2;CDKN1A;VWF;MYOF;FLNB;KLF4;AGT;TSKU
ChEA_2022,FOXA1 33576154 ChIP-Seq Human Liver ProstateCancer,0.7407061280305038,0.9203887664183572,10,CDKN1A;EVA1C;TCEA2;LENG8;UFD1;FLNB;SUSD6;SGK3;KLF4;FKBP5
ChEA_2022,FOXM1 23109430 ChIP-Seq U2OS Human,0.7453365156643098,0.9212948641427798,1,PKD1
ChEA_2022,TBX4 33478486 ChIP-Seq IMR90 Human Lung,0.7453365156643098,0.9212948641427798,1,COL18A1
ChEA_2022,SOX2 21211035 ChIP-Seq LN229 Gbm,0.7470200698957941,0.9212948641427798,14,IL1R1;LAMC3;SLC2A1;ATP10A;BMP7;TSKU;PTPRB;SMOC1;FLNB;IGFBP7;FXYD6;CBLN4;FKBP5;TNS1
ChEA_2022,EZH2 27294783 Chip-Seq NPCs Mouse,0.7479051003855712,0.9212948641427798,5,COL18A1;IL1R1;SGK3;QSOX1;TNS1
ChEA_2022,SPI1 22096565 ChIP-ChIP GC-B Mouse,0.7479051003855712,0.9212948641427798,5,PECAM1;ARHGAP27;HIF3A;ICAM1;IER3
ChEA_2022,SMAD4 21741376 ChIP-Seq ESCs Human,0.7501848091837414,0.9225070537803521,8,SMOC1;PCGF2;CIRBP;PKD1;AGT;MAPK4;ICAM1;B4GALNT4
ChEA_2022,TAL1 26923725 Chip-Seq HPCs Mouse,0.756566023517917,0.9287500150771671,7,ABCA1;NET1;ANXA2;VWF;ANXA3;MYOF;LBP
ChEA_2022,CEBPA 23403033 ChIP-Seq LIVER Mouse,0.7601087603182012,0.9314930074811691,2,OSMR;ICAM1
ChEA_2022,ADNP 35650610 ChIP-Seq mESC Mouse Stem Autism,0.7643903170357202,0.9327043736216449,2,ADGRF5;BMP7
ChEA_2022,AR 21915096 ChIP-Seq LNCaP-1F5 Human,0.7648957503457997,0.9327043736216449,8,ABCA1;CDKN1A;ZBTB16;IGDCC3;SGK3;HIF3A;TSKU;FKBP5
ChEA_2022,EKLF 21900194 ChIP-Seq ERYTHROCYTE Mouse,0.7650271828582031,0.9327043736216449,5,IDH2;SLC2A1;WDR6;SLC2A4;AFF1
ChEA_2022,E2F1 26619117 ChIP-Seq Hepatocytes Mouse Liver,0.7686744622305671,0.9355490890737842,14,CDKN1A;ZBTB16;SERPINE1;SLC2A1;ATP10A;PCSK4;ICAM1;NET1;RBM3;SLC6A6;AP1G2;WDR6;FLNB;IER3
ChEA_2022,STAT3 19079543 ChIP-ChIP MESCs Mouse,0.7724115242057884,0.9384931829940638,3,RBM3;PRODH;ICAM1
ChEA_2022,ZFX 18555785 ChIP-Seq MESCs Mouse,0.7761693993373399,0.941452491189414,12,NET1;RBM3;CBX7;LAMB2;TNIP2;CBS;SLC16A11;LENG8;HIF3A;PKD1;TSKU;B4GALNT4
ChEA_2022,TBX2 30127528 ChIP-Seq BE2C Human Brain Neuroblastoma,0.7778180259449223,0.9418476776748039,4,SULT1A1;KMT2B;TCEA2;AFF1
ChEA_2022,TTF2 22483619 ChIP-Seq HELA Human,0.7825160984256946,0.9459277794212132,6,DOCK6;SLC6A6;PTPRB;MARVELD1;STON1;IER3
ChEA_2022,FLI1 26923725 Chip-Seq MACROPHAGESS Mouse,0.7892587982083299,0.9505616167108547,7,ITIH5;ABCA1;CBX7;CBS;GJB6;SLC2A4;KLF4
ChEA_2022,GF1B 26923725 Chip-Seq HPCs Mouse,0.7900535215944847,0.9505616167108547,6,ITIH5;TGFBR3;MYOF;OSMR;PKD1;TNS1
ChEA_2022,ZIC3 20872845 ChIP-ChIP MESCs Mouse,0.7917148553204247,0.9505616167108547,1,TGFBR3
ChEA_2022,ER 23166858 ChIP-Seq MCF-7 Human,0.7917644215173666,0.9505616167108547,3,SERPINE1;CBLN4;BMP7
ChEA_2022,MYCN 18555785 ChIP-Seq MESCs Mouse,0.7930247195593366,0.9505616167108547,8,ABCA1;NOTCH2;AP1G2;TCEA2;LENG8;WDR6;FKBP5;B4GALNT4
ChEA_2022,SFPI1 20887958 ChIP-Seq HPC-7 Mouse,0.796273279709906,0.9518388207578161,9,TRUB1;SLC6A6;ANXA2;CHPF2;MARVELD1;SLC2A1;TCEA2;PKD1;ADCY6
ChEA_2022,TCFCP2L1 18555785 ChIP-Seq MESCs Mouse,0.7967639567017674,0.9518388207578161,7,CDKN1A;AP1G2;SERPINE1;LENG8;HIF3A;MAPK4;B4GALNT4
ChEA_2022,CRX 20693478 ChIP-Seq RETINA Mouse,0.8001603715536211,0.9542951164927608,7,NET1;MRC2;IL1R1;PECAM1;SGK3;QSOX1;TNS1
ChEA_2022,TP53 16413492 ChIP-PET HCT116 Human,0.8040377850007984,0.9560329911569194,1,CDKN1A
ChEA_2022,P300 27058665 Chip-Seq ZR-75-30cells Human,0.8043030360997118,0.9560329911569194,8,ABCA1;TGFBR3;MRC2;SLC2A1;ATP10A;COL9A2;NBL1;MFSD2A
ChEA_2022,JARID1A 20064375 ChIP-Seq MESCs Mouse,0.807440719137206,0.9574887194253885,8,TRUB1;RBM3;LAMB2;CIRBP;LENG8;AGRP;PRODH;PCSK4
ChEA_2022,AR 27623747 ChIP-Seq 22Rv1 Mouse Prostate Carcinoma,0.8082173038969922,0.9574887194253885,14,SLC2A1;PLA2G3;ARHGAP27;HIF3A;KLF4;ACACB;PTPRB;GJB6;EVA1C;PECAM1;TCEA2;WDR6;AGRP;FKBP5
ChEA_2022,CDX2 21402776 ChIP-Seq INTESTINAL-VILLUS Mouse,0.8122522991079482,0.9606704932971081,7,MRC2;COL18A1;PTPRB;IL1R1;SGK3;QSOX1;TNS1
ChEA_2022,PU.1 20513432 ChIP-Seq Bcells Mouse,0.8154522800824968,0.9628557602300791,7,CBX7;MARVELD1;IGDCC3;PECAM1;CIRBP;ACACB;TNS1
ChEA_2022,POU5F1 18358816 ChIP-ChIP MESCs Mouse,0.8276748269735089,0.9750222086669038,2,CBX7;MAPK4
ChEA_2022,ZFP57 27257070 Chip-Seq ESCs Mouse,0.8284949947239842,0.9750222086669038,3,TRUB1;ANXA2;IL1R1
ChEA_2022,FOXO1 32281255 ChIP-Seq Chondrocytes Human Osteoarthritis,0.831670818247256,0.9753593442185825,2,KMT2B;TNS1
ChEA_2022,POU5F1 18347094 ChIP-ChIP MESCs Mouse,0.8332977177535023,0.9753593442185825,7,CBX7;LAMC3;ZBTB16;PECAM1;MAPK4;TGM2;IER3
ChEA_2022,PPARG 23326641 ChIP-Seq C3H10T1-2 Mouse,0.8340285201347962,0.9753593442185825,2,CDKN1A;LENG8
ChEA_2022,DNAJC2 21179169 ChIP-ChIP NT2 Human,0.8379275129942638,0.9753593442185825,3,MRC2;DZIP1L;PRODH
ChEA_2022,SOX2 18692474 ChIP-Seq MEFs Mouse,0.8386214386235141,0.9753593442185825,7,SULT1A1;SLC6A6;CBX7;PER3;COL4A2;PECAM1;TGM2
ChEA_2022,SALL4 18804426 ChIP-ChIP MESCs Mouse,0.8398902925733319,0.9753593442185825,3,NOTCH2;SLC6A6;CBX7
ChEA_2022,GATA4 21415370 ChIP-Seq HL-1 Mouse,0.8404379456283222,0.9753593442185825,6,TGFBR3;ATP10A;SGK3;AFF1;FKBP5;TGM2
ChEA_2022,HTT 18923047 ChIP-ChIP STHdh Human,0.8417420682612907,0.9753593442185825,1,GJB6
ChEA_2022,P53 22127205 ChIP-Seq FIBROBLAST Human,0.8424227271222077,0.9753593442185825,2,SMOC1;SLC2A1
ChEA_2022,SMRT 22465074 ChIP-Seq MACROPHAGES Mouse,0.8452041189996352,0.9753593442185825,7,NOTCH2;CDKN1A;SMOC1;PECAM1;FLNA;ARHGAP27;TGM2
ChEA_2022,NKX2-5 21415370 ChIP-Seq HL-1 Mouse,0.8453578580968294,0.9753593442185825,4,NOTCH2;GABRR2;ANXA2;QSOX1
ChEA_2022,GATA3 26560356 Chip-Seq TH2 Human,0.8465868707386603,0.9753593442185825,7,PTPRB;IDH2;NGB;SLC16A11;PLA2G3;TSKU;ARHGEF5
ChEA_2022,FOXP1 21924763 ChIP-Seq HESCs Human,0.8477201665352913,0.9753593442185825,16,NOTCH2;CBX7;CHPF2;NOS3;ELN;PCGF2;CIRBP;SLC2A4;PKD1;TSKU;SLC6A6;TTLL3;AP1G2;TCEA2;WDR6;ARHGEF5
ChEA_2022,FOXH1 21741376 ChIP-Seq EPCs Human,0.8479598793136273,0.9753593442185825,7,ITIH5;RBM3;ANXA3;MYOF;PLA2G3;NDN;NBL1
ChEA_2022,SPI1 20517297 ChIP-Seq HL60 Human,0.8509544825109554,0.9757685844583596,4,TTLL3;TNIP2;IGDCC3;LENG8
ChEA_2022,CEBPA 26348894 ChIP-Seq LIVER Mouse,0.8529114563554504,0.9757685844583596,7,MYOF;PLIN4;STON1;HIF3A;KLF4;ACACB;ICAM1
ChEA_2022,RARG 19884340 ChIP-ChIP MEFs Mouse,0.8538320028576691,0.9757685844583596,1,NBL1
ChEA_2022,AR 20517297 ChIP-Seq VCAP Human,0.8559953122345758,0.9757685844583596,7,NET1;ANXA2;CHPF2;LAMC3;PCGF2;PECAM1;AGT
ChEA_2022,MYCN 28898695 ChIP-Seq NB1643 Human Nerve Neuroblastoma,0.8566542462845491,0.9757685844583596,10,ABCA1;RBM3;PTPRB;ZFAND4;MARVELD1;CBS;LENG8;SLC2A4;MAPK4;TNS1
ChEA_2022,GRHL2 25758223 ChIP-Seq PLACENTA Mouse,0.8566585114467765,0.9757685844583596,3,SULT1A1;SLC16A11;KCNA5
ChEA_2022,SPI1 20176806 ChIP-Seq THIOMACROPHAGE Mouse,0.857908895886142,0.9757685844583596,5,PCGF2;SERPINE1;QSOX1;ARHGAP27;TSKU
ChEA_2022,GATA3 27048872 Chip-Seq THYMUS Human,0.8615857477601755,0.9771642342094651,7,COL18A1;CDKN1A;SLC16A11;NBEAL2;FLNB;PKD1;FKBP5
ChEA_2022,SMRT 27268052 Chip-Seq Bcells Human,0.8632705025831284,0.9771642342094651,7,CBS;SMOC1;NPY;FLNB;MYH11;ACACB;TNS1
ChEA_2022,THAP11 20581084 ChIP-Seq MESCs Mouse,0.8647147683044026,0.9771642342094651,2,TRUB1;TCEA2
ChEA_2022,FOXA1 27270436 ChIP-Seq LNCaP Human Prostate Carcinoma,0.8653512026684806,0.9771642342094651,8,PTPRB;UFD1;FLNB;SGK3;JADE2;SLC2A4;TNS2;AFF1
ChEA_2022,STAT6 20620947 ChIP-Seq CD4 POS T Human,0.8682698429271787,0.9771642342094651,1,ATP10A
ChEA_2022,RXRA 24833708 ChIP-Seq LIVER Mouse,0.8683405657111773,0.9771642342094651,6,NOTCH2;COL18A1;AP1G2;NGB;PLIN4;PLA2G3
ChEA_2022,PBX1 22567123 ChIP-ChIP OVCAR3 Human,0.8710494757050888,0.9771642342094651,7,ITIH5;ECM1;CDKN1A;IL1R1;PCGF2;DZIP1L;SGK3
ChEA_2022,TBX2 30127528 ChIP-Seq KELLY Human Brain Neuroblastoma,0.8748851099904033,0.9771642342094651,11,NET1;PER3;ZFAND4;IDH2;IGDCC3;CIRBP;TCEA2;SPACA6;ACACB;AFF1;TGM2
ChEA_2022,EST1 17652178 ChIP-ChIP JURKAT Human,0.8771530813149683,0.9771642342094651,2,TRUB1;RBM3
ChEA_2022,PCGF2 27294783 Chip-Seq NPCs Mouse,0.8776006752710784,0.9771642342094651,1,TNS1
ChEA_2022,FOXA1 26769127 Chip-Seq PDAC-Cell Line Human,0.8780849247775558,0.9771642342094651,7,ANXA2;AP1G2;MYOF;TCEA2;FXYD6;OSMR;NBL1
ChEA_2022,SOX3 22085726 ChIP-Seq MUSCLE Mouse,0.878727315961205,0.9771642342094651,6,SLC2A1;NGB;PLIN4;FLNB;SGK3;ARHGEF5
ChEA_2022,CREM 20920259 ChIP-Seq GC1-SPG Mouse,0.8790008881221483,0.9771642342094651,23,NOTCH2;CBX7;CDKN1A;LAMC3;MYOF;CIRBP;LENG8;HIF3A;KLF4;PKD1;AFF1;RBM3;SLC6A6;PER3;TTLL3;TNIP2;TCEA2;SGK3;QSOX1;NKX2-4;FKBP5;TNS1;B4GALNT4
ChEA_2022,MEIS1 26253404 ChIP-Seq OPTIC CUPS Mouse,0.8795282126111542,0.9771642342094651,6,FLNB;IGFBP7;SGK3;OSMR;ACACB;AFF1
ChEA_2022,KDM5A 27292631 Chip-Seq BREAST Human,0.8797222951239707,0.9771642342094651,3,TRUB1;MYOF;TCEA2
ChEA_2022,CCND1 20090754 ChIP-ChIP RETINA Mouse,0.8838553210873901,0.9785049341580155,6,ITIH5;AP1G2;PCGF2;LENG8;SLC2A4;AFF1
ChEA_2022,YY1 22570637 ChIP-Seq MALME-3M Human,0.8842184813482232,0.9785049341580155,3,IGDCC3;KLF4;FKBP5
ChEA_2022,STAT3 29892750 ChIP-Seq EML Mouse BoneMarrow,0.8862756847375183,0.9785049341580155,1,TCEA2
ChEA_2022,GATA3 30127528 ChIP-Seq KELLY Human Brain Neuroblastoma,0.888055006593662,0.9785049341580155,5,CDKN1A;PRODH;ACACB;TSKU;TGM2
ChEA_2022,SALL4 22934838 ChIP-ChIP CD34+ Human,0.8886096825333222,0.9785049341580155,4,PER3;SMOC1;IGFBP7;COL9A2
ChEA_2022,ERG 20887958 ChIP-Seq HPC-7 Mouse,0.8891751297756124,0.9785049341580155,6,TRUB1;CDKN1A;CIRBP;ATP10A;PKD1;ADCY6
ChEA_2022,SOX2 18555785 ChIP-Seq MESCs Mouse,0.891051565023424,0.9790566578652437,1,COL4A2
ChEA_2022,ESRRB 18555785 ChIP-Seq MESCs Mouse,0.8944963066769657,0.980255415050437,4,CBX7;COL18A1;LAMC3;LENG8
ChEA_2022,JUND 26020271 ChIP-Seq HCASMC Human CoronaryArtery,0.8948960952005394,0.980255415050437,2,UFD1;KLF4
ChEA_2022,CTNNB1 20615089 ChIP-ChIP FETAL BRAIN Human,0.898157704178764,0.9823168746164055,1,ARHGEF5
ChEA_2022,VDR 20736230 ChIP-Seq LYMPHOBLASTOID Human,0.9012339160112738,0.9841695524540289,1,ICAM1
ChEA_2022,EWS 26573619 Chip-Seq HEK293 Human,0.9079974204551845,0.9900370036203542,2,RBM3;CBS
ChEA_2022,SMAD4 21799915 ChIP-Seq A2780 Human,0.9136480104272399,0.9932046243987682,9,GABRR2;NPY;ATP10A;FLNB;IGFBP7;SGK3;QSOX1;CBLN4;TNS1
ChEA_2022,REST 21632747 ChIP-Seq MESCs Mouse,0.9136924564342601,0.9932046243987682,7,COL18A1;COL4A2;NOS3;FXYD6;COL9A2;CBLN4;AFF1
ChEA_2022,E2F4 21247883 ChIP-Seq LYMPHOBLASTOID Human,0.927381387193593,0.9947814359459021,10,NET1;SULT1A1;TGFBR3;TRUB1;ANXA2;IDH2;NGB;ATP10A;SLC2A4;TSKU
ChEA_2022,FOXA1 26743006 Chip-Seq LNCaP-abl Human,0.9305085314429808,0.9947814359459021,6,NET1;PTPRB;IL1R1;CHPF2;IDH2;BMP7
ChEA_2022,MAF 26560356 Chip-Seq TH1 Human,0.9332136677016482,0.9947814359459021,6,MRC2;ANXA2;ANXA3;SLC2A1;COL9A2;AFF1
ChEA_2022,YY1 33199912 ChIP-Seq 293T Human KidneyEmbryo,0.9337228797907569,0.9947814359459021,16,NOTCH2;TRUB1;ZFAND4;CHPF2;ZBTB16;KMT2B;LENG8;NBEAL2;ISM1;NET1;MARVELD1;SMOC1;WDR6;UFD1;NKX2-4;SUGP1
ChEA_2022,CTCF 21964334 ChIP-Seq BJAB-B Human,0.9348869184612374,0.9947814359459021,6,ABCA1;ECM1;GJB6;CIRBP;COL9A2;ICAM1
ChEA_2022,TCF3 18692474 ChIP-Seq MESCs Mouse,0.9364621138099556,0.9947814359459021,3,TGFBR3;ZBTB16;MAPK4
ChEA_2022,FOXP3 21729870 ChIP-Seq TREG Human,0.9371642591390636,0.9947814359459021,4,TTLL3;LENG8;QSOX1;AFF1
ChEA_2022,IRF8 22096565 ChIP-ChIP GC-B Mouse,0.9403420112759014,0.9947814359459021,1,PECAM1
ChEA_2022,PHOX2B 30127528 ChIP-Seq KELLY Human BrainNeuroblastoma,0.9411134141599119,0.9947814359459021,7,NET1;GRK3;ADGRF5;IGDCC3;AFF1;FKBP5;TGM2
ChEA_2022,SOX9 26525672 Chip-Seq Limbbuds Mouse,0.9411650450416932,0.9947814359459021,3,PTPRB;PCGF2;TNS1
ChEA_2022,SRF 21415370 ChIP-Seq HL-1 Mouse,0.9432659366101884,0.9947814359459021,3,WDR6;ATP10A;AFF1
ChEA_2022,TBX2 35687133 ChIP-Seq MCF-7 Human BreastCancer,0.9444195909353388,0.9947814359459021,2,CDKN1A;QSOX1
ChEA_2022,FOXM1 26456572 ChIP-Seq MCF-7 Human BreastCancer,0.9456099492220633,0.9947814359459021,1,SUGP1
ChEA_2022,OLIG2 29049317 ChIP-Seq Mouse SpinalCord,0.9461895455370084,0.9947814359459021,5,TNIP2;KMT2B;CIRBP;PLA2G3;HIF3A
ChEA_2022,GFI1B 20887958 ChIP-Seq HPC-7 Mouse,0.9468203057675032,0.9947814359459021,5,NOTCH2;CDKN1A;NOS3;ATP10A;AFF1
ChEA_2022,ETS1 21867929 ChIP-Seq TH2 Mouse,0.9484701719476386,0.9947814359459021,5,NOS3;CIRBP;PCSK4;AFF1;TNS1
ChEA_2022,JUN 26020271 ChIP-Seq HCASMC Human CoronaryArtery,0.9519227769364956,0.9947814359459021,1,KLF4
ChEA_2022,TP53 22573176 ChIP-Seq HFKS Human,0.9523355351205491,0.9947814359459021,3,VWF;CHPF2;IGFBP7
ChEA_2022,MYC 18358816 ChIP-ChIP MESCs Mouse,0.9548360796503611,0.9947814359459021,9,TRUB1;RBM3;CBX7;AP1G2;TNIP2;PCGF2;HIF3A;PRODH;ICAM1
ChEA_2022,SOX2 16153702 ChIP-ChIP HESCs Human,0.9549976715317856,0.9947814359459021,2,LBP;BMP7
ChEA_2022,NANOG 16153702 ChIP-ChIP HESCs Human,0.9561467371210879,0.9947814359459021,3,WDR6;LBP;BMP7
ChEA_2022,XRN2 22483619 ChIP-Seq HELA Human,0.9562507572566685,0.9947814359459021,4,CBS;DZIP1L;CIRBP;WDR6
ChEA_2022,MYC 20876797 ChIP-ChIP MEDULLOBLASTOMA Human,0.9616979188997218,0.9947814359459021,3,TGFBR3;TTLL3;ACACB
ChEA_2022,ETS1 20019798 ChIP-Seq JURKAT Human,0.9625387331676561,0.9947814359459021,4,TRUB1;NOS3;TCEA2;LENG8
ChEA_2022,CREB1 23762244 ChIP-Seq HIPPOCAMPUS Rat,0.9630049761110986,0.9947814359459021,7,TRUB1;RBM3;CDKN1A;CIRBP;WDR6;KLF4;B4GALNT4
ChEA_2022,RCOR1 19997604 ChIP-ChIP NEURONS Mouse,0.9632831530903792,0.9947814359459021,3,SMOC1;DZIP1L;LENG8
ChEA_2022,FOXA1 25329375 ChIP-Seq VCAP Human,0.9651223165149226,0.9947814359459021,5,DZIP1L;STON1;FXYD6;ARHGAP27;NBL1
ChEA_2022,FOXA1 27270436 Chip-Seq PROSTATE Human,0.9651223165149226,0.9947814359459021,5,DZIP1L;STON1;FXYD6;ARHGAP27;NBL1
ChEA_2022,SOX2 19829295 ChIP-Seq ESCs Human,0.9656900169023602,0.9947814359459021,5,ITIH5;NDN;LENG8;FLNB;MAPK4
ChEA_2022,NANOG 19829295 ChIP-Seq ESCs Human,0.9656900169023602,0.9947814359459021,5,ITIH5;NDN;LENG8;FLNB;MAPK4
ChEA_2022,VDR 23849224 ChIP-Seq CD4+ Human,0.9660792201303432,0.9947814359459021,6,NOTCH2;TRUB1;CHPF2;TNIP2;CIRBP;AFF1
ChEA_2022,ERG 20517297 ChIP-Seq VCAP Human,0.9663979601282656,0.9947814359459021,2,LENG8;OSMR
ChEA_2022,PADI4 21655091 ChIP-ChIP MCF-7 Human,0.9670970517800118,0.9947814359459021,2,NOTCH2;BMP7
ChEA_2022,ZBTB16 27035670 ChIP-Seq hESC Human Endometrial,0.9678319096427915,0.9947814359459021,1,WDR6
ChEA_2022,KLF4 25985364 ChIP-Seq ATHEROSCLEROSIS LESION Mouse,0.9684538351518449,0.9947814359459021,2,PLIN4;SLC2A4
ChEA_2022,PRDM5 23873026 ChIP-Seq MEFs Mouse,0.9697571153672074,0.9947814359459021,2,RBM3;FLNA
ChEA_2022,NR3C1 21868756 ChIP-Seq MCF10A Human,0.9719150249800879,0.9947814359459021,2,CBS;SLC2A1
ChEA_2022,VDR 33458620 ChIP-Seq PrimaryEpithelial Human Prostate,0.9722524520785972,0.9947814359459021,3,ANXA2;AP1G2;CHPF2
ChEA_2022,MYC 18940864 ChIP-ChIP HL60 Human,0.9722768486185981,0.9947814359459021,1,PCGF2
ChEA_2022,WDR5 24793694 ChIP-Seq LNCAP Human,0.9731231789414339,0.9947814359459021,1,IL1R1
ChEA_2022,YY1 23942234 ChIP-Seq MYOBLASTS AND MYOTUBES Mouse,0.9746728026989833,0.9947814359459021,3,NOTCH2;CIRBP;TNS1
ChEA_2022,E2F4 17652178 ChIP-ChIP JURKAT Human,0.9756629602258192,0.9947814359459021,1,CDKN1A
ChEA_2022,TCF3 18692474 ChIP-Seq MEFs Mouse,0.9761119512006176,0.9947814359459021,1,TGFBR3
ChEA_2022,GABP 17652178 ChIP-ChIP JURKAT Human,0.9769854328140614,0.9947814359459021,1,RBM3
ChEA_2022,POU2F1 27270436 ChIP-Seq VCaP Human Prostate Carcinoma,0.9780154566883869,0.9947814359459021,2,COL18A1;FLNB
ChEA_2022,ELK1 19687146 ChIP-ChIP HELA Human,0.9854765962074302,0.9990486760284998,1,RBM3
ChEA_2022,P300 19829295 ChIP-Seq ESCs Human,0.9885625603594599,0.9990486760284998,4,ABCA1;SLC6A6;ANXA3;NPY
ChEA_2022,DACH1 20351289 ChIP-Seq MDA-MB-231 Human,0.9887639382196963,0.9990486760284998,3,PCGF2;LENG8;SLC2A4
ChEA_2022,MYC 22102868 ChIP-Seq CA46 Human Blood BurkittsLymphoma,0.9889177445358031,0.9990486760284998,7,DOCK6;RBM3;WDR6;NBEAL2;JADE2;BMP7;ICAM1
ChEA_2022,CDH4 35650610 ChIP-Seq mESC Mouse Stem Autism,0.9913518614671689,0.9990486760284998,1,BMP7
ChEA_2022,HOXB13 26457646 ChIP-Seq LNCaP Human Prostate Carcinoma,0.9927399512541804,0.9990486760284998,3,ITIH5;PTPRB;FLNB
ChEA_2022,EWS-ERG 20517297 ChIP-Seq CADO-ES1 Human,0.9939118387204363,0.9990486760284998,1,GABRR2
ChEA_2022,KDM5B 21448134 ChIP-Seq MESCs Mouse,0.9963022259080792,0.9990486760284998,9,DOCK6;SLC6A6;GABRR2;COL4A2;AP1G2;PCGF2;SLC2A1;FLNB;AFF1
ChEA_2022,FOXA1 21572438 ChIP-Seq LNCaP Human,0.9967442034392282,0.9990486760284998,3,CBX7;ZBTB16;DZIP1L
ChEA_2022,GABP 19822575 ChIP-Seq HepG2 Human,0.9973524229005357,0.9990486760284998,5,AP1G2;SLC2A1;CIRBP;TCEA2;LENG8
ChEA_2022,HOXC9 25013753 ChIP-Seq NEUROBLASTOMA BE2-C Human,0.9976455177756507,0.9990486760284998,3,TRUB1;CIRBP;IER3
ChEA_2022,POU3F2 20337985 ChIP-ChIP 501MEL Human,0.9997257317752032,0.9997257317752032,1,FKBP5
TRRUST_Transcription_Factors_2019,SP1 mouse,5.436725549426083e-13,1.2015163464231644e-10,17,ABCA1;ECM1;CDKN1A;NOS3;SERPINE1;SLC2A1;NGB;CIRBP;KCNA5;SLC2A4;BMP7;PKD1;AGT;ICAM1;SULT1A1;MYH11;ABCB1A
TRRUST_Transcription_Factors_2019,PPARG human,4.7707338996506236e-05,0.004956486445456228,5,CDKN1A;SERPINE1;SLC2A4;KLF4;ICAM1
TRRUST_Transcription_Factors_2019,TRP53 mouse,6.72826214315325e-05,0.004956486445456228,7,SLC6A6;CDKN1A;SERPINE1;SLC2A4;KLF4;PKD1;AGT
TRRUST_Transcription_Factors_2019,MECP2 mouse,0.00011142037266707625,0.006155975589855963,3,PRODH;AFF1;FKBP5
TRRUST_Transcription_Factors_2019,NFKB1 mouse,0.00020644703689154595,0.009124959030606332,7,CDKN1A;NOS3;SLC2A1;NGB;SLC2A4;PRODH;AGT
TRRUST_Transcription_Factors_2019,REL human,0.0002984603802457304,0.010993290672384404,3,CDKN1A;ICAM1;IER3
TRRUST_Transcription_Factors_2019,HDAC4 human,0.0003888450922071388,0.012041288599035471,3,CDKN1A;SLC2A4;KLF4
TRRUST_Transcription_Factors_2019,RELA human,0.00046940082041211625,0.012041288599035471,8,ABCA1;CDKN1A;VWF;NOS3;SERPINE1;AGT;ICAM1;IER3
TRRUST_Transcription_Factors_2019,NFKB1 human,0.0004903692189652454,0.012041288599035471,8,ABCA1;CDKN1A;VWF;NOS3;SERPINE1;AGT;ICAM1;IER3
TRRUST_Transcription_Factors_2019,HDAC2 human,0.0005546203099077218,0.012257108848960653,3,CDKN1A;KLF4;BMP7
TRRUST_Transcription_Factors_2019,KLF10 human,0.0007351013872530761,0.012691772941681941,2,CDKN1A;SERPINE1
TRRUST_Transcription_Factors_2019,NR3C2 mouse,0.0007351013872530761,0.012691772941681941,2,TNS1;FKBP5
TRRUST_Transcription_Factors_2019,RELA mouse,0.000816737857137821,0.012691772941681941,5,PECAM1;NGB;SLC2A4;AGT;ICAM1
TRRUST_Transcription_Factors_2019,HDAC1 human,0.0008783137713623829,0.012691772941681941,4,CDKN1A;NOS3;KLF4;ICAM1
TRRUST_Transcription_Factors_2019,ETS2 human,0.0009201689193737392,0.012691772941681941,3,CDKN1A;VWF;ICAM1
TRRUST_Transcription_Factors_2019,FOXG1 mouse,0.0009762902262832263,0.012691772941681941,2,CDKN1A;SERPINE1
TRRUST_Transcription_Factors_2019,HDAC5 human,0.0009762902262832263,0.012691772941681941,2,SLC2A1;SLC2A4
TRRUST_Transcription_Factors_2019,TFAP2C human,0.0015567588670392114,0.017202185480783286,2,ECM1;CDKN1A
TRRUST_Transcription_Factors_2019,GFI1 mouse,0.0015567588670392114,0.017202185480783286,2,CDKN1A;ZBTB16
TRRUST_Transcription_Factors_2019,HDAC2 mouse,0.0015567588670392114,0.017202185480783286,2,CDKN1A;BMP7
TRRUST_Transcription_Factors_2019,TFAP2C mouse,0.0018952501590271003,0.019038649324772235,2,CDKN1A;KLF4
TRRUST_Transcription_Factors_2019,KLF2 human,0.0018952501590271003,0.019038649324772235,2,CDKN1A;NOS3
TRRUST_Transcription_Factors_2019,JUN human,0.0020576318578263636,0.01977115828607071,5,CDKN1A;NOS3;ELN;NPY;LBP
TRRUST_Transcription_Factors_2019,SP1 human,0.0021818125474340746,0.020090857207622104,9,ABCA1;COL18A1;CDKN1A;NOS3;CBS;NPY;SERPINE1;AGT;ICAM1
TRRUST_Transcription_Factors_2019,TP63 human,0.0035618909009462376,0.03027607265804302,2,CDKN1A;KLF4
TRRUST_Transcription_Factors_2019,CLOCK mouse,0.0035618909009462376,0.03027607265804302,2,VWF;SERPINE1
TRRUST_Transcription_Factors_2019,SP3 human,0.004800828940059986,0.03929567391678729,4,ABCA1;CDKN1A;CBS;NOS3
TRRUST_Transcription_Factors_2019,FOXA2 human,0.005129574273968294,0.039439315621312795,2,ABCA1;COL18A1
TRRUST_Transcription_Factors_2019,ESR2 human,0.005710670135212713,0.039439315621312795,2,CDKN1A;SERPINE1
TRRUST_Transcription_Factors_2019,GATA2 human,0.005710670135212713,0.039439315621312795,2,NOS3;PECAM1
TRRUST_Transcription_Factors_2019,KLF4 mouse,0.005710670135212713,0.039439315621312795,2,SERPINE1;AGRP
TRRUST_Transcription_Factors_2019,NR0B2 mouse,0.005710670135212713,0.039439315621312795,2,CDKN1A;SERPINE1
TRRUST_Transcription_Factors_2019,USF1 human,0.007020843526379139,0.047018376343326965,3,ABCA1;SERPINE1;AGT
TRRUST_Transcription_Factors_2019,ATM human,0.007624490817309644,0.049559190312512685,2,CDKN1A;SLC2A1
TRRUST_Transcription_Factors_2019,SOX9 human,0.008318089523884872,0.0525227938508159,2,CDKN1A;KLF4
TRRUST_Transcription_Factors_2019,EGR1 mouse,0.008951542240453124,0.05256852837800836,3,SERPINE1;NGB;ICAM1
TRRUST_Transcription_Factors_2019,CEBPA mouse,0.009038932481286505,0.05256852837800836,2,ZBTB16;SLC2A4
TRRUST_Transcription_Factors_2019,SMAD1 mouse,0.009038932481286505,0.05256852837800836,2,CDKN1A;COL4A2
TRRUST_Transcription_Factors_2019,PARP1 human,0.009786673417704839,0.055457816033660755,2,CDKN1A;SERPINE1
TRRUST_Transcription_Factors_2019,RARA human,0.01056096917746494,0.05692619971267688,2,CDKN1A;ICAM1
TRRUST_Transcription_Factors_2019,SMAD4 human,0.01056096917746494,0.05692619971267688,2,CDKN1A;SERPINE1
TRRUST_Transcription_Factors_2019,ERG human,0.01136147969386659,0.058392721217314335,2,VWF;ICAM1
TRRUST_Transcription_Factors_2019,NFIC human,0.01136147969386659,0.058392721217314335,2,COL18A1;VWF
TRRUST_Transcription_Factors_2019,ESR1 mouse,0.013039800013428273,0.06549535915835564,2,CDKN1A;SLC2A4
TRRUST_Transcription_Factors_2019,STAT1 human,0.014109963065177065,0.06929559638675847,3,CDKN1A;IL1R1;ICAM1
TRRUST_Transcription_Factors_2019,HSF1 human,0.0148189746972591,0.06968071081051619,2,CDKN1A;SERPINE1
TRRUST_Transcription_Factors_2019,SMAD3 human,0.0148189746972591,0.06968071081051619,2,CDKN1A;SERPINE1
TRRUST_Transcription_Factors_2019,ATF2 human,0.015745564393726666,0.07101570879619579,2,CDKN1A;NOS3
TRRUST_Transcription_Factors_2019,CDX2 human,0.015745564393726666,0.07101570879619579,2,CDKN1A;KLF4
TRRUST_Transcription_Factors_2019,TP53 human,0.017178442951997577,0.07592871784782929,4,SLC6A6;CDKN1A;SLC2A1;IER3
TRRUST_Transcription_Factors_2019,SREBF1 mouse,0.019691125277368826,0.0853282095352649,2,CDKN1A;SLC2A4
TRRUST_Transcription_Factors_2019,MYC human,0.022355620001407114,0.09501138500598023,3,CDKN1A;PRODH;IER3
TRRUST_Transcription_Factors_2019,CEBPB mouse,0.026292837602598245,0.10963617189007947,2,CDKN1A;SERPINE1
TRRUST_Transcription_Factors_2019,SIRT1 human,0.033657118017896843,0.1214516111653808,2,CDKN1A;ICAM1
TRRUST_Transcription_Factors_2019,FOXO1 mouse,0.034954271315504326,0.1214516111653808,2,CDKN1A;NOS3
TRRUST_Transcription_Factors_2019,AATF mouse,0.03546846602792507,0.1214516111653808,1,CDKN1A
TRRUST_Transcription_Factors_2019,TCF21 mouse,0.03546846602792507,0.1214516111653808,1,CDKN1A
TRRUST_Transcription_Factors_2019,ARNTL human,0.03546846602792507,0.1214516111653808,1,PER3
TRRUST_Transcription_Factors_2019,TWIST2 mouse,0.03546846602792507,0.1214516111653808,1,CDKN1A
TRRUST_Transcription_Factors_2019,ZFP148 mouse,0.03546846602792507,0.1214516111653808,1,CDKN1A
TRRUST_Transcription_Factors_2019,EHMT2 mouse,0.03546846602792507,0.1214516111653808,1,CDKN1A
TRRUST_Transcription_Factors_2019,GFI1 human,0.03546846602792507,0.1214516111653808,1,CDKN1A
TRRUST_Transcription_Factors_2019,SOX6 human,0.03546846602792507,0.1214516111653808,1,CDKN1A
TRRUST_Transcription_Factors_2019,SPDEF mouse,0.03546846602792507,0.1214516111653808,1,CDKN1A
TRRUST_Transcription_Factors_2019,MYOD1 mouse,0.036270616909118245,0.1214516111653808,2,CDKN1A;ACACB
TRRUST_Transcription_Factors_2019,PPARG mouse,0.036270616909118245,0.1214516111653808,2,SERPINE1;PLIN4
TRRUST_Transcription_Factors_2019,TFAP4 human,0.041257375477039664,0.12490246548528447,1,CDKN1A
TRRUST_Transcription_Factors_2019,YBX1 mouse,0.041257375477039664,0.12490246548528447,1,ABCB1A
TRRUST_Transcription_Factors_2019,DACH1 mouse,0.041257375477039664,0.12490246548528447,1,KLF4
TRRUST_Transcription_Factors_2019,HOXA1 human,0.041257375477039664,0.12490246548528447,1,IER3
TRRUST_Transcription_Factors_2019,ING1 human,0.041257375477039664,0.12490246548528447,1,CDKN1A
TRRUST_Transcription_Factors_2019,MEF2A mouse,0.041257375477039664,0.12490246548528447,1,SLC2A4
TRRUST_Transcription_Factors_2019,NFATC1 human,0.041257375477039664,0.12490246548528447,1,ICAM1
TRRUST_Transcription_Factors_2019,JUN mouse,0.0443545467089488,0.12826684556301546,3,SERPINE1;SLC2A1;ICAM1
TRRUST_Transcription_Factors_2019,BRCA1 mouse,0.04701183027422738,0.12826684556301546,1,CDKN1A
TRRUST_Transcription_Factors_2019,ERCC2 human,0.04701183027422738,0.12826684556301546,1,CDKN1A
TRRUST_Transcription_Factors_2019,ERG mouse,0.04701183027422738,0.12826684556301546,1,VWF
TRRUST_Transcription_Factors_2019,IRF9 human,0.04701183027422738,0.12826684556301546,1,CDKN1A
TRRUST_Transcription_Factors_2019,MTA1 mouse,0.04701183027422738,0.12826684556301546,1,CDKN1A
TRRUST_Transcription_Factors_2019,MYF6 mouse,0.04701183027422738,0.12826684556301546,1,CDKN1A
TRRUST_Transcription_Factors_2019,POU4F1 mouse,0.04701183027422738,0.12826684556301546,1,CDKN1A
TRRUST_Transcription_Factors_2019,ETS1 mouse,0.0489371956422302,0.12948643779569785,2,VWF;NOS3
TRRUST_Transcription_Factors_2019,TBX2 mouse,0.052732033491460654,0.12948643779569785,1,CDKN1A
TRRUST_Transcription_Factors_2019,DNMT3A human,0.052732033491460654,0.12948643779569785,1,CDKN1A
TRRUST_Transcription_Factors_2019,GATA6 human,0.052732033491460654,0.12948643779569785,1,VWF
TRRUST_Transcription_Factors_2019,HIPK2 human,0.052732033491460654,0.12948643779569785,1,CDKN1A
TRRUST_Transcription_Factors_2019,JUNB mouse,0.052732033491460654,0.12948643779569785,1,SERPINE1
TRRUST_Transcription_Factors_2019,NCOA3 mouse,0.052732033491460654,0.12948643779569785,1,KLF4
TRRUST_Transcription_Factors_2019,SMAD7 human,0.052732033491460654,0.12948643779569785,1,CDKN1A
TRRUST_Transcription_Factors_2019,SMARCA4 human,0.052732033491460654,0.12948643779569785,1,CDKN1A
TRRUST_Transcription_Factors_2019,STAT3 human,0.054017581654788614,0.13040827626310855,3,ABCA1;CDKN1A;ICAM1
TRRUST_Transcription_Factors_2019,ABL1 human,0.05841818710428844,0.13040827626310855,1,CDKN1A
TRRUST_Transcription_Factors_2019,TBX3 mouse,0.05841818710428844,0.13040827626310855,1,CDKN1A
TRRUST_Transcription_Factors_2019,TRP63 mouse,0.05841818710428844,0.13040827626310855,1,CDKN1A
TRRUST_Transcription_Factors_2019,EPAS1 human,0.05841818710428844,0.13040827626310855,1,SERPINE1
TRRUST_Transcription_Factors_2019,MYF5 mouse,0.05841818710428844,0.13040827626310855,1,CDKN1A
TRRUST_Transcription_Factors_2019,NFIL3 human,0.05841818710428844,0.13040827626310855,1,VWF
TRRUST_Transcription_Factors_2019,NFIL3 mouse,0.05841818710428844,0.13040827626310855,1,ABCB1A
TRRUST_Transcription_Factors_2019,NR4A1 mouse,0.05841818710428844,0.13040827626310855,1,SERPINE1
TRRUST_Transcription_Factors_2019,FOXP3 human,0.06407049195104964,0.13110721038131454,1,CDKN1A
TRRUST_Transcription_Factors_2019,ID1 mouse,0.06407049195104964,0.13110721038131454,1,CDKN1A
TRRUST_Transcription_Factors_2019,ID2 mouse,0.06407049195104964,0.13110721038131454,1,ZBTB16
TRRUST_Transcription_Factors_2019,KLF5 mouse,0.06407049195104964,0.13110721038131454,1,SERPINE1
TRRUST_Transcription_Factors_2019,LDB1 mouse,0.06407049195104964,0.13110721038131454,1,BMP7
TRRUST_Transcription_Factors_2019,MEF2A human,0.06407049195104964,0.13110721038131454,1,SLC2A4
TRRUST_Transcription_Factors_2019,NCOA1 mouse,0.06407049195104964,0.13110721038131454,1,CDKN1A
TRRUST_Transcription_Factors_2019,NFIC mouse,0.06407049195104964,0.13110721038131454,1,KLF4
TRRUST_Transcription_Factors_2019,NPM1 human,0.06407049195104964,0.13110721038131454,1,CDKN1A
TRRUST_Transcription_Factors_2019,TFAP2A human,0.06788594250792085,0.13308505608427487,2,ECM1;CDKN1A
TRRUST_Transcription_Factors_2019,APC human,0.06968914773080194,0.13308505608427487,1,KLF4
TRRUST_Transcription_Factors_2019,ARNTL mouse,0.06968914773080194,0.13308505608427487,1,VWF
TRRUST_Transcription_Factors_2019,BMI1 mouse,0.06968914773080194,0.13308505608427487,1,CDKN1A
TRRUST_Transcription_Factors_2019,CREB5 human,0.06968914773080194,0.13308505608427487,1,TGFBR3
TRRUST_Transcription_Factors_2019,NR1I2 mouse,0.06968914773080194,0.13308505608427487,1,CDKN1A
TRRUST_Transcription_Factors_2019,SREBF2 mouse,0.06968914773080194,0.13308505608427487,1,CDKN1A
TRRUST_Transcription_Factors_2019,AR mouse,0.07527435298884325,0.13308505608427487,1,FKBP5
TRRUST_Transcription_Factors_2019,ATF4 mouse,0.07527435298884325,0.13308505608427487,1,CDKN1A
TRRUST_Transcription_Factors_2019,TP73 human,0.07527435298884325,0.13308505608427487,1,CDKN1A
TRRUST_Transcription_Factors_2019,CUX1 mouse,0.07527435298884325,0.13308505608427487,1,CDKN1A
TRRUST_Transcription_Factors_2019,E2F3 human,0.07527435298884325,0.13308505608427487,1,CDKN1A
TRRUST_Transcription_Factors_2019,EPAS1 mouse,0.07527435298884325,0.13308505608427487,1,SERPINE1
TRRUST_Transcription_Factors_2019,HDAC7 human,0.07527435298884325,0.13308505608427487,1,CDKN1A
TRRUST_Transcription_Factors_2019,KAT2B human,0.07527435298884325,0.13308505608427487,1,CDKN1A
TRRUST_Transcription_Factors_2019,KLF5 human,0.07527435298884325,0.13308505608427487,1,MYH11
TRRUST_Transcription_Factors_2019,MYBL2 mouse,0.07527435298884325,0.13308505608427487,1,ELN
TRRUST_Transcription_Factors_2019,ESR1 human,0.07638836560652136,0.13398276824635888,2,CDKN1A;SERPINE1
TRRUST_Transcription_Factors_2019,TCF3 human,0.08082630514243107,0.13566320905118154,1,CDKN1A
TRRUST_Transcription_Factors_2019,CLOCK human,0.08082630514243107,0.13566320905118154,1,PER3
TRRUST_Transcription_Factors_2019,EGR2 mouse,0.08082630514243107,0.13566320905118154,1,ZBTB16
TRRUST_Transcription_Factors_2019,MYOG mouse,0.08082630514243107,0.13566320905118154,1,CDKN1A
TRRUST_Transcription_Factors_2019,NFATC1 mouse,0.08082630514243107,0.13566320905118154,1,BMP7
TRRUST_Transcription_Factors_2019,ETS1 human,0.08164346970048482,0.13566320905118154,2,CDKN1A;VWF
TRRUST_Transcription_Factors_2019,STAT3 mouse,0.08164346970048482,0.13566320905118154,2,KLF4;PKD1
TRRUST_Transcription_Factors_2019,TBP human,0.08634520045082864,0.13827745869299368,1,CDKN1A
TRRUST_Transcription_Factors_2019,ING4 human,0.08634520045082864,0.13827745869299368,1,CDKN1A
TRRUST_Transcription_Factors_2019,JUNB human,0.08634520045082864,0.13827745869299368,1,CDKN1A
TRRUST_Transcription_Factors_2019,MLXIPL mouse,0.08634520045082864,0.13827745869299368,1,ACACB
TRRUST_Transcription_Factors_2019,NR4A1 human,0.08634520045082864,0.13827745869299368,1,SERPINE1
TRRUST_Transcription_Factors_2019,HIF1A human,0.08881779939030274,0.14020524046612073,2,SERPINE1;SLC2A1
TRRUST_Transcription_Factors_2019,SP3 mouse,0.08881779939030274,0.14020524046612073,2,CDKN1A;NOS3
TRRUST_Transcription_Factors_2019,BCL6 human,0.09728459993901338,0.1493048374064025,1,CDKN1A
TRRUST_Transcription_Factors_2019,ESR2 mouse,0.09728459993901338,0.1493048374064025,1,SLC2A4
TRRUST_Transcription_Factors_2019,MYB mouse,0.09728459993901338,0.1493048374064025,1,CDKN1A
TRRUST_Transcription_Factors_2019,NR1H3 mouse,0.09728459993901338,0.1493048374064025,1,ABCA1
TRRUST_Transcription_Factors_2019,BCL6 mouse,0.10270549097155077,0.15412126359210293,1,CDKN1A
TRRUST_Transcription_Factors_2019,DDIT3 human,0.10270549097155077,0.15412126359210293,1,NOS3
TRRUST_Transcription_Factors_2019,RBPJ mouse,0.10270549097155077,0.15412126359210293,1,CDKN1A
TRRUST_Transcription_Factors_2019,TRP73 mouse,0.1080940988994387,0.15412126359210293,1,CDKN1A
TRRUST_Transcription_Factors_2019,GATA4 human,0.1080940988994387,0.15412126359210293,1,NOS3
TRRUST_Transcription_Factors_2019,NFKBIA human,0.1080940988994387,0.15412126359210293,1,ICAM1
TRRUST_Transcription_Factors_2019,NR2F2 mouse,0.1080940988994387,0.15412126359210293,1,SLC2A4
TRRUST_Transcription_Factors_2019,PML human,0.1080940988994387,0.15412126359210293,1,CDKN1A
TRRUST_Transcription_Factors_2019,SMAD2 mouse,0.1080940988994387,0.15412126359210293,1,CDKN1A
TRRUST_Transcription_Factors_2019,SMARCA4 mouse,0.1080940988994387,0.15412126359210293,1,CDKN1A
TRRUST_Transcription_Factors_2019,SRF mouse,0.1080940988994387,0.15412126359210293,1,MYH11
TRRUST_Transcription_Factors_2019,ARNT human,0.1134506143347115,0.15476904795043978,1,MFSD2A
TRRUST_Transcription_Factors_2019,VHL human,0.1134506143347115,0.15476904795043978,1,COL4A2
TRRUST_Transcription_Factors_2019,KLF6 human,0.1134506143347115,0.15476904795043978,1,CDKN1A
TRRUST_Transcription_Factors_2019,NFYA human,0.1134506143347115,0.15476904795043978,1,CBS
TRRUST_Transcription_Factors_2019,RB1 mouse,0.1134506143347115,0.15476904795043978,1,CDKN1A
TRRUST_Transcription_Factors_2019,RXRA human,0.1134506143347115,0.15476904795043978,1,ABCA1
TRRUST_Transcription_Factors_2019,SREBF2 human,0.1134506143347115,0.15476904795043978,1,ABCA1
TRRUST_Transcription_Factors_2019,FOXA1 human,0.11877522680649007,0.15908681893475335,1,ABCA1
TRRUST_Transcription_Factors_2019,HIF1A mouse,0.11877522680649007,0.15908681893475335,1,SERPINE1
TRRUST_Transcription_Factors_2019,PAX5 human,0.11877522680649007,0.15908681893475335,1,CDKN1A
TRRUST_Transcription_Factors_2019,AHR human,0.1240681247160871,0.1651750335075617,1,MFSD2A
TRRUST_Transcription_Factors_2019,NOTCH1 mouse,0.12932949536655852,0.17114861362879902,1,CDKN1A
TRRUST_Transcription_Factors_2019,POU5F1 human,0.13455952495519793,0.17700985128034966,1,CDKN1A
TRRUST_Transcription_Factors_2019,TCF4 human,0.13975839859464587,0.17853529531454762,1,KLF4
TRRUST_Transcription_Factors_2019,TWIST2 human,0.13975839859464587,0.17853529531454762,1,ICAM1
TRRUST_Transcription_Factors_2019,CREBBP human,0.13975839859464587,0.17853529531454762,1,CDKN1A
TRRUST_Transcription_Factors_2019,IRF1 mouse,0.13975839859464587,0.17853529531454762,1,CDKN1A
TRRUST_Transcription_Factors_2019,SRF human,0.13975839859464587,0.17853529531454762,1,SERPINE1
TRRUST_Transcription_Factors_2019,SIRT1 mouse,0.14492630036851042,0.18407305966345291,1,ABCB1A
TRRUST_Transcription_Factors_2019,YY1 mouse,0.1500634132130179,0.18736731254280764,1,SERPINE1
TRRUST_Transcription_Factors_2019,POU5F1 mouse,0.1500634132130179,0.18736731254280764,1,CDKN1A
TRRUST_Transcription_Factors_2019,SREBF1 human,0.1500634132130179,0.18736731254280764,1,ACACB
TRRUST_Transcription_Factors_2019,HDAC1 mouse,0.1551699189870583,0.19051417831188824,1,CDKN1A
TRRUST_Transcription_Factors_2019,MITF mouse,0.1551699189870583,0.19051417831188824,1,CDKN1A
TRRUST_Transcription_Factors_2019,REL mouse,0.1551699189870583,0.19051417831188824,1,NGB
TRRUST_Transcription_Factors_2019,TWIST1 mouse,0.160245998558801,0.1945844268214012,1,CDKN1A
TRRUST_Transcription_Factors_2019,SOX9 mouse,0.160245998558801,0.1945844268214012,1,CDKN1A
TRRUST_Transcription_Factors_2019,YBX1 human,0.16529183167220157,0.19852986304106818,1,AGT
TRRUST_Transcription_Factors_2019,RUNX3 human,0.16529183167220157,0.19852986304106818,1,CDKN1A
TRRUST_Transcription_Factors_2019,RB1 human,0.17030759705714973,0.20344853486286535,1,CDKN1A
TRRUST_Transcription_Factors_2019,LEF1 mouse,0.17529347238641987,0.20827880321182146,1,ZBTB16
TRRUST_Transcription_Factors_2019,JUND human,0.18517625828747605,0.218844668885199,1,CDKN1A
TRRUST_Transcription_Factors_2019,TWIST1 human,0.1900735190720357,0.22343748784531856,1,ICAM1
TRRUST_Transcription_Factors_2019,E2F1 human,0.19218505221485133,0.22472432031472034,2,CDKN1A;SERPINE1
TRRUST_Transcription_Factors_2019,STAT6 human,0.19494159009588247,0.2267478495325791,1,IL1R1
TRRUST_Transcription_Factors_2019,MYB human,0.19978064389657788,0.23115980262378907,1,ICAM1
TRRUST_Transcription_Factors_2019,GATA3 human,0.20459085202067742,0.23306483658025623,1,TGFBR3
TRRUST_Transcription_Factors_2019,NR3C1 human,0.20459085202067742,0.23306483658025623,1,CDKN1A
TRRUST_Transcription_Factors_2019,POU2F1 human,0.20459085202067742,0.23306483658025623,1,VWF
TRRUST_Transcription_Factors_2019,PPARA human,0.2093723849514271,0.23728870294495072,1,SERPINE1
TRRUST_Transcription_Factors_2019,EZH2 human,0.21412541218649167,0.23779756830761137,1,CDKN1A
TRRUST_Transcription_Factors_2019,KLF4 human,0.21412541218649167,0.23779756830761137,1,CDKN1A
TRRUST_Transcription_Factors_2019,RUNX1 human,0.21412541218649167,0.23779756830761137,1,KLF4
TRRUST_Transcription_Factors_2019,SMAD4 mouse,0.21412541218649167,0.23779756830761137,1,CDKN1A
TRRUST_Transcription_Factors_2019,VDR human,0.2235466227770364,0.24701901816862523,1,CDKN1A
TRRUST_Transcription_Factors_2019,TCF3 mouse,0.23285582007683034,0.25602555341780847,1,CDKN1A
TRRUST_Transcription_Factors_2019,HNF4A human,0.237468827024396,0.2585251762186774,1,CDKN1A
TRRUST_Transcription_Factors_2019,MYCN human,0.237468827024396,0.2585251762186774,1,CDKN1A
TRRUST_Transcription_Factors_2019,PPARA mouse,0.24205432476369537,0.26222551849400333,1,SERPINE1
TRRUST_Transcription_Factors_2019,USF2 human,0.24661247587538812,0.26586027887054037,1,ABCA1
TRRUST_Transcription_Factors_2019,E2F1 mouse,0.2556473842905439,0.2716253458087029,1,CDKN1A
TRRUST_Transcription_Factors_2019,MYC mouse,0.2556473842905439,0.2716253458087029,1,CDKN1A
TRRUST_Transcription_Factors_2019,SMAD3 mouse,0.2556473842905439,0.2716253458087029,1,SERPINE1
TRRUST_Transcription_Factors_2019,CEBPA human,0.26457483470786863,0.27843351652589987,1,ICAM1
TRRUST_Transcription_Factors_2019,IRF1 human,0.26457483470786863,0.27843351652589987,1,CDKN1A
TRRUST_Transcription_Factors_2019,EP300 human,0.28643161324771776,0.3000065712215433,1,CDKN1A
TRRUST_Transcription_Factors_2019,BRCA1 human,0.29072503860375604,0.30023473612817797,1,CDKN1A
TRRUST_Transcription_Factors_2019,WT1 human,0.29072503860375604,0.30023473612817797,1,CDKN1A
TRRUST_Transcription_Factors_2019,FOS human,0.29072503860375604,0.30023473612817797,1,NPY
TRRUST_Transcription_Factors_2019,CEBPB human,0.3034522066694303,0.3104765633052967,1,CDKN1A
TRRUST_Transcription_Factors_2019,EP300 mouse,0.3034522066694303,0.3104765633052967,1,CDKN1A
TRRUST_Transcription_Factors_2019,CTNNB1 mouse,0.3118109003092281,0.31755856667437515,1,SLC2A1
TRRUST_Transcription_Factors_2019,EGR1 human,0.4118351736792763,0.4175026301977985,1,CDKN1A
TRRUST_Transcription_Factors_2019,CREB1 human,0.41890314585159183,0.4227287453570859,1,NPY
TRRUST_Transcription_Factors_2019,YY1 human,0.4224054806793356,0.42432550559151444,1,VWF
TRRUST_Transcription_Factors_2019,AR human,0.4293474720201916,0.4293474720201916,1,CDKN1A
ENCODE_and_ChEA_Consensus_TFs_from_ChIP-X,SUZ12 CHEA,0.0023997175811236045,0.12337304131341266,20,PLK5;ZBTB16;NGB;SLC16A11;ATP10A;KCNA5;OSMR;BMP7;TGFBR3;MRC2;COL4A2;EVA1C;NPY;IGDCC3;NDN;SGK3;CBLN4;NBL1;NKX2-4;MFSD2A
ENCODE_and_ChEA_Consensus_TFs_from_ChIP-X,EGR1 CHEA,0.002937453364605063,0.12337304131341266,7,SLC6A6;PER3;ZFAND4;MARVELD1;LBP;AFF1;FKBP5
ENCODE_and_ChEA_Consensus_TFs_from_ChIP-X,GATA1 CHEA,0.0234139971957808,0.5228914555405011,10,NOTCH2;COL18A1;COL4A2;IL1R1;NOS3;ZBTB16;IDH2;SLC2A1;AFF1;TGM2
ENCODE_and_ChEA_Consensus_TFs_from_ChIP-X,SMC3 ENCODE,0.024899593120976244,0.5228914555405011,13,ABCA1;ZFAND4;ELN;MYOF;ARHGAP27;JADE2;SLC2A4;MYCL;SMOC1;TCEA2;FLNB;COL9A2;TGM2
ENCODE_and_ChEA_Consensus_TFs_from_ChIP-X,NFE2L2 CHEA,0.04331035824467986,0.7276140185106217,11,MRC2;ECM1;CDKN1A;CHPF2;SERPINE1;IGFBP7;OSMR;KLF4;ACACB;PKD1;TSKU
ENCODE_and_ChEA_Consensus_TFs_from_ChIP-X,EZH2 CHEA,0.05460099591751018,0.7644139428451425,4,TGFBR3;PLK5;COL4A2;ZBTB16
ENCODE_and_ChEA_Consensus_TFs_from_ChIP-X,ESR1 CHEA,0.06560870943457844,0.765567283578019,3,SMOC1;MYOF;BMP7
ENCODE_and_ChEA_Consensus_TFs_from_ChIP-X,KLF4 CHEA,0.07291116986457323,0.765567283578019,10,MYCL;CBX7;CDKN1A;ANXA2;TCEA2;JADE2;PRODH;KLF4;NBL1;MFSD2A
ENCODE_and_ChEA_Consensus_TFs_from_ChIP-X,STAT3 CHEA,0.09067998443496467,0.7819651265317947,3,ATP10A;KLF4;ICAM1
ENCODE_and_ChEA_Consensus_TFs_from_ChIP-X,GATA2 CHEA,0.09309108649188032,0.7819651265317947,8,COL18A1;CDKN1A;IL1R1;NOS3;ZBTB16;SERPINE1;ATP10A;TGM2
ENCODE_and_ChEA_Consensus_TFs_from_ChIP-X,TRIM28 CHEA,0.1323822953136763,0.9999862785415058,3,SMOC1;IGFBP7;BMP7
ENCODE_and_ChEA_Consensus_TFs_from_ChIP-X,EZH2 ENCODE,0.14589116927970905,0.9999862785415058,4,ITIH5;SLC2A4;MAPK4;B4GALNT4
ENCODE_and_ChEA_Consensus_TFs_from_ChIP-X,ZKSCAN1 ENCODE,0.1621844324916145,0.9999862785415058,2,ANXA2;ARHGAP27
ENCODE_and_ChEA_Consensus_TFs_from_ChIP-X,PPARG CHEA,0.21878919434677643,0.9999862785415058,5,CDKN1A;VWF;PECAM1;SLC16A11;ADCY6
ENCODE_and_ChEA_Consensus_TFs_from_ChIP-X,RAD21 ENCODE,0.22797247450397637,0.9999862785415058,10,ABCA1;MYCL;ELN;MYOF;TCEA2;FLNB;COL9A2;SLC2A4;ICAM1;TGM2
ENCODE_and_ChEA_Consensus_TFs_from_ChIP-X,E2F1 CHEA,0.2574044894730114,0.9999862785415058,7,COL18A1;CDKN1A;CBS;PCGF2;JADE2;MAPK4;ICAM1
ENCODE_and_ChEA_Consensus_TFs_from_ChIP-X,ZBTB7A ENCODE,0.3295952887558842,0.9999862785415058,15,DOCK6;PCGF2;IDH2;NBEAL2;JADE2;SLC2A4;ADCY6;TSKU;PCSK4;ICAM1;CBS;FLNB;TGM2;IER3;B4GALNT4
ENCODE_and_ChEA_Consensus_TFs_from_ChIP-X,AR CHEA,0.3354372944144923,0.9999862785415058,8,ITIH5;ABCA1;TGFBR3;IL1R1;PECAM1;SGK3;MAPK4;FKBP5
ENCODE_and_ChEA_Consensus_TFs_from_ChIP-X,CBX3 ENCODE,0.3864192551773883,0.9999862785415058,1,NOS3
ENCODE_and_ChEA_Consensus_TFs_from_ChIP-X,CTCF ENCODE,0.3880195169229424,0.9999862785415058,12,ABCA1;MYCL;SLC6A6;ELN;MYOF;TCEA2;FLNB;COL9A2;JADE2;SLC2A4;ICAM1;TGM2
ENCODE_and_ChEA_Consensus_TFs_from_ChIP-X,TP63 CHEA,0.4643676502647278,0.9999862785415058,9,CDKN1A;ANXA2;FXYD6;JADE2;MIAT;BMP7;ACACB;TGM2;IER3
ENCODE_and_ChEA_Consensus_TFs_from_ChIP-X,ZMIZ1 ENCODE,0.47050319574933797,0.9999862785415058,6,RBM3;SLC2A1;FLNA;QSOX1;AFF1;IER3
ENCODE_and_ChEA_Consensus_TFs_from_ChIP-X,ZEB1 ENCODE,0.47249658215318296,0.9999862785415058,1,FLNA
ENCODE_and_ChEA_Consensus_TFs_from_ChIP-X,NANOG CHEA,0.48058161863555765,0.9999862785415058,4,CBX7;COL18A1;MAPK4;FKBP5
ENCODE_and_ChEA_Consensus_TFs_from_ChIP-X,BCL3 ENCODE,0.4892538633883861,0.9999862785415058,2,TTLL3;IER3
ENCODE_and_ChEA_Consensus_TFs_from_ChIP-X,TRIM28 ENCODE,0.5153512137618496,0.9999862785415058,1,NOS3
ENCODE_and_ChEA_Consensus_TFs_from_ChIP-X,RUNX1 CHEA,0.5176203061754306,0.9999862785415058,8,NOTCH2;SERPINE1;SLC2A1;PECAM1;AGRP;IGFBP7;ARHGAP27;B4GALNT4
ENCODE_and_ChEA_Consensus_TFs_from_ChIP-X,RELA ENCODE,0.5581406247028753,0.9999862785415058,3,ICAM1;IER3;MFSD2A
ENCODE_and_ChEA_Consensus_TFs_from_ChIP-X,FOXA2 ENCODE,0.5679042702317298,0.9999862785415058,2,SERPINE1;JADE2
ENCODE_and_ChEA_Consensus_TFs_from_ChIP-X,TCF3 ENCODE,0.5709218279357179,0.9999862785415058,5,NOTCH2;CIRBP;NBEAL2;PKD1;FKBP5
ENCODE_and_ChEA_Consensus_TFs_from_ChIP-X,TP53 CHEA,0.5730590176666018,0.9999862785415058,2,TGFBR3;CDKN1A
ENCODE_and_ChEA_Consensus_TFs_from_ChIP-X,ETS1 ENCODE,0.6103417402021944,0.9999862785415058,1,IER3
ENCODE_and_ChEA_Consensus_TFs_from_ChIP-X,EGR1 ENCODE,0.628864794800682,0.9999862785415058,3,ZFAND4;LENG8;IER3
ENCODE_and_ChEA_Consensus_TFs_from_ChIP-X,MYOD1 ENCODE,0.6332790354250868,0.9999862785415058,1,SLC2A4
ENCODE_and_ChEA_Consensus_TFs_from_ChIP-X,HDAC2 ENCODE,0.6527749761706425,0.9999862785415058,1,JADE2
ENCODE_and_ChEA_Consensus_TFs_from_ChIP-X,MYC CHEA,0.672314407260803,0.9999862785415058,3,RBM3;CBX7;ICAM1
ENCODE_and_ChEA_Consensus_TFs_from_ChIP-X,TCF7L2 ENCODE,0.6837095274503042,0.9999862785415058,3,MYCL;SLC2A4;TSKU
ENCODE_and_ChEA_Consensus_TFs_from_ChIP-X,SOX2 CHEA,0.688389084607914,0.9999862785415058,4,MYCL;CBX7;COL4A2;BMP7
ENCODE_and_ChEA_Consensus_TFs_from_ChIP-X,FOXA1 ENCODE,0.7106319569840904,0.9999862785415058,1,JADE2
ENCODE_and_ChEA_Consensus_TFs_from_ChIP-X,TCF3 CHEA,0.7274807748087395,0.9999862785415058,5,TGFBR3;CBX7;ZFAND4;ZBTB16;MAPK4
ENCODE_and_ChEA_Consensus_TFs_from_ChIP-X,FLI1 ENCODE,0.7525669028512374,0.9999862785415058,3,ECM1;PECAM1;LENG8
ENCODE_and_ChEA_Consensus_TFs_from_ChIP-X,STAT5A ENCODE,0.7559611759444809,0.9999862785415058,1,QSOX1
ENCODE_and_ChEA_Consensus_TFs_from_ChIP-X,NELFE ENCODE,0.7574426591808783,0.9999862785415058,1,CIRBP
ENCODE_and_ChEA_Consensus_TFs_from_ChIP-X,E2F6 ENCODE,0.7656969196767869,0.9999862785415058,17,CBX7;ZFAND4;ANXA2;LAMC3;PCGF2;IDH2;CIRBP;LENG8;SLC2A4;KLF4;TSKU;PCSK4;SLC6A6;PER3;MARVELD1;CBS;WDR6
ENCODE_and_ChEA_Consensus_TFs_from_ChIP-X,SPI1 CHEA,0.7657516150750141,0.9999862785415058,5,TRUB1;SLC6A6;CHPF2;ARHGAP27;ICAM1
ENCODE_and_ChEA_Consensus_TFs_from_ChIP-X,POU5F1 CHEA,0.7942394176534333,0.9999862785415058,1,MAPK4
ENCODE_and_ChEA_Consensus_TFs_from_ChIP-X,NFIC ENCODE,0.8156373541558966,0.9999862785415058,1,ICAM1
ENCODE_and_ChEA_Consensus_TFs_from_ChIP-X,ZNF384 ENCODE,0.818602298081579,0.9999862785415058,3,ANXA2;FLNA;JADE2
ENCODE_and_ChEA_Consensus_TFs_from_ChIP-X,CEBPD ENCODE,0.8214765797785644,0.9999862785415058,3,CIRBP;PCSK4;AFF1
ENCODE_and_ChEA_Consensus_TFs_from_ChIP-X,PPARD CHEA,0.8222675095562347,0.9999862785415058,1,FLNB
ENCODE_and_ChEA_Consensus_TFs_from_ChIP-X,SRF ENCODE,0.836832478846219,0.9999862785415058,1,FLNA
ENCODE_and_ChEA_Consensus_TFs_from_ChIP-X,UBTF ENCODE,0.8674104471434497,0.9999862785415058,7,NOTCH2;PCGF2;IDH2;SLC2A1;JADE2;AFF1;FKBP5
ENCODE_and_ChEA_Consensus_TFs_from_ChIP-X,SMAD4 CHEA,0.8691928866997052,0.9999862785415058,2,MYOF;FLNB
ENCODE_and_ChEA_Consensus_TFs_from_ChIP-X,BHLHE40 ENCODE,0.8790907775440618,0.9999862785415058,1,JADE2
ENCODE_and_ChEA_Consensus_TFs_from_ChIP-X,SALL4 CHEA,0.8841658588199669,0.9999862785415058,1,SMOC1
ENCODE_and_ChEA_Consensus_TFs_from_ChIP-X,PBX3 ENCODE,0.8848142015407551,0.9999862785415058,5,PER3;CHPF2;SMOC1;WDR6;IER3
ENCODE_and_ChEA_Consensus_TFs_from_ChIP-X,HNF4A ENCODE,0.8876541685268684,0.9999862785415058,5,LAMB2;PCGF2;SERPINE1;SGK3;AGT
ENCODE_and_ChEA_Consensus_TFs_from_ChIP-X,REST CHEA,0.889250269373732,0.9999862785415058,5,FLNB;FXYD6;JADE2;CBLN4;AFF1
ENCODE_and_ChEA_Consensus_TFs_from_ChIP-X,MYC ENCODE,0.8995489662145338,0.9999862785415058,6,RBM3;SLC6A6;SLC2A1;JADE2;SLC2A4;FKBP5
ENCODE_and_ChEA_Consensus_TFs_from_ChIP-X,CHD1 ENCODE,0.9075404508134924,0.9999862785415058,2,RBM3;AFF1
ENCODE_and_ChEA_Consensus_TFs_from_ChIP-X,ZBTB33 ENCODE,0.9268861109485487,0.9999862785415058,2,WDR6;SUGP1
ENCODE_and_ChEA_Consensus_TFs_from_ChIP-X,USF2 ENCODE,0.9332386274181859,0.9999862785415058,3,RBM3;PCGF2;FKBP5
ENCODE_and_ChEA_Consensus_TFs_from_ChIP-X,STAT3 ENCODE,0.9349084472011905,0.9999862785415058,2,AFF1;ICAM1
ENCODE_and_ChEA_Consensus_TFs_from_ChIP-X,MAX ENCODE,0.9388096885681998,0.9999862785415058,8,ABCA1;RBM3;SLC6A6;PER3;SERPINE1;CIRBP;JADE2;SLC2A4
ENCODE_and_ChEA_Consensus_TFs_from_ChIP-X,CREB1 CHEA,0.9399731116373283,0.9999862785415058,5,TRUB1;CDKN1A;KMT2B;CIRBP;B4GALNT4
ENCODE_and_ChEA_Consensus_TFs_from_ChIP-X,SPI1 ENCODE,0.9589577571952668,0.9999862785415058,5,CHPF2;PCGF2;IDH2;QSOX1;ICAM1
ENCODE_and_ChEA_Consensus_TFs_from_ChIP-X,SIX5 ENCODE,0.9631100813366822,0.9999862785415058,3,TRUB1;NOS3;SUGP1
ENCODE_and_ChEA_Consensus_TFs_from_ChIP-X,RFX5 ENCODE,0.9670252614003996,0.9999862785415058,1,ZFAND4
ENCODE_and_ChEA_Consensus_TFs_from_ChIP-X,PML ENCODE,0.9673430284741713,0.9999862785415058,5,RBM3;CIRBP;WDR6;QSOX1;IER3
ENCODE_and_ChEA_Consensus_TFs_from_ChIP-X,RCOR1 ENCODE,0.9864392369315614,0.9999862785415058,1,IER3
ENCODE_and_ChEA_Consensus_TFs_from_ChIP-X,SP1 ENCODE,0.9868556135060719,0.9999862785415058,1,PCSK4
ENCODE_and_ChEA_Consensus_TFs_from_ChIP-X,E2F4 ENCODE,0.987099326454515,0.9999862785415058,1,NET1
ENCODE_and_ChEA_Consensus_TFs_from_ChIP-X,SIN3A ENCODE,0.9925366020460149,0.9999862785415058,2,SLC2A1;IER3
ENCODE_and_ChEA_Consensus_TFs_from_ChIP-X,USF1 ENCODE,0.9927026393225343,0.9999862785415058,3,PCGF2;WDR6;FKBP5
ENCODE_and_ChEA_Consensus_TFs_from_ChIP-X,NFYA ENCODE,0.9946357713178412,0.9999862785415058,6,NET1;PER3;ZFAND4;LENG8;WDR6;PCSK4
ENCODE_and_ChEA_Consensus_TFs_from_ChIP-X,NFYB ENCODE,0.9967158509002462,0.9999862785415058,12,NET1;RBM3;PER3;ZFAND4;SMOC1;CIRBP;PLA2G3;LENG8;WDR6;SLC2A4;HIF3A;PCSK4
ENCODE_and_ChEA_Consensus_TFs_from_ChIP-X,NRF1 ENCODE,0.9993726321336186,0.9999862785415058,3,AP1G2;CIRBP;LENG8
ENCODE_and_ChEA_Consensus_TFs_from_ChIP-X,ELF1 ENCODE,0.9994826225357434,0.9999862785415058,5,TRUB1;RBM3;AP1G2;LENG8;SUGP1
ENCODE_and_ChEA_Consensus_TFs_from_ChIP-X,TAF1 ENCODE,0.9999076170392639,0.9999862785415058,7,TRUB1;RBM3;SLC2A1;CIRBP;LENG8;QSOX1;SUGP1
ENCODE_and_ChEA_Consensus_TFs_from_ChIP-X,BRCA1 ENCODE,0.9999524796683101,0.9999862785415058,6,TRUB1;IDH2;WDR6;JADE2;FKBP5;SUGP1
ENCODE_and_ChEA_Consensus_TFs_from_ChIP-X,GABPA ENCODE,0.9999695693629417,0.9999862785415058,2,RBM3;CHPF2
ENCODE_and_ChEA_Consensus_TFs_from_ChIP-X,YY1 ENCODE,0.9999714276231997,0.9999862785415058,4,TRUB1;RBM3;CIRBP;SUGP1
ENCODE_and_ChEA_Consensus_TFs_from_ChIP-X,ATF2 ENCODE,0.9999822335665848,0.9999862785415058,4,RBM3;CIRBP;WDR6;SUGP1
ENCODE_and_ChEA_Consensus_TFs_from_ChIP-X,CREB1 ENCODE,0.9999862785415058,0.9999862785415058,2,TRUB1;LENG8
