library,term,p,padj,n,genes
PanglaoDB_Augmented_2021,Oligodendrocytes,9.045069565370177e-61,1.0130477913214599e-58,47,TMEM151A;TMEM63A;MYRF;ITGB4;NCAN;KLK6;GRM3;ADAMTS4;GJC3;TMEM125;GJC2;MOBP;KIF13B;MBP;ARSG;S1PR5;ENPP6;PLEKHH1;GPM6B;BCAS1;IL33;GPR37;MOG;OPALIN;PLLP;LGI3;OLIG1;ATP2B2;OLIG2;ELOVL7;SOX10;ERMN;CLDN11;MYO1D;FA2H;ANLN;MAG;PEX5L;GJB1;TYRO3;PLP1;CNTN2;PRR18;RGS7BP;ASPA;CREB5;RAPGEF4
PanglaoDB_Augmented_2021,Schwann Cells,1.682446032604774e-17,9.421697782586735e-16,18,NGFR;PHLDB1;CNP;MEGF10;ITGB4;CMTM5;LGI3;OLIG1;PTN;S100B;SOX10;NDRG1;MAG;EDNRB;PLP1;CNTN2;ASPA;BCAS1
PanglaoDB_Augmented_2021,Bergmann Glia,1.3532981714554673e-12,5.052313173433745e-11,14,OPALIN;NCAN;NRXN3;ATP2B2;SEPTIN4;S100B;GRM3;ZEB2;FABP7;PLP1;CNTN2;RGS7BP;GPM6B;RAPGEF4
PanglaoDB_Augmented_2021,Astrocytes,1.129548119746345e-11,3.162734735289766e-10,14,OPALIN;CMTM5;LGI3;NCAN;ATP2B2;PTN;S100B;EDNRB;FABP7;PLP1;CNTN2;RGS7BP;GPM6B;RAPGEF4
PanglaoDB_Augmented_2021,Oligodendrocyte Progenitor Cells,1.8689560622449044e-10,4.186461579428586e-09,12,CNP;MEGF10;NCAN;LGI3;PLP1;CNTN2;OLIG1;ATP2B2;OLIG2;PTN;SOX10;SCRT1
PanglaoDB_Augmented_2021,Enteric Glia Cells,7.796436659486393e-10,1.4553348431041268e-08,11,EDNRB;MEGF10;LGI3;PLP1;CNTN2;RGS7BP;PTN;S100B;SOX10;GPM6B;RAPGEF4
PanglaoDB_Augmented_2021,Purkinje Neurons,2.682744276384515e-08,4.292390842215224e-07,11,GRM3;SLC32A1;GAD1;NCAN;KIF5A;PLP1;CNTN2;PKP4;ATP2B2;SCRT1;PVALB
PanglaoDB_Augmented_2021,GABAergic Neurons,2.2961611622377868e-06,2.7482825501515098e-05,8,SLC32A1;NCAN;GAD1;LGI3;CNTN2;RGS7BP;PVALB;SCRT1
PanglaoDB_Augmented_2021,Neural Stem/Precursor Cells,2.3500927779023303e-06,2.7482825501515098e-05,9,MEGF10;FABP7;NCAN;PLP1;CNTN2;PTN;S100B;SCRT1;GPM6B
PanglaoDB_Augmented_2021,Radial Glia Cells,2.4538237054924197e-06,2.7482825501515098e-05,8,MEGF10;NCAN;PLP1;CNTN2;OLIG2;RGS7BP;PTN;GPM6B
PanglaoDB_Augmented_2021,Glycinergic Neurons,1.0825794832056086e-05,0.00011022627465366197,7,TMEM151A;SLC32A1;NCAN;GAD1;KIF5A;CNTN2;SCRT1
PanglaoDB_Augmented_2021,Müller Cells,1.6110975330121605e-05,0.000150369103081135,8,IL33;EDNRB;GPR37;MEGF10;PLP1;RGS7BP;PTN;SLC38A3
PanglaoDB_Augmented_2021,Satellite Glial Cells,2.548456388230701e-05,0.00021955931960141424,7,IL33;EDNRB;OPALIN;PLP1;TGFA;RGS7BP;S100B
PanglaoDB_Augmented_2021,Neuroendocrine Cells,4.157409080032029e-05,0.00033259272640256233,7,GRM3;NCAN;GPR88;PLP1;CNTN2;RGS7BP;SCRT1
PanglaoDB_Augmented_2021,Cajal-Retzius Cells,5.3942645569232254e-05,0.00040277175358360086,8,MEGF10;NCAN;KIF5A;CNTN2;NEFL;NEFM;SCRT1;GPM6B
PanglaoDB_Augmented_2021,Neurons,7.0968623390296e-05,0.000496780363732072,10,GRM3;SLC32A1;GAD1;NCAN;KIF5A;CNTN2;NEFM;RGS7BP;NEFH;SCRT1
PanglaoDB_Augmented_2021,Trigeminal Neurons,0.00011272535715026736,0.0007426611765194084,7,NCAN;KIF5A;PLP1;CNTN2;NEFM;RGS7BP;NEFH
PanglaoDB_Augmented_2021,Purkinje Fiber Cells,0.00012436706461175202,0.0007738395131397903,6,NCAN;PLP1;CNTN2;NEFL;NEFM;GPM6B
PanglaoDB_Augmented_2021,Taste Receptor Cells,0.0002398329367461016,0.0014137520481875463,6,MOBP;MOG;GNG7;CNTN2;ATP2B2;ASPA
PanglaoDB_Augmented_2021,Interneurons,0.0005282715670907113,0.002958320775707983,9,GRM3;GAD1;NCAN;KIF5A;CNTN2;NEFM;RGS7BP;SCRT1;PVALB
PanglaoDB_Augmented_2021,Immature Neurons,0.0005885247914969796,0.003138798887983891,6,GRM3;NCAN;KIF5A;CNTN2;GPM6B;SCRT1
PanglaoDB_Augmented_2021,Glutaminergic Neurons,0.0013152690015485083,0.006695914916974224,5,GRM3;NCAN;CNTN2;MEIS2;SCRT1
PanglaoDB_Augmented_2021,Gastric Chief Cells,0.0014281449979669338,0.006954445207491156,5,FA2H;TMEM125;GJB1;ITGB4;MYH14
PanglaoDB_Augmented_2021,Retinal Ganglion Cells,0.0015532786863399109,0.007248633869586251,6,NCAN;KIF5A;CNTN2;NEFL;NEFM;SCRT1
PanglaoDB_Augmented_2021,Transient Cells,0.0021807540153195733,0.009769777988631689,5,MYO1D;TMEM125;UNC5B;INPP5J;MYH14
PanglaoDB_Augmented_2021,Pyramidal Cells,0.0030848414581545534,0.013288547819742692,5,GRM3;SLC32A1;NCAN;CNTN2;SCRT1
PanglaoDB_Augmented_2021,Principal Cells,0.0037421170086927116,0.015522855739762358,5,FA2H;TMEM125;ITGB4;MYH14;PHACTR1
PanglaoDB_Augmented_2021,Enteric Neurons,0.008591905096779965,0.03436762038711986,5,NCAN;CNTN2;NEFM;RGS7BP;SCRT1
PanglaoDB_Augmented_2021,Parietal Cells,0.010021838846096684,0.03841280962643272,4,TMEM125;GJB1;MYH14;PLEKHH1
PanglaoDB_Augmented_2021,Retinal Progenitor Cells,0.01033336565180156,0.03841280962643272,4,MEGF10;NCAN;NEFH;SCRT1
PanglaoDB_Augmented_2021,Endothelial Cells (Blood Brain Barrier),0.010651100629678981,0.03841280962643272,4,GPR37;LGI3;TYRO3;SLC38A3
PanglaoDB_Augmented_2021,Peri-islet Schwann Cells,0.010975088464695063,0.03841280962643272,4,NGFR;PHLDB1;PLP1;PTN
PanglaoDB_Augmented_2021,Dopaminergic Neurons,0.012690330327112836,0.04307021201929205,4,NCAN;KIF5A;CNTN2;SCRT1
PanglaoDB_Augmented_2021,Gamma (PP) Cells,0.016190640849746224,0.0533338757403405,4,CHN2;ESRRG;RGS7BP;RAPGEF4
PanglaoDB_Augmented_2021,Delta Cells,0.01747909491535765,0.055933103729144486,4,GJB1;UNC5B;RGS7BP;RAPGEF4
PanglaoDB_Augmented_2021,Cholangiocytes,0.01882985368938891,0.05858176703365439,4,TMEM125;GJB1;ITGB4;MYH14
PanglaoDB_Augmented_2021,Distal Tubule Cells,0.02024369849660413,0.0612782224762071,4,WNK1;MYH14;ESRRG;PVALB
PanglaoDB_Augmented_2021,Neuroblasts,0.024870604235629153,0.07300352312600716,4,NCAN;KIF5A;NEFM;SCRT1
PanglaoDB_Augmented_2021,Loop Of Henle Cells,0.025420869659948924,0.07300352312600716,4,IL33;PHLDB1;ARC;EDNRB
PanglaoDB_Augmented_2021,Mast Cells,0.03307248033970958,0.09260294495118682,5,IL33;EDNRB;PDE1C;LPAR1;MEIS2
PanglaoDB_Augmented_2021,Endothelial Cells,0.039049024416144926,0.106670505722152,5,IL33;CLIC4;EDNRB;GNG11;APLN
PanglaoDB_Augmented_2021,Cholinergic Neurons,0.042148567710899365,0.1123961805623983,3,NCAN;KIF5A;NEFM
PanglaoDB_Augmented_2021,Airway Epithelial Cells,0.04318060101612078,0.11247040264664017,3,IL33;TMEM125;MYH14
PanglaoDB_Augmented_2021,Enterochromaffin Cells,0.049635844375325554,0.12634578568264687,3,EDNRB;GJB1;PDE1C
PanglaoDB_Augmented_2021,Meningeal Cells,0.056533760644609424,0.14070624871547235,3,IL33;PHLDB1;PTN
PanglaoDB_Augmented_2021,Tanycytes,0.06386160741081415,0.15518847878194528,3,MEGF10;RGS7BP;PTN
PanglaoDB_Augmented_2021,Chromaffin Cells,0.06512373663170919,0.15518847878194528,3,CNTN2;RGS7BP;RAPGEF4
PanglaoDB_Augmented_2021,Ductal Cells,0.07836467329496032,0.18285090435490742,3,TMEM125;GJB1;MYH14
PanglaoDB_Augmented_2021,Photoreceptor Cells,0.10329582376250003,0.23610474002857149,3,CNTN2;NEFM;SCRT1
PanglaoDB_Augmented_2021,Podocytes,0.16264655051196938,0.36432827314681143,3,MYO1D;PHLDB1;QKI
PanglaoDB_Augmented_2021,His Bundle Cells,0.16920121377492525,0.36890711801166676,2,PHLDB1;TYRO3
PanglaoDB_Augmented_2021,Pulmonary Vascular Smooth Muscle Cells,0.17188312509351072,0.36890711801166676,2,PTN;GNG11
PanglaoDB_Augmented_2021,Myofibroblasts,0.1745721183448066,0.36890711801166676,2,PHLDB1;PTN
PanglaoDB_Augmented_2021,Parathyroid Chief Cells,0.19084062246657962,0.39418333162772623,2,TMEM151A;INPP5J
PanglaoDB_Augmented_2021,Ionocytes,0.19357217178147273,0.39418333162772623,2,TMEM125;MYH14
PanglaoDB_Augmented_2021,Crypt Cells,0.20179660023643545,0.4035932004728709,2,TMEM125;MYH14
PanglaoDB_Augmented_2021,Clara Cells,0.2100609483393095,0.41096966213143915,2,TMEM125;ITGB4
PanglaoDB_Augmented_2021,Pancreatic Progenitor Cells,0.2128235750323524,0.41096966213143915,2,INPP5J;MYH14
PanglaoDB_Augmented_2021,Epithelial Cells,0.2276914560648024,0.43222784880098086,3,ANLN;TMEM125;ITGB4
PanglaoDB_Augmented_2021,Glomus Cells,0.24898874151203007,0.4571596565466782,2,PHLDB1;PTN
PanglaoDB_Augmented_2021,Keratinocytes,0.24898874151203007,0.4571596565466782,2,NGFR;ITGB4
PanglaoDB_Augmented_2021,Pulmonary Alveolar Type I Cells,0.26017138057113537,0.45829239596820665,2,ITGB4;AKAP5
PanglaoDB_Augmented_2021,Hepatic Stellate Cells,0.2629684070494025,0.45829239596820665,2,NGFR;PHLDB1
PanglaoDB_Augmented_2021,Melanocytes,0.2657656484537447,0.45829239596820665,2,PHLDB1;PTN
PanglaoDB_Augmented_2021,Mammary Epithelial Cells,0.26856294323416324,0.45829239596820665,2,TMEM125;ITGB4
PanglaoDB_Augmented_2021,Alpha Cells,0.27415705830240933,0.45829239596820665,2,RGS7BP;RAPGEF4
PanglaoDB_Augmented_2021,Ependymal Cells,0.27415705830240933,0.45829239596820665,2,S100B;PVALB
PanglaoDB_Augmented_2021,Enteroendocrine Cells,0.2825447273937359,0.46315908793203997,2,NCAN;SCRT1
PanglaoDB_Augmented_2021,Luminal Epithelial Cells,0.28533908095813176,0.46315908793203997,2,TMEM125;ITGB4
PanglaoDB_Augmented_2021,Mesangial Cells,0.3076457160077916,0.4922331456124666,2,PHLDB1;PTN
PanglaoDB_Augmented_2021,Embryonic Stem Cells,0.3842838061304527,0.606194173050855,2,LAPTM4B;GJB1
PanglaoDB_Augmented_2021,Dendritic Cells,0.4444607455643442,0.6913833819889799,2,PPP1R14A;S100B
PanglaoDB_Augmented_2021,Enterocytes,0.45459954763942756,0.6974677991180258,2,GJB1;SOX10
PanglaoDB_Augmented_2021,Platelets,0.48192886562833565,0.7294058506807243,2,IL33;GNG11
PanglaoDB_Augmented_2021,Hepatocytes,0.49888042557391554,0.7343244903282424,2,GJB1;KIF13B
PanglaoDB_Augmented_2021,Germ Cells,0.5012733019011952,0.7343244903282424,2,MYO1D;CREB5
PanglaoDB_Augmented_2021,Osteocytes,0.5250375751584945,0.7343244903282424,1,PTN
PanglaoDB_Augmented_2021,Airway Smooth Muscle Cells,0.5286411901184255,0.7343244903282424,1,GNG11
PanglaoDB_Augmented_2021,Trichocytes,0.542786060199661,0.7343244903282424,1,ITGB4
PanglaoDB_Augmented_2021,Trophoblast Progenitor Cells,0.542786060199661,0.7343244903282424,1,LITAF
PanglaoDB_Augmented_2021,Kidney Progenitor Cells,0.5496995517538182,0.7343244903282424,1,LAPTM4B
PanglaoDB_Augmented_2021,Spermatozoa,0.5598755428857098,0.7343244903282424,1,IL33
PanglaoDB_Augmented_2021,Motor Neurons,0.5698230625399323,0.7343244903282424,1,NGFR
PanglaoDB_Augmented_2021,Cardiac Stem And Precursor Cells,0.5763303350450902,0.7343244903282424,1,LAPTM4B
PanglaoDB_Augmented_2021,Foveolar Cells,0.5795472068138459,0.7343244903282424,1,IL33
PanglaoDB_Augmented_2021,Hepatoblasts,0.5795472068138459,0.7343244903282424,1,GJB1
PanglaoDB_Augmented_2021,Myoepithelial Cells,0.5827398138872506,0.7343244903282424,1,NGFR
PanglaoDB_Augmented_2021,Choroid Plexus Cells,0.5890529591769486,0.7343244903282424,1,MYH14
PanglaoDB_Augmented_2021,Airway Goblet Cells,0.5921738570448003,0.7343244903282424,1,TMEM125
PanglaoDB_Augmented_2021,Intercalated Cells,0.5921738570448003,0.7343244903282424,1,ESRRG
PanglaoDB_Augmented_2021,Peritubular Myoid Cells,0.5983451921962706,0.7343244903282424,1,PHLDB1
PanglaoDB_Augmented_2021,Acinar Cells,0.6104109155577965,0.7343244903282424,1,GJB1
PanglaoDB_Augmented_2021,Sebocytes,0.6104109155577965,0.7343244903282424,1,TGFA
PanglaoDB_Augmented_2021,Myoblasts,0.616308054382632,0.7343244903282424,1,PHLDB1
PanglaoDB_Augmented_2021,Anterior Pituitary Gland Cells,0.6362583152507988,0.7464293390397788,1,NEFM
PanglaoDB_Augmented_2021,Epsilon Cells,0.6498742522107819,0.7464293390397788,1,GJB1
PanglaoDB_Augmented_2021,Basal Cells,0.6577995105052321,0.7464293390397788,1,ITGB4
PanglaoDB_Augmented_2021,Beta Cells,0.668089963426004,0.7464293390397788,1,RAPGEF4
PanglaoDB_Augmented_2021,Leydig Cells,0.668089963426004,0.7464293390397788,1,ESRRG
PanglaoDB_Augmented_2021,Gamma Delta T Cells,0.6706141745036752,0.7464293390397788,1,S100B
PanglaoDB_Augmented_2021,B Cells Memory,0.6731193146698005,0.7464293390397788,1,GNG7
PanglaoDB_Augmented_2021,Osteoblasts,0.6901332026613769,0.7575032753848788,1,IL33
PanglaoDB_Augmented_2021,Sertoli Cells,0.6994573650236221,0.7575032753848788,1,CLDN11
PanglaoDB_Augmented_2021,Myocytes,0.7107215213831506,0.7575032753848788,1,MYH14
PanglaoDB_Augmented_2021,Proximal Tubule Cells,0.7129235093166064,0.7575032753848788,1,GJB1
PanglaoDB_Augmented_2021,Plasma Cells,0.7172776559642419,0.7575032753848788,1,GNG7
PanglaoDB_Augmented_2021,Smooth Muscle Cells,0.7236861648766254,0.7575032753848788,1,PHLDB1
PanglaoDB_Augmented_2021,Cardiomyocytes,0.7340478923005137,0.7612348512746068,1,FNDC5
PanglaoDB_Augmented_2021,Hematopoietic Stem Cells,0.7420585963528263,0.762482227445106,1,GJB1
PanglaoDB_Augmented_2021,Endothelial Cells (Aorta),0.7555047480651798,0.7692411980300011,1,ITGB4
PanglaoDB_Augmented_2021,Olfactory Epithelial Cells,0.8213830764747092,0.8287829240105173,1,PDE1C
PanglaoDB_Augmented_2021,Fibroblasts,0.8294131685806739,0.8294131685806739,1,ZEB2
ChEA_2022,SUZ12 20075857 ChIP-Seq MESCs Mouse,2.7038359800911427e-16,1.9251312178248935e-13,71,TMEM151A;PHLDB1;MEGF10;ITGB4;SETD7;DOCK10;GRM3;LAPTM4B;EDNRB;UBASH3B;NEFL;PHACTR1;NEFM;NEFH;TMOD1;GPR37;SLC32A1;PLLP;UNC5B;ELMOD1;GAB1;OLIG1;FRMD4B;OLIG2;ELOVL7;SOX10;FNDC5;CLDN11;ZEB2;PRR18;RGS7BP;PVALB;RAPGEF4;TMEM63A;PHLPP1;PDE1C;TTYH2;GPR88;LPAR1;TGFA;PRR5L;AKAP5;PTN;NDRG1;TMEM125;NACC2;CHN2;MICALL1;INPP5J;MBP;S1PR5;SLC38A3;PLEKHH1;GPM6B;NGFR;SORT1;GAD1;LGI3;ESRRG;ATP2B2;SYNJ2;GNG11;MEIS2;SCRT1;APLN;FA2H;GATM;CNTN2;MAP6D1;SERINC5;HCN2
ChEA_2022,MTF2 20144788 ChIP-Seq MESCs Mouse,3.328249918609032e-10,1.1848569710248154e-07,48,TMEM151A;PHLDB1;ITGB4;NCAN;GPR88;LPAR1;NDRG1;DOCK10;GRM3;EDNRB;UBASH3B;MICALL1;NEFL;MBP;NEFM;SLC38A3;NEFH;GPM6B;TMOD1;NGFR;GPR37;SLC32A1;OPALIN;PLLP;UNC5B;GAD1;LGI3;ELMOD1;GAB1;OLIG1;ATP2B2;OLIG2;JOSD2;ELOVL7;GNG11;MEIS2;SCRT1;APLN;FNDC5;FA2H;GATM;FEZ1;MAP6D1;PRR18;RGS7BP;PVALB;HCN2;RAPGEF4
ChEA_2022,EZH2 27294783 Chip-Seq ESCs Mouse,5.39110723695412e-08,1.1459099922780186e-05,34,TMEM151A;PHLDB1;TMEM63A;PDE1C;ITGB4;NCAN;SETD7;DOCK10;LAPTM4B;TMEM125;GJC2;EDNRB;NEFM;S1PR5;NEFH;PLEKHH1;BCAS1;GPR37;SLC32A1;OPALIN;UNC5B;GAD1;LGI3;ELMOD1;GAB1;ESRRG;OLIG2;MEIS2;SCRT1;FNDC5;ZEB2;MAP6D1;PRR18;SERINC5
ChEA_2022,SMARCA4 23332759 ChIP-Seq OLIGODENDROCYTES Mouse,6.437696585831565e-08,1.1459099922780186e-05,39,PHLPP1;PDE1C;CNP;SLC44A1;GPR88;NRXN3;CCP110;TGFA;PRR5L;PTN;TRAK2;EDNRB;UBASH3B;MOBP;CHN2;GNA12;NEFL;MBP;ENPP6;GPM6B;SPECC1;IL33;GPR37;SLC32A1;FNBP1;GAB1;OLIG1;FOXN3;SOX10;MEIS2;CLDN11;MYO1D;FA2H;ZEB2;GATM;WNK1;PTMA;SERINC5;CREB5
ChEA_2022,SUZ12 18692474 ChIP-Seq MESCs Mouse,3.537465700354778e-07,5.037351157305204e-05,31,ITGB4;GPR88;TGFA;GRM3;EDNRB;CHN2;NEFL;NEFH;GPM6B;SPECC1;TMOD1;NGFR;GPR37;SLC32A1;PLLP;UNC5B;GAD1;LGI3;ELMOD1;GAB1;OLIG1;ATP2B2;FRMD4B;SYNJ2;OLIG2;SCRT1;APLN;GATM;MAP6D1;RGS7BP;CREB5
ChEA_2022,WT1 25993318 ChIP-Seq PODOCYTE Human,4.279844235562038e-07,5.078748492866952e-05,46,SLC48A1;PHLDB1;CLIC4;SLC44A1;MEGF10;LUZP1;PLEKHB1;SETD7;NRXN3;TGFA;PRR5L;SLAIN1;NDRG1;ADAMTS4;EDNRB;NACC2;GNG7;CHN2;GNA12;MYH14;NEFL;PHACTR1;ENPP6;BCAS1;IL33;FNBP1;UNC5B;GAB1;ATP2B2;FRMD4B;FOXN3;SYNJ2;MEIS2;MOB3B;FNDC5;QDPR;MYO1D;PEX5L;ZEB2;PACS2;TYRO3;PKP4;RGS7BP;PTMA;SERINC5;CREB5
ChEA_2022,OLIG2 23332759 ChIP-Seq OLIGODENDROCYTES Mouse,8.41478838189577e-07,8.559041897013983e-05,32,SLC48A1;TMEM63A;PHLPP1;PDE1C;SLC44A1;MEGF10;RNF13;NRXN3;PRR5L;PTN;TRAK2;UBASH3B;MOBP;GNA12;KIF13B;MBP;ENPP6;PLEKHH1;GPM6B;GPR37;OLIG1;SOX10;MEIS2;CLDN11;MYO1D;ZEB2;GATM;FEZ1;PLXNB3;RGS7BP;SERINC5;CREB5
ChEA_2022,MITF 21258399 ChIP-Seq MELANOMA Human,1.4212030589785932e-06,0.00012648707224909478,61,GLTP;PHLDB1;CLIC4;SLC44A1;MEGF10;RNF13;PLEKHB1;PLOD1;LITAF;DOCK10;EDNRB;UBASH3B;KIF13B;PHACTR1;BCAS1;TMOD1;FNBP1;GAB1;FRMD4B;SOX10;ARC;ZEB2;PACS2;FEZ1;TYRO3;PKP4;PTMA;ASPA;PHLPP1;TTYH2;GPR88;LPAR1;PRR5L;SLAIN1;TRAK2;GJC3;GNG7;CHN2;MICALL1;GNA12;MBP;ARSG;PLEKHH1;GPM6B;MOG;SORT1;LGI3;FOXN3;SYNJ2;S100B;MEIS2;QKI;QDPR;MYO1D;ANLN;PEX5L;GJB1;PLP1;MAP6D1;SERINC5;HCN2
ChEA_2022,SUZ12 27294783 Chip-Seq ESCs Mouse,1.9177060720845816e-06,0.0001517118581471358,31,TMEM151A;PHLDB1;TMEM63A;PHLPP1;PDE1C;NCAN;GPR88;PTN;LAPTM4B;TMEM125;GJC2;EDNRB;NACC2;INPP5J;NEFL;S1PR5;NEFH;SLC32A1;UNC5B;CMTM5;GAD1;GAB1;OLIG1;SYNJ2;OLIG2;MEIS2;SCRT1;ZEB2;CDC42EP2;RGS7BP;RAPGEF4
ChEA_2022,MBD3 35695185 ChIP-Seq nicBasalRootGanglia Mouse Embryo,3.687332942936943e-06,0.00026253810553711034,51,PHLDB1;CLIC4;SETD7;LITAF;DOCK10;GRM3;UBASH3B;NEFM;CAP1;FNBP1;UNC5B;ELMOD1;OLIG1;FRMD4B;ELOVL7;MOB3B;ARC;ZEB2;TYRO3;PKP4;TRIM59;CREB5;RAPGEF4;TMEM63A;PHLPP1;PDE1C;CNP;LUZP1;LPAR1;TGFA;SLAIN1;NDRG1;NACC2;CHN2;MYH14;MBP;SLC38A3;PLEKHH1;SPECC1;PPP1R14A;SORT1;LGI3;ESRRG;FOXN3;MEIS2;SCRT1;MYO1D;FA2H;FABP7;MAP6D1;MYORG
ChEA_2022,RING1B 27294783 Chip-Seq ESCs Mouse,5.222352162604317e-06,0.0003380286127067522,30,SLC48A1;TMEM151A;TMEM63A;PHLPP1;GPR88;NDRG1;DOCK10;LAPTM4B;EDNRB;GNG7;MICALL1;NEFL;NEFH;NGFR;IL33;GPR37;SLC32A1;UNC5B;GAD1;GAB1;ESRRG;OLIG2;ELOVL7;SOX10;MEIS2;SCRT1;MYO1D;ZEB2;PRR18;PTMA
ChEA_2022,KLF5 25053715 ChIP-Seq YYC3 Human,7.288077822810604e-06,0.00043242595082009584,29,PDE1C;CNP;ITGB4;PLEKHB1;TGFA;PTN;NDRG1;DOCK10;LAPTM4B;EDNRB;MOBP;MICALL1;KIF13B;MYH14;PHACTR1;NEFM;NEFH;UNC5B;SORT1;ATP2B2;SYNJ2;MYO1D;FA2H;ANLN;PEX5L;ZEB2;PACS2;PTMA;RAPGEF4
ChEA_2022,STAT3 23295773 ChIP-Seq U87 Human,8.92839872686675e-06,0.0004890015302714712,40,PHLPP1;PDE1C;RNF13;LUZP1;LPAR1;NRXN3;PRR5L;PLOD1;PTN;TRAK2;GJC2;UBASH3B;MOBP;NACC2;GNG7;CHN2;KIF5A;KIF13B;MBP;NEFM;ARSG;GPM6B;CAP1;GPR37;FNBP1;UNC5B;GAD1;ESRRG;ATP2B2;FOXN3;MEIS2;QKI;MYO1D;FA2H;ANLN;PEX5L;PKP4;SERINC5;CREB5;RAPGEF4
ChEA_2022,FOXA2 19822575 ChIP-Seq HepG2 Human,1.0182614566920288e-05,0.0004932000726771712,39,GLTP;CLIC4;SLC44A1;PLEKHB1;NRXN3;TGFA;LITAF;UBASH3B;GNG7;CHN2;KIF5A;GNA12;INPP5J;MYH14;MBP;PHACTR1;ARSG;SLC38A3;ENPP6;BCAS1;CAP1;PPP1R14A;PLLP;UNC5B;SORT1;GAB1;ESRRG;FOXN3;SYNJ2;MEIS2;QDPR;MYO1D;ZEB2;GATM;CDC42EP2;TYRO3;PRR18;SERINC5;RAPGEF4
ChEA_2022,MNX1 26342078 ChIP-Seq MIN6-4N Mouse,1.0390450969322428e-05,0.0004932000726771712,28,PHLPP1;TTYH2;ITGB4;GPR88;SETD7;LITAF;TRAK2;DOCK10;ADAMTS4;KIF5A;INPP5J;ARSG;NEFH;BCAS1;CMTM5;LGI3;ESRRG;OLIG1;OLIG2;SOX10;SCRT1;ARC;FABP7;TYRO3;CNTN2;PRR18;PTMA;SERINC5
ChEA_2022,OLIG2 29049317 ChIP-Seq Mouse SpinalCord,4.007432842189412e-05,0.0017833076147742884,26,PHLDB1;CLIC4;CNP;PLEKHB1;LPAR1;CCP110;PTN;NDRG1;KLK6;TRAK2;TMEM125;GJC2;UBASH3B;NACC2;GNG7;CHN2;MBP;CAP1;TUBB4A;MOB3B;CLDN11;PACS2;PLXNB3;CNTN2;PTMA;MYORG
ChEA_2022,GATA1 21571218 ChIP-Seq MEGAKARYOCYTES Human,4.556442226879606e-05,0.0019083452150225175,33,SLC48A1;TMEM151A;CLIC4;PHLPP1;PDE1C;SLC44A1;RNF13;LUZP1;SETD7;AKAP5;LITAF;DOCK10;UBASH3B;GNG7;GNA12;MBP;PHACTR1;BCAS1;CAP1;SLC32A1;FNBP1;PLLP;UNC5B;CMTM5;GAD1;GAB1;ESRRG;FOXN3;MYO1D;ZEB2;GATM;PTMA;RAPGEF4
ChEA_2022,OLIG2 26023283 ChIP-Seq AINV15 Mouse,5.3793202675783625e-05,0.002127820016953219,27,SLC48A1;LUZP1;PLEKHB1;SLAIN1;PTN;NDRG1;TRAK2;EDNRB;MOBP;CHN2;MICALL1;MYH14;NEFL;NGFR;PPP1R14A;MOG;GAD1;FRMD4B;OLIG2;MEIS2;ERMN;SCRT1;PEX5L;WNK1;PKP4;SERINC5;RAPGEF4
ChEA_2022,ESR1 22446102 ChIP-Seq UTERUS Mouse,8.05733822662118e-05,0.003019381482818042,22,TMOD1;IL33;CLIC4;SLC44A1;LUZP1;FNBP1;NRXN3;TGFA;FRMD4B;SYNJ2;LITAF;LAPTM4B;ZEB2;EDNRB;MICALL1;CNTN2;MBP;PHACTR1;ARSG;ENPP6;GPM6B;RAPGEF4
ChEA_2022,SUZ12 18692474 ChIP-Seq MEFs Mouse,8.481741821926752e-05,0.003019500088605924,20,TMOD1;NGFR;GPR37;SLC32A1;PLLP;GAD1;GPR88;GAB1;TGFA;OLIG1;ATP2B2;SYNJ2;OLIG2;APLN;GATM;EDNRB;CHN2;NEFL;RGS7BP;GPM6B
ChEA_2022,JARID2 20064375 ChIP-Seq MESCs Mouse,0.0001026496824847038,0.003480313044243291,19,SLC32A1;UNC5B;GAD1;NCAN;GPR88;OLIG1;OLIG2;MEIS2;SCRT1;APLN;FNDC5;DOCK10;ZEB2;GJC2;NEFL;PRR18;RGS7BP;S1PR5;NEFH
ChEA_2022,SUZ12 18974828 ChIP-Seq MESCs Mouse,0.00010919915451219703,0.003534081727849286,26,PHLDB1;TMEM63A;MEGF10;GPR88;TGFA;NDRG1;GRM3;EDNRB;NEFL;MBP;NEFM;GPM6B;GPR37;SLC32A1;PLLP;UNC5B;SORT1;GAD1;GAB1;ESRRG;OLIG1;ATP2B2;FRMD4B;OLIG2;GATM;RGS7BP
ChEA_2022,DPY 21335234 ChIP-Seq ESCs Mouse,0.00012231280982219657,0.0037863791562349545,26,PLEKHB1;GPR88;PRR5L;TMEM125;GJC2;KIF5A;INPP5J;NEFM;S1PR5;PPP1R14A;IL33;MOG;SLC32A1;FNBP1;CMTM5;ELOVL7;MEIS2;SCRT1;FNDC5;MYO1D;PACS2;CDC42EP2;PKP4;TRIM59;PTMA;HCN2
ChEA_2022,JARID2 20075857 ChIP-Seq MESCs Mouse,0.00013556257248523396,0.004021689650395274,20,TMEM151A;PHLDB1;SLC32A1;UNC5B;GAD1;GPR88;OLIG1;OLIG2;SOX10;MEIS2;SCRT1;DOCK10;ZEB2;TMEM125;NEFL;PRR18;NEFM;RGS7BP;S1PR5;GPM6B
ChEA_2022,STAT5A 24692510 ChIP-Seq Epithelium Mouse Mammary,0.0001551064970960958,0.004417433037296808,30,SLC48A1;PHLDB1;CLIC4;TMEM63A;PDE1C;CNP;MEGF10;MYRF;SETD7;LITAF;LAPTM4B;UBASH3B;MICALL1;KIF13B;PHACTR1;SLC38A3;GPM6B;IL33;CMTM5;GAB1;ATP2B2;FRMD4B;MOB3B;APLN;GJB1;PKP4;PTMA;SERINC5;CREB5;RAPGEF4
ChEA_2022,RARB 27405468 Chip-Seq BRAIN Mouse,0.0001756803909619042,0.004810939937110607,26,CNP;NCAN;PLEKHB1;GPR88;TGFA;AKAP5;GJC3;TMEM125;GNG7;NEFM;NEFH;TMOD1;CAP1;GAD1;ELMOD1;ATP2B2;FRMD4B;MEIS2;SCRT1;FNDC5;ARC;FEZ1;TYRO3;MAP6D1;PTMA;HCN2
ChEA_2022,SOX2 18692474 ChIP-Seq MESCs Mouse,0.00019994024610582128,0.00527249834175351,33,GLTP;TMEM63A;RNF13;LUZP1;PLOD1;LAPTM4B;MOBP;CHN2;KIF5A;KIF13B;NEFL;MBP;PHACTR1;ENPP6;BCAS1;TMOD1;PPP1R14A;MOG;FNBP1;UNC5B;SORT1;CMTM5;GAD1;ATP2B2;SYNJ2;ELOVL7;ANLN;ARC;WNK1;TYRO3;PTMA;ASPA;SERINC5
ChEA_2022,MYB 21317192 ChIP-Seq ERMYB Mouse,0.0002311265990024587,0.0058772192317768064,16,CAP1;IL33;CLIC4;TMEM63A;MEGF10;SORT1;PLEKHB1;SYNJ2;CLDN11;MYO1D;ANLN;ZEB2;MICALL1;KIF13B;PKP4;MBP
ChEA_2022,LEF1 29337183 ChIP-Seq mESC Mouse Stem,0.00026041624353958495,0.006393667772420155,33,SLC48A1;PHLDB1;CLIC4;PHLPP1;SLC44A1;SETD7;TGFA;PRR5L;PTN;NDRG1;LITAF;TRAK2;CHN2;MICALL1;MYH14;ARSG;ENPP6;FNBP1;UNC5B;ELMOD1;GAB1;FRMD4B;FOXN3;SYNJ2;MEIS2;MOB3B;QDPR;PKP4;PTMA;SERINC5;HCN2;CREB5;RAPGEF4
ChEA_2022,RNF2 27304074 Chip-Seq ESCs Mouse,0.00028884349686829493,0.0067877431670769145,21,TMEM151A;PHLDB1;GPR37;SLC32A1;UNC5B;GAD1;GPR88;SETD7;ESRRG;OLIG1;SOX10;NDRG1;MEIS2;SCRT1;DOCK10;FA2H;GJC2;NEFL;RGS7BP;S1PR5;PTMA
ChEA_2022,SUZ12 18555785 ChIP-Seq MESCs Mouse,0.00029822419304025575,0.0067877431670769145,17,GPR37;UNC5B;GAD1;GPR88;GAB1;OLIG1;FRMD4B;OLIG2;APLN;GRM3;FA2H;GATM;EDNRB;NEFL;MBP;RGS7BP;SLC38A3
ChEA_2022,SMAD4 21741376 ChIP-Seq HESCs Human,0.0003104112150282363,0.0067877431670769145,28,CLIC4;PDE1C;SLC44A1;MEGF10;SETD7;NRXN3;NDRG1;GRM3;LAPTM4B;CHN2;MICALL1;GNA12;MBP;ARSG;GPM6B;BCAS1;PPP1R14A;GPR37;PLLP;ESRRG;ERMN;FA2H;ANLN;GATM;WNK1;PKP4;SERINC5;CREB5
ChEA_2022,NR3C1 34362910 ChIP-Seq WistarRat Hippocampus Stress,0.0003146004557774413,0.0067877431670769145,15,LUZP1;OPALIN;UNC5B;SORT1;LGI3;GAB1;ATP2B2;FRMD4B;DOCK10;ZEB2;PACS2;GNG7;RGS7BP;ASPA;RAPGEF4
ChEA_2022,STAT3 24763339 ChIP-Seq IMN-ESCs Mouse,0.00033190741653989935,0.0069505317816590684,23,NGFR;PHLPP1;MOG;CNP;SLC44A1;SLC32A1;FNBP1;UNC5B;LPAR1;SLAIN1;FRMD4B;FOXN3;PTN;QDPR;ANLN;PEX5L;ZEB2;TMEM125;UBASH3B;TYRO3;KIF13B;TRIM59;PLEKHH1
ChEA_2022,NANOG 18692474 ChIP-Seq MESCs Mouse,0.00035153377953698006,0.007151201458009422,31,TMEM63A;SLC44A1;RNF13;LUZP1;TGFA;PLOD1;LAPTM4B;MOBP;CHN2;KIF5A;KIF13B;NEFL;MBP;PHACTR1;ENPP6;PPP1R14A;MOG;FNBP1;UNC5B;GAD1;ATP2B2;FRMD4B;SYNJ2;OLIG2;ELOVL7;SCRT1;ANLN;TYRO3;PLP1;ASPA;SERINC5
ChEA_2022,NR3C1 34362910 ChIP-Seq WistarRat Hippocampus,0.0004007390139646899,0.007925727165079423,14,LUZP1;UNC5B;SORT1;LGI3;GAB1;ATP2B2;FRMD4B;ZEB2;PACS2;MBP;RGS7BP;ASPA;GPM6B;RAPGEF4
ChEA_2022,AF4 28076791 ChIP-Seq SEM Human Blood Leukemia,0.00043264604183924254,0.008325513021338937,14,CLIC4;FNBP1;GAB1;ATP2B2;FRMD4B;DOCK10;ZEB2;UBASH3B;PACS2;WNK1;ARSG;PTMA;GPM6B;SERINC5
ChEA_2022,CTCF 26484167 Chip-Seq Bcells Mouse,0.0004470696346007349,0.008376673153571663,24,SLC48A1;NGFR;TMEM63A;PHLPP1;TTYH2;SLC32A1;FNBP1;CMTM5;GAD1;NCAN;PLEKHB1;SYNJ2;LITAF;ERMN;FNDC5;MYO1D;LAPTM4B;ZEB2;GJC2;WNK1;GNG7;TYRO3;PTMA;NEFH
ChEA_2022,RING1B 27294783 Chip-Seq NPCs Mouse,0.0005204472073871773,0.009501497734863338,25,PHLDB1;TMEM63A;PHLPP1;LUZP1;GPR88;DOCK10;GNG7;NEFH;NGFR;SLC32A1;UNC5B;GAD1;ESRRG;OLIG1;OLIG2;ELOVL7;MEIS2;SCRT1;MYO1D;ZEB2;FEZ1;PKP4;RGS7BP;PTMA;CREB5
ChEA_2022,TEAD4 22529382 ChIP-Seq TROPHECTODERM Mouse,0.0006193454036465434,0.011024348184908472,26,CLIC4;PHLPP1;RNF13;ITGB4;NRXN3;GRM3;LAPTM4B;EDNRB;UBASH3B;GNG7;MICALL1;MYH14;MBP;PLEKHH1;FNBP1;ELMOD1;ESRRG;ATP2B2;FRMD4B;FOXN3;MEIS2;MYO1D;ANLN;PKP4;TRIM59;RAPGEF4
ChEA_2022,NRF2 31884422 ChIP-Seq A549 Human Lung Carcinoma,0.0006592899292229563,0.011449132429432803,24,SPECC1;SLC48A1;IL33;PDE1C;CNP;SLC44A1;OPALIN;ITGB4;SETD7;LPAR1;NRXN3;TGFA;ESRRG;FOXN3;SYNJ2;NDRG1;DOCK10;MYO1D;ARC;WNK1;GNA12;NEFL;GPM6B;CREB5
ChEA_2022,SOX2 21211035 ChIP-Seq LN229 Gbm,0.0006877672475762272,0.011659292387482709,35,PHLDB1;TTYH2;MEGF10;PLEKHB1;NRXN3;TGFA;DOCK10;GRM3;CHN2;KIF5A;GNA12;KIF13B;MBP;PHACTR1;ENPP6;BCAS1;TMOD1;CAP1;PPP1R14A;SLC32A1;UNC5B;GAD1;GAB1;ESRRG;ATP2B2;GNG11;MEIS2;MYO1D;ARC;PACS2;PLXNB3;PLP1;CNTN2;PVALB;CREB5
ChEA_2022,KDM2B 26808549 Chip-Seq K562 Human,0.0007469288382566264,0.012367751926481815,25,CLIC4;TMEM63A;LUZP1;ITGB4;UBASH3B;GNG7;NGFR;SLC32A1;UNC5B;SORT1;GAD1;SYNJ2;MEIS2;ERMN;SCRT1;QKI;FNDC5;MYO1D;PACS2;FEZ1;TYRO3;PRR18;PTMA;SERINC5;HCN2
ChEA_2022,LMO2 26923725 Chip-Seq HEMANGIOBLAST Mouse,0.0008672688764887119,0.014033987274090068,22,TMOD1;CLIC4;SETD7;LPAR1;GAB1;NRXN3;ESRRG;ATP2B2;FRMD4B;FOXN3;SYNJ2;NDRG1;MYO1D;ARC;ZEB2;UBASH3B;CNTN2;PKP4;PHACTR1;NEFM;SERINC5;BCAS1
ChEA_2022,TCF4 23295773 ChIP-Seq U87 Human,0.0011175033568051797,0.017681386445450843,39,SLC48A1;PDE1C;SLC44A1;RNF13;ITGB4;NRXN3;TGFA;PRR5L;DOCK10;GRM3;LAPTM4B;EDNRB;MYH14;PHACTR1;ARSG;ENPP6;GPR37;PLLP;UNC5B;GAD1;ESRRG;ATP2B2;FOXN3;OLIG2;ELOVL7;MEIS2;ERMN;CLDN11;MYO1D;FA2H;ANLN;MAG;ZEB2;WNK1;PKP4;RGS7BP;SERINC5;CREB5;RAPGEF4
ChEA_2022,EZH2 27304074 Chip-Seq ESCs Mouse,0.001164235556291238,0.01802034165389916,14,PHLDB1;SLC32A1;UNC5B;GAD1;GPR88;ESRRG;OLIG2;SOX10;MEIS2;SCRT1;TMEM125;GJC2;NEFL;S1PR5
ChEA_2022,AR 22383394 ChIP-Seq PROSTATE CANCER Human,0.001251116009155496,0.01895307656422794,23,GPR37;MEGF10;SETD7;GAB1;NRXN3;ESRRG;AKAP5;FRMD4B;FOXN3;ELOVL7;PTN;NDRG1;QKI;MYO1D;MOBP;WNK1;FABP7;CHN2;GNA12;PHACTR1;RGS7BP;PLEKHH1;SERINC5
ChEA_2022,SOX2 18692474 ChIP-Seq MEFs Mouse,0.0015590168462250673,0.0231254165523385,23,GLTP;TMOD1;PPP1R14A;MOG;RNF13;FNBP1;SORT1;CMTM5;GAD1;ATP2B2;PLOD1;SYNJ2;ANLN;ARC;MOBP;CHN2;KIF5A;TYRO3;KIF13B;NEFL;MBP;PTMA;ASPA
ChEA_2022,TOP2B 26459242 ChIP-Seq MCF-7 Human,0.0016798220683881778,0.024408843116171072,23,NGFR;GPR37;PDE1C;SLC44A1;MEGF10;LUZP1;PLEKHB1;NRXN3;TGFA;FRMD4B;FOXN3;SYNJ2;PTN;MYO1D;GRM3;ZEB2;UBASH3B;PACS2;CHN2;GNA12;NEFL;PKP4;PLEKHH1
ChEA_2022,FOXA1 21572438 ChIP-Seq LNCaP Human,0.001721840134435221,0.024519003514357547,23,CAP1;PHLDB1;MOG;ELMOD1;ESRRG;FRMD4B;OLIG2;PTN;GNG11;QKI;DOCK10;ADAMTS4;FA2H;PEX5L;TMEM125;FEZ1;FABP7;TYRO3;MBP;PHACTR1;PLEKHH1;PVALB;SERINC5
ChEA_2022,SMARCD1 25818293 ChIP-Seq ESCs Mouse,0.0018184985344004221,0.025387665813590206,24,GPR37;PHLPP1;PDE1C;SLC44A1;LUZP1;GAB1;NRXN3;ESRRG;FRMD4B;FOXN3;SYNJ2;LITAF;DOCK10;MYO1D;ADAMTS4;FA2H;GJB1;EDNRB;NACC2;CHN2;KIF13B;PHACTR1;ARSG;GPM6B
ChEA_2022,PBX 27287812 Chip-Seq EMBYONIC-LIMB Mouse,0.0018585008058102153,0.025447164879555256,22,PHLDB1;TMEM63A;MOG;PDE1C;CNP;MEGF10;GAD1;ESRRG;FOXN3;ERMN;CLDN11;ADAMTS4;ARC;GJC3;MOBP;KIF5A;GNA12;INPP5J;MAP6D1;S1PR5;CREB5;RAPGEF4
ChEA_2022,P53 22387025 ChIP-Seq ESCs Mouse,0.0022125032344342027,0.02972268496070099,22,TMEM63A;PHLPP1;SLC44A1;SLC32A1;FNBP1;GPR88;LPAR1;ESRRG;PRR5L;MEIS2;ERMN;TRAK2;DOCK10;ADAMTS4;PEX5L;ZEB2;NACC2;CNTN2;PKP4;PTMA;RAPGEF4;BCAS1
ChEA_2022,EZH2 23942234 ChIP-Seq MYOBLASTS AND MYOTUBES Mouse,0.0023032238323342285,0.030118351428977747,14,SLC32A1;ITGB4;NCAN;SYNJ2;OLIG2;LITAF;SCRT1;GJC2;GNG7;NEFL;PKP4;PVALB;SERINC5;HCN2
ChEA_2022,NR3C1 27076634 ChIP-Seq BEAS2B Human Lung Inflammation,0.002341985482790784,0.030118351428977747,37,PHLDB1;PHLPP1;SLC44A1;MYRF;ITGB4;NCAN;LPAR1;NRXN3;TGFA;PRR5L;PLOD1;NDRG1;LITAF;UBASH3B;NACC2;GNG7;CHN2;GNA12;KIF13B;MBP;PHACTR1;ARSG;SPECC1;CAP1;PLLP;UNC5B;SORT1;GAB1;ESRRG;FRMD4B;FOXN3;JOSD2;SEPTIN4;QKI;WNK1;PTMA;CREB5
ChEA_2022,CTCF 31629814 ChIP-Seq Hepatocytes Mouse Tyrosinemia,0.002368859101155553,0.030118351428977747,37,GLTP;SLC48A1;CLIC4;SLC44A1;MEGF10;MYRF;ITGB4;LPAR1;TGFA;PRR5L;AKAP5;LITAF;DOCK10;LAPTM4B;UBASH3B;NACC2;MICALL1;NEFM;SPECC1;PPP1R14A;IL33;UNC5B;LGI3;ELMOD1;GAB1;FRMD4B;FOXN3;SYNJ2;ELOVL7;MOB3B;APLN;MYO1D;FA2H;PEX5L;PACS2;FEZ1;TRIM59
ChEA_2022,EGR1 20690147 ChIP-Seq ERYTHROLEUKEMIA Human,0.0025588005562514277,0.03196256133422836,53,GLTP;PHLDB1;CLIC4;ITGB4;PLOD1;LITAF;GRM3;KIF5A;KIF13B;PHACTR1;ENPP6;SLC32A1;FNBP1;UNC5B;ELMOD1;GAB1;OLIG1;OLIG2;JOSD2;FNDC5;CLDN11;ARC;MAG;PACS2;FEZ1;PKP4;PTMA;CREB5;RAPGEF4;TMEM63A;PDE1C;TTYH2;LUZP1;GPR88;NRXN3;NDRG1;GNG7;MBP;SLC38A3;SPECC1;NGFR;GAD1;LGI3;SYNJ2;MEIS2;SCRT1;QKI;MYO1D;FA2H;ANLN;WNK1;MAP6D1;HCN2
ChEA_2022,ZFP281 27345836 Chip-Seq ESCs Mouse,0.0029479497639764898,0.03618862468881484,23,TMEM63A;CNP;TTYH2;UNC5B;PLEKHB1;SETD7;SLAIN1;OLIG2;NDRG1;MEIS2;SCRT1;TRAK2;DOCK10;MAG;ZEB2;FABP7;MICALL1;TYRO3;KIF13B;MAP6D1;ARSG;PTMA;HCN2
ChEA_2022,GATA1 19941827 ChIP-Seq MEL Mouse,0.0030546597374272277,0.03644586874513407,21,SPECC1;TMOD1;IL33;SLC32A1;GAB1;NRXN3;TGFA;AKAP5;FOXN3;TRAK2;FNDC5;ANLN;UBASH3B;PACS2;GNA12;CDC42EP2;MBP;ARSG;RGS7BP;S1PR5;GPM6B
ChEA_2022,SMAD3 21741376 ChIP-Seq ESCs Human,0.003071281074028152,0.03644586874513407,22,PHLDB1;CNP;TTYH2;SLC32A1;LUZP1;OPALIN;PLLP;UNC5B;LPAR1;OLIG1;MEIS2;DOCK10;MYO1D;UBASH3B;NACC2;CHN2;GNA12;MAP6D1;SLC38A3;ENPP6;PLEKHH1;SERINC5
ChEA_2022,YAP1 20516196 ChIP-Seq MESCs Mouse,0.0034089878383650194,0.03979015312976875,25,PDE1C;TTYH2;MEGF10;RNF13;PLEKHB1;SETD7;NRXN3;PTN;NDRG1;LITAF;DOCK10;UBASH3B;GNG7;MBP;PHACTR1;ARSG;ENPP6;GAB1;ATP2B2;FRMD4B;ELOVL7;MYO1D;FA2H;PEX5L;PTMA
ChEA_2022,GF1 26923725 Chip-Seq HPCs Mouse,0.003583666363478198,0.0411543621096206,17,PHLDB1;CLIC4;SORT1;ITGB4;ESRRG;FRMD4B;SYNJ2;NDRG1;SCRT1;ZEB2;UBASH3B;CNTN2;PKP4;MBP;PHACTR1;GPM6B;BCAS1
ChEA_2022,GF1B 26923725 Chip-Seq HPCs Mouse,0.003756032013253734,0.04244597865242679,19,TMOD1;PPP1R14A;CLIC4;SLC44A1;ITGB4;GPR88;ESRRG;FOXN3;PEX5L;ZEB2;EDNRB;UBASH3B;CNTN2;PKP4;MBP;PHACTR1;GPM6B;CREB5;BCAS1
ChEA_2022,ERA 27197147 Chip-Seq ENDOMETRIOID-ADENOCARCINOMA Human,0.0038153688676338684,0.04244597865242679,14,GLTP;PPP1R14A;GPR37;SETD7;TGFA;PRR5L;NDRG1;LAPTM4B;MICALL1;KIF13B;MBP;ENPP6;PLEKHH1;CREB5
ChEA_2022,CTNNB1 20460455 ChIP-Seq HCT116 Human,0.0038979393742390183,0.04262838039988005,14,SLC32A1;RNF13;FNBP1;FOXN3;MYO1D;PACS2;GNG7;MBP;PHACTR1;ARSG;SERINC5;HCN2;CREB5;RAPGEF4
ChEA_2022,DROSHA 22980978 ChIP-Seq HELA Human,0.003951507171898994,0.04262838039988005,9,SPECC1;MAG;PEX5L;GNG7;MYH14;MBP;PHACTR1;SYNJ2;MOB3B
ChEA_2022,SUZ12 18555785 Chip-Seq ESCs Mouse,0.0041232026409679596,0.043816720602525186,21,TMEM63A;PHLPP1;SLC32A1;FNBP1;GAD1;ESRRG;PRR5L;MEIS2;ERMN;TRAK2;DOCK10;CLDN11;ADAMTS4;PEX5L;GATM;NACC2;TYRO3;CNTN2;PKP4;PTMA;BCAS1
ChEA_2022,CMYC 18555785 Chip-Seq ESCs Mouse,0.004384086233611902,0.04590396174017168,21,TMEM63A;PHLPP1;SLC32A1;FNBP1;GAD1;LPAR1;ESRRG;PRR5L;MEIS2;TRAK2;DOCK10;ADAMTS4;PEX5L;ZEB2;GATM;NACC2;TYRO3;CNTN2;PTMA;RAPGEF4;BCAS1
ChEA_2022,EBF1 22473956 ChIP-Seq BONE MARROW Mouse,0.004485410943825078,0.046284240463818196,21,TMEM63A;PHLPP1;FNBP1;GAD1;ESRRG;PRR5L;MEIS2;ERMN;TRAK2;DOCK10;CLDN11;PEX5L;ZEB2;GATM;NACC2;TYRO3;CNTN2;PKP4;PTMA;RAPGEF4;BCAS1
ChEA_2022,PU1 27457419 Chip-Seq LIVER Mouse,0.004765218954880787,0.04786566107350953,21,TMEM63A;PHLPP1;SLC44A1;SLC32A1;FNBP1;GAD1;SETD7;ESRRG;PRR5L;ERMN;TRAK2;DOCK10;ADAMTS4;ZEB2;GATM;NACC2;CNTN2;PKP4;PTMA;RAPGEF4;BCAS1
ChEA_2022,EP300 20729851 ChIP-Seq FORBRAIN MIDBRAIN LIMB HEART Mouse,0.004773120696937045,0.04786566107350953,19,TMOD1;NGFR;PHLDB1;CLIC4;FNBP1;UNC5B;GAD1;ESRRG;ATP2B2;PLOD1;SLAIN1;FOXN3;JOSD2;TRAK2;CHN2;TYRO3;CNTN2;PTMA;CREB5
ChEA_2022,NANOG 18555785 Chip-Seq ESCs Mouse,0.005212126316832537,0.05052221836441818,21,TMEM63A;PHLPP1;FNBP1;LPAR1;ESRRG;PRR5L;PTN;MEIS2;ERMN;TRAK2;DOCK10;ADAMTS4;PEX5L;ZEB2;GATM;TYRO3;CNTN2;PKP4;PTMA;RAPGEF4;BCAS1
ChEA_2022,SOX2 20726797 ChIP-Seq SW620 Human,0.005226711268335143,0.05052221836441818,25,CLIC4;SLC44A1;SETD7;LITAF;KLK6;TRAK2;TMEM125;CHN2;MYH14;MBP;BCAS1;NGFR;GPR37;PLLP;GAB1;FRMD4B;ELOVL7;MEIS2;QKI;QDPR;CLDN11;CDC42EP2;PKP4;SERINC5;RAPGEF4
ChEA_2022,RCOR3 21632747 ChIP-Seq MESCs Mouse,0.005268767027951818,0.05052221836441818,27,TMEM151A;TTYH2;NCAN;NRXN3;ADAMTS4;EDNRB;NACC2;CHN2;MYH14;NEFL;MBP;NEFM;NEFH;NGFR;PPP1R14A;MOG;SLC32A1;UNC5B;GAD1;ATP2B2;MEIS2;SCRT1;MYO1D;ARC;PEX5L;HCN2;RAPGEF4
ChEA_2022,RNF2 16625203 ChIP-ChIP MESCs Mouse,0.005321862889510341,0.05052221836441818,14,PHLDB1;SLC32A1;UNC5B;SETD7;GAB1;OLIG1;PLOD1;OLIG2;GATM;EDNRB;GNA12;NEFL;PKP4;NEFH
ChEA_2022,VDR 23401126 ChIP-Seq LCL-AND-THP1 Human,0.005644384169176419,0.05169492226052935,6,GNG7;LPAR1;FOXN3;ARSG;NEFH;MOB3B
ChEA_2022,NANOG 18692474 ChIP-Seq MEFs Mouse,0.005651899404383298,0.05169492226052935,21,PPP1R14A;MOG;RNF13;FNBP1;GAD1;TGFA;ATP2B2;PLOD1;SYNJ2;OLIG2;ELOVL7;ANLN;MOBP;CHN2;KIF5A;TYRO3;PLP1;KIF13B;NEFL;MBP;ASPA
ChEA_2022,TAL1 30185409 ChIP-Seq HPC Mouse BoneMarrow Leukemia,0.005674843011475132,0.05169492226052935,27,CLIC4;PLEKHB1;PRR5L;AKAP5;PTN;DOCK10;GRM3;EDNRB;UBASH3B;NACC2;GNA12;NEFL;MBP;NEFH;TMOD1;GPR37;ELMOD1;FOXN3;SYNJ2;MEIS2;SCRT1;MYO1D;ZEB2;WNK1;PTMA;SERINC5;HCN2
ChEA_2022,AR 27623747 ChIP-Seq 22Rv1 Mouse Prostate Carcinoma,0.00573581300362615,0.05169492226052935,33,CLIC4;TMEM63A;SLC44A1;NCAN;TGFA;NDRG1;TRAK2;DOCK10;GRM3;GJC2;EDNRB;NACC2;CHN2;GNA12;INPP5J;MYH14;PLEKHH1;GPM6B;SPECC1;IL33;OPALIN;SORT1;FRMD4B;S100B;GNG11;MOB3B;QDPR;ANLN;ARC;MAP6D1;ASPA;SERINC5;CREB5
ChEA_2022,TP63 23658742 ChIP-Seq EP156T Human,0.006422100422248206,0.05701194510114678,34,PHLDB1;SLC44A1;TGFA;NDRG1;TRAK2;DOCK10;LAPTM4B;GJC3;UBASH3B;MOBP;NEFL;NEFH;BCAS1;NGFR;IL33;GPR37;FNBP1;UNC5B;GAB1;FRMD4B;FOXN3;SYNJ2;S100B;QKI;APLN;FNDC5;CLDN11;MYO1D;ANLN;PEX5L;GJB1;FEZ1;FABP7;RAPGEF4
ChEA_2022,GATA1 30185409 ChIP-Seq HPC Mouse BoneMarrow Leukemia,0.0064859094848214735,0.05701194510114678,14,TMOD1;CLIC4;GAB1;AKAP5;SYNJ2;CLDN11;ADAMTS4;GJB1;MBP;NEFM;S1PR5;SERINC5;HCN2;BCAS1
ChEA_2022,SRY 25088423 ChIP-ChIP EMBRYONIC GONADS Mouse,0.006706730108936126,0.05823404679954295,31,SLC48A1;PDE1C;SLC44A1;MEGF10;NCAN;LPAR1;LITAF;TMEM125;GJC2;EDNRB;NACC2;KIF5A;INPP5J;MYH14;NEFL;NEFM;NGFR;OPALIN;CMTM5;GAD1;LGI3;SYNJ2;OLIG2;JOSD2;SCRT1;CLDN11;MYO1D;ARC;MAG;FEZ1;CDC42EP2
ChEA_2022,PU.1 20176806 ChIP-Seq MACROPHAGES Mouse,0.0073760259520606365,0.06259605454175188,20,SLC48A1;SLC44A1;FNBP1;SETD7;SLAIN1;NDRG1;CLDN11;GJC3;GJC2;EVI2A;WNK1;GNG7;GNA12;INPP5J;TYRO3;PHACTR1;S1PR5;PVALB;CREB5;RAPGEF4
ChEA_2022,PPARG 20176806 ChIP-Seq 3T3-L1 Mouse,0.007384927783015671,0.06259605454175188,19,SLC48A1;CAP1;SLC44A1;RNF13;LUZP1;OLIG1;PRR5L;AKAP5;FRMD4B;PTN;NDRG1;ZEB2;GJB1;EDNRB;CDC42EP2;MAP6D1;MBP;SERINC5;CREB5
ChEA_2022,RUNX1 27457419 Chip-Seq LIVER Mouse,0.007701624936233041,0.06439738251393333,20,TMEM63A;PHLPP1;SLC44A1;FNBP1;SETD7;ESRRG;PRR5L;MEIS2;ERMN;TRAK2;DOCK10;CLDN11;ADAMTS4;ZEB2;NACC2;TYRO3;CNTN2;PTMA;RAPGEF4;BCAS1
ChEA_2022,PPARG 20176806 ChIP-Seq MACROPHAGES Mouse,0.007846008063054542,0.06439738251393333,16,CNP;SLC44A1;UNC5B;PRR5L;FRMD4B;FOXN3;OLIG2;LITAF;ERMN;DOCK10;ADAMTS4;FA2H;ZEB2;GNA12;MBP;ENPP6
ChEA_2022,SCL 21571218 ChIP-Seq MEGAKARYOCYTES Human,0.007868781290326123,0.06439738251393333,20,NGFR;UNC5B;CMTM5;GAD1;ATP2B2;FRMD4B;FOXN3;GNG11;ERMN;QKI;DOCK10;CLDN11;MYO1D;ARC;UBASH3B;GNA12;PKP4;PTMA;PVALB;BCAS1
ChEA_2022,SMAD1 26771354 ChIP-Seq mESC Mouse Stem,0.008292551393078749,0.06663264190109838,15,NGFR;PPP1R14A;CNP;SLC32A1;RNF13;PRR5L;PLOD1;FOXN3;SYNJ2;SOX10;MOB3B;EDNRB;KIF13B;CNTN2;PKP4
ChEA_2022,KLF4 18555785 Chip-Seq ESCs Mouse,0.008329080237637298,0.06663264190109838,20,TMEM63A;PHLPP1;SLC32A1;FNBP1;ESRRG;PRR5L;MEIS2;TRAK2;DOCK10;CLDN11;ADAMTS4;PEX5L;GATM;NACC2;TYRO3;CNTN2;PKP4;PTMA;RAPGEF4;BCAS1
ChEA_2022,OCT4 18555785 Chip-Seq ESCs Mouse,0.008688528313644993,0.06823255984886459,20,TMEM63A;PHLPP1;SLC32A1;GAD1;SETD7;ESRRG;PRR5L;MEIS2;TRAK2;DOCK10;CLDN11;ADAMTS4;GATM;NACC2;TYRO3;CNTN2;PKP4;PTMA;RAPGEF4;BCAS1
ChEA_2022,CHD4 35695185 ChIP-Seq nicBasalRootGanglia Mouse Embryo,0.008720734475065559,0.06823255984886459,26,CNP;SLC44A1;LUZP1;NCAN;TGFA;NDRG1;LAPTM4B;UBASH3B;MYH14;NEFL;NEFM;GPM6B;CAP1;GAB1;FRMD4B;FOXN3;SYNJ2;MOB3B;ARC;ZEB2;FEZ1;FABP7;TYRO3;TRIM59;RGS7BP;PTMA
ChEA_2022,POU5F1 18692474 ChIP-Seq MESCs Mouse,0.009389947333841252,0.07256532573376555,34,TMEM63A;TTYH2;SLC44A1;RNF13;LUZP1;PLEKHB1;SETD7;PLOD1;LAPTM4B;MOBP;GNG7;KIF5A;KIF13B;NEFL;MBP;ENPP6;NGFR;PPP1R14A;MOG;FNBP1;PLLP;UNC5B;SORT1;GAD1;ATP2B2;FRMD4B;OLIG2;ELOVL7;SCRT1;FA2H;ANLN;TYRO3;ASPA;SERINC5
ChEA_2022,NACC1 18358816 ChIP-ChIP MESCs Mouse,0.00947833608601151,0.07256532573376555,10,PPP1R14A;EDNRB;SLC44A1;MOBP;PLLP;CNTN2;MBP;PHACTR1;SYNJ2;PTMA
ChEA_2022,SOX2 18555785 Chip-Seq ESCs Mouse,0.009709188805854183,0.07291247665816307,20,TMEM63A;PHLPP1;SLC32A1;FNBP1;SORT1;ESRRG;PRR5L;MEIS2;TRAK2;DOCK10;ADAMTS4;PEX5L;ZEB2;GATM;NACC2;TYRO3;CNTN2;PTMA;RAPGEF4;BCAS1
ChEA_2022,PAX3-FKHR 20663909 ChIP-Seq RHABDOMYOSARCOMA Human,0.009769285741615133,0.07291247665816307,14,MEGF10;FNBP1;SETD7;OLIG1;QKI;TRAK2;DOCK10;GRM3;LAPTM4B;PEX5L;ZEB2;EDNRB;PKP4;BCAS1
ChEA_2022,NFKB1 27076634 ChIP-Seq BEAS2B Human Lung Inflammation,0.009830895729190527,0.07291247665816307,41,CLIC4;PDE1C;MEGF10;GPR88;LPAR1;NRXN3;PTN;NDRG1;TRAK2;DOCK10;NACC2;GNG7;GNA12;KIF13B;PHACTR1;ARSG;BCAS1;SPECC1;TMOD1;GPR37;FNBP1;PLLP;UNC5B;GAB1;ESRRG;ATP2B2;FRMD4B;SYNJ2;OLIG2;ELOVL7;SEPTIN4;MEIS2;QKI;PEX5L;ZEB2;CDC42EP2;PKP4;TRIM59;SERINC5;CREB5;RAPGEF4
ChEA_2022,TAL1 26923725 Chip-Seq HPCs Mouse,0.010684106171866437,0.07842354220998869,19,TMOD1;GPR37;PLLP;ITGB4;GPR88;SYNJ2;NDRG1;MEIS2;ERMN;TRAK2;QDPR;GRM3;WNK1;CNTN2;MAP6D1;MBP;PHACTR1;RGS7BP;BCAS1
ChEA_2022,MYC 19915707 ChIP-ChIP AK7 Human,0.010873451610003663,0.07899895455431233,22,CAP1;CLIC4;GPR37;UNC5B;ITGB4;GPR88;NRXN3;ATP2B2;PLOD1;PTN;S100B;LITAF;KLK6;QDPR;ANLN;CHN2;CNTN2;MYH14;MBP;SERINC5;CREB5;BCAS1
ChEA_2022,MECOM 23826213 ChIP-Seq KASUMI Mouse,0.011045271761665311,0.07908352962846116,20,SLC48A1;TMOD1;CAP1;TMEM63A;PHLPP1;RNF13;SETD7;SLAIN1;SYNJ2;NDRG1;MEIS2;LITAF;TRAK2;DOCK10;ZEB2;PACS2;WNK1;PLXNB3;CDC42EP2;RGS7BP
ChEA_2022,E2F1 18555785 Chip-Seq ESCs Mouse,0.011119501825475964,0.07908352962846116,20,CLIC4;TMEM63A;PHLPP1;FNBP1;GPR88;ESRRG;PRR5L;MEIS2;TRAK2;DOCK10;ADAMTS4;PEX5L;GATM;NACC2;TYRO3;CNTN2;PKP4;PTMA;RAPGEF4;BCAS1
ChEA_2022,BACH1 22875853 ChIP-PCR HELA AND SCP4 Human,0.011218309680441822,0.07908352962846116,16,TMOD1;PDE1C;GAD1;GAB1;NRXN3;SYNJ2;OLIG2;NDRG1;QKI;MYO1D;GATM;EDNRB;FABP7;CNTN2;MBP;CREB5
ChEA_2022,TFAP2C 20629094 ChIP-Seq MCF-7 Human,0.011629257611720673,0.08117677862299136,15,NGFR;CLIC4;CNP;ITGB4;LGI3;GAB1;SYNJ2;FNDC5;DOCK10;MAG;NACC2;GNG7;MBP;ARSG;SERINC5
ChEA_2022,EOMES 20176728 ChIP-ChIP TSCs Mouse,0.012744534171258027,0.08744910141155579,17,SPECC1;PPP1R14A;CLIC4;FNBP1;UNC5B;PLEKHB1;ELMOD1;PLOD1;LITAF;FNDC5;MYO1D;ANLN;EDNRB;GNG7;NEFL;MBP;RGS7BP
ChEA_2022,SA1 22415368 ChIP-Seq MEFs Mouse,0.012773464251126127,0.08744910141155579,20,SLC48A1;NGFR;PHLPP1;MEGF10;UNC5B;SORT1;CMTM5;GAD1;PLEKHB1;LPAR1;PRR5L;PTN;ERMN;FNDC5;MYO1D;LAPTM4B;ZEB2;GJC2;WNK1;GNG7
ChEA_2022,KDM2B 26808549 Chip-Seq JURKAT Human,0.013346319978551463,0.09050076023551087,21,SLC48A1;CAP1;PHLDB1;CLIC4;TMEM63A;MOG;SLC32A1;LUZP1;ITGB4;OLIG1;PLOD1;SYNJ2;MEIS2;SCRT1;QKI;PACS2;WNK1;CDC42EP2;PKP4;PTMA;HCN2
ChEA_2022,KLF4 19030024 ChIP-ChIP MESCs Mouse,0.014113215091790305,0.09455076708642826,16,PPP1R14A;CLIC4;TTYH2;SLC44A1;SLC32A1;RNF13;OLIG1;SYNJ2;OLIG2;LITAF;ANLN;ZEB2;NEFL;TRIM59;NEFM;PTMA
ChEA_2022,ZFP322A 24550733 ChIP-Seq MESCs Mouse,0.014209174267202,0.09455076708642826,3,TMEM125;PDE1C;LITAF
ChEA_2022,E2F1 20622854 ChIP-Seq HELA Human,0.014342965466174343,0.09455732788811233,20,PHLDB1;CNP;TTYH2;PLLP;ITGB4;PLEKHB1;PLOD1;NDRG1;SCRT1;FNDC5;GJC3;GJB1;GNA12;TYRO3;PRR18;MBP;S1PR5;SLC38A3;PVALB;HCN2
ChEA_2022,CDH4 35650610 ChIP-Seq mESC Mouse Stem Autism,0.014497621671094788,0.09470006082403201,12,SPECC1;MOG;PACS2;MYRF;FEZ1;PLEKHB1;KIF13B;MYH14;NEFL;PRR18;SOX10;LITAF
ChEA_2022,RUNX1 21571218 ChIP-Seq MEGAKARYOCYTES Human,0.015828173158762174,0.10175564420644374,43,SLC48A1;CLIC4;PHLPP1;TTYH2;SLC44A1;MEGF10;LUZP1;NCAN;PLEKHB1;LPAR1;TGFA;PRR5L;TRAK2;DOCK10;GNG7;CHN2;KIF5A;GNA12;KIF13B;MBP;PHACTR1;ENPP6;BCAS1;CAP1;NGFR;FNBP1;PLLP;GAD1;ATP2B2;FOXN3;SYNJ2;S100B;APLN;MYO1D;MAG;PACS2;WNK1;FEZ1;TYRO3;PKP4;PTMA;PVALB;HCN2
ChEA_2022,OCT4 19829295 ChIP-Seq ESCs Human,0.015863590599600078,0.10175564420644374,20,CAP1;TMEM151A;CNP;TTYH2;FNBP1;ITGB4;FRMD4B;FOXN3;JOSD2;ELOVL7;NDRG1;LITAF;ERMN;ARC;GNG7;CHN2;MICALL1;CDC42EP2;NEFL;MBP
ChEA_2022,STAT3 18555785 ChIP-Seq MESCs Mouse,0.016505503538883564,0.1049278439257598,19,NGFR;IL33;CLIC4;ITGB4;OLIG1;OLIG2;MEIS2;LAPTM4B;FA2H;ANLN;PEX5L;EDNRB;NACC2;CHN2;NEFL;PKP4;SLC38A3;RAPGEF4;BCAS1
ChEA_2022,CTCF 20526341 ChIP-Seq ESCs Human,0.01667035194326325,0.10503796976640206,20,GLTP;PPP1R14A;PHLDB1;TMEM63A;SLC32A1;OPALIN;SORT1;CMTM5;PLEKHB1;LPAR1;PLOD1;JOSD2;PTN;MEIS2;TMEM125;TYRO3;MYH14;MBP;NEFH;PLEKHH1
ChEA_2022,P300 19829295 ChIP-Seq ESCs Human,0.01698111036547017,0.10605746122995403,20,GPR37;MEGF10;LUZP1;LPAR1;PTN;MEIS2;LITAF;KLK6;CLDN11;MYO1D;GRM3;FA2H;PEX5L;ZEB2;EDNRB;PRR18;MBP;TRIM59;ENPP6;SERINC5
ChEA_2022,PHOX2B 30127528 ChIP-Seq BE2C Human Brain Neuroblastoma,0.0173688885867971,0.10753607542434378,12,DOCK10;ZEB2;MOBP;WNK1;SORT1;FABP7;ESRRG;FOXN3;RGS7BP;GPM6B;CREB5;RAPGEF4
ChEA_2022,STAT3 18555785 Chip-Seq ESCs Mouse,0.017588733954615566,0.10792083937631411,19,TMEM63A;PHLPP1;SLC32A1;RNF13;GAD1;ESRRG;PRR5L;MEIS2;ERMN;TRAK2;DOCK10;ADAMTS4;GATM;NACC2;TYRO3;CNTN2;PTMA;RAPGEF4;BCAS1
ChEA_2022,SPI1 20517297 ChIP-Seq HL60 Human,0.01783231020033602,0.10792083937631411,14,IL33;CLIC4;CNP;TTYH2;CMTM5;FRMD4B;FOXN3;SYNJ2;FNDC5;EDNRB;PACS2;CNTN2;MYH14;SLC38A3
ChEA_2022,HAND2 30127528 ChIP-Seq KELLY Human Brain Neuroblastoma,0.01801036174126527,0.10792083937631411,36,TMEM151A;PHLDB1;CLIC4;SETD7;NDRG1;LITAF;DOCK10;ADAMTS4;GJC3;GJC2;INPP5J;NEFL;NEFM;ARSG;GPM6B;BCAS1;SPECC1;TMOD1;FNBP1;ESRRG;FRMD4B;JOSD2;MEIS2;SCRT1;FNDC5;QDPR;CLDN11;FA2H;ARC;PLXNB3;TYRO3;SERINC5;MYORG;HCN2;CREB5;RAPGEF4
ChEA_2022,P300 18555785 Chip-Seq ESCs Mouse,0.018037331300254745,0.10792083937631411,19,TMEM63A;PHLPP1;SLC32A1;FNBP1;ESRRG;PRR5L;MEIS2;TRAK2;DOCK10;CLDN11;ADAMTS4;ZEB2;GATM;NACC2;TYRO3;CNTN2;PTMA;RAPGEF4;BCAS1
ChEA_2022,EBF1 22473956 ChIP-Seq LYMPHODE Mouse,0.018726981309203812,0.11111342243460928,19,TMEM63A;PHLPP1;FNBP1;GAD1;SETD7;ESRRG;PRR5L;ERMN;TRAK2;DOCK10;CLDN11;ADAMTS4;ZEB2;GATM;NACC2;CNTN2;PTMA;RAPGEF4;BCAS1
ChEA_2022,UBF1/2 26484160 Chip-Seq HMECs Human,0.019171314436177252,0.11273698503956169,20,CLIC4;TMEM63A;PHLPP1;LUZP1;UNC5B;ITGB4;PLEKHB1;GPR88;PLOD1;MEIS2;LITAF;MAG;ZEB2;UBASH3B;WNK1;MICALL1;PKP4;S1PR5;PTMA;SERINC5
ChEA_2022,NMYC 18555785 Chip-Seq ESCs Mouse,0.019317292380374333,0.11273698503956169,19,TMEM63A;PHLPP1;SLC32A1;FNBP1;GAD1;GPR88;SETD7;ESRRG;PRR5L;TRAK2;DOCK10;ADAMTS4;GATM;NACC2;TYRO3;CNTN2;PTMA;RAPGEF4;BCAS1
ChEA_2022,TCFCP2L1 18555785 Chip-Seq ESCs Mouse,0.01967838732751336,0.11391066485519928,19,TMEM63A;PHLPP1;FNBP1;GPR88;LPAR1;ESRRG;PRR5L;MEIS2;TRAK2;DOCK10;ADAMTS4;PEX5L;ZEB2;GATM;CNTN2;PKP4;PTMA;RAPGEF4;BCAS1
ChEA_2022,LMO2 26923725 Chip-Seq HEMOGENIC-ENDOTHELIUM Mouse,0.020168006838669775,0.11580339410591033,19,PHLDB1;CLIC4;LUZP1;FNBP1;SORT1;TGFA;ESRRG;FOXN3;NDRG1;FA2H;ZEB2;EDNRB;UBASH3B;MBP;PHACTR1;SLC38A3;SERINC5;RAPGEF4;BCAS1
ChEA_2022,CEBPB 21427703 ChIP-Seq 3T3-L1 Mouse,0.02195668516855128,0.12448144410675659,19,SLC48A1;PHLDB1;CLIC4;PHLPP1;SLC44A1;SLC32A1;RNF13;UNC5B;JOSD2;NDRG1;GNG11;MEIS2;FA2H;ANLN;ZEB2;WNK1;CHN2;TYRO3;PTMA
ChEA_2022,TP63 22573176 ChIP-Seq HFKS Human,0.02202901960316198,0.12448144410675659,35,GLTP;PHLPP1;LUZP1;ITGB4;SETD7;LPAR1;PRR5L;PLOD1;KLK6;DOCK10;LAPTM4B;EDNRB;INPP5J;S1PR5;NGFR;PPP1R14A;MOG;SORT1;CMTM5;ESRRG;FRMD4B;S100B;SOX10;MEIS2;APLN;CLDN11;ANLN;FEZ1;FABP7;PLXNB3;PKP4;PTMA;HCN2;CREB5;RAPGEF4
ChEA_2022,SOX2 21211035 ChIP-Seq GBM Human Brain Glioblastoma,0.024214269893659955,0.13575244223847155,3,PLP1;PLXNB3;CNTN2
ChEA_2022,NANOG 16518401 ChIP-PET MESCs Mouse,0.02462665691690662,0.13698577910029308,20,PDE1C;FNBP1;PLEKHB1;GPR88;GAB1;NRXN3;FRMD4B;PTN;ARC;GJB1;MOBP;CHN2;PLP1;CNTN2;NEFL;PKP4;PHACTR1;PTMA;ASPA;PLEKHH1
ChEA_2022,CEBPB 26923725 Chip-Seq HEMOGENIC-ENDOTHELIUM Mouse,0.02716746572325945,0.14994756275163357,18,CLIC4;RNF13;LUZP1;FNBP1;SORT1;CMTM5;SETD7;FRMD4B;NDRG1;LITAF;LAPTM4B;GATM;MOBP;CDC42EP2;KIF13B;CNTN2;GPM6B;BCAS1
ChEA_2022,DNAJC2 21179169 ChIP-ChIP NT2 Human,0.028925620482083452,0.15842339833264169,11,PPP1R14A;PHLDB1;MAG;UBASH3B;MEGF10;NCAN;NDRG1;MEIS2;HCN2;CREB5;KLK6
ChEA_2022,TBX2 33478486 ChIP-Seq IMR90 Human Lung,0.02972058339966872,0.1602412277628156,26,PHLDB1;PDE1C;TTYH2;ITGB4;NCAN;NRXN3;CCP110;GJC2;UBASH3B;MYH14;NEFL;NEFM;SLC38A3;PPP1R14A;SLC32A1;GAD1;ESRRG;ATP2B2;FRMD4B;JOSD2;CLDN11;ARC;PACS2;PLXNB3;PRR18;PTMA
ChEA_2022,P53 21459846 ChIP-Seq SAOS-2 Human,0.029859767532664148,0.1602412277628156,19,SLC48A1;PHLDB1;CLIC4;GPR37;TTYH2;FNBP1;PLLP;SLAIN1;FRMD4B;OLIG2;ELOVL7;FNDC5;GRM3;GNA12;TYRO3;CNTN2;SLC38A3;ENPP6;SERINC5
ChEA_2022,BMI1 23680149 ChIP-Seq NPCS Mouse,0.029932701253447293,0.1602412277628156,12,NGFR;FA2H;GPR37;SLC32A1;GAD1;GPR88;ELMOD1;NEFL;ESRRG;NEFM;ARSG;GNG11
ChEA_2022,FOXH1 21741376 ChIP-Seq ESCs Human,0.030703887288752302,0.1612196350477869,19,NGFR;CLIC4;FNBP1;FRMD4B;FOXN3;JOSD2;SCRT1;LAPTM4B;UBASH3B;FEZ1;CDC42EP2;MAP6D1;PKP4;MBP;SLC38A3;ENPP6;PTMA;NEFH;PLEKHH1
ChEA_2022,STAT5B 24692510 ChIP-Seq Epithelium Mouse Mammary,0.030787671391782255,0.1612196350477869,8,PHLDB1;TMEM63A;CNP;PKP4;FRMD4B;SLC38A3;LITAF;GPM6B
ChEA_2022,RNF2 18974828 ChIP-Seq MESCs Mouse,0.03105513937049547,0.1612196350477869,14,PHLDB1;PLLP;UNC5B;GAD1;GPR88;SETD7;OLIG1;OLIG2;SCRT1;APLN;CLDN11;NEFL;NEFM;RGS7BP
ChEA_2022,EZH2 18974828 ChIP-Seq MESCs Mouse,0.03105513937049547,0.1612196350477869,14,PHLDB1;PLLP;UNC5B;GAD1;GPR88;SETD7;OLIG1;OLIG2;SCRT1;APLN;CLDN11;NEFL;NEFM;RGS7BP
ChEA_2022,ZFX 18555785 Chip-Seq ESCs Mouse,0.03124762589409353,0.1612196350477869,18,TMEM63A;PHLPP1;SLC32A1;FNBP1;ESRRG;PRR5L;MEIS2;TRAK2;DOCK10;ADAMTS4;GATM;NACC2;TYRO3;CNTN2;PKP4;PTMA;RAPGEF4;BCAS1
ChEA_2022,STAT3 19079543 ChIP-ChIP MESCs Mouse,0.031484307928002025,0.1612721384513485,10,LAPTM4B;SLC32A1;PLLP;UNC5B;ITGB4;GAD1;CDC42EP2;ATP2B2;OLIG2;BCAS1
ChEA_2022,TAL1 26923725 Chip-Seq HEMANGIOBLAST Mouse,0.03190945318454291,0.1622823619099611,14,TMOD1;CLIC4;TMEM63A;NRXN3;TGFA;FRMD4B;SYNJ2;NDRG1;ZEB2;CNTN2;MBP;PHACTR1;NEFM;BCAS1
ChEA_2022,TAL1 20566737 ChIP-Seq PRIMARY FETAL LIVER ERYTHROID Mouse,0.03252016089861072,0.1630588349282453,18,SLC48A1;TMOD1;CLIC4;MEGF10;NRXN3;TGFA;SYNJ2;SCRT1;TRAK2;FA2H;ZEB2;UBASH3B;NACC2;GNA12;CDC42EP2;ARSG;PTMA;HCN2
ChEA_2022,CTCF 18555785 Chip-Seq ESCs Mouse,0.03252016089861072,0.1630588349282453,18,TMEM63A;PHLPP1;SLC32A1;GAD1;ESRRG;PRR5L;MEIS2;TRAK2;DOCK10;ADAMTS4;PEX5L;GATM;TMEM125;NACC2;TYRO3;CNTN2;PTMA;BCAS1
ChEA_2022,SMAD4 21741376 ChIP-Seq EPCs Human,0.03316333555714038,0.16512094347331432,19,TMOD1;MEGF10;GPR88;PRR5L;AKAP5;OLIG2;PTN;NDRG1;MEIS2;FA2H;ANLN;UBASH3B;WNK1;CHN2;GNA12;MAP6D1;ENPP6;ASPA;SERINC5
ChEA_2022,ISL1 30127528 ChIP-Seq BE2C Human Brain Neuroblastoma,0.03347177772224803,0.1654993454044486,11,DOCK10;LAPTM4B;PHLDB1;WNK1;ESRRG;RGS7BP;MEIS2;LITAF;GPM6B;CREB5;RAPGEF4
ChEA_2022,PIAS1 25552417 ChIP-Seq VCAP Human,0.034935001154703674,0.17154290222171736,9,DOCK10;MYO1D;ZEB2;MEGF10;LPAR1;NRXN3;MAP6D1;FOXN3;ELOVL7
ChEA_2022,SOX2 18358816 ChIP-ChIP MESCs Mouse,0.03557830390584685,0.17326166726735626,9,ARC;MOBP;PLLP;NEFL;PHACTR1;OLIG2;PTMA;SCRT1;SERINC5
ChEA_2022,PU.1 20513432 ChIP-Seq MACROPHAGES Mouse,0.03577172062963675,0.17326166726735626,18,SLC48A1;CNP;SLC32A1;SETD7;SLAIN1;NDRG1;CLDN11;ADAMTS4;GJC3;GJC2;EVI2A;GNG7;MICALL1;TYRO3;MAP6D1;PHACTR1;PLEKHH1;GPM6B
ChEA_2022,NR3C1 21868756 ChIP-Seq MCF10A Human,0.03662257534568131,0.1761842813927371,12,ZEB2;EDNRB;UBASH3B;GNG7;LPAR1;NRXN3;ESRRG;JOSD2;NDRG1;MEIS2;PLEKHH1;GPM6B
ChEA_2022,PPARD 21283829 ChIP-Seq MYOFIBROBLAST Human,0.037415404324554376,0.17849390384851577,29,CLIC4;SLC44A1;PLEKHB1;SETD7;PLOD1;AKAP5;ADAMTS4;LAPTM4B;UBASH3B;NACC2;GNG7;MBP;NEFM;ENPP6;BCAS1;TMOD1;FNBP1;GAB1;ATP2B2;FOXN3;ELOVL7;MEIS2;QKI;ZEB2;PACS2;FEZ1;TYRO3;PKP4;PTMA
ChEA_2022,GATA1 19941827 ChIP-Seq MEL86 Mouse,0.03779378050447675,0.17849390384851577,18,SLC48A1;TMOD1;IL33;CLIC4;TMEM63A;SLC44A1;GAB1;TGFA;FOXN3;NDRG1;LITAF;ANLN;ZEB2;NACC2;CDC42EP2;PHACTR1;ARSG;S1PR5
ChEA_2022,Nerf2 26677805 Chip-Seq MACROPHAGESS Mouse,0.03785474646225545,0.17849390384851577,13,SLC48A1;RNF13;FNBP1;UNC5B;SORT1;SYNJ2;LITAF;DOCK10;ZEB2;EDNRB;UBASH3B;PACS2;ENPP6
ChEA_2022,SOX9 24532713 ChIP-Seq HFSC Mouse,0.03854991700787766,0.18057592703690062,15,IL33;TMEM63A;PHLPP1;RNF13;GAB1;FRMD4B;PTN;MEIS2;LITAF;MICALL1;TRIM59;ENPP6;PTMA;CREB5;RAPGEF4
ChEA_2022,KDM2B 26808549 Chip-Seq HPB-ALL Human,0.03954235327943434,0.18401408846377287,19,SLC48A1;CAP1;PHLDB1;CLIC4;TMEM63A;PHLPP1;CNP;SLC32A1;LUZP1;SORT1;SLAIN1;MEIS2;QKI;UBASH3B;PACS2;WNK1;GNG7;PKP4;PTMA
ChEA_2022,TBX2 30127528 ChIP-Seq KELLY Human Brain Neuroblastoma,0.04074460467136089,0.1882450773362676,26,GLTP;CLIC4;PLEKHB1;SETD7;DOCK10;GJC2;NEFL;NEFM;ARSG;NEFH;CAP1;NGFR;FNBP1;PLLP;ESRRG;JOSD2;FNDC5;QDPR;CLDN11;ANLN;ARC;PEX5L;TRIM59;PTMA;MYORG;HCN2
ChEA_2022,FLI1 21867929 ChIP-Seq CD8 Mouse,0.04098031880213691,0.1882450773362676,17,SLC48A1;TMEM151A;CLIC4;CNP;SLC32A1;UNC5B;ITGB4;SETD7;MEIS2;APLN;ADAMTS4;FA2H;EVI2A;INPP5J;S1PR5;ENPP6;RAPGEF4
ChEA_2022,TCFAP2C 20176728 ChIP-ChIP TROPHOBLAST STEM CELLS Mouse,0.04205816484344715,0.19195777800342542,22,CAP1;PPP1R14A;CLIC4;SLC44A1;FNBP1;UNC5B;ITGB4;CMTM5;GAD1;ELMOD1;PLOD1;LITAF;FNDC5;CLDN11;LAPTM4B;ANLN;GNG7;NEFL;MBP;PHACTR1;PTMA;CREB5
ChEA_2022,FOXA1 25552417 ChIP-Seq VCAP Human,0.042506278931229824,0.1927673286562779,19,IL33;GPR37;SLC44A1;LPAR1;OLIG1;AKAP5;SYNJ2;NDRG1;LAPTM4B;MAG;WNK1;CHN2;PLXNB3;CDC42EP2;PKP4;PRR18;TRIM59;RAPGEF4;BCAS1
ChEA_2022,SMC3 22415368 ChIP-Seq MEFs Mouse,0.04367372642677392,0.1968081849105255,18,NGFR;PHLPP1;MEGF10;UNC5B;SORT1;CMTM5;NCAN;PLEKHB1;GAB1;PRR5L;ERMN;CLDN11;ZEB2;GJC2;WNK1;GNG7;CDC42EP2;PKP4
ChEA_2022,KDM2B 26808549 Chip-Seq DND41 Human,0.04404788236182239,0.19724586315482728,19,CAP1;PHLDB1;CLIC4;TMEM63A;MOG;SLC32A1;LUZP1;UNC5B;SORT1;PRR5L;MAG;ZEB2;PACS2;WNK1;CHN2;GNA12;MBP;ENPP6;PTMA
ChEA_2022,AR 35650195 ChIP-Seq DSRCT Human Mesenchymal Sarcoma,0.044927622299587654,0.19992791923316508,12,SPECC1;GLTP;PACS2;WNK1;ESRRG;MBP;AKAP5;SYNJ2;PTMA;SCRT1;RAPGEF4;KLK6
ChEA_2022,POU3F1 26484290 ChIP-Seq ESCss Mouse,0.04625076116730805,0.20453752764672878,18,TMEM63A;PHLPP1;SLC44A1;FNBP1;OPALIN;SORT1;NCAN;PLEKHB1;SETD7;GAB1;MEIS2;GATM;EDNRB;GNG7;KIF13B;CNTN2;PTMA;BCAS1
ChEA_2022,FOXP1 21924763 ChIP-Seq HESCs Human,0.04654797994642716,0.20458124519664284,33,GLTP;CLIC4;TMEM63A;PHLPP1;SLC44A1;PLEKHB1;TGFA;AKAP5;NDRG1;TRAK2;GJC2;INPP5J;S1PR5;SPECC1;OPALIN;PLLP;UNC5B;FOXN3;JOSD2;MEIS2;QKI;FNDC5;QDPR;MYO1D;PACS2;CDC42EP2;TYRO3;MAP6D1;PRR18;TRIM59;PTMA;SERINC5;HCN2
ChEA_2022,TBX5 21415370 ChIP-Seq HL-1 Mouse,0.047214595647571966,0.20610244493015523,18,SPECC1;NGFR;PPP1R14A;CLIC4;LUZP1;FNBP1;ESRRG;FOXN3;JOSD2;MEIS2;LITAF;MYO1D;FA2H;GATM;KIF5A;ARSG;PVALB;RAPGEF4
ChEA_2022,KLF4 18358816 ChIP-ChIP MESCs Mouse,0.04747303506818182,0.20610244493015523,15,GLTP;NGFR;PHLDB1;TMEM63A;SLC44A1;RNF13;GAD1;OLIG2;NDRG1;ADAMTS4;ANLN;KIF5A;CDC42EP2;NEFL;PTMA
ChEA_2022,EBNA2 21746931 ChIP-Seq IB4-LCL Human,0.04889453205617458,0.20808455912962476,14,TMEM151A;PHLDB1;AKAP5;JOSD2;PTN;LITAF;TUBB4A;FNDC5;FEZ1;CNTN2;MYH14;S1PR5;GPM6B;SERINC5
ChEA_2022,EED 16625203 ChIP-ChIP MESCs Mouse,0.04898760987095271,0.20808455912962476,9,PHLDB1;GATM;SLC32A1;UNC5B;SETD7;GAB1;NEFL;OLIG2;NEFH
ChEA_2022,SOX3 22085726 ChIP-Seq MUSCLE Mouse,0.048989371591616995,0.20808455912962476,17,GLTP;PPP1R14A;SLC32A1;SORT1;LGI3;OLIG1;PRR5L;S100B;MEIS2;LAPTM4B;MAG;GNG7;CDC42EP2;MAP6D1;ARSG;SLC38A3;SERINC5
ChEA_2022,RUNX1 26923725 Chip-Seq HPCs Mouse,0.04939085743385756,0.20808455912962476,9,PEX5L;GATM;UBASH3B;FNBP1;SETD7;INPP5J;PHACTR1;PLEKHH1;SCRT1
ChEA_2022,JUND 26020271 ChIP-Seq HCASMC Human CoronaryArtery,0.04939085743385756,0.20808455912962476,9,DOCK10;LAPTM4B;ZEB2;MICALL1;SYNJ2;JOSD2;NDRG1;CREB5;RAPGEF4
ChEA_2022,EWS-ERG 20517297 ChIP-Seq CADO-ES1 Human,0.05012145509536108,0.2090363641680059,11,SLC48A1;IL33;EVI2A;PDE1C;TTYH2;INPP5J;NEFL;ESRRG;OLIG1;ARSG;PTN
ChEA_2022,NR1I2 20693526 ChIP-Seq LIVER Mouse,0.05020395824821489,0.2090363641680059,9,CLIC4;TMEM63A;GJB1;GNG7;NCAN;TGFA;PHACTR1;ATP2B2;RAPGEF4
ChEA_2022,ZFP281 18757296 ChIP-ChIP E14 Mouse,0.05082279212208618,0.2095696021015974,17,GLTP;PPP1R14A;MOG;SLC44A1;PLLP;GAD1;PLEKHB1;SETD7;GAB1;SYNJ2;OLIG2;SCRT1;FA2H;ARC;NEFL;PHACTR1;PTMA
ChEA_2022,P68 20966046 ChIP-Seq HELA Human,0.05095814211384343,0.2095696021015974,18,CAP1;PHLDB1;OPALIN;PLLP;ITGB4;CMTM5;NCAN;PLEKHB1;NRXN3;PLOD1;SCRT1;ARC;GJC3;NACC2;GNA12;TYRO3;S1PR5;HCN2
ChEA_2022,FOXM1 26100407 CHIP-SEQ Hek293 Flp-In Human,0.051215043210221835,0.2095696021015974,18,CLIC4;CNP;PLLP;UNC5B;GAD1;SETD7;LPAR1;GAB1;NRXN3;JOSD2;MEIS2;SCRT1;WNK1;CDC42EP2;KIF13B;PHACTR1;PTMA;CREB5
ChEA_2022,JARID1B-DAIN 22020125 ChIP-Seq ESCs Mouse,0.05189213031537968,0.21032844335541923,17,SLC44A1;FNBP1;OLIG1;OLIG2;SOX10;MEIS2;TRAK2;ARC;TMEM125;WNK1;NACC2;CDC42EP2;MAP6D1;NEFL;MBP;PTMA;PVALB
ChEA_2022,SMRT 22465074 ChIP-Seq MACROPHAGES Mouse,0.05199130060471036,0.21032844335541923,18,GLTP;TMEM63A;CNP;SLC44A1;RNF13;FNBP1;UNC5B;SORT1;CMTM5;PLOD1;AKAP5;LITAF;DOCK10;GATM;PACS2;ARSG;RGS7BP;RAPGEF4
ChEA_2022,ASH2L 23239880 ChIP-Seq MESCs Mouse,0.05271999763133533,0.21110367679294478,27,CLIC4;RNF13;LUZP1;LPAR1;PTN;EDNRB;MOBP;NACC2;KIF13B;ARSG;BCAS1;MOG;SLC32A1;FNBP1;UNC5B;CMTM5;GAD1;FRMD4B;FOXN3;SYNJ2;MEIS2;CLDN11;GJB1;FEZ1;PLXNB3;PKP4;SERINC5
ChEA_2022,SMC1 22415368 ChIP-Seq MEFs Mouse,0.052775919198236196,0.21110367679294478,18,SLC48A1;NGFR;IL33;PHLPP1;UNC5B;SORT1;NCAN;PLEKHB1;LPAR1;PRR5L;NDRG1;LITAF;ERMN;FNDC5;MYO1D;GNG7;PTMA;SERINC5
ChEA_2022,RUNX2 22187159 ChIP-Seq PCA Human,0.053269215764975106,0.21188648952325292,28,CLIC4;TMEM63A;MEGF10;LPAR1;NRXN3;PRR5L;PTN;NDRG1;LITAF;KLK6;NEFL;MBP;PHACTR1;MOG;FNBP1;UNC5B;SORT1;GAB1;ESRRG;OLIG2;MEIS2;SCRT1;QKI;QDPR;FA2H;PRR18;CREB5;RAPGEF4
ChEA_2022,P53 22127205 ChIP-Seq FIBROBLAST Human,0.05499354463535546,0.2137067796201678,8,IL33;FNBP1;LPAR1;TGFA;PKP4;ESRRG;MEIS2;RAPGEF4
ChEA_2022,SPI1 23127762 ChIP-Seq K562 Human,0.05500694060543085,0.2137067796201678,14,PHLDB1;LUZP1;UNC5B;GAB1;ATP2B2;PLOD1;ELOVL7;NDRG1;MEIS2;ANLN;GNG7;PHACTR1;ARSG;PLEKHH1
ChEA_2022,SMAD3 22036565 ChIP-Seq ESCs Mouse,0.05522195331530725,0.2137067796201678,11,TMEM63A;LUZP1;FNBP1;UNC5B;NACC2;CHN2;ATP2B2;FRMD4B;FOXN3;MEIS2;PLEKHH1
ChEA_2022,ETS1 21867929 ChIP-Seq TH2 Mouse,0.05547768073414917,0.2137067796201678,17,SLC48A1;TMEM151A;RNF13;SORT1;ITGB4;SETD7;PRR5L;NDRG1;LITAF;CLDN11;ADAMTS4;GJB1;MOBP;KIF5A;SLC38A3;NEFH;GPM6B
ChEA_2022,PRDM14 20953172 ChIP-Seq ESCs Human,0.055532719869245205,0.2137067796201678,16,CAP1;IL33;PHLDB1;PLEKHB1;ESRRG;ATP2B2;PRR5L;SYNJ2;NDRG1;MEIS2;ANLN;EDNRB;FEZ1;ENPP6;PLEKHH1;SERINC5
ChEA_2022,CSB 26484114 Chip-Seq FIBROBLAST Human,0.05572500063038443,0.2137067796201678,18,TMEM151A;NGFR;PDE1C;LUZP1;OPALIN;OLIG1;FOXN3;SYNJ2;PTN;SOX10;GJC3;EVI2A;WNK1;MICALL1;GNA12;CDC42EP2;KIF13B;PLEKHH1
ChEA_2022,ZFP57 27257070 Chip-Seq ESCs Mouse,0.05582789467605507,0.2137067796201678,10,ZEB2;WNK1;GPR88;KIF13B;PRR5L;NEFM;FOXN3;RGS7BP;LITAF;ERMN
ChEA_2022,P300 27268052 Chip-Seq Bcells Human,0.05627347297645519,0.2142604960386957,18,CAP1;TMEM151A;TTYH2;PLLP;PLEKHB1;LITAF;SCRT1;ARC;GJC3;GJC2;GNG7;CDC42EP2;TYRO3;CNTN2;MYH14;SLC38A3;PLEKHH1;SERINC5
ChEA_2022,ADNP 35650610 ChIP-Seq mESC Mouse Stem Autism,0.05917835955303297,0.22412229788169935,7,MOG;FEZ1;NACC2;KIF13B;NEFL;TRIM59;LITAF
ChEA_2022,ELK1 22589737 ChIP-Seq MCF10A Human,0.060410246234858106,0.2275772239112115,10,CAP1;NGFR;PHLDB1;ARC;WNK1;MICALL1;TGFA;PLOD1;PTN;LITAF
ChEA_2022,SMAD2/3 21741376 ChIP-Seq ESCs Human,0.06079906537923122,0.22783649763164543,18,NGFR;PHLDB1;MOG;TTYH2;SLC32A1;FNBP1;PLOD1;ARC;GJC3;GNA12;MYH14;PKP4;PRR18;MBP;SLC38A3;ASPA;NEFH;PLEKHH1
ChEA_2022,EWS 26573619 Chip-Seq HEK293 Human,0.061120980275933344,0.22784365422232744,9,GRM3;ANLN;ZEB2;CLIC4;PRR18;PRR5L;SLAIN1;PTN;PTMA
ChEA_2022,NANOG 18700969 ChIP-ChIP MESCs Mouse,0.06150233918902805,0.22807117449264572,4,LAPTM4B;NGFR;UNC5B;NEFL
ChEA_2022,SALL4 18804426 ChIP-ChIP MESCs Mouse,0.0630106277303124,0.2324537147356602,10,ANLN;PHLDB1;MOG;SLC44A1;MOBP;PLLP;UNC5B;MAP6D1;FRMD4B;SYNJ2
ChEA_2022,TP53 23651856 ChIP-Seq MEFs Mouse,0.06500109653247968,0.2368534196605425,26,PHLDB1;TTYH2;MEGF10;ITGB4;SETD7;DOCK10;GJC2;GNG7;INPP5J;KIF13B;MBP;NGFR;PPP1R14A;UNC5B;CMTM5;ATP2B2;FOXN3;SYNJ2;MYO1D;ARC;PKP4;PTMA;ASPA;PVALB;SERINC5;CREB5
ChEA_2022,P63 26484246 Chip-Seq KERATINOCYTES Human,0.0652675002179961,0.2368534196605425,18,GLTP;LUZP1;ITGB4;LGI3;PLEKHB1;LPAR1;TGFA;FRMD4B;QKI;KLK6;TRAK2;GJC3;EDNRB;UBASH3B;FEZ1;PKP4;ASPA;SERINC5
ChEA_2022,ATF3 27146783 Chip-Seq COLON Human,0.06557326253386983,0.2368534196605425,18,CLIC4;PHLPP1;CNP;RNF13;OPALIN;SETD7;NDRG1;MEIS2;SCRT1;TRAK2;ANLN;ARC;TMEM125;MICALL1;CDC42EP2;MYH14;SERINC5;BCAS1
ChEA_2022,CTNNB1 20615089 ChIP-ChIP FETAL BRAIN Human,0.06596863570375457,0.2368534196605425,6,TMOD1;PHLDB1;OPALIN;GNG7;SOX10;BCAS1
ChEA_2022,TCF3 18692474 ChIP-Seq MESCs Mouse,0.06609024688172081,0.2368534196605425,12,LAPTM4B;ANLN;TMEM63A;MOG;MOBP;LUZP1;FNBP1;UNC5B;TYRO3;PHACTR1;FRMD4B;ELOVL7
ChEA_2022,CNOT3 19339689 ChIP-ChIP MESCs Mouse,0.06638883185730667,0.2368534196605425,13,NGFR;UNC5B;ITGB4;OLIG1;PLOD1;APLN;ARC;TYRO3;MAP6D1;MBP;TRIM59;PTMA;NEFH
ChEA_2022,PRDM14 21183938 ChIP-Seq MESCs Mouse,0.0666289391002741,0.2368534196605425,17,NGFR;PPP1R14A;SLC44A1;LUZP1;FNBP1;UNC5B;GAB1;PRR5L;FRMD4B;FOXN3;MEIS2;NACC2;GNG7;PKP4;MBP;RAPGEF4;BCAS1
ChEA_2022,TRIM28 17542650 ChIP-ChIP NTERA2 Human,0.06686451875248461,0.2368534196605425,9,CAP1;CLIC4;PDE1C;UNC5B;TYRO3;FOXN3;OLIG2;PTN;NDRG1
ChEA_2022,RBPJ 21746931 ChIP-Seq IB4-LCL Human,0.06759586148474896,0.23708499200562197,17,TTYH2;OPALIN;AKAP5;JOSD2;PTN;NDRG1;LITAF;TUBB4A;SCRT1;FNDC5;FEZ1;CNTN2;PHACTR1;S1PR5;PLEKHH1;GPM6B;SERINC5
ChEA_2022,ENL 26711339 ChIP-Seq SEM Human Blood Leukemia,0.06759586148474896,0.23708499200562197,17,CLIC4;SETD7;GAB1;SLAIN1;FRMD4B;MEIS2;LITAF;TRAK2;DOCK10;ZEB2;UBASH3B;WNK1;MBP;TRIM59;PTMA;GPM6B;SERINC5
ChEA_2022,SOX11 23321250 ChIP-ChIP Z138-A519-JVM2 Human,0.06842727189930975,0.2379685535015361,10,PPP1R14A;TMEM63A;SORT1;GAD1;GNA12;GAB1;CNTN2;SYNJ2;MEIS2;LITAF
ChEA_2022,TCF3 18467660 ChIP-ChIP MESCs Mouse,0.0685162267806389,0.2379685535015361,12,MYO1D;PHLDB1;UNC5B;GAD1;SETD7;TYRO3;PKP4;FRMD4B;OLIG2;ELOVL7;PTMA;SCRT1
ChEA_2022,CREB1 26743006 Chip-Seq LNCaP Human,0.07092350831994218,0.2451336792417419,18,CAP1;TMEM151A;LUZP1;ITGB4;CMTM5;PLOD1;FOXN3;SCRT1;ARC;TMEM125;WNK1;NACC2;CDC42EP2;MYH14;PKP4;MBP;PTMA;ASPA
ChEA_2022,REST 21632747 ChIP-Seq MESCs Mouse,0.07324224822727195,0.2519250277189257,19,SLC32A1;GAD1;NRXN3;ATP2B2;PRR5L;FRMD4B;SCRT1;MYO1D;GRM3;ADAMTS4;ARC;PEX5L;MOBP;WNK1;MYH14;NEFL;NEFM;NEFH;HCN2
ChEA_2022,OCT4 18692474 ChIP-Seq MEFs Mouse,0.0742063513323757,0.2540140487915937,18,NGFR;MOG;RNF13;FNBP1;SORT1;GAD1;PLEKHB1;ATP2B2;PLOD1;OLIG2;MOBP;GNG7;KIF5A;TYRO3;KIF13B;NEFL;MBP;ASPA
ChEA_2022,GATA2 20887958 ChIP-Seq HPC-7 Mouse,0.07539329025314714,0.25684221368536253,15,SLC48A1;NGFR;CLIC4;SLC32A1;FNBP1;GAB1;AKAP5;ERMN;FNDC5;ADAMTS4;MOBP;PLXNB3;CDC42EP2;PRR18;BCAS1
ChEA_2022,CEBPB 26923725 Chip-Seq HEMANGIOBLAST Mouse,0.07588913285152951,0.2573002980489953,7,FNBP1;SETD7;CNTN2;ENPP6;MEIS2;GPM6B;BCAS1
ChEA_2022,GATA2 21666600 ChIP-Seq HMVEC Human,0.0778675363537891,0.2617435736558193,8,DOCK10;PHLDB1;SLC44A1;PLXNB3;MBP;AKAP5;FRMD4B;SYNJ2
ChEA_2022,KDM2B 26808549 Chip-Seq SUP-B15 Human,0.07793488429077765,0.2617435736558193,18,CAP1;NGFR;PHLDB1;TMEM63A;LUZP1;OPALIN;SORT1;QKI;MYO1D;ZEB2;UBASH3B;WNK1;GNA12;TYRO3;MBP;PTMA;SERINC5;HCN2
ChEA_2022,TRIM28 19339689 ChIP-ChIP MESCs Mouse,0.07842138395313147,0.262140964200139,23,SPECC1;PPP1R14A;PHLDB1;CLIC4;SLC32A1;RNF13;UNC5B;ITGB4;PLEKHB1;GAB1;OLIG1;PLOD1;OLIG2;JOSD2;ANLN;ARC;KIF5A;MAP6D1;NEFL;PKP4;SLC38A3;PTMA;NEFH
ChEA_2022,TDRD3 21172665 ChIP-Seq MCF-7 Human,0.08046106605396353,0.26718545180876657,7,QDPR;PHLDB1;ARC;TTYH2;LPAR1;ESRRG;BCAS1
ChEA_2022,RUNX1 22412390 ChIP-Seq EML Mouse,0.08068100019506294,0.26718545180876657,17,GLTP;CAP1;PPP1R14A;PHLDB1;CLIC4;TMEM63A;TTYH2;LUZP1;NCAN;TGFA;FNDC5;MOBP;MICALL1;PLXNB3;MYH14;ARSG;PTMA
ChEA_2022,RACK7 27058665 Chip-Seq MCF-7 Human,0.08250135959041686,0.27194892605730003,18,GLTP;CAP1;CLIC4;PHLPP1;SLC44A1;UNC5B;SORT1;SETD7;PLOD1;LITAF;TMEM125;GJC2;WNK1;CDC42EP2;MYH14;PTMA;NEFH;PLEKHH1
ChEA_2022,TP53 20018659 ChIP-ChIP R1E Mouse,0.08341639004645979,0.2736980171109648,11,ZEB2;UNC5B;ITGB4;GPR88;GAB1;NEFL;OLIG1;NEFM;OLIG2;RGS7BP;PTMA
ChEA_2022,JUN 26020271 ChIP-Seq HCASMC Human CoronaryArtery,0.08382313288303402,0.27370728454495913,7,DOCK10;MICALL1;SYNJ2;JOSD2;NDRG1;CREB5;RAPGEF4
ChEA_2022,BCOR 27268052 Chip-Seq Bcells Human,0.08514044628643103,0.27370728454495913,17,PHLDB1;TTYH2;FNBP1;PLLP;PLOD1;LITAF;GJC3;GJC2;GNG7;CDC42EP2;TYRO3;MYH14;PRR18;S1PR5;SLC38A3;SERINC5;HCN2
ChEA_2022,SOX2 27498859 Chip-Seq STOMACH Mouse,0.08514044628643103,0.27370728454495913,17,TMEM63A;PDE1C;CNP;SLC44A1;PLLP;UNC5B;SORT1;ELOVL7;NDRG1;MYO1D;INPP5J;PKP4;PTMA;NEFH;PLEKHH1;SERINC5;BCAS1
ChEA_2022,MEIS1 26253404 ChIP-Seq OPTIC CUPS Mouse,0.08534131624856872,0.27370728454495913,16,CAP1;PHLPP1;PDE1C;LUZP1;FNBP1;GAD1;FRMD4B;ELOVL7;MEIS2;ERMN;LAPTM4B;ZEB2;UBASH3B;FEZ1;CNTN2;PHACTR1
ChEA_2022,KAP1 27257070 Chip-Seq ESCs Mouse,0.08534131624856872,0.27370728454495913,16,NGFR;PHLPP1;MOG;TTYH2;PLLP;CMTM5;SETD7;SYNJ2;MEIS2;LITAF;MOBP;MYH14;PKP4;NEFM;ARSG;PTMA
ChEA_2022,NANOG 20526341 ChIP-Seq ESCs Human,0.08742984625301321,0.27914820866432916,17,SLC48A1;PPP1R14A;PHLDB1;TTYH2;SLC44A1;SLC32A1;OPALIN;NRXN3;FOXN3;JOSD2;ELOVL7;TMEM125;FABP7;MBP;RGS7BP;S1PR5;BCAS1
ChEA_2022,SPI1 26923725 Chip-Seq HPCs Mouse,0.09014286111562286,0.2855192919720045,16,PPP1R14A;PHLDB1;CLIC4;LUZP1;SETD7;NDRG1;LITAF;ZEB2;UBASH3B;MOBP;INPP5J;NEFL;SLC38A3;PTMA;RAPGEF4;BCAS1
ChEA_2022,JUN 26020271 ChIP-Seq SMOOTH MUSCLE Human,0.09054455508610089,0.2855192919720045,17,SLC48A1;NGFR;FNBP1;LPAR1;FOXN3;OLIG2;JOSD2;SOX10;NDRG1;GNG11;ERMN;MICALL1;KIF13B;PKP4;MBP;CREB5;RAPGEF4
ChEA_2022,REST 18959480 ChIP-ChIP MESCs Mouse,0.09062831458661941,0.2855192919720045,18,SLC32A1;UNC5B;GAD1;NRXN3;OLIG1;ATP2B2;SCRT1;FNDC5;FA2H;ARC;MOBP;KIF5A;CNTN2;MYH14;NEFL;MBP;PHACTR1;HCN2
ChEA_2022,TAL1 21186366 ChIP-Seq BM-HSCs Mouse,0.09178141457429868,0.2874582768246715,16,UNC5B;NRXN3;FOXN3;S100B;MYO1D;GNG7;FABP7;KIF5A;KIF13B;PHACTR1;NEFM;ARSG;RGS7BP;NEFH;SERINC5;HCN2
ChEA_2022,TBX4 33478486 ChIP-Seq IMR90 Human Lung,0.09228337809762208,0.2874582768246715,4,TRIM59;ATP2B2;FRMD4B;KLK6
ChEA_2022,EOMES 21245162 ChIP-Seq HESCs Human,0.09245497948433958,0.2874582768246715,10,MYO1D;GATM;TMEM63A;SLC44A1;PLLP;CHN2;PLEKHB1;MEIS2;PLEKHH1;QKI
ChEA_2022,CEBPD 23245923 ChIP-Seq MEFs Mouse,0.09337635040975455,0.28765585238486885,6,IL33;ZEB2;TMEM63A;PHLPP1;MEIS2;RAPGEF4
ChEA_2022,TAF2 19829295 ChIP-Seq ESCs Human,0.09373055864226063,0.28765585238486885,17,GLTP;TMOD1;PHLDB1;LUZP1;FNBP1;ESRRG;OLIG1;PLOD1;SLAIN1;SOX10;FNDC5;DOCK10;PLXNB3;PLP1;MBP;TRIM59;PVALB
ChEA_2022,SMAD4 21741376 ChIP-Seq ESCs Human,0.09373055864226063,0.28765585238486885,17,GPR37;UNC5B;ITGB4;OLIG1;FOXN3;ELOVL7;PTN;SCRT1;LAPTM4B;GJC3;UBASH3B;MYH14;MAP6D1;PRR18;ENPP6;ASPA;PLEKHH1
ChEA_2022,CEBPB 20513432 ChIP-Seq MACROPHAGES Mouse,0.09469478468745102,0.28936775406637394,16,SLC48A1;CNP;NCAN;SLAIN1;NDRG1;GNG11;ERMN;CLDN11;FA2H;EVI2A;FABP7;MICALL1;GNA12;RGS7BP;PLEKHH1;GPM6B
ChEA_2022,RUNX2 24764292 ChIP-Seq MC3T3 Mouse,0.0957581136497492,0.2902419782084786,17,CAP1;CLIC4;PHLPP1;RNF13;LUZP1;FNBP1;PRR5L;PTN;S100B;NDRG1;CLDN11;ADAMTS4;PACS2;WNK1;CHN2;PKP4;PTMA
ChEA_2022,GATA2 26923725 Chip-Seq HEMANGIOBLAST Mouse,0.09579615853791078,0.2902419782084786,2,DOCK10;GPR88
ChEA_2022,ESR1 20056654 ChIP-Seq MCF-7 Human BreastCancer,0.09641974676846692,0.29089347330147647,10,SLC44A1;LPAR1;MAP6D1;AKAP5;FOXN3;ARSG;PTMA;NEFH;PLEKHH1;BCAS1
ChEA_2022,CRX 20693478 ChIP-Seq RETINA Mouse,0.09809602460062186,0.29362395200034663,16,NGFR;TMEM63A;PHLPP1;UNC5B;ESRRG;S100B;TRAK2;DOCK10;ADAMTS4;GNG7;FABP7;KIF5A;CNTN2;PTMA;ASPA;NEFH
ChEA_2022,SMARCA4 20176728 ChIP-ChIP TSCs Mouse,0.09814957946079003,0.29362395200034663,10,PPP1R14A;MAG;CLIC4;FNBP1;UNC5B;MYH14;NEFL;MBP;PTMA;LITAF
ChEA_2022,THRA 23701648 ChIP-Seq CEREBELLUM Mouse,0.0986881472814561,0.29399983625270604,3,ARC;MAG;MYH14
ChEA_2022,NR3C2 34362910 ChIP-Seq WistarRat Hippocampus,0.09982535888693468,0.2947916641344691,16,TMOD1;MEGF10;LUZP1;UNC5B;SORT1;GAD1;LGI3;JOSD2;MOB3B;DOCK10;MYO1D;PACS2;GNG7;CNTN2;ENPP6;ASPA
ChEA_2022,SMAD4 19686287 ChIP-ChIP HaCaT Human,0.10128914302466238,0.2947916641344691,5,TMEM63A;GAD1;MICALL1;NDRG1;LITAF
ChEA_2022,IRF8 27001747 Chip-Seq BMDM Mouse,0.101573854959062,0.2947916641344691,16,IL33;CLIC4;PHLPP1;MOG;CNP;RNF13;FNBP1;SETD7;SLAIN1;AKAP5;LITAF;DOCK10;PACS2;MBP;ARSG;CREB5
ChEA_2022,LXR 22292898 ChIP-Seq THP-1 Human,0.10158423458558254,0.2947916641344691,17,GLTP;SLC48A1;TTYH2;SORT1;GPR88;ATP2B2;SYNJ2;SOX10;SCRT1;GRM3;ARC;TMEM125;GJC2;PACS2;PRR18;SLC38A3;PTMA
ChEA_2022,SUZ12 16625203 ChIP-ChIP MESCs Mouse,0.10176361228519512,0.2947916641344691,11,GRM3;PHLDB1;SLC32A1;UNC5B;SETD7;GAB1;NEFL;OLIG1;PHACTR1;OLIG2;SLC38A3
ChEA_2022,STAT1 20625510 ChIP-Seq HELA Human,0.10182911245593054,0.2947916641344691,7,PHLDB1;GPR37;MOG;CNP;FRMD4B;SYNJ2;NEFH
ChEA_2022,NR3C1 23031785 ChIP-Seq PC12 Mouse,0.10185217609140365,0.2947916641344691,9,SPECC1;NGFR;FA2H;PEX5L;ZEB2;UNC5B;ELMOD1;NEFL;LITAF
ChEA_2022,GATA2 19941826 ChIP-Seq K562 Human,0.10328923232683106,0.29554076190035794,17,SPECC1;TMOD1;CAP1;CLIC4;SLC32A1;PLLP;FOXN3;SYNJ2;ERMN;TRAK2;MYO1D;GJC2;KIF5A;GNA12;PLXNB3;SERINC5;BCAS1
ChEA_2022,SOX6 21985497 ChIP-Seq MYOTUBES Mouse,0.10334152294026486,0.29554076190035794,16,TMEM63A;PHLPP1;UNC5B;ITGB4;ESRRG;S100B;TRAK2;DOCK10;ADAMTS4;GNG7;FABP7;KIF5A;CNTN2;PTMA;NEFH;HCN2
ChEA_2022,YY1 22570637 ChIP-Seq MALME-3M Human,0.10344918090964636,0.29554076190035794,10,SLC48A1;PHLDB1;ARC;GJC3;TTYH2;ITGB4;INPP5J;ESRRG;S1PR5;SCRT1
ChEA_2022,FOXP2 23625967 ChIP-Seq PFSK-1 AND SK-N-MC Human,0.10377133493692343,0.29554076190035794,9,CLIC4;PHLPP1;UBASH3B;OPALIN;GNA12;TYRO3;SYNJ2;NDRG1;MEIS2
ChEA_2022,AR 21909140 ChIP-Seq LNCAP Human,0.10631320024761479,0.3015736995071782,4,MYO1D;ANLN;KIF13B;NDRG1
ChEA_2022,AR 19668381 ChIP-Seq PC3 Human,0.10696008598881725,0.30220468739697576,27,GLTP;PHLDB1;SLC44A1;SLAIN1;GRM3;LAPTM4B;GNG7;CHN2;KIF13B;NEFL;MBP;PHACTR1;NEFM;ARSG;NEFH;SPECC1;SLC32A1;GAB1;ATP2B2;SOX10;MEIS2;QDPR;MYO1D;PEX5L;PACS2;SERINC5;RAPGEF4
ChEA_2022,ESR1 15608294 ChIP-ChIP MCF-7 Human,0.10769322790038996,0.3030734318777773,2,TGFA;PTMA
ChEA_2022,TRIM28 21343339 ChIP-Seq HEK293 Human,0.11011834253756067,0.308678188530485,2,FABP7;PTMA
ChEA_2022,PU.1 20513432 ChIP-Seq Bcells Mouse,0.11060400113958747,0.3088237208289658,16,GLTP;CNP;NCAN;SETD7;SLAIN1;FNDC5;ADAMTS4;FA2H;GJC3;EVI2A;MICALL1;NEFL;PHACTR1;PLEKHH1;PVALB;GPM6B
ChEA_2022,FOXM1 32153563 ChIP-Seq SKOV3 Human Ovary OvarianCancer,0.11116107281166107,0.30916673375743237,3,UNC5B;ITGB4;NDRG1
ChEA_2022,NR1H3 23393188 ChIP-Seq ATHEROSCLEROTIC-FOAM Human,0.11276976631754757,0.3124205199147621,7,GATM;TMEM63A;SORT1;GNG7;MBP;OLIG1;OLIG2
ChEA_2022,FOXA1 21915096 ChIP-Seq LNCaP-1F5 Human,0.1134418812014737,0.3124865986053289,17,GLTP;PHLPP1;UNC5B;SORT1;SETD7;TGFA;AKAP5;SYNJ2;ELOVL7;ERMN;TMEM125;GNA12;KIF13B;CNTN2;PRR18;PLEKHH1;SERINC5
ChEA_2022,SOX9 26525672 Chip-Seq HEART Mouse,0.11367138909941038,0.3124865986053289,14,TMOD1;CAP1;TMEM151A;CLIC4;MEGF10;FNBP1;ESRRG;FOXN3;SYNJ2;OLIG2;QDPR;CDC42EP2;PHACTR1;PTMA
ChEA_2022,FOXP1 22492998 ChIP-Seq STRATIUM Mouse,0.11423501232672365,0.31282818760241243,1,TMEM125
ChEA_2022,ESRRB 18555785 ChIP-Seq MESCs Mouse,0.11703620824602703,0.3192711887784339,12,SPECC1;FA2H;ANLN;LGI3;GNA12;NEFL;PKP4;PHACTR1;RGS7BP;ELOVL7;ASPA;NEFH
ChEA_2022,KLF4 25985364 ChIP-Seq ATHEROSCLEROSIS LESION Mouse,0.11968052925496096,0.3247565257592919,10,MYO1D;LAPTM4B;EDNRB;OPALIN;PHACTR1;ARSG;LITAF;PLEKHH1;GPM6B;SERINC5
ChEA_2022,STAT5A 28732065 ChIP-Seq J2E Mouse Blood,0.11995922229591822,0.3247565257592919,2,UBASH3B;SETD7
ChEA_2022,E4F1 26484288 ChIP-Seq MOUSE EMBRYONIC FIBROBLAST Mouse,0.12092788170856181,0.3253229270134105,1,TMEM125
ChEA_2022,KLF1 20508144 ChIP-Seq FETAL-LIVER-ERYTHROID Mouse,0.12164064064482763,0.3253229270134105,10,GLTP;FA2H;PEX5L;UBASH3B;PDE1C;CDC42EP2;NRXN3;KIF13B;NDRG1;LITAF
ChEA_2022,NFE2L2 20460467 ChIP-Seq MEFs Mouse,0.12295731457480129,0.3253229270134105,10,SLC48A1;LAPTM4B;IL33;PEX5L;TMEM63A;EDNRB;FNBP1;UNC5B;CHN2;SYNJ2
ChEA_2022,NRF2 20460467 ChIP-Seq MEFs Mouse,0.12295731457480129,0.3253229270134105,10,SLC48A1;LAPTM4B;IL33;PEX5L;TMEM63A;EDNRB;FNBP1;UNC5B;CHN2;SYNJ2
ChEA_2022,RAD21 21589869 ChIP-Seq MESCs Mouse,0.12305928584133845,0.3253229270134105,16,GLTP;PHLPP1;MEGF10;UNC5B;SORT1;CMTM5;GAD1;PLEKHB1;SETD7;CLDN11;FA2H;ANLN;GJC3;NACC2;KIF5A;PLP1
ChEA_2022,MYC 27129775 Chip-Seq CORNEA Mouse,0.12355445195163492,0.3253229270134105,16,TTYH2;SLC44A1;GAD1;PRR5L;FRMD4B;MEIS2;SCRT1;APLN;ARC;MAG;ZEB2;TMEM125;UBASH3B;FEZ1;CNTN2;PRR18
ChEA_2022,CTCF 27219007 Chip-Seq ERYTHROID Human,0.12370892896812208,0.3253229270134105,17,SLC48A1;CAP1;CLIC4;TMEM63A;SLC32A1;LUZP1;UNC5B;GAD1;GPR88;PLOD1;FOXN3;FNDC5;CLDN11;UBASH3B;CDC42EP2;PVALB;HCN2
ChEA_2022,CDX2 19796622 ChIP-Seq MESCs Mouse,0.1238237545233627,0.3253229270134105,4,MYO1D;CLIC4;SLC44A1;ESRRG
ChEA_2022,NR0B1 18358816 ChIP-ChIP MESCs Mouse,0.12662338908944518,0.33145534202825355,13,SLC44A1;GAD1;OLIG2;SCRT1;ADAMTS4;MAG;MOBP;GNA12;CNTN2;MYH14;NEFL;MBP;PHACTR1
ChEA_2022,PPARD 23176727 ChIP-Seq KERATINOCYTES Mouse,0.1275491798142339,0.33146610454065395,3,TMEM125;UNC5B;PLOD1
ChEA_2022,POU5F1 18347094 ChIP-ChIP MESCs Mouse,0.12755858517435278,0.33146610454065395,16,SPECC1;TMEM63A;MOG;LUZP1;PLLP;UNC5B;OLIG1;OLIG2;CHN2;KIF5A;TYRO3;KIF13B;CNTN2;NEFL;PHACTR1;PTMA
ChEA_2022,TBX2 30127528 ChIP-Seq BE2C Human Brain Neuroblastoma,0.1283030837501829,0.3321883477459281,10,PHLDB1;ARC;PLLP;SORT1;PLEKHB1;MICALL1;TYRO3;ESRRG;ARSG;HCN2
ChEA_2022,NFIB 24661679 ChIP-Seq LUNG Mouse,0.12891900050049845,0.33257365346505396,6,ADAMTS4;PHLDB1;TMEM125;KIF13B;FRMD4B;SLC38A3
ChEA_2022,VDR 24787735 ChIP-Seq THP-1 Human,0.12961680531532802,0.33316666203795503,8,CAP1;MYO1D;ZEB2;UBASH3B;MBP;FOXN3;NDRG1;NEFH
ChEA_2022,SOX9 26525672 Chip-Seq Limbbuds Mouse,0.13118358767884597,0.33598098714869906,11,ADAMTS4;NGFR;TMEM63A;PHLPP1;UNC5B;GNG7;CNTN2;ESRRG;FOXN3;PTMA;PLEKHH1
ChEA_2022,ESR1 20079471 ChIP-ChIP T-47D Human,0.13262629926063754,0.33845851280850875,3,MAP6D1;PHACTR1;BCAS1
ChEA_2022,TAL1 22897851 ChIP-Seq JUKARTE6-1 Human,0.13474824905480517,0.34264554759650456,16,CAP1;NGFR;IL33;PHLDB1;PLEKHB1;PRR5L;SYNJ2;NDRG1;FNDC5;PACS2;MICALL1;CDC42EP2;ARSG;ENPP6;PLEKHH1;SERINC5
ChEA_2022,MYCN 19997598 ChIP-ChIP NEUROBLASTOMA Human,0.13605003151620165,0.3447246350161408,3,TTYH2;GNG7;PTN
ChEA_2022,CDX2 20551321 ChIP-Seq CACO-2 Human,0.13728316266523757,0.3456142875937138,5,SLC32A1;UNC5B;PLEKHB1;PHACTR1;BCAS1
ChEA_2022,ERA 21632823 ChIP-Seq H3396 Human,0.1373719710519958,0.3456142875937138,16,GLTP;TMEM151A;SLC44A1;RNF13;LUZP1;NCAN;NRXN3;FA2H;ARC;NACC2;GNG7;GNA12;PLXNB3;MAP6D1;ARSG;HCN2
ChEA_2022,SREBP1 19666523 ChIP-Seq LIVER Mouse,0.13821060684737466,0.3464998312511647,7,SPECC1;NGFR;PLEKHB1;PLOD1;JOSD2;RAPGEF4;TRAK2
ChEA_2022,SMAD4 21799915 ChIP-Seq A2780 Human,0.13918053141183087,0.34770715215867926,21,IL33;MEGF10;ELMOD1;LPAR1;GAB1;NRXN3;ESRRG;ATP2B2;FOXN3;OLIG2;PTN;NDRG1;MEIS2;DOCK10;MYO1D;TMEM125;CHN2;PLP1;PHACTR1;CREB5;BCAS1
ChEA_2022,KAP1 22055183 ChIP-Seq ESCs Mouse,0.14171337363162242,0.35279693015984326,11,FA2H;TMEM63A;TMEM125;CNP;SORT1;GAB1;NEFL;PHACTR1;NEFM;AKAP5;LITAF
ChEA_2022,SOX2 19829295 ChIP-Seq ESCs Human,0.14270724235407614,0.35280401581979937,16,MOG;MEGF10;UNC5B;FRMD4B;ELOVL7;KLK6;FA2H;MAG;PEX5L;TMEM125;MBP;TRIM59;PHACTR1;PTMA;PLEKHH1;BCAS1
ChEA_2022,NANOG 19829295 ChIP-Seq ESCs Human,0.14270724235407614,0.35280401581979937,16,MOG;MEGF10;UNC5B;FRMD4B;ELOVL7;KLK6;FA2H;MAG;PEX5L;TMEM125;MBP;TRIM59;PHACTR1;PTMA;PLEKHH1;BCAS1
ChEA_2022,EWS-FLI1 20517297 ChIP-Seq SK-N-MC Human,0.14576240472529725,0.3580066232137215,6,MYO1D;ARC;SLC32A1;MICALL1;S1PR5;NDRG1
ChEA_2022,SOX2 21211035 ChIP-Seq LN229 Human,0.14596431227378295,0.3580066232137215,16,PHLDB1;CNP;TTYH2;ITGB4;NCAN;SYNJ2;PTN;NDRG1;GJC3;EDNRB;MOBP;NACC2;GNG7;CHN2;MAP6D1;PHACTR1
ChEA_2022,TCF21 26020271 ChIP-Seq HCASMC Human CoronaryArtery,0.14632012268987774,0.3580066232137215,12,DOCK10;SPART;LAPTM4B;PHLDB1;CLIC4;PHLPP1;MICALL1;ARSG;NDRG1;PTMA;ERMN;RAPGEF4
ChEA_2022,TCF12/HEB 22897851 ChIP-Seq JUKARTE6-1 Human,0.14760848751458833,0.35992206544653044,16,CAP1;IL33;SLC32A1;PLEKHB1;PRR5L;FRMD4B;SYNJ2;NDRG1;LITAF;ANLN;ARC;WNK1;CDC42EP2;PHACTR1;SERINC5;RAPGEF4
ChEA_2022,TP53 18474530 ChIP-ChIP U2OS Human,0.1492361600423685,0.36037032551099724,8,PEX5L;CHN2;MAP6D1;TGFA;NEFL;FOXN3;ASPA;QKI
ChEA_2022,MYCN 21190229 ChIP-Seq SHEP-21N Human,0.1493930259544512,0.36037032551099724,4,ELMOD1;ESRRG;NEFH;CREB5
ChEA_2022,SOX2 16153702 ChIP-ChIP HESCs Human,0.14953671577016686,0.36037032551099724,9,PEX5L;CLIC4;MOBP;SORT1;FEZ1;GAD1;CHN2;ELMOD1;PTN
ChEA_2022,BRD4 27068464 Chip-Seq AML-cells Mouse,0.14981687689783033,0.36037032551099724,16,SLC48A1;TMEM63A;PHLPP1;TTYH2;UNC5B;SOX10;LITAF;DOCK10;MAG;PACS2;WNK1;GNG7;MICALL1;CNTN2;S1PR5;HCN2
ChEA_2022,GATA4 25053715 ChIP-Seq YYC3 Human,0.152603228337284,0.36472482352593905,16,GLTP;SLC48A1;PHLDB1;PLLP;ELOVL7;GNG11;ERMN;KLK6;FABP7;CHN2;TYRO3;PKP4;SLC38A3;PLEKHH1;SERINC5;BCAS1
ChEA_2022,ESET 19884257 ChIP-Seq ESCs Mouse,0.15275619656191147,0.36472482352593905,14,SLC48A1;CLIC4;TMEM63A;NCAN;ELMOD1;LAPTM4B;TMEM125;MOBP;FEZ1;CNTN2;MAP6D1;MBP;TRIM59;PHACTR1
ChEA_2022,E2A 27217539 Chip-Seq RAMOS-Cell Line Human,0.15316393572226933,0.36472482352593905,16,SLC48A1;CLIC4;TMEM63A;CNP;GAB1;FOXN3;LITAF;FA2H;ARC;MAG;GNG7;GNA12;MAP6D1;MBP;PTMA;PVALB
ChEA_2022,BCL6 25482012 ChIP-Seq CML-JURL-MK1 Human,0.15428877812104613,0.36617870007394954,16,GLTP;PHLDB1;TTYH2;PLLP;ITGB4;TGFA;FOXN3;SYNJ2;NDRG1;NACC2;MYH14;S1PR5;NEFH;PVALB;HCN2;CREB5
ChEA_2022,FOXO1 23066095 ChIP-Seq LIVER Mouse,0.15643872877093604,0.3692256691309766,4,PHLDB1;GNG7;FOXN3;ENPP6
ChEA_2022,LYL1 20887958 ChIP-Seq HPC-7 Mouse,0.1566097641538693,0.3692256691309766,7,DOCK10;TMEM63A;SLC32A1;FNBP1;PRR18;AKAP5;ERMN
ChEA_2022,TCF7L2 21901280 ChIP-Seq H4IIE Rat,0.15748823376345697,0.37007136118673717,9,IL33;PHLPP1;GNG7;GNA12;ATP2B2;PTMA;NEFH;BCAS1;TRAK2
ChEA_2022,CTCF 33576154 ChIP-Seq Human PerigastricLN ProstateCancer,0.1584257364118775,0.3700899261669138,22,SPECC1;GLTP;NGFR;MEGF10;SORT1;GAD1;TGFA;SYNJ2;NDRG1;ERMN;MOB3B;SPART;MYO1D;WNK1;MICALL1;CDC42EP2;INPP5J;TYRO3;ARSG;PTMA;PLEKHH1;HCN2
ChEA_2022,ZNF652 21678463 ChIP-ChIP ZR75-1 Human,0.15854965838016818,0.3700899261669138,2,CNTN2;QKI
ChEA_2022,ESRRB 18555785 Chip-Seq ESCs Mouse,0.15905550197622978,0.3700899261669138,15,TMEM63A;PHLPP1;SLC32A1;ESRRG;PRR5L;MEIS2;TRAK2;DOCK10;ADAMTS4;GATM;NACC2;CNTN2;PKP4;PTMA;BCAS1
ChEA_2022,GATA1 30185409 ChIP-Seq K562 Mouse BoneMarrow Leukemia,0.15991375912081987,0.37087490714665716,9,TMOD1;CAP1;ZEB2;SLC32A1;S1PR5;ERMN;SCRT1;SERINC5;HCN2
ChEA_2022,SIN3A 21632747 ChIP-Seq MESCs Mouse,0.16066952176954213,0.3714178555192013,10,ARC;GAB1;TYRO3;PKP4;ATP2B2;JOSD2;S1PR5;S100B;SCRT1;HCN2
ChEA_2022,TET1 21490601 ChIP-Seq MESCs Mouse,0.1617109972516496,0.37217608492419313,16,PHLDB1;CNP;LUZP1;LGI3;SETD7;GAB1;ELOVL7;MEIS2;ANLN;TMEM125;EDNRB;CHN2;MBP;NEFM;NEFH;PLEKHH1
ChEA_2022,TCF3/E2A 22897851 ChIP-Seq JUKARTE6-1 Human,0.16204295832373578,0.37217608492419313,15,GPR37;PDE1C;TGFA;NDRG1;CLDN11;GRM3;PEX5L;MOBP;FEZ1;CDC42EP2;MAP6D1;MBP;PTMA;SERINC5;CREB5
ChEA_2022,TP53 22573176 ChIP-Seq HFKS Human,0.16263496598546273,0.37233471312427485,11,QDPR;IL33;PEX5L;GNG7;KIF13B;MAP6D1;NEFL;PHACTR1;ARSG;NDRG1;NEFH
ChEA_2022,TP63 30713093 ChIP-Seq Epithelial Human Tongue SCC,0.1648327363861514,0.37615675739403776,20,PHLDB1;ITGB4;GAD1;PLEKHB1;NRXN3;PLAAT3;FRMD4B;SYNJ2;OLIG2;NDRG1;KLK6;UBASH3B;MICALL1;PLXNB3;MAP6D1;PKP4;MYORG;CREB5;RAPGEF4;BCAS1
ChEA_2022,CREB1 26743006 Chip-Seq LNCaP-abl Human,0.16637306883562825,0.37845886584973576,16,CAP1;CLIC4;TMEM63A;UNC5B;SORT1;CMTM5;PLOD1;SLAIN1;FOXN3;MYO1D;TMEM125;WNK1;MYH14;PKP4;PRR18;HCN2
ChEA_2022,GTF3C2 35216376 ChIP-Seq H9 Human BoneMarrow Lymphoma,0.1680106750272219,0.38096688095344583,13,MEGF10;FNBP1;PLLP;ITGB4;SETD7;GAB1;CLDN11;LAPTM4B;ANLN;UBASH3B;GNG7;CDC42EP2;MYH14
ChEA_2022,ELF1 20517297 ChIP-Seq JURKAT Human,0.1689623786198654,0.3811191703014613,9,CAP1;PHLDB1;TTYH2;SETD7;S1PR5;SLC38A3;NEFH;SCRT1;HCN2
ChEA_2022,EP300 21415370 ChIP-Seq HL-1 Mouse,0.16914839580795193,0.3811191703014613,7,DOCK10;TMOD1;GPR88;GNA12;CNTN2;JOSD2;PTN
ChEA_2022,CTCF 27219007 Chip-Seq Bcells Human,0.17051077801058098,0.3820389836707248,16,CLIC4;MOG;ITGB4;GPR88;SOX10;KLK6;FNDC5;TMEM125;UBASH3B;CDC42EP2;TYRO3;CNTN2;NEFL;S1PR5;PTMA;PLEKHH1
ChEA_2022,NANOG 18347094 ChIP-ChIP MESCs Mouse,0.1714937608126685,0.3820389836707248,14,RNF13;LUZP1;PLLP;TGFA;SYNJ2;OLIG2;SCRT1;MOBP;KIF5A;TYRO3;NEFL;MBP;PHACTR1;CREB5
ChEA_2022,AF4 26711339 ChIP-Seq SEM Human Blood Leukemia,0.17166486679432486,0.3820389836707248,27,PHLDB1;CLIC4;SLC44A1;SETD7;PLOD1;SLAIN1;NDRG1;LITAF;DOCK10;LAPTM4B;UBASH3B;GNA12;MBP;PHACTR1;GPM6B;FNBP1;UNC5B;GAB1;FRMD4B;MEIS2;QKI;QDPR;ZEB2;WNK1;TRIM59;PTMA;SERINC5
ChEA_2022,TCF7 22412390 ChIP-Seq EML Mouse,0.1717029140093145,0.3820389836707248,16,SLC48A1;PHLDB1;CLIC4;PHLPP1;SETD7;AKAP5;NDRG1;LITAF;FNDC5;TMEM125;PACS2;WNK1;GNG7;RGS7BP;PTMA;NEFH
ChEA_2022,PBX1 22567123 ChIP-ChIP OVCAR3 Human,0.17470243946506184,0.3875019841094206,16,GPR37;MOG;CMTM5;LGI3;ESRRG;CLDN11;MYO1D;LAPTM4B;FABP7;TYRO3;MAP6D1;PHACTR1;ARSG;PTMA;PLEKHH1;BCAS1
ChEA_2022,GBX2 23144817 ChIP-Seq PC3 Human,0.17555836073156425,0.38815128507469204,3,TGFA;PHACTR1;PTN
ChEA_2022,ZNF217 24962896 ChIP-Seq MCF-7 Human,0.17608548466169316,0.38815128507469204,13,SLC44A1;ESRRG;FRMD4B;NDRG1;LITAF;QKI;GNG7;CHN2;GNA12;PKP4;ARSG;SERINC5;RAPGEF4
ChEA_2022,GATA3 20176728 ChIP-ChIP TSCs Mouse,0.17808288080525078,0.3906969930625141,7,FNDC5;GLTP;ANLN;GNG7;CMTM5;PLOD1;LITAF
ChEA_2022,CTCF 21964334 Chip-Seq Bcells Human,0.17833781284454647,0.3906969930625141,16,GLTP;CAP1;PHLDB1;CLIC4;SLC32A1;SORT1;FOXN3;SYNJ2;QKI;APLN;FNDC5;MYO1D;CDC42EP2;TYRO3;PTMA;HCN2
ChEA_2022,SALL4 22934838 ChIP-ChIP CD34+ Human,0.1834878594616306,0.40074649060331585,11,FNDC5;GLTP;TMOD1;EDNRB;MEGF10;SLC32A1;RNF13;NEFL;ESRRG;LITAF;SERINC5
ChEA_2022,RUNX1 22343733 ChIP-Seq Kasumi1 Human PeriphBlood AML,0.18449088106173236,0.4017049153393072,5,FNDC5;CLIC4;TTYH2;WNK1;CNTN2
ChEA_2022,WT1 20215353 ChIP-ChIP NEPHRON PROGENITOR Mouse,0.18855476960174924,0.40890506497293233,13,PHLDB1;TTYH2;SLC32A1;GAD1;SETD7;GAB1;SLAIN1;PTN;NDRG1;SCRT1;ADAMTS4;WNK1;TYRO3
ChEA_2022,SMC4 20622854 ChIP-Seq HELA Human,0.1889463010900207,0.40890506497293233,15,TMEM151A;CLIC4;FNBP1;ITGB4;PLEKHB1;ATP2B2;PLOD1;SOX10;NDRG1;ARC;GJC3;WNK1;NACC2;GNG7;MICALL1
ChEA_2022,TFAP2A 17053090 ChIP-ChIP MCF-7 Human,0.1922113628491671,0.41381657612595,15,SPECC1;PHLDB1;TTYH2;ITGB4;PLEKHB1;MEIS2;APLN;EDNRB;WNK1;PLP1;MYH14;MBP;NEFH;PLEKHH1;GPM6B
ChEA_2022,CUX1 19635798 ChIP-ChIP MULTIPLE CANCER TYPES Human,0.19263002303654495,0.41381657612595,16,TMOD1;MEGF10;RNF13;SORT1;PLEKHB1;SYNJ2;OLIG2;APLN;QDPR;LAPTM4B;EDNRB;FABP7;NEFL;PTMA;CREB5;BCAS1
ChEA_2022,POU5F1 26923725 Chip-Seq MESODERM Mouse,0.19354061776677156,0.41381657612595,5,IL33;ZEB2;RNF13;MEIS2;CREB5
ChEA_2022,TEAD4 26923725 Chip-Seq HEMANGIOBLAST Mouse,0.19354061776677156,0.41381657612595,5,IL33;ZEB2;RNF13;MEIS2;CREB5
ChEA_2022,HTT 18923047 ChIP-ChIP STHdh Human,0.1980143354882522,0.42211439181926813,4,MAG;MOG;GAD1;FABP7
ChEA_2022,NR3C2 34362910 ChIP-Seq WistarRat Hippocampus Stress,0.20175188822650278,0.42744684988874315,10,DOCK10;FA2H;UBASH3B;MEGF10;LUZP1;SORT1;GAD1;ATP2B2;ASPA;RAPGEF4
ChEA_2022,SOX3 22085726 ChIP-Seq NPCs Mouse,0.20284332359845872,0.42744684988874315,15,SORT1;NCAN;LPAR1;AKAP5;ELOVL7;SOX10;GRM3;ADAMTS4;PEX5L;GATM;FABP7;KIF13B;RGS7BP;PTMA;HCN2
ChEA_2022,ELF5 23300383 ChIP-Seq T47D Human,0.20290709291117703,0.42744684988874315,9,CHN2;KIF13B;PHACTR1;SYNJ2;JOSD2;SOX10;NDRG1;MEIS2;LITAF
ChEA_2022,SPI1 20176806 ChIP-Seq THIOMACROPHAGE Mouse,0.2029171843572966,0.42744684988874315,12,GLTP;SLC48A1;EVI2A;MOG;UBASH3B;FNBP1;TYRO3;OLIG1;PHACTR1;SLAIN1;NDRG1;LITAF
ChEA_2022,P300 27058665 Chip-Seq ZR-75-30cells Human,0.2055044135426637,0.43042125165031625,16,SLC48A1;CAP1;PHLDB1;CLIC4;TMEM63A;LUZP1;SORT1;PLOD1;FOXN3;ADAMTS4;ZEB2;GJC2;EDNRB;WNK1;CDC42EP2;PTMA
ChEA_2022,RCOR1 19997604 ChIP-ChIP NEURONS Mouse,0.20553823814762293,0.43042125165031625,11,GPR37;PDE1C;KIF5A;GNA12;TGFA;ESRRG;MBP;TRIM59;SYNJ2;ENPP6;ASPA
ChEA_2022,E2F4 21247883 ChIP-Seq LYMPHOBLASTOID Human,0.207206494725659,0.431897709345255,22,SPECC1;GLTP;SLC48A1;CAP1;TMEM63A;PLLP;SORT1;GPR88;NRXN3;PLOD1;SLAIN1;AKAP5;FOXN3;MEIS2;LITAF;FNDC5;GATM;PACS2;WNK1;KIF5A;CDC42EP2;PLEKHH1
ChEA_2022,NANOG 18358816 ChIP-ChIP MESCs Mouse,0.2074564839832545,0.431897709345255,9,MOBP;RNF13;NEFL;MBP;PHACTR1;OLIG2;SCRT1;SERINC5;TRAK2
ChEA_2022,POU2F1 35413990 ChIP-Seq Human ARnegCRProstateCancer,0.2094097325868913,0.43469308921827,5,PDE1C;CHN2;ESRRG;S100B;NDRG1
ChEA_2022,VDR 21846776 ChIP-Seq THP-1 Human,0.21140513459760363,0.4348239107759878,7,ZEB2;PHLPP1;PACS2;WNK1;FOXN3;PTMA;NEFH
ChEA_2022,OCT4 20526341 ChIP-Seq ESCs Human,0.21168285852370033,0.4348239107759878,15,PPP1R14A;PHLDB1;SLC32A1;RNF13;OPALIN;PLLP;CMTM5;JOSD2;MEIS2;MAG;GJC3;UBASH3B;MBP;TRIM59;ASPA
ChEA_2022,LXR 22158963 ChIP-Seq LIVER Mouse,0.21168285852370033,0.4348239107759878,15,CNP;SLC44A1;UNC5B;SORT1;ATP2B2;FOXN3;NDRG1;LITAF;TRAK2;GNA12;KIF13B;PKP4;ASPA;CREB5;BCAS1
ChEA_2022,TCF4 22108803 ChIP-Seq LS180 Human,0.21237011422949756,0.4348239107759878,15,IL33;CLIC4;PDE1C;UNC5B;ITGB4;LPAR1;FRMD4B;MEIS2;DOCK10;NACC2;FABP7;CHN2;PKP4;SERINC5;CREB5
ChEA_2022,RELA 24523406 ChIP-Seq FIBROSARCOMA Human,0.21286481546810468,0.4348239107759878,11,DOCK10;SPECC1;SLC48A1;PHLDB1;CLIC4;GJB1;PLLP;GAD1;MBP;PTMA;QKI
ChEA_2022,FOXA1 27270436 ChIP-Seq LNCaP Human Prostate Carcinoma,0.21343907111933735,0.4348239107759878,17,PHLPP1;CNP;SORT1;NCAN;SETD7;AKAP5;FRMD4B;NDRG1;FNDC5;CHN2;KIF13B;PKP4;PRR18;TRIM59;ASPA;RAPGEF4;BCAS1
ChEA_2022,PHF8 20622854 ChIP-Seq HELA Human,0.2137477089488704,0.4348239107759878,15,CAP1;TMEM151A;PHLDB1;CNP;TTYH2;FNBP1;PLLP;ITGB4;PLOD1;SCRT1;DOCK10;TYRO3;PRR18;S1PR5;HCN2
ChEA_2022,UBF1/2 26484160 Chip-Seq FIBROBLAST Human,0.21512939711294107,0.43636029843475804,15,MEGF10;UNC5B;LPAR1;NRXN3;TGFA;SLAIN1;FRMD4B;PTN;MEIS2;LAPTM4B;ANLN;NEFL;MBP;PHACTR1;SLC38A3
ChEA_2022,PPARG 20176806 ChIP-Seq THIOMACROPHAGE Mouse,0.21572868686662194,0.43636029843475804,7,ADAMTS4;GJC2;UBASH3B;FNBP1;GNA12;PLOD1;OLIG2
ChEA_2022,NFE2L2 22581777 ChIP-Seq LYMPHOBLASTOID Human,0.2188594863564817,0.4411389165116825,5,FNBP1;SETD7;MBP;SYNJ2;ENPP6
ChEA_2022,AR 27270436 ChIP-Seq VCaP Human Prostate Carcinoma,0.21933030399597697,0.4411389165116825,31,LUZP1;SETD7;LPAR1;NRXN3;TGFA;AKAP5;NDRG1;LAPTM4B;TMEM125;BCAS1;SPECC1;TMOD1;GPR37;UNC5B;SORT1;LGI3;OLIG1;FRMD4B;FOXN3;SYNJ2;ELOVL7;QDPR;MYO1D;FA2H;EVI2A;WNK1;PLXNB3;CDC42EP2;PKP4;CREB5;RAPGEF4
ChEA_2022,PCGF4 22325352 ChIP-Seq 293T-Rex Human,0.2228008891422896,0.4434090670030356,15,CAP1;CLIC4;LUZP1;SORT1;GPR88;TGFA;ESRRG;PLOD1;FNDC5;DOCK10;ZEB2;TMEM125;CNTN2;PKP4;RAPGEF4
ChEA_2022,RUNX1 22897851 ChIP-Seq JUKARTE6-1 Human,0.2228008891422896,0.4434090670030356,15,PHLDB1;TTYH2;PRR5L;FOXN3;SYNJ2;JOSD2;NDRG1;FNDC5;GJC3;CHN2;TYRO3;PLP1;CNTN2;SERINC5;HCN2
ChEA_2022,TP53 22127205 ChIP-Seq IMR90 Human,0.22293978419353677,0.4434090670030356,8,IL33;PHLDB1;UNC5B;NACC2;GNG7;MICALL1;FOXN3;ARSG
ChEA_2022,FUS 26573619 Chip-Seq HEK293 Human,0.222950064588605,0.4434090670030356,5,ZEB2;PHLPP1;UNC5B;AKAP5;PTMA
ChEA_2022,CEBPA 26348894 ChIP-Seq LIVER Mouse,0.2249140143973183,0.44606902019746697,15,PHLPP1;RNF13;LUZP1;PLEKHB1;LPAR1;TGFA;MEIS2;ERMN;FNDC5;ADAMTS4;EVI2A;NEFM;S1PR5;SLC38A3;PLEKHH1
ChEA_2022,TP63 17297297 ChIP-ChIP HaCaT Human,0.22731745365507097,0.4474903815242287,1,ITGB4
ChEA_2022,EZH2 22144423 ChIP-Seq EOC Human,0.22731745365507097,0.4474903815242287,1,GPM6B
ChEA_2022,LUZP1 20508642 ChIP-Seq ESCs Mouse,0.22751617712327357,0.4474903815242287,14,NGFR;UNC5B;NRXN3;S100B;MYO1D;EVI2A;GNG7;FABP7;KIF5A;INPP5J;ARSG;ASPA;NEFH;HCN2
ChEA_2022,NEUROD2 26341353 ChIP-Seq CORTEX Mouse,0.22825331660306078,0.44770347499002555,14,TMEM63A;PDE1C;TTYH2;SLC32A1;GAD1;OLIG2;ERMN;SCRT1;GNA12;NEFL;PHACTR1;SLC38A3;NEFH;PVALB
ChEA_2022,SMAD1 18555785 Chip-Seq ESCs Mouse,0.22973067117494733,0.4486599820775442,14,TMEM63A;PHLPP1;ESRRG;PRR5L;MEIS2;TRAK2;DOCK10;ADAMTS4;GATM;TYRO3;CNTN2;PKP4;PTMA;BCAS1
ChEA_2022,PAX6 23342162 ChIP-ChIP BETA-FORBRAIN-LENS Mouse,0.23000125485716802,0.4486599820775442,7,CAP1;TTYH2;FNBP1;TRIM59;SYNJ2;ASPA;KLK6
ChEA_2022,TCF3 18347094 ChIP-ChIP MESCs Mouse,0.23633098802071467,0.458684868875672,15,TMEM63A;MOG;LUZP1;FNBP1;PLLP;UNC5B;ATP2B2;FRMD4B;OLIG2;MOBP;KIF5A;TYRO3;NEFL;PHACTR1;PTMA
ChEA_2022,CEBPB 20176806 ChIP-Seq MACROPHAGES Mouse,0.23642885797383656,0.458684868875672,14,CNP;SETD7;OLIG1;NDRG1;CLDN11;FA2H;ANLN;EVI2A;GNA12;MAP6D1;S1PR5;PLEKHH1;GPM6B;CREB5
ChEA_2022,FLI1 21867929 ChIP-Seq TH2 Mouse,0.23943170362944474,0.46188756592779023,14,UNC5B;NRXN3;SLAIN1;FOXN3;S100B;MYO1D;GNG7;FABP7;KIF5A;PHACTR1;NEFM;ARSG;SERINC5;HCN2
ChEA_2022,MEIS1 26923725 Chip-Seq HEMOGENIC-ENDOTHELIUM Mouse,0.23946220725095443,0.46188756592779023,9,UNC5B;GNG7;CHN2;MYH14;OLIG1;FRMD4B;PTN;ENPP6;MEIS2
ChEA_2022,SOX9 25088423 ChIP-ChIP EMBRYONIC GONADS Mouse,0.24067456033596937,0.46188756592779023,15,MEGF10;CMTM5;TGFA;ATP2B2;SYNJ2;JOSD2;NDRG1;CLDN11;ARC;TMEM125;GNG7;KIF5A;TYRO3;NEFM;GPM6B
ChEA_2022,AR 21915096 ChIP-Seq LNCaP-1F5 Human,0.24067456033596937,0.46188756592779023,15,GLTP;TMOD1;FNBP1;OPALIN;PLLP;SETD7;AKAP5;ELOVL7;PTN;LAPTM4B;GATM;FABP7;GNA12;SERINC5;RAPGEF4
ChEA_2022,IKZF1 21737484 ChIP-ChIP HCT116 Human,0.24340309386151915,0.46586828717581086,2,MEIS2;HCN2
ChEA_2022,STAT6 20620947 ChIP-Seq CD4 POS T Human,0.24579040409316724,0.46917632094996,4,PPP1R14A;PLLP;KIF13B;TRAK2
ChEA_2022,CTNNB1 24651522 ChIP-Seq LGR5+ INTESTINAL STEM Human,0.24898874151203007,0.4740106522902819,2,MYO1D;PVALB
ChEA_2022,YY1 21170310 ChIP-Seq MESCs Mouse,0.2507096380510464,0.47601403277958676,4,ADAMTS4;GAB1;TYRO3;PTMA
ChEA_2022,SMAD2 18955504 ChIP-ChIP HaCaT Human,0.2523652762411517,0.4766155880204244,14,SPECC1;CAP1;PHLDB1;FNBP1;GAD1;TGFA;NDRG1;QKI;KLK6;ANLN;MICALL1;TYRO3;PTMA;CREB5
ChEA_2022,SMAD3 18955504 ChIP-ChIP HaCaT Human,0.2523652762411517,0.4766155880204244,14,SPECC1;CAP1;PHLDB1;FNBP1;GAD1;TGFA;NDRG1;QKI;KLK6;ANLN;MICALL1;TYRO3;PTMA;CREB5
ChEA_2022,EZH2 27294783 Chip-Seq NPCs Mouse,0.2533556571141979,0.47722017953785417,10,DOCK10;TMEM63A;PHLPP1;UNC5B;FABP7;CNTN2;ESRRG;S100B;PTMA;TRAK2
ChEA_2022,PCGF2 27294783 Chip-Seq NPCs Mouse,0.2655905291251002,0.49894579614003,4,DOCK10;PHLPP1;PTMA;TRAK2
ChEA_2022,SALL4 18804426 ChIP-ChIP XEN Mouse,0.2699210488370439,0.5042786076774336,7,ANLN;SLC44A1;WNK1;UNC5B;ELMOD1;NEFL;LITAF
ChEA_2022,AHR 22903824 ChIP-Seq MCF-7 Human,0.2707066633434195,0.5042786076774336,6,SLC44A1;CHN2;MBP;PHACTR1;FOXN3;SYNJ2
ChEA_2022,FOXA1 27197147 Chip-Seq ENDOMETRIOID-ADENOCARCINOMA Human,0.27077808830817834,0.5042786076774336,5,CLIC4;GAB1;KIF13B;SERINC5;BCAS1
ChEA_2022,ISL1 27105846 Chip-Seq CPCs Mouse,0.2712622285680577,0.5042786076774336,12,ZEB2;EDNRB;UBASH3B;FNBP1;UNC5B;ESRRG;NEFM;SLAIN1;AKAP5;FOXN3;PTMA;MEIS2
ChEA_2022,ER 23166858 ChIP-Seq MCF-7 Human,0.27225987386207695,0.5048151827859344,7,GRM3;LPAR1;NRXN3;ESRRG;FOXN3;GNG11;BCAS1
ChEA_2022,CEBPB 26923725 Chip-Seq MESODERM Mouse,0.27327813222031905,0.5053870912749796,8,ZEB2;FNBP1;SETD7;CNTN2;MEIS2;GPM6B;CREB5;BCAS1
ChEA_2022,RARB 24833708 ChIP-Seq LIVER Mouse,0.2788052434456753,0.513219036962616,13,NGFR;SORT1;ITGB4;LITAF;SCRT1;ANLN;CDC42EP2;INPP5J;ARSG;ASPA;NEFH;PLEKHH1;SERINC5
ChEA_2022,ESR1 17901129 ChIP-ChIP LIVER Mouse,0.2789547293602983,0.513219036962616,4,GJB1;SLC38A3;LITAF;ASPA
ChEA_2022,RELB 30642670 ChIP-Seq CTB1 Human Placenta Inflammation,0.2825447273937359,0.5181486184937182,2,EVI2A;CDC42EP2
ChEA_2022,EBNA1 20929547 Chip-Seq RAJI-cells Human,0.2838083549735458,0.5181486184937182,14,PPP1R14A;RNF13;OPALIN;CMTM5;LPAR1;NRXN3;SYNJ2;FNDC5;MYO1D;MAG;KIF13B;MAP6D1;PKP4;ASPA
ChEA_2022,TAL1 26923725 Chip-Seq MACROPHAGESS Mouse,0.2838173612535816,0.5181486184937182,1,FA2H
ChEA_2022,DMRT1 23473982 ChIP-Seq TESTES Mouse,0.28503175964921285,0.5190348155249094,15,TMOD1;PHLDB1;CLIC4;PHLPP1;SLC44A1;ESRRG;MEIS2;DOCK10;ZEB2;NACC2;CNTN2;MYH14;PKP4;TRIM59;RAPGEF4
ChEA_2022,AR 21572438 ChIP-Seq LNCaP Human,0.288132422246906,0.5233425628566252,2,GRM3;SOX10
ChEA_2022,RARA 24833708 ChIP-Seq LIVER Mouse,0.2896598631060279,0.5247781743803864,13,SORT1;CMTM5;SETD7;TGFA;OLIG1;OLIG2;SCRT1;SLC38A3;PTMA;ASPA;NEFH;PLEKHH1;RAPGEF4
ChEA_2022,BCL6 27268052 Chip-Seq Bcells Human,0.29186973318281634,0.5265564989625073,14,CNP;TTYH2;ITGB4;PLEKHB1;JOSD2;LITAF;APLN;GJC2;GNG7;MICALL1;MYH14;S1PR5;SLC38A3;SERINC5
ChEA_2022,LMO2 20887958 ChIP-Seq HPC-7 Mouse,0.2921205296210539,0.5265564989625073,12,FNDC5;CLDN11;LAPTM4B;CLIC4;TMEM63A;SLC32A1;FNBP1;WNK1;CDC42EP2;PRR18;AKAP5;ERMN
ChEA_2022,CEBPB 22108803 ChIP-Seq LS180 Human,0.2934908216878002,0.527690568287156,14,GLTP;CLIC4;TTYH2;ELMOD1;JOSD2;ELOVL7;MEIS2;LAPTM4B;PEX5L;CHN2;S1PR5;SLC38A3;NEFH;PLEKHH1
ChEA_2022,RUNX1 27514584 Chip-Seq MCF-7 Human,0.29592781170564153,0.5307319947970196,14,CAP1;PHLDB1;CNP;PLLP;ITGB4;NRXN3;ATP2B2;LITAF;ERMN;LAPTM4B;NACC2;KIF13B;PKP4;BCAS1
ChEA_2022,FLI1 26923725 Chip-Seq HEMOGENIC-ENDOTHELIUM Mouse,0.29725203496877856,0.5312182099453246,13,CNP;LUZP1;SORT1;OLIG2;GNG11;LITAF;SCRT1;DOCK10;MICALL1;INPP5J;SLC38A3;ASPA;NEFH
ChEA_2022,TAL1 30185409 ChIP-Seq K562 Mouse BoneMarrow Leukemia,0.29769110360700074,0.5312182099453246,9,TMOD1;CAP1;ZEB2;SLC32A1;S1PR5;ERMN;SCRT1;SERINC5;HCN2
ChEA_2022,LYL1 30185409 ChIP-Seq K562 Mouse BoneMarrow Leukemia,0.300803539304721,0.5354302999624033,9,TMOD1;CAP1;ZEB2;SLC32A1;S1PR5;ERMN;SCRT1;SERINC5;HCN2
ChEA_2022,TBL1 22424771 ChIP-Seq 293T Human,0.3049167737971314,0.5413983614552558,14,CAP1;CLIC4;LUZP1;OPALIN;UNC5B;SORT1;GPR88;ESRRG;PRR5L;PLOD1;FNDC5;TMEM125;UBASH3B;FEZ1
ChEA_2022,ARNT 22903824 ChIP-Seq MCF-7 Human,0.30850754496957844,0.544732090704174,8,SLC44A1;CHN2;MBP;PHACTR1;FOXN3;SYNJ2;ARSG;LITAF
ChEA_2022,FOXP2 21765815 ChIP-ChIP NEURO2A Mouse,0.3091534347615603,0.544732090704174,7,SPECC1;GRM3;CLIC4;EDNRB;GAD1;ELMOD1;RAPGEF4
ChEA_2022,TCF4 18268006 ChIP-ChIP LS174T Human,0.30938654691304535,0.544732090704174,4,DOCK10;PKP4;ESRRG;TRAK2
ChEA_2022,TBP 23326641 ChIP-Seq C3H10T1-2 Mouse,0.3098546302460541,0.544732090704174,6,ADAMTS4;ZEB2;WNK1;KIF5A;PTMA;MEIS2
ChEA_2022,ETV1 20927104 ChIP-Seq GIST48 Human,0.31233088705263923,0.5464911304788387,14,CAP1;CLIC4;RNF13;LUZP1;SORT1;GPR88;TGFA;ESRRG;PLOD1;FNDC5;DOCK10;ZEB2;TMEM125;CNTN2
ChEA_2022,TBX20 22080862 ChIP-Seq HEART Mouse,0.31315783881371656,0.5464911304788387,14,TMOD1;IL33;PHLDB1;CLIC4;TMEM63A;PDE1C;PLEKHB1;JOSD2;NACC2;CNTN2;PHACTR1;ENPP6;PLEKHH1;SERINC5
ChEA_2022,TBX20 22328084 ChIP-Seq HEART Mouse,0.31315783881371656,0.5464911304788387,14,TMOD1;IL33;PHLDB1;CLIC4;TMEM63A;PDE1C;PLEKHB1;JOSD2;NACC2;CNTN2;PHACTR1;ENPP6;PLEKHH1;SERINC5
ChEA_2022,RUNX1 30185409 ChIP-Seq HPC Mouse BoneMarrow Leukemia,0.3146343233253754,0.5467006720654514,23,CAP1;CLIC4;PHLPP1;RNF13;LUZP1;FNBP1;GAD1;PRR5L;AKAP5;SYNJ2;MOB3B;LAPTM4B;FA2H;GJC2;NACC2;KIF13B;PKP4;ARSG;S1PR5;PTMA;SERINC5;HCN2;BCAS1
ChEA_2022,OCT1 27270436 Chip-Seq PROSTATE Human,0.3148135892511728,0.5467006720654514,14,SLC48A1;TMEM151A;ITGB4;FOXN3;NDRG1;LITAF;ERMN;LAPTM4B;GJC3;UBASH3B;CDC42EP2;MBP;PHACTR1;CREB5
ChEA_2022,ETS2 20176728 ChIP-ChIP TROPHOBLAST STEM CELLS Mouse,0.3159797315394345,0.54739067848194,2,MBP;PTMA
ChEA_2022,MYCN 27167114 Chip-Seq NEUROBLASTOMA Human,0.31730176953148326,0.54834674734567,14,CAP1;NGFR;CLIC4;PLEKHB1;GPR88;FOXN3;WNK1;NACC2;CDC42EP2;TYRO3;CNTN2;NEFM;PTMA;HCN2
ChEA_2022,FLI1 26923725 Chip-Seq MACROPHAGESS Mouse,0.3203721995917883,0.5514443775047014,13,IL33;PHLDB1;SLC44A1;LUZP1;CMTM5;ELMOD1;GNG11;LITAF;SCRT1;MICALL1;GNA12;SLC38A3;PLEKHH1
ChEA_2022,STAT1 17558387 ChIP-Seq HELA Human,0.32064321950413815,0.5514443775047014,12,SLC48A1;EDNRB;RNF13;GAD1;GNA12;ATP2B2;NEFM;FOXN3;PTN;S100B;GNG11;TRAK2
ChEA_2022,VDR 20736230 ChIP-Seq LYMPHOBLASTOID Human,0.3247362151075955,0.5571377955580915,4,PEX5L;GNG7;FOXN3;S1PR5
ChEA_2022,CLOCK 20551151 ChIP-Seq 293T Human,0.3264455013730643,0.5587240311962062,4,LAPTM4B;PHLDB1;FABP7;LITAF
ChEA_2022,PCGF2 27294783 Chip-Seq ESCs Mouse,0.33157694137000643,0.5648555872812175,4,DOCK10;PHLPP1;PTMA;TRAK2
ChEA_2022,ESR1 30970003 ChIP-Seq MCF-7 Human BreastCancer,0.3332896827200223,0.5648555872812175,8,WNK1;NACC2;LPAR1;MAP6D1;MBP;PTMA;NEFH;KLK6
ChEA_2022,SOX17 20123909 ChIP-Seq XEN Mouse,0.33333771379439725,0.5648555872812175,12,SPECC1;CLDN11;CAP1;SLC44A1;MOBP;WNK1;GAB1;NEFL;MBP;PTN;PTMA;SERINC5
ChEA_2022,SOX2 19030024 ChIP-ChIP MESCs Mouse,0.3338125285018519,0.5648555872812175,6,MOBP;SLC32A1;WNK1;GNA12;NEFL;PTMA
ChEA_2022,RUNX 20019798 ChIP-Seq JUKART Human,0.33399466607498957,0.5648555872812175,5,SLC44A1;CHN2;MBP;FOXN3;SERINC5
ChEA_2022,CDX2 22108803 ChIP-Seq LS180 Human,0.3382344188921353,0.5706703939601904,14,CAP1;IL33;PDE1C;ITGB4;LPAR1;PRR5L;FOXN3;SYNJ2;OLIG2;GRM3;LAPTM4B;CHN2;PRR18;SERINC5
ChEA_2022,GATA2 21186366 ChIP-Seq BM-HSCs Mouse,0.3395430468729376,0.5708143396726171,13,NGFR;UNC5B;NRXN3;FOXN3;S100B;MYO1D;GNG7;FABP7;KIF5A;PHACTR1;ARSG;NEFH;HCN2
ChEA_2022,UTX 26944678 Chip-Seq JUKART Human,0.33992314609717644,0.5708143396726171,14,SLC48A1;CAP1;CLIC4;RNF13;SORT1;FOXN3;S100B;MEIS2;TRAK2;WNK1;MBP;ARSG;PTMA;HCN2
ChEA_2022,CTCF 18555785 ChIP-Seq MESCs Mouse,0.34194124894529104,0.5728521629389346,10,MYO1D;PPP1R14A;PDE1C;MEGF10;FNBP1;CMTM5;SETD7;GAB1;TGFA;OLIG2
ChEA_2022,SA1 27219007 Chip-Seq Bcells Human,0.35009475861606437,0.5851349017245019,14,GLTP;CAP1;TMEM63A;PHLPP1;LUZP1;UNC5B;PLEKHB1;GPR88;PLOD1;MEIS2;FNDC5;ADAMTS4;TMEM125;GJC2
ChEA_2022,SETDB1 19884257 ChIP-Seq MESCs Mouse,0.3509452904441087,0.5851827793822141,14,SLC48A1;CNP;OPALIN;ELMOD1;FRMD4B;MEIS2;LAPTM4B;EDNRB;FEZ1;GNA12;MBP;NEFM;HCN2;RAPGEF4
ChEA_2022,CDX2 21402776 ChIP-Seq INTESTINAL-VILLUS Mouse,0.35629759348478934,0.592719361124229,13,TMEM63A;PHLPP1;UNC5B;ESRRG;S100B;TRAK2;DOCK10;MYO1D;GNG7;FABP7;CNTN2;PTMA;SERINC5
ChEA_2022,KDM2B 26808549 Chip-Seq REH Human,0.3571940171771013,0.5928255017018558,12,EDNRB;OPALIN;GNA12;NRXN3;TGFA;PRR18;SLAIN1;PTN;S100B;NDRG1;CREB5;RAPGEF4
ChEA_2022,TBX3 20139965 ChIP-Seq ESCs Mouse,0.35930718042677867,0.5949458429392241,7,SPECC1;CHN2;TYRO3;MBP;JOSD2;LITAF;CREB5
ChEA_2022,ERG 21242973 ChIP-ChIP JURKAT Human,0.3606382924527258,0.5957644181585633,3,PKP4;OLIG2;NDRG1
ChEA_2022,TBX3 20139965 ChIP-Seq MESCs Mouse,0.36301559222967,0.5983034760822339,7,SPECC1;CHN2;TYRO3;MBP;JOSD2;LITAF;CREB5
ChEA_2022,STAT5 23275557 ChIP-Seq MAMMARY-EPITHELIUM Mouse,0.36643795204337837,0.6025492421590887,8,IL33;CLIC4;UBASH3B;CNP;CMTM5;GAB1;GPM6B;CREB5
ChEA_2022,NANOG 21062744 ChIP-ChIP HESCs Human,0.37284328503370645,0.6102630320551702,6,PPP1R14A;LUZP1;GAD1;PHACTR1;MEIS2;SERINC5
ChEA_2022,GATA1 19941826 ChIP-Seq K562 Human,0.37284328503370645,0.6102630320551702,6,CAP1;MYO1D;GJC2;SLC32A1;PLLP;ERMN
ChEA_2022,SIN3B 21632747 ChIP-Seq MESCs Mouse,0.3739959233544137,0.610745636303538,27,GLTP;NCAN;NRXN3;PRR5L;PLOD1;NDRG1;GRM3;ADAMTS4;GNG7;CHN2;KIF5A;MICALL1;NEFL;NEFM;BCAS1;PPP1R14A;SLC32A1;GAD1;ATP2B2;OLIG2;JOSD2;SCRT1;MYO1D;FA2H;ARC;PEX5L;TYRO3
ChEA_2022,FOXA1 27270436 ChIP-Seq VCaP Human Prostate Carcinoma,0.37526357826332857,0.6108725856191115,27,SLC48A1;PHLPP1;SLC44A1;RNF13;SETD7;NRXN3;AKAP5;NDRG1;CHN2;MBP;PLEKHH1;BCAS1;IL33;GPR37;SORT1;FRMD4B;FOXN3;SYNJ2;ELOVL7;QDPR;EVI2A;WNK1;PKP4;PRR18;TRIM59;ASPA;RAPGEF4
ChEA_2022,FOXA1 33576154 ChIP-Seq Human HilarLN ProstateCancer,0.3766396131305661,0.6108725856191115,7,ANLN;CHN2;FRMD4B;FOXN3;SYNJ2;ELOVL7;NDRG1
ChEA_2022,GATA3 30127528 ChIP-Seq BE2C Human Brain Neuroblastoma,0.3778798400400566,0.6108725856191115,7,CLDN11;WNK1;CCP110;AKAP5;GPM6B;MYORG;RAPGEF4
ChEA_2022,SUZ12 27294783 Chip-Seq NPCs Mouse,0.3782495177228374,0.6108725856191115,6,DOCK10;PHLPP1;CNTN2;ESRRG;PTMA;TRAK2
ChEA_2022,KLF6 26769127 Chip-Seq PDAC-Cell Line Human,0.37836349755341037,0.6108725856191115,14,CAP1;CLIC4;TMEM63A;PHLPP1;LUZP1;SETD7;PLOD1;MEIS2;TMEM125;PACS2;CDC42EP2;MYH14;PTMA;PLEKHH1
ChEA_2022,VDR 24763502 ChIP-Seq THP-1 Human,0.3795992990469355,0.6114812238041133,9,MYO1D;ZEB2;PHLPP1;UBASH3B;WNK1;FOXN3;NDRG1;PTMA;NEFH
ChEA_2022,ZNF263 19887448 ChIP-Seq K562 Human,0.384795672605132,0.6184526385888351,1,ITGB4
ChEA_2022,ZFP281 18358816 ChIP-ChIP MESCs Mouse,0.3898349532684019,0.6251407358718517,4,MOG;OLIG2;PTMA;SCRT1
ChEA_2022,CRX 20693478 ChIP-Seq ADULT RETINA Mouse,0.39243284174686394,0.6278925467949823,5,MEGF10;CHN2;PTMA;NEFH;GPM6B
ChEA_2022,ELK3 25401928 ChIP-Seq HUVEC Human,0.3982602620261339,0.6357876828758012,14,PHLDB1;GPR37;UNC5B;GAB1;PLOD1;NDRG1;MEIS2;ZEB2;UBASH3B;WNK1;FEZ1;CDC42EP2;PKP4;PTMA
ChEA_2022,CJUN 26792858 Chip-Seq BT549 Human,0.40101205189091593,0.6380544507748055,13,PHLPP1;PDE1C;FNBP1;PLLP;SETD7;GAB1;SYNJ2;ELOVL7;GRM3;LAPTM4B;WNK1;MBP;CREB5
ChEA_2022,SREBP2 21459322 ChIP-Seq LIVER Mouse,0.4014724634088664,0.6380544507748055,7,FNDC5;MYO1D;TMEM151A;TMEM63A;CNP;NDRG1;ASPA
ChEA_2022,NANOG 16153702 ChIP-ChIP HESCs Human,0.40455838955027607,0.641526889442754,9,ADAMTS4;PEX5L;CLIC4;MOBP;FEZ1;GAD1;CHN2;PTN;BCAS1
ChEA_2022,POU2F1 27270436 ChIP-Seq VCaP Human Prostate Carcinoma,0.40799166062280556,0.6444154176197736,8,GPR37;PHLPP1;FEZ1;FABP7;CDC42EP2;CCP110;PLAAT3;NDRG1
ChEA_2022,TAF15 26573619 Chip-Seq HEK293 Human,0.4081901030147724,0.6444154176197736,2,GPR88;PTN
ChEA_2022,GATA3 21878914 ChIP-Seq MCF-7 Human,0.41002519743859284,0.6449435252022007,13,TTYH2;ITGB4;GAB1;NRXN3;FRMD4B;ELOVL7;GRM3;UBASH3B;MBP;TRIM59;PHACTR1;S1PR5;PLEKHH1
ChEA_2022,GATA6 21074721 ChIP-Seq CACO-2 Mouse,0.4109272627993867,0.6449435252022007,13,CAP1;CLIC4;TMEM63A;LUZP1;OPALIN;SORT1;GPR88;ESRRG;PLOD1;FNDC5;ADAMTS4;TMEM125;CNTN2
ChEA_2022,POU3F2 20337985 ChIP-ChIP 501MEL Human,0.41147803724415266,0.6449435252022007,11,ANLN;ZEB2;GPR37;EVI2A;EDNRB;WNK1;FABP7;SLAIN1;PTN;S100B;CREB5
ChEA_2022,CTCF 33576154 ChIP-Seq Human HilarLN ProstateCancer,0.412147898830058,0.6449435252022007,29,GLTP;SLC48A1;PHLPP1;MEGF10;MYRF;ITGB4;TGFA;NDRG1;GJC3;MICALL1;INPP5J;ARSG;PLEKHH1;SPECC1;NGFR;UNC5B;GAD1;SYNJ2;ELOVL7;MOB3B;FNDC5;MYO1D;WNK1;PLXNB3;CDC42EP2;TYRO3;PTMA;SERINC5;CREB5
ChEA_2022,HNFA 21074721 ChIP-Seq CACO-2 Human,0.4136341446554725,0.645835700227635,13,CAP1;CLIC4;LUZP1;UNC5B;SORT1;GPR88;ESRRG;PLOD1;FNDC5;TMEM125;EDNRB;UBASH3B;CNTN2
ChEA_2022,FOXA1 25329375 ChIP-Seq VCAP Human,0.4154392566071023,0.645835700227635,13,CAP1;NGFR;PHLDB1;SORT1;ITGB4;PTN;KLK6;ADAMTS4;PEX5L;GJC2;FABP7;PLXNB3;SLC38A3
ChEA_2022,FOXA1 27270436 Chip-Seq PROSTATE Human,0.4154392566071023,0.645835700227635,13,CAP1;NGFR;PHLDB1;SORT1;ITGB4;PTN;KLK6;ADAMTS4;PEX5L;GJC2;FABP7;PLXNB3;SLC38A3
ChEA_2022,GATA6 21074721 ChIP-Seq CACO-2 Human,0.4199535944613202,0.6514312837831372,13,CAP1;CLIC4;LUZP1;UNC5B;SORT1;PLEKHB1;GPR88;ESRRG;PLOD1;FNDC5;ADAMTS4;TMEM125;CNTN2
ChEA_2022,MYC 30127528 ChIP-Seq KELLY Human Brain Neuroblastoma,0.4225843421297478,0.6540870686877835,33,SLC44A1;RNF13;NCAN;SETD7;LPAR1;NDRG1;LAPTM4B;CHN2;MICALL1;GNA12;NEFL;NEFM;SLC38A3;NEFH;PPP1R14A;FNBP1;GAB1;FRMD4B;SYNJ2;JOSD2;GNG11;MOB3B;QDPR;CLDN11;ARC;PEX5L;ZEB2;MAP6D1;TRIM59;PTMA;SERINC5;MYORG;RAPGEF4
ChEA_2022,KLF4 19829295 ChIP-Seq ESCs Human,0.42717993841000723,0.659765978628905,13,PHLDB1;TTYH2;MEGF10;GAD1;PRR5L;LITAF;GNG7;CHN2;PLXNB3;CDC42EP2;MYH14;NEFL;S1PR5
ChEA_2022,CBX2 22325352 ChIP-Seq 293T-Rex Human,0.42898694407347987,0.6611227363210339,13,CAP1;CLIC4;LUZP1;SORT1;GPR88;TGFA;ESRRG;PLOD1;FNDC5;ZEB2;TMEM125;CNTN2;RAPGEF4
ChEA_2022,CTCF 33576154 ChIP-Seq Human Liver ProstateCancer,0.43097945915640895,0.6627589091130954,29,GLTP;SLC48A1;CNP;SLC44A1;MYRF;SETD7;TGFA;AKAP5;NDRG1;GJC3;NACC2;INPP5J;KIF13B;PLEKHH1;SPECC1;NGFR;GAD1;GAB1;SYNJ2;QKI;FNDC5;QDPR;SPART;MYO1D;FA2H;PACS2;WNK1;CDC42EP2;PTMA
ChEA_2022,FOXO1 25302145 ChIP-Seq T-LYMPHOCYTE Mouse,0.43260119722259677,0.6638190784967434,13,PHLPP1;FNBP1;PRR5L;APLN;DOCK10;MAG;UBASH3B;GNA12;TYRO3;MBP;ENPP6;PTMA;PLEKHH1
ChEA_2022,PHC1 16625203 ChIP-ChIP MESCs Mouse,0.43495654868825595,0.6659979842280392,6,SLC32A1;SETD7;GAB1;NEFL;OLIG1;OLIG2
ChEA_2022,NCOR 22465074 ChIP-Seq MACROPHAGES Mouse,0.4371190834438701,0.6678729343605913,13,GLTP;TMOD1;TMEM63A;PHLPP1;CNP;LITAF;DOCK10;MAG;ZEB2;UBASH3B;FABP7;INPP5J;ARSG
ChEA_2022,SETDB1 19884255 ChIP-Seq MESCs Mouse,0.44041669606599626,0.6705096334857868,12,CLDN11;CAP1;ANLN;TMEM63A;EDNRB;WNK1;KIF5A;GAB1;TYRO3;MBP;OLIG2;JOSD2
ChEA_2022,CEBPD 21427703 ChIP-Seq 3T3-L1 Mouse,0.44091271524711545,0.6705096334857868,11,SLC48A1;ANLN;ZEB2;CDC42EP2;PHACTR1;PTN;ENPP6;PTMA;MEIS2;CREB5;BCAS1
ChEA_2022,THAP11 20581084 ChIP-Seq MESCs Mouse,0.4416699692483624,0.6705096334857868,5,SPECC1;WNK1;GAB1;KIF13B;JOSD2
ChEA_2022,REST 19997604 ChIP-ChIP NEURONS Mouse,0.4458406053372635,0.6742623688953343,9,MOBP;LUZP1;FABP7;GNA12;MAP6D1;TGFA;PTN;GPM6B;APLN
ChEA_2022,SOX11 22085726 ChIP-Seq ESNs Mouse,0.4460521075188039,0.6742623688953343,12,EDNRB;TTYH2;SLC32A1;LGI3;SETD7;NRXN3;ESRRG;PLOD1;SYNJ2;ELOVL7;ENPP6;CREB5
ChEA_2022,ESR1 21235772 ChIP-Seq MCF-7 Human,0.4470051801162987,0.6742623688953343,2,PHLDB1;NDRG1
ChEA_2022,TCFCP2L1 18555785 ChIP-Seq MESCs Mouse,0.44792991641501845,0.6742623688953343,12,SPECC1;FA2H;ANLN;MOBP;RNF13;NEFL;TRIM59;OLIG2;ELOVL7;NDRG1;PTMA;LITAF
ChEA_2022,SCL 19346495 ChIP-Seq HPC-7 Human,0.4495431570818821,0.675263138907806,2,ZEB2;OLIG1
ChEA_2022,SMRT 27268052 Chip-Seq Bcells Human,0.4524730019351952,0.6782332155323346,13,GAD1;PLEKHB1;LPAR1;GAB1;ESRRG;LITAF;GNA12;KIF13B;CNTN2;MYH14;PHACTR1;PLEKHH1;SERINC5
ChEA_2022,STAT3 20064451 ChIP-Seq CD4+T Mouse,0.4534936136064964,0.6783349850584568,7,CAP1;ADAMTS4;FNBP1;WNK1;FOXN3;ENPP6;PTMA
ChEA_2022,CEBPA 20513432 ChIP-Seq MACROPHAGES Mouse,0.45449884076138236,0.67841336398764,12,CLDN11;SLC48A1;GJC3;EVI2A;FABP7;GPR88;LPAR1;MAP6D1;SLAIN1;NDRG1;PLEKHH1;GPM6B
ChEA_2022,MYC 18940864 ChIP-ChIP HL60 Human,0.4564339266173384,0.6798764764676671,5,LAPTM4B;TTYH2;CHN2;MBP;S100B
ChEA_2022,MAF 26560356 Chip-Seq TH2 Human,0.4578865480077841,0.6806163302328649,13,CAP1;PHLDB1;CLIC4;TMEM63A;CNP;LUZP1;SORT1;FOXN3;JOSD2;LITAF;GJC2;CDC42EP2;MBP
ChEA_2022,GATA3 24758297 ChIP-Seq MCF-7 Human,0.4596901263238594,0.6818736873803914,13,GLTP;SLC48A1;SLC44A1;PLLP;LPAR1;AKAP5;NDRG1;APLN;LAPTM4B;EVI2A;PHACTR1;ASPA;BCAS1
ChEA_2022,WDR5 24793694 ChIP-Seq LNCAP Human,0.46377773040781667,0.6865067443874542,5,PHLDB1;GJC3;LPAR1;FOXN3;NDRG1
ChEA_2022,ERG 20517297 ChIP-Seq VCAP Human,0.4657817642583031,0.6880427720994021,7,PHLDB1;EVI2A;CDC42EP2;PTN;SLC38A3;NDRG1;CREB5
ChEA_2022,GATA6 25053715 ChIP-Seq YYC3 Human,0.46869938448109044,0.690919175466949,13,IL33;TMEM63A;PLLP;SETD7;NRXN3;AKAP5;FOXN3;TRAK2;LAPTM4B;ANLN;TMEM125;TYRO3;ASPA
ChEA_2022,E2F1 21310950 ChIP-Seq MCF-7 Human,0.4719039541169083,0.69420581680008,7,CLIC4;LUZP1;SETD7;TYRO3;ARSG;PTMA;SERINC5
ChEA_2022,KLF5 18264089 ChIP-ChIP MESCs Mouse,0.47562351955813886,0.6953674454320222,1,GJB1
ChEA_2022,KLF2 18264089 ChIP-ChIP MESCs Mouse,0.47562351955813886,0.6953674454320222,1,GJB1
ChEA_2022,KLF4 18264089 ChIP-ChIP MESCs Mouse,0.47562351955813886,0.6953674454320222,1,GJB1
ChEA_2022,OCT4 21477851 ChIP-Seq ESCs Mouse,0.4769601372067305,0.6958926592032625,12,DOCK10;TMEM63A;PHLPP1;UNC5B;GNG7;FABP7;KIF5A;CNTN2;ESRRG;PTMA;NEFH;TRAK2
ChEA_2022,NFE2 27457419 Chip-Seq LIVER Mouse,0.48159104397328417,0.7012123176052727,6,DOCK10;PHLPP1;CNTN2;ESRRG;PTMA;TRAK2
ChEA_2022,ETS1 22383799 ChIP-Seq G1ME Mouse,0.4848621535713281,0.7025763669301401,11,SLC48A1;PHLPP1;EDNRB;MOG;OPALIN;PLLP;ARSG;RGS7BP;PTMA;NEFH;BCAS1
ChEA_2022,MYCN 28898695 ChIP-Seq NB1643 Human Nerve Neuroblastoma,0.4853637231020134,0.7025763669301401,17,CLIC4;SLC44A1;JOSD2;MEIS2;LITAF;SPART;ANLN;ARC;ZEB2;WNK1;TYRO3;TRIM59;NEFM;PTMA;HCN2;CREB5;RAPGEF4
ChEA_2022,LMO2 26923725 Chip-Seq MACROPHAGESS Mouse,0.4865596330937048,0.7025763669301401,3,SYNJ2;ASPA;BCAS1
ChEA_2022,FOXI1 33610681 ChIP-Seq GES1 Human Gastric Carcinoma,0.48680783123455984,0.7025763669301401,2,ADAMTS4;NACC2
ChEA_2022,DMRT1 21621532 ChIP-ChIP FETAL Ovary,0.4874616927857995,0.7025763669301401,1,ZEB2
ChEA_2022,PRDM5 23873026 ChIP-Seq MEFs Mouse,0.49016765018201436,0.7050492261203923,7,TMOD1;ANLN;GJB1;SLC44A1;FNBP1;GNA12;QKI
ChEA_2022,TCF3 18692474 ChIP-Seq MEFs Mouse,0.49140926738707874,0.7054100773782259,5,ANLN;MOG;MOBP;FNBP1;TYRO3
ChEA_2022,SMAD3 21741376 ChIP-Seq EPCs Human,0.49443430044096826,0.7083243901689525,10,TMOD1;GRM3;PHLPP1;MEGF10;GPR88;NRXN3;SLAIN1;OLIG2;ASPA;SERINC5
ChEA_2022,SALL4 28974232 ChIP-Seq Mouse BoneMarrow Leukemia,0.4979833889100245,0.7100658187491146,3,MYH14;NEFL;SCRT1
ChEA_2022,TFAP2A 35110662 ChIP-Seq HEPM Human Embryo,0.4985415784407365,0.7100658187491146,9,SPECC1;SPART;ADAMTS4;ZEB2;CLIC4;CDC42EP2;TRIM59;PTMA;CREB5
ChEA_2022,RUNX1 22343733 ChIP-Seq PBMC Human BoneMarrow,0.4986417266496591,0.7100658187491146,6,FNDC5;GLTP;CLIC4;TTYH2;NACC2;PKP4
ChEA_2022,CTBP1 25329375 ChIP-Seq LNCAP Human,0.5046505767023505,0.7171880451338793,7,MAG;PEX5L;PHLPP1;FEZ1;NRXN3;PTN;PVALB
ChEA_2022,PPARD 23208498 ChIP-Seq MDA-MB-231 Human,0.5074064235360293,0.7196680748160416,3,PLLP;TGFA;MBP
ChEA_2022,MYBL2 22936984 ChIP-ChIP MESCs Mouse,0.5090106145495322,0.7205080667182245,11,ANLN;PPP1R14A;ZEB2;MOG;SLC44A1;MOBP;SLC32A1;LUZP1;WNK1;GAB1;PHACTR1
ChEA_2022,FOXM1 23109430 ChIP-Seq U2OS Human,0.5107717299966225,0.7215664122174508,2,GNA12;TRIM59
ChEA_2022,SOX2 22085726 ChIP-Seq NPCs Mouse,0.5195472607816992,0.7316658017198354,11,TMEM151A;NGFR;PLLP;NACC2;SETD7;GNA12;CDC42EP2;MYH14;PRR5L;OLIG2;PTMA
ChEA_2022,KLF4 18555785 ChIP-Seq MESCs Mouse,0.5205105568507896,0.7316658017198354,14,GLTP;NGFR;PPP1R14A;RNF13;LUZP1;FNBP1;SORT1;PLOD1;NDRG1;ANLN;MOBP;PACS2;TRIM59;PTMA
ChEA_2022,SPI1 22096565 ChIP-ChIP GC-B Mouse,0.5210035975729727,0.7316658017198354,8,QDPR;CAP1;ADAMTS4;GATM;EVI2A;MOG;RNF13;SERINC5
ChEA_2022,SMAD2/3 21741376 ChIP-Seq EPCs Human,0.5232120079257766,0.7333207670140806,12,TMOD1;GRM3;ANLN;ZEB2;GPR37;FABP7;CHN2;GPR88;OLIG2;ENPP6;MEIS2;SERINC5
ChEA_2022,MYC 19829295 ChIP-Seq ESCs Human,0.5277802484229005,0.7380245634594489,12,IL33;TMEM63A;PHLPP1;TTYH2;RNF13;LGI3;KIF5A;MICALL1;MBP;FOXN3;JOSD2;HCN2
ChEA_2022,TRP63 18441228 ChIP-ChIP KERATINOCYTES Mouse,0.5286411901184255,0.7380245634594489,1,NDRG1
ChEA_2022,PPARG 20887899 ChIP-Seq 3T3-L1 Mouse,0.5306126697369421,0.7390791525072863,21,GLTP;CAP1;PHLPP1;TTYH2;SLC44A1;RNF13;GPR88;PRR5L;FRMD4B;SYNJ2;PTN;MEIS2;LITAF;SCRT1;FA2H;ZEB2;KIF13B;MBP;SLC38A3;PTMA;SERINC5
ChEA_2022,ESR2 21235772 ChIP-Seq MCF-7 Human,0.5314726489940036,0.7390791525072863,3,PHLDB1;TMEM63A;NDRG1
ChEA_2022,NFYA 21822215 ChIP-Seq K562 Human,0.534154615397541,0.7413607917408367,12,FNDC5;CAP1;CLIC4;TMEM125;UBASH3B;LUZP1;UNC5B;SORT1;GPR88;CNTN2;ESRRG;PLOD1
ChEA_2022,ESR1 26153859 ChIP-Seq T47D Human Breast Carcinoma,0.5404236274943023,0.7486023789415238,11,FA2H;PDE1C;SLC44A1;LPAR1;MAP6D1;OLIG1;PHACTR1;ARSG;PTMA;PLEKHH1;BCAS1
ChEA_2022,RNF2 27304074 Chip-Seq NSC Mouse,0.542286793532429,0.7489606101979819,6,PHLDB1;GPR37;PDE1C;GPR88;FRMD4B;PTMA
ChEA_2022,MYBL1 21750041 ChIP-ChIP SPERMATOCYTES Mouse,0.542786060199661,0.7489606101979819,1,TRIM59
ChEA_2022,HSF1 23293686 ChIP-Seq STHDH STRIATAL Mouse,0.5450347603563133,0.7506087995622729,5,MYO1D;LAPTM4B;PLLP;MICALL1;PTMA
ChEA_2022,ESR1 26153859 ChIP-Seq MCF-7 Human BreastCancer,0.5468183377341356,0.7516113059202789,27,SLC44A1;RNF13;ITGB4;LPAR1;TGFA;NDRG1;LITAF;KLK6;ADAMTS4;GJC2;CHN2;INPP5J;ARSG;CAP1;PLLP;GAB1;ESRRG;PLAAT3;FRMD4B;SEPTIN4;FA2H;ARC;PLXNB3;PKP4;PTMA;MYORG;RAPGEF4
ChEA_2022,CTBP2 25329375 ChIP-Seq LNCAP Human,0.552324891743259,0.7577173852046252,6,GRM3;TTYH2;LPAR1;KIF13B;ESRRG;MBP
ChEA_2022,SPI1 26923725 Chip-Seq MACROPHAGESS Mouse,0.5563500281526846,0.7617715770090605,11,CLIC4;MOBP;UNC5B;CMTM5;KIF13B;PHACTR1;LITAF;ASPA;SCRT1;GPM6B;BCAS1
ChEA_2022,PHOX2B 30127528 ChIP-Seq KELLY Human BrainNeuroblastoma,0.5601354807723828,0.7654826531860587,14,PHLPP1;SORT1;ESRRG;FOXN3;DOCK10;PEX5L;ZEB2;MOBP;WNK1;FABP7;CHN2;TRIM59;CREB5;RAPGEF4
ChEA_2022,AR 25329375 ChIP-Seq VCAP Human,0.5674714763820089,0.774022396904196,11,DOCK10;CLDN11;MYO1D;UBASH3B;UNC5B;FEZ1;GNA12;CDC42EP2;PKP4;NDRG1;RAPGEF4
ChEA_2022,PPAR 26484153 Chip-Seq NCI-H1993 Human,0.5748055020399092,0.7825268020122664,7,ZEB2;PHLPP1;PLLP;TGFA;ELOVL7;QKI;SERINC5
ChEA_2022,TCF21 26020271 ChIP-Seq SMOOTH MUSCLE Human,0.5788496712508253,0.7861398263029393,12,SLC48A1;CAP1;ANLN;PHLDB1;CLIC4;TMEM125;NACC2;MICALL1;GPR88;CDC42EP2;NDRG1;PTMA
ChEA_2022,MYC 20876797 ChIP-ChIP MEDULLOBLASTOMA Human,0.5796677090014651,0.7861398263029393,8,CLIC4;GATM;TTYH2;MEGF10;WNK1;ELMOD1;MBP;OLIG1
ChEA_2022,GATA4 21415370 ChIP-Seq HL-1 Mouse,0.5943720493659769,0.8045492379250485,10,SPECC1;TMOD1;ANLN;ZEB2;TMEM63A;FNBP1;ESRRG;FOXN3;SYNJ2;JOSD2
ChEA_2022,KDM2B 26808549 Chip-Seq SIL-ALL Human,0.5988334971943678,0.8090501897578556,12,CAP1;CLIC4;TMEM63A;MOG;SLC32A1;PACS2;LUZP1;WNK1;PLLP;KIF13B;PTMA;MEIS2
ChEA_2022,MEF2A 21415370 ChIP-Seq HL-1 Mouse,0.6010819343645436,0.8105498811885512,5,PHLDB1;ZEB2;SLC44A1;JOSD2;PTN
ChEA_2022,TP53 16413492 ChIP-PET HCT116 Human,0.6051998227546277,0.8145600638965877,2,CHN2;TGFA
ChEA_2022,FLI1 21571218 ChIP-Seq MEGAKARYOCYTES Human,0.6110130104918031,0.8208325725852147,35,CLIC4;TMEM63A;LUZP1;GPR88;LPAR1;NRXN3;NDRG1;ADAMTS4;LAPTM4B;GJC3;UBASH3B;GNG7;CHN2;GNA12;MBP;PHACTR1;SLC38A3;BCAS1;CAP1;NGFR;FNBP1;UNC5B;GAB1;ATP2B2;JOSD2;S100B;APLN;MYO1D;PACS2;CNTN2;PKP4;TRIM59;PTMA;PVALB;RAPGEF4
ChEA_2022,KDM5B 21448134 ChIP-Seq MESCs Mouse,0.6139440172352745,0.8232168366695206,22,CAP1;NGFR;TMEM63A;SLC44A1;MEGF10;GAD1;GAB1;TGFA;FRMD4B;OLIG2;ELOVL7;MEIS2;ANLN;ZEB2;WNK1;GNA12;KIF13B;PKP4;TRIM59;ARSG;RAPGEF4;BCAS1
ChEA_2022,GATA3 21867929 ChIP-Seq CD8 Mouse,0.6156900820105398,0.8240062751720006,10,PPP1R14A;ARC;PDE1C;KIF5A;NEFM;FOXN3;SYNJ2;SLC38A3;CREB5;BCAS1
ChEA_2022,NR4A2 19515692 ChIP-ChIP MN9D Mouse,0.6221165112329056,0.8310449455869207,1,ANLN
ChEA_2022,NUCKS1 24931609 ChIP-Seq HEPATOCYTES Mouse,0.6277413003535308,0.8369884004713743,4,SETD7;TGFA;NDRG1;PTMA
ChEA_2022,PADI4 21655091 ChIP-ChIP MCF-7 Human,0.6321651137317142,0.8413113289289356,6,SPECC1;TMEM63A;TMEM125;FOXN3;PTMA;BCAS1
ChEA_2022,ESR1 22217937 ChIP-Seq MCF-7 Human BreastCancer,0.6362583152507988,0.8451789560794193,1,LAPTM4B
ChEA_2022,POU5F1 16153702 ChIP-ChIP HESCs Human,0.6381335497222387,0.8459057908118404,3,FEZ1;NEFL;MEIS2
ChEA_2022,STAT3 1855785 ChIP-Seq MESCs Mouse,0.6412297644266158,0.8459057908118404,3,EDNRB;ELOVL7;PTMA
ChEA_2022,SMAD1 18555785 ChIP-Seq MESCs Mouse,0.6427709624377165,0.8459057908118404,3,FNBP1;PTMA;APLN
ChEA_2022,RUNX1 20887958 ChIP-Seq HPC-7 Mouse,0.6466808813038761,0.8459057908118404,6,CLIC4;SLC32A1;FNBP1;WNK1;AKAP5;ERMN
ChEA_2022,ZFP42 18358816 ChIP-ChIP MESCs Mouse,0.6483119297515622,0.8459057908118404,7,ADAMTS4;MOG;SLC44A1;GAD1;PLOD1;PTMA;SCRT1
ChEA_2022,VDR 33458620 ChIP-Seq PrimaryEpithelial Human Prostate,0.6485567078696275,0.8459057908118404,8,QDPR;GLTP;SLC48A1;CAP1;SYNJ2;PTMA;MEIS2;KLK6
ChEA_2022,JUND 26020271 ChIP-Seq SMOOTH MUSCLE Human,0.648685864357837,0.8459057908118404,11,ZEB2;FNBP1;MICALL1;LPAR1;KIF13B;PKP4;FOXN3;OLIG2;NDRG1;ERMN;CREB5
ChEA_2022,HOXB7 26014856 ChIP-Seq BT474 Human,0.648685864357837,0.8459057908118404,11,QDPR;TMOD1;NGFR;PEX5L;TMEM63A;SLC44A1;PLEKHB1;GNA12;SYNJ2;LITAF;BCAS1
ChEA_2022,RXRA 24833708 ChIP-Seq LIVER Mouse,0.6488053963413798,0.8459057908118404,10,NGFR;SORT1;GNG7;CMTM5;OLIG1;SLC38A3;PTMA;MEIS2;ASPA;PLEKHH1
ChEA_2022,LDB1 21186366 ChIP-Seq BM-HSCs Mouse,0.6496790055169955,0.8459057908118404,10,GLTP;SLC48A1;ADAMTS4;CMTM5;NCAN;NEFL;MBP;TRIM59;S1PR5;MEIS2
ChEA_2022,HOXD13 18407260 ChIP-ChIP DEVELOPING-LIMBS Mouse,0.6498742522107819,0.8459057908118404,1,CHN2
ChEA_2022,FLI1 27457419 Chip-Seq LIVER Mouse,0.6534903714502537,0.8463753642303717,2,DOCK10;TRAK2
ChEA_2022,GATA3 26560356 Chip-Seq TH2 Human,0.6570190064139071,0.8463753642303717,11,DOCK10;LAPTM4B;IL33;ZEB2;PLEKHB1;GPR88;GNA12;AKAP5;FOXN3;QKI;TRAK2
ChEA_2022,AR 35413990 ChIP-Seq Human ARposCRProstateCancer,0.659859761313518,0.8463753642303717,4,SORT1;NRXN3;PRR5L;SEPTIN4
ChEA_2022,CDX2 21074721 ChIP-Seq CACO-2 Mouse,0.6603224043193611,0.8463753642303717,11,FNDC5;CAP1;CLIC4;TMEM125;LUZP1;UNC5B;SORT1;GPR88;CNTN2;ESRRG;PLOD1
ChEA_2022,GATA3 22897851 ChIP-Seq JUKARTE6-1 Human,0.6603224043193611,0.8463753642303717,11,SLC48A1;TTYH2;WNK1;NACC2;PRR5L;OLIG2;ENPP6;SOX10;NDRG1;SERINC5;RAPGEF4
ChEA_2022,SOX4 29892750 ChIP-Seq EML Mouse BoneMarrow,0.6604014577730434,0.8463753642303717,1,CNP
ChEA_2022,RCOR2 21632747 ChIP-Seq MESCs Mouse,0.6607684487026713,0.8463753642303717,2,NCAN;KIF13B
ChEA_2022,CREB1 23762244 ChIP-Seq HIPPOCAMPUS Rat,0.6620265546443358,0.8463753642303717,14,CAP1;PHLPP1;MOG;RNF13;SORT1;SLAIN1;FOXN3;JOSD2;SCRT1;TRAK2;MYH14;NEFM;PTMA;NEFH
ChEA_2022,STAT4 19710469 ChIP-ChIP TH1 Mouse,0.6625052124570996,0.8463753642303717,7,DOCK10;MAG;PHACTR1;FRMD4B;SCRT1;GPM6B;KLK6
ChEA_2022,CEBPB 26923725 Chip-Seq MACROPHAGESS Mouse,0.6626421138502739,0.8463753642303717,10,CLDN11;ZEB2;MEGF10;MOBP;UNC5B;CMTM5;OLIG1;NDRG1;ASPA;PLEKHH1
ChEA_2022,NELFA 20434984 ChIP-Seq ESCs Mouse,0.6660536540880541,0.8463753642303717,10,CAP1;ANLN;CLIC4;LUZP1;FNBP1;WNK1;GNG7;GAB1;PTMA;SERINC5
ChEA_2022,NFYB 21822215 ChIP-Seq K562 Human,0.6660616846878392,0.8463753642303717,11,FNDC5;CAP1;CLIC4;TMEM125;LUZP1;UNC5B;SORT1;GPR88;CNTN2;ESRRG;PLOD1
ChEA_2022,YY1 23942234 ChIP-Seq MYOBLASTS AND MYOTUBES Mouse,0.666633620209745,0.8463753642303717,8,SPECC1;CAP1;RNF13;NACC2;PRR5L;PTMA;MEIS2;TRAK2
ChEA_2022,FOXM1 26456572 ChIP-Seq MCF-7 Human,0.666877218164661,0.8463753642303717,11,CLDN11;PDE1C;SLC44A1;CHN2;GPR88;GAB1;PKP4;TRIM59;MEIS2;SERINC5;TRAK2
ChEA_2022,P63 20808887 ChIP-Seq KERATINOCYTES Human,0.6693172266507672,0.8464544678070094,11,FNDC5;SLC48A1;CAP1;EVI2A;LGI3;FABP7;FOXN3;SYNJ2;ENPP6;LITAF;NEFH
ChEA_2022,RBPJ 21746931 ChIP-Seq IB4 Human,0.6693172266507672,0.8464544678070094,11,FNDC5;CAP1;CLIC4;TMEM125;LUZP1;SORT1;GAD1;GPR88;CNTN2;ESRRG;PLOD1
ChEA_2022,GATA1 22383799 ChIP-Seq G1ME Mouse,0.6757752170922331,0.8531063024284928,11,SLC48A1;ZEB2;TTYH2;SLC32A1;GNA12;CDC42EP2;PKP4;SYNJ2;PTMA;SCRT1;HCN2
ChEA_2022,CBX2 27304074 Chip-Seq ESCs Mouse,0.678972461284747,0.854444012211057,4,GAD1;OLIG2;MEIS2;SCRT1
ChEA_2022,SPI1 23547873 ChIP-Seq NB4 Human,0.6801598716011552,0.854444012211057,19,GLTP;NGFR;TTYH2;RNF13;LUZP1;SETD7;CCP110;TGFA;OLIG1;PLOD1;SLAIN1;S100B;MEIS2;TRAK2;ANLN;GJC3;WNK1;ARSG;SERINC5
ChEA_2022,CEBPB 20176806 ChIP-Seq THIOMACROPHAGE Mouse,0.6814272402228434,0.854444012211057,8,GLTP;ANLN;EVI2A;UBASH3B;CNP;PLEKHH1;GPM6B;CREB5
ChEA_2022,IRF8 22096565 ChIP-ChIP GC-B Mouse,0.6826344476696918,0.854444012211057,3,CAP1;MOG;ASPA
ChEA_2022,CREB1 20920259 ChIP-Seq GC1-SPG Mouse,0.6828351726799037,0.854444012211057,17,GLTP;PHLPP1;SLC32A1;UNC5B;ATP2B2;JOSD2;SOX10;NDRG1;SCRT1;QDPR;LAPTM4B;TMEM125;WNK1;GNG7;MICALL1;GNA12;PHACTR1
ChEA_2022,SMAD3 30307970 ChIP-Seq HCASMC Human CoronaryArtery,0.6857488960473144,0.8565845859398032,12,FNDC5;GLTP;TMEM151A;ARC;PACS2;MBP;OLIG1;SYNJ2;ARSG;PTMA;NEFH;RAPGEF4
ChEA_2022,EKLF 21900194 ChIP-Seq ERYTHROCYTE Mouse,0.6898484381317159,0.8601963011379715,7,QDPR;TMOD1;MYO1D;GNA12;JOSD2;PTMA;TRAK2
ChEA_2022,RARG 19884340 ChIP-ChIP MEFs Mouse,0.6936853263339621,0.8634684481639529,2,PLEKHB1;SERINC5
ChEA_2022,MAF 26560356 Chip-Seq TH1 Human,0.6954905668397274,0.8637369457106288,11,FNDC5;DOCK10;GLTP;CAP1;LAPTM4B;CLIC4;WNK1;PLOD1;SLAIN1;PTMA;SERINC5
ChEA_2022,HNF4A 19761587 ChIP-ChIP CACO-2 Human,0.6963272567948047,0.8637369457106288,5,CAP1;PHLDB1;PEX5L;UNC5B;NDRG1
ChEA_2022,GATA1 26923725 Chip-Seq HPCs Mouse,0.7040143834538383,0.8717534626419701,1,PHACTR1
ChEA_2022,CHD1 26751641 Chip-Seq LNCaP Human,0.7077289808412759,0.8744697859722999,11,SLC48A1;CAP1;LAPTM4B;CLIC4;TMEM63A;NRXN3;TYRO3;AKAP5;S1PR5;LITAF;PLEKHH1
ChEA_2022,BCAT 22108803 ChIP-Seq LS180 Human,0.7086644192500239,0.8744697859722999,3,LPAR1;NRXN3;SERINC5
ChEA_2022,POU5F1 18700969 ChIP-ChIP MESCs Mouse,0.7146677319088591,0.8803519465728507,2,NGFR;NEFL
ChEA_2022,TP63 19390658 ChIP-ChIP HaCaT Human,0.719430063824218,0.8846877468788311,1,MEIS2
ChEA_2022,GATA2 22383799 ChIP-Seq G1ME Mouse,0.7209861935937993,0.8850206051488352,10,FNDC5;PHLDB1;PHLPP1;SLC32A1;FNBP1;PLXNB3;CDC42EP2;PLOD1;LITAF;HCN2
ChEA_2022,E2F1 17053090 ChIP-ChIP MCF-7 Human,0.7221867578531928,0.8850206051488352,9,PHLDB1;WNK1;KIF5A;NRXN3;PLP1;MBP;MEIS2;NEFH;APLN
ChEA_2022,FOSL1 28411283 ChIP-Seq MDA231-LM2-4175 Human BreastCancer,0.7241936370245623,0.8859551023393272,8,DOCK10;UBASH3B;SLC44A1;FNBP1;MICALL1;SYNJ2;SERINC5;CREB5
ChEA_2022,POU2F1 27270436 ChIP-Seq LNCaP Human Prostate Carcinoma,0.7293016424274212,0.8906737039593892,3,GPR37;SETD7;ESRRG
ChEA_2022,ELF3 26769127 Chip-Seq PDAC-Cell Line Human,0.7320084402598408,0.8924486463441894,11,DOCK10;CAP1;PHLDB1;TMEM63A;TMEM125;CNP;LUZP1;WNK1;SORT1;ITGB4;LITAF
ChEA_2022,AUTS2 25519132 ChIP-Seq 293T-REX Human,0.7357673361884598,0.8954980228481766,5,ADAMTS4;ANLN;MEGF10;SETD7;ERMN
ChEA_2022,TET1 21451524 ChIP-Seq MESCs Mouse,0.7378170982512215,0.8964603651106993,9,GLTP;ADAMTS4;ARC;KIF5A;INPP5J;NEFM;GNG11;HCN2;RAPGEF4
ChEA_2022,PGR 26153859 ChIP-Seq MCF-7 Human BreastCancer,0.7426155108033389,0.9000573995591856,5,ARC;UNC5B;ITGB4;NDRG1;PTMA
ChEA_2022,PPARA 22158963 ChIP-Seq LIVER Mouse,0.7433058299730353,0.9000573995591856,10,IL33;PHLPP1;RNF13;ATP2B2;FOXN3;ARSG;S1PR5;LITAF;ASPA;SERINC5
ChEA_2022,AR 27270436 ChIP-Seq LNCaP Human Prostate Carcinoma,0.7498295595024662,0.9061251515482666,1,PKP4
ChEA_2022,MYC 19030024 ChIP-ChIP MESCs Mouse,0.7508621340076927,0.9061251515482666,19,PPP1R14A;CLIC4;MOG;RNF13;LUZP1;PLLP;FOXN3;SYNJ2;QDPR;CLDN11;LAPTM4B;ANLN;ZEB2;TMEM125;WNK1;PKP4;TRIM59;PTMA;NEFH
ChEA_2022,RUNX2 24655370 ChIP-Seq MC3T3E1 Mouse Bone,0.7538610929459942,0.9081363944861303,30,PHLDB1;CLIC4;TTYH2;SLC44A1;RNF13;SETD7;LPAR1;CCP110;PRR5L;PLOD1;GJC2;NACC2;SPECC1;CAP1;FNBP1;GAB1;FOXN3;JOSD2;MEIS2;MOB3B;APLN;QDPR;MYO1D;ANLN;ZEB2;EVI2A;PACS2;WNK1;TRIM59;MYORG
ChEA_2022,GATA3 30127528 ChIP-Seq KELLY Human Brain Neuroblastoma,0.7554137523719014,0.9081363944861303,8,CLIC4;PHLPP1;UNC5B;NEFM;PTMA;NEFH;SCRT1;CREB5
ChEA_2022,PU 27001747 Chip-Seq BMDM Mouse,0.7582111855019751,0.9081363944861303,10,DOCK10;SLC48A1;TMEM63A;SLC44A1;PACS2;UNC5B;PTMA;ASPA;SERINC5;TRAK2
ChEA_2022,SMAD3 21741376 ChIP-Seq HESCs Human,0.7586017110760118,0.9081363944861303,6,CLIC4;MEGF10;WNK1;TYRO3;GPM6B;BCAS1
ChEA_2022,PHF8 20622853 ChIP-Seq HELA Human,0.7589061161787184,0.9081363944861303,10,FNDC5;CAP1;ADAMTS4;CLIC4;TMEM125;LUZP1;SORT1;GPR88;ESRRG;PLOD1
ChEA_2022,POU5F1 16518401 ChIP-PET MESCs Mouse,0.7614700137183968,0.9095688700156627,5,TYRO3;TGFA;ATP2B2;FRMD4B;SLC38A3
ChEA_2022,POU5F1 18358816 ChIP-ChIP MESCs Mouse,0.7626581676957171,0.9095688700156627,3,ADAMTS4;NEFL;PHACTR1
ChEA_2022,SOX2 18555785 ChIP-Seq MESCs Mouse,0.7652618520348933,0.9111478907171305,2,MOBP;PTMA
ChEA_2022,KLF5 20875108 ChIP-Seq MESCs Mouse,0.7718527850509523,0.9174610733827679,10,PHLDB1;EVI2A;PLEKHB1;NRXN3;TGFA;MBP;ATP2B2;ARSG;PTN;ERMN
ChEA_2022,JUN 27471255 ChIP-Seq Chondrocytes Mouse Rib,0.7753463040812668,0.9200776141764367,28,SLC48A1;TMEM63A;TTYH2;GPR88;SETD7;LPAR1;NRXN3;MICALL1;KIF13B;PLEKHH1;SPECC1;FNBP1;UNC5B;SORT1;PLAAT3;FRMD4B;FOXN3;SYNJ2;JOSD2;ELOVL7;S100B;MEIS2;MOB3B;ZEB2;WNK1;FEZ1;PKP4;RGS7BP
ChEA_2022,BRD4 25478319 ChIP-Seq HGPS Human,0.7914416890226367,0.9340926845466608,11,DOCK10;NGFR;PHLPP1;UBASH3B;PDE1C;PLLP;LPAR1;TYRO3;SYNJ2;PTMA;QKI
ChEA_2022,BRD4 28847988 ChIP-Seq BCBL1 Human Blood Lymphoma,0.7918055717070657,0.9340926845466608,1,NDRG1
ChEA_2022,TAF7L 23326641 ChIP-Seq C3H10T1-2 Mouse,0.792634691150718,0.9340926845466608,3,QDPR;CLIC4;TTYH2
ChEA_2022,HOXB4 20404135 ChIP-ChIP EML Mouse,0.7941001295533451,0.9340926845466608,7,LAPTM4B;TMEM63A;WNK1;SORT1;PLEKHB1;GNA12;SYNJ2
ChEA_2022,NCOR1 26117541 ChIP-Seq K562 Human,0.7962825519851614,0.9340926845466608,10,TMOD1;CAP1;LAPTM4B;MAG;FNBP1;UNC5B;CDC42EP2;KIF13B;SERINC5;RAPGEF4
ChEA_2022,ERG 20887958 ChIP-Seq HPC-7 Mouse,0.7982531928769706,0.9340926845466608,9,LAPTM4B;TMEM63A;TTYH2;RNF13;MICALL1;ESRRG;ELOVL7;GNG11;PLEKHH1
ChEA_2022,CIITA 25753668 ChIP-Seq RAJI Human,0.7988310326157245,0.9340926845466608,2,MYO1D;PTMA
ChEA_2022,TCF4 32651957 ChIP-Seq PLC/PRF/5 Human Liver Heptoma,0.7996221375382196,0.9340926845466608,3,NCAN;GNA12;MEIS2
ChEA_2022,CTCF 21964334 ChIP-Seq BJAB-B Human,0.800570869897315,0.9340926845466608,10,FNDC5;MYO1D;WNK1;CMTM5;CDC42EP2;TYRO3;SYNJ2;PTMA;QKI;HCN2
ChEA_2022,HOXC9 25013753 ChIP-Seq NEUROBLASTOMA BE2-C Human,0.8011781346709493,0.9340926845466608,10,TMOD1;ADAMTS4;LAPTM4B;ANLN;GJC3;INPP5J;ESRRG;TRIM59;S100B;PTMA
ChEA_2022,BCL3 23251550 ChIP-Seq MUSCLE Mouse,0.8015879638455193,0.9340926845466608,4,RNF13;PTMA;HCN2;TRAK2
ChEA_2022,SA1 27219007 Chip-Seq ERYTHROID Human,0.8053916138193001,0.9351743868959829,10,FNDC5;GLTP;PHLDB1;TMEM63A;NCAN;GPR88;OLIG2;NEFH;SCRT1;HCN2
ChEA_2022,MYC 22102868 ChIP-Seq BL Human,0.8073676003494177,0.9351743868959829,3,SETD7;PTMA;MEIS2
ChEA_2022,FOXA1 33576154 ChIP-Seq Human Liver ProstateCancer,0.8074025829950482,0.9351743868959829,12,SPECC1;SLC44A1;CHN2;GAB1;FRMD4B;FOXN3;SYNJ2;ELOVL7;NDRG1;SERINC5;CREB5;BCAS1
ChEA_2022,UBF1/2 26484160 Chip-Seq HMEC-DERIVED Human,0.8077700111531313,0.9351743868959829,10,FNDC5;ADAMTS4;NGFR;GJC2;UBASH3B;CNP;CDC42EP2;MBP;PLOD1;HCN2
ChEA_2022,POU5F1 18555785 ChIP-Seq MESCs Mouse,0.8112518917122624,0.936492301727251,2,FA2H;KIF5A
ChEA_2022,IRF8 21731497 ChIP-ChIP J774 Mouse,0.8115389749518453,0.936492301727251,1,GPR88
ChEA_2022,FOXO3 23340844 ChIP-Seq DLD1 Human,0.8139384813154201,0.9377414218391249,3,IL33;UBASH3B;KIF13B
ChEA_2022,FOXA1 33576154 ChIP-Seq Human Lung ProstateCancer,0.8175617089057382,0.9400423663507117,25,CLIC4;TMEM63A;CNP;SLC44A1;RNF13;SETD7;NDRG1;CHN2;KIF13B;BCAS1;SPECC1;FNBP1;SORT1;GAB1;ESRRG;FRMD4B;SYNJ2;ELOVL7;FA2H;PRR18;TRIM59;PTMA;SERINC5;CREB5;RAPGEF4
ChEA_2022,PKCTHETA 26484144 Chip-Seq BREAST Human,0.8209045531368822,0.9400423663507117,2,TMEM63A;SYNJ2
ChEA_2022,GATA3 21867929 ChIP-Seq TH1 Mouse,0.8209214141864891,0.9400423663507117,8,FNDC5;GJC3;TMEM125;NCAN;CNTN2;TGFA;PVALB;APLN
ChEA_2022,TP53 32428506 ChIP-Seq Human Liver Heptoma,0.8212167863344699,0.9400423663507117,3,SLC44A1;PACS2;SERINC5
ChEA_2022,GATA2 21571218 ChIP-Seq MEGAKARYOCYTES Human,0.8230304188961876,0.9406061930242143,5,CLIC4;UBASH3B;UNC5B;GNG7;GNA12
ChEA_2022,TBX2 35687133 ChIP-Seq MCF-7 Human BreastCancer,0.8271353430123356,0.9437826349756137,4,ARC;PDE1C;PLLP;GNA12
ChEA_2022,GATA3 26560356 Chip-Seq TH1 Human,0.8300749119860685,0.9449970873342087,9,WNK1;PLEKHB1;GPR88;SETD7;CDC42EP2;TYRO3;PRR5L;SLAIN1;ERMN
ChEA_2022,STAT1 19122651 ChIP-Seq HeLaS3 Human CervicalCancer,0.8308541807179982,0.9449970873342087,22,SPECC1;CAP1;CLIC4;GPR37;SLC44A1;RNF13;UNC5B;GAD1;PLAAT3;FRMD4B;JOSD2;NDRG1;GNG11;MEIS2;LITAF;MOB3B;ADAMTS4;ZEB2;MAP6D1;ARSG;PTMA;RAPGEF4
ChEA_2022,RXR 22158963 ChIP-Seq LIVER Mouse,0.8339772988033236,0.9458944877258532,9,GJB1;PHLPP1;TTYH2;PLEKHB1;GNA12;PKP4;ATP2B2;ARSG;ASPA
ChEA_2022,E2F1 18555785 ChIP-Seq MESCs Mouse,0.8346589541378248,0.9458944877258532,19,NGFR;PPP1R14A;CLIC4;MOG;TTYH2;LUZP1;FNBP1;PLLP;NCAN;SLAIN1;NDRG1;LITAF;LAPTM4B;ARC;WNK1;KIF13B;MAP6D1;PKP4;TRIM59
ChEA_2022,NFI 21473784 ChIP-Seq ESCs Mouse,0.8356286977241034,0.9458944877258532,9,MYO1D;FA2H;IL33;PDE1C;WNK1;GPR88;ESRRG;MEIS2;RAPGEF4
ChEA_2022,RXR 22108803 ChIP-Seq LS180 Human,0.8369841813100624,0.9459249795123245,2,CDC42EP2;PLEKHH1
ChEA_2022,MEIS1 20887958 ChIP-Seq HPC-7 Mouse,0.8387015117918728,0.9463636709917803,6,ADAMTS4;ZEB2;TMEM63A;EVI2A;SORT1;PLOD1
ChEA_2022,E2F4 17652178 ChIP-ChIP JURKAT Human,0.8416230457287872,0.9481576084792667,3,ANLN;WNK1;PTMA
ChEA_2022,ZNF274 21170338 ChIP-Seq K562 Hela,0.845602262596379,0.9505653047922267,1,OLIG2
ChEA_2022,SOX2 30713093 ChIP-Seq Epithelial Human Tongue SCC,0.8464303416267862,0.9505653047922267,5,MOBP;ITGB4;PTMA;MEIS2;NEFH
ChEA_2022,HIF1A 21447827 ChIP-Seq MCF-7 Human,0.8491158866569087,0.9520795453538883,1,NDRG1
ChEA_2022,GRHL2 25758223 ChIP-Seq PLACENTA Mouse,0.8506131242614722,0.9522587177266795,4,NGFR;PHLPP1;OPALIN;ASPA
ChEA_2022,CHD1 19587682 ChIP-ChIP MESCs Mouse,0.8555879218728762,0.9563243333963704,3,SLC44A1;LUZP1;GNA12
ChEA_2022,CBP 21632823 ChIP-Seq H3396 Human,0.858426972061001,0.9579937368455059,9,GLTP;PHLDB1;OPALIN;WNK1;UNC5B;PLEKHB1;CDC42EP2;PRR5L;AKAP5
ChEA_2022,CEBPA 23403033 ChIP-Seq LIVER Mouse,0.8603630368357618,0.9586517718733372,2,CCP110;NDRG1
ChEA_2022,AR 20517297 ChIP-Seq VCAP Human,0.8637203302711777,0.9608888674266852,9,OPALIN;ITGB4;FRMD4B;PTN;NDRG1;PLEKHH1;QKI;CREB5;BCAS1
ChEA_2022,NKX2-5 21415370 ChIP-Seq HL-1 Mouse,0.8678170943859025,0.9639403606907372,5,QDPR;TMOD1;CAP1;ZEB2;KIF5A
ChEA_2022,FOXA1 26743006 Chip-Seq LNCaP-abl Human,0.8711390043576239,0.966123007948019,9,PHLPP1;UNC5B;SORT1;SETD7;PKP4;AKAP5;FOXN3;ASPA;RAPGEF4
ChEA_2022,MYB 26560356 Chip-Seq TH2 Human,0.8751684027855315,0.9683989429224542,9,DOCK10;QDPR;CAP1;FNBP1;WNK1;GNA12;MBP;ENPP6;BCAS1
ChEA_2022,GFI1B 20887958 ChIP-Seq HPC-7 Mouse,0.8759114034298602,0.9683989429224542,8,SLC48A1;LAPTM4B;PHLPP1;TTYH2;ESRRG;ARSG;ELOVL7;PTMA
ChEA_2022,IRF1 21803131 ChIP-Seq MONOCYTES Human,0.8783083176598899,0.9690216117156463,1,ZEB2
ChEA_2022,FOXM1 26456572 ChIP-Seq MCF-7 Human BreastCancer,0.8791965746745891,0.9690216117156463,2,TRIM59;FRMD4B
ChEA_2022,ATF3 23680149 ChIP-Seq GBM1-GSC Human,0.8850078725990421,0.9730537544448562,9,ADAMTS4;ZEB2;CLIC4;UBASH3B;GNG7;SETD7;MBP;PRR5L;SYNJ2
ChEA_2022,MYC 19079543 ChIP-ChIP MESCs Mouse,0.8856511064740477,0.9730537544448562,5,SLC32A1;PLLP;CHN2;TRIM59;PTMA
ChEA_2022,E2F1 26619117 ChIP-Seq Hepatocytes Mouse Liver,0.8869548969588646,0.9730537544448562,16,GLTP;TGFA;OLIG1;NDRG1;MEIS2;LITAF;LAPTM4B;ARC;NACC2;GNG7;GNA12;KIF13B;TRIM59;S1PR5;PTMA;CREB5
ChEA_2022,MYC 18555785 ChIP-Seq MESCs Mouse,0.8895998069484481,0.9744539423804539,4,MYO1D;ANLN;PPP1R14A;OLIG1
ChEA_2022,KLF4 26769127 Chip-Seq PDAC-Cell Line Human,0.8953639405517225,0.9780756406826377,9,CAP1;CLIC4;TMEM63A;GJC2;LUZP1;WNK1;ITGB4;MYH14;PLOD1
ChEA_2022,RUNX1 30185409 ChIP-Seq K562 Mouse BoneMarrow Leukemia,0.8956535361307302,0.9780756406826377,1,ZEB2
ChEA_2022,ELK1 19687146 ChIP-ChIP HELA Human,0.8974856431843397,0.9785754639314698,3,CAP1;ADAMTS4;GNG11
ChEA_2022,CREM 20920259 ChIP-Seq GC1-SPG Mouse,0.8997566111145807,0.9793709681069959,29,TMEM151A;PHLDB1;CLIC4;PHLPP1;SLC44A1;RNF13;LUZP1;NCAN;TRAK2;LAPTM4B;GJC2;GNG7;MICALL1;GNA12;NEFH;CAP1;SORT1;GAB1;JOSD2;ELOVL7;SCRT1;MYO1D;ANLN;PACS2;WNK1;PKP4;TRIM59;PTMA;SERINC5
ChEA_2022,CEBPB 23403033 ChIP-Seq LIVER Mouse,0.9018827250053251,0.9793709681069959,1,QDPR
ChEA_2022,ILF3 29590119 ChIP-Seq K562 Human BoneMarrow Leukemia,0.9023417908401534,0.9793709681069959,3,SLC48A1;CLIC4;TMEM63A
ChEA_2022,EGR1 23403033 ChIP-Seq LIVER Mouse,0.9043032517642127,0.9800059592939412,2,SPECC1;ASPA
ChEA_2022,BMI1 19503595 ChIP-Seq MEFsC Mouse,0.9072208870573576,0.9816736650225512,2,CLDN11;ASPA
ChEA_2022,FOXO1 32281255 ChIP-Seq Chondrocytes Human Osteoarthritis,0.9128098507879749,0.984300921922532,2,PHLPP1;NDRG1
ChEA_2022,RUNX1 17652178 ChIP-ChIP JURKAT Human,0.9142997868463396,0.984300921922532,3,GRM3;EVI2A;OLIG2
ChEA_2022,PPARG 23326641 ChIP-Seq C3H10T1-2 Mouse,0.9144244236056592,0.984300921922532,2,TTYH2;PTMA
ChEA_2022,RUNX1 27514584 ChIP-Seq MCF-7 Human BreastCancer,0.9154437087020929,0.984300921922532,7,SPECC1;CAP1;LAPTM4B;FA2H;ITGB4;PKP4;MYORG
ChEA_2022,POU2F1 35413990 ChIP-Seq Human ARposCRProstateCancer,0.9179822631526992,0.984300921922532,3,PHLPP1;FEZ1;TYRO3
ChEA_2022,HOXB13 26457646 ChIP-Seq LNCaP Human Prostate Carcinoma,0.9192174791419561,0.984300921922532,7,IL33;WNK1;FEZ1;GAB1;PTMA;RAPGEF4;BCAS1
ChEA_2022,ZFX 18555785 ChIP-Seq MESCs Mouse,0.9193260015147244,0.984300921922532,13,GLTP;TTYH2;FNBP1;PLEKHB1;GAB1;SLAIN1;JOSD2;ELOVL7;GNG11;ARC;PACS2;GNA12;TYRO3
ChEA_2022,GATA3 27048872 Chip-Seq THYMUS Human,0.9284693482741836,0.9913089960292792,8,FNDC5;ZEB2;TMEM63A;PLEKHB1;OLIG1;TRIM59;AKAP5;ARSG
ChEA_2022,ZBTB16 27035670 ChIP-Seq hESC Human Endometrial,0.9286560398195636,0.9913089960292792,2,CNP;JOSD2
ChEA_2022,ELK4 26923725 Chip-Seq MESODERM Mouse,0.9311626725263685,0.9924967407766083,1,FNBP1
ChEA_2022,CCND1 20090754 ChIP-ChIP RETINA Mouse,0.9340431441353538,0.9939126920621016,7,QDPR;RNF13;WNK1;GNA12;CDC42EP2;NEFL;PTMA
ChEA_2022,STAT3 29892750 ChIP-Seq EML Mouse BoneMarrow,0.9352830107887753,0.9939126920621016,1,PLLP
ChEA_2022,ASXL1 24218140 ChIP-Seq BMDM Mouse,0.9410216462616795,0.9958824391031438,2,UBASH3B;FNBP1
ChEA_2022,IRF4 20064451 ChIP-Seq CD4+T Mouse,0.9423267550809877,0.9958824391031438,3,CAP1;SETD7;NRXN3
ChEA_2022,CBP 20019798 ChIP-Seq JUKART Human,0.9423267550809877,0.9958824391031438,3,CAP1;SETD7;NRXN3
ChEA_2022,MYC 22102868 ChIP-Seq CA46 Human Blood BurkittsLymphoma,0.942731410049886,0.9958824391031438,12,QDPR;GATM;SLC44A1;PACS2;RNF13;SETD7;PKP4;ATP2B2;SLAIN1;ARSG;JOSD2;PTMA
ChEA_2022,FOXA1 26457646 ChIP-Seq LHSAR Human ProstateCancer,0.9477981657779982,0.9977114269075265,10,PHLPP1;RNF13;UNC5B;SORT1;FRMD4B;JOSD2;NDRG1;SERINC5;RAPGEF4;BCAS1
ChEA_2022,SRF 21415370 ChIP-Seq HL-1 Mouse,0.9479541868596687,0.9977114269075265,4,RNF13;GPR88;ESRRG;SYNJ2
ChEA_2022,NANOG 18555785 ChIP-Seq MESCs Mouse,0.9486666236185328,0.9977114269075265,1,MOBP
ChEA_2022,JUN 21703547 ChIP-Seq K562 Human,0.9539502041695057,0.99998336739303,5,GPR37;WNK1;GNA12;PLXNB3;ELOVL7
ChEA_2022,DCP1A 22483619 ChIP-Seq HELA Human,0.9552644633814903,0.99998336739303,2,CNP;MICALL1
ChEA_2022,HNF1A 26855178 ChIP-Seq Caco2 Human Colon Adenocarcinoma,0.9570310184677029,0.99998336739303,1,GJB1
ChEA_2022,SPI1 22790984 ChIP-Seq ERYTHROLEUKEMIA Mouse,0.9575248455236943,0.99998336739303,7,QDPR;GLTP;RNF13;WNK1;GNG7;SETD7;SERINC5
ChEA_2022,TAL1 20887958 ChIP-Seq HPC-7 Mouse,0.9597716136176632,0.99998336739303,7,FNDC5;ADAMTS4;TTYH2;SLC32A1;LUZP1;S1PR5;PTMA
ChEA_2022,TFEB 21752829 ChIP-Seq HELA Human,0.9636738311512846,0.99998336739303,2,ANLN;GJC3
ChEA_2022,CEBPB 24764292 ChIP-Seq MC3T3 Mouse,0.9684211899889179,0.99998336739303,6,TMEM151A;FNBP1;SETD7;PLP1;JOSD2;PTMA
ChEA_2022,YY1 26981420 ChIP-Seq C2C12 Mouse Muscle,0.9687662299432303,0.99998336739303,8,SPECC1;ITGB4;MICALL1;TRIM59;SYNJ2;PTMA;SCRT1;SERINC5
ChEA_2022,FOXO3 22982991 ChIP-Seq MACROPHAGES Mouse,0.9687677223776475,0.99998336739303,7,GLTP;CAP1;ANLN;ARC;GATM;MICALL1;SETD7
ChEA_2022,HNF1A 27111144 ChIP-Seq CD8+TCells Mouse Blood Lymphoma,0.9690681628808567,0.99998336739303,16,SPECC1;CAP1;CLIC4;CNP;PLEKHB1;SETD7;CCP110;SLAIN1;FRMD4B;FOXN3;DOCK10;MYO1D;ARC;PACS2;TRIM59;PTMA
ChEA_2022,XRN2 22483619 ChIP-Seq HELA Human,0.9708187516864402,0.99998336739303,5,ANLN;MAG;ZEB2;PTMA;QKI
ChEA_2022,PDX1 19855005 ChIP-ChIP MIN6 Mouse,0.974036312618083,0.99998336739303,1,TMEM63A
ChEA_2022,MYC 18358816 ChIP-ChIP MESCs Mouse,0.9754667532161571,0.99998336739303,11,QDPR;ADAMTS4;ANLN;PPP1R14A;TTYH2;RNF13;GNG7;TRIM59;PTMA;NEFH;SCRT1
ChEA_2022,DACH1 20351289 ChIP-Seq MDA-MB-231 Human,0.9765603651917706,0.99998336739303,5,SLC44A1;WNK1;FOXN3;NDRG1;PTMA
ChEA_2022,FLI1 20887958 ChIP-Seq HPC-7 Mouse,0.9779988759103123,0.99998336739303,6,LAPTM4B;ZEB2;EVI2A;PLXNB3;PTMA;SERINC5
ChEA_2022,FOXH1 21741376 ChIP-Seq EPCs Human,0.9831062124588154,0.99998336739303,6,FA2H;IL33;MAP6D1;PRR18;ASPA;PLEKHH1
ChEA_2022,FOXM1 25889361 ChIP-Seq OE33 AND U2OS Human,0.9831946533384539,0.99998336739303,2,ANLN;TRIM59
ChEA_2022,EVI1 22308434 ChIP-Seq SKOV3 Human Ovary OvarianCancer,0.9838619106799019,0.99998336739303,3,SPART;MEIS2;MOB3B
ChEA_2022,MYB 26560356 Chip-Seq TH1 Human,0.9850722383066227,0.99998336739303,6,DOCK10;CAP1;ZEB2;EVI2A;MBP;SLAIN1
ChEA_2022,KDM5A 27292631 Chip-Seq BREAST Human,0.9876971488290338,0.99998336739303,2,CAP1;PACS2
ChEA_2022,FOXA1 26769127 Chip-Seq PDAC-Cell Line Human,0.9883831043311117,0.99998336739303,6,TMEM63A;UBASH3B;WNK1;PTMA;MEIS2;QKI
ChEA_2022,TTF2 22483619 ChIP-Seq HELA Human,0.9884596561381634,0.99998336739303,4,LAPTM4B;UBASH3B;SCRT1;GPM6B
ChEA_2022,MYCN 18555785 ChIP-Seq MESCs Mouse,0.98898041736654,0.99998336739303,6,SLC44A1;RNF13;NCAN;TRIM59;SYNJ2;PTMA
ChEA_2022,EST1 17652178 ChIP-ChIP JURKAT Human,0.9898803595601479,0.99998336739303,1,WNK1
ChEA_2022,GABP 17652178 ChIP-ChIP JURKAT Human,0.9913445445351275,0.99998336739303,1,CAP1
ChEA_2022,ETS1 20019798 ChIP-Seq JURKAT Human,0.9918952810248236,0.99998336739303,4,WNK1;JOSD2;PTMA;TRAK2
ChEA_2022,NCOR 22424771 ChIP-Seq 293T Human,0.993515573497998,0.99998336739303,5,MYO1D;TMEM151A;ADAMTS4;MBP;SLC38A3
ChEA_2022,VDR 23849224 ChIP-Seq CD4+ Human,0.9949199701436386,0.99998336739303,6,PHLPP1;SETD7;KIF13B;NDRG1;PTMA;ERMN
ChEA_2022,FOXP3 21729870 ChIP-Seq TREG Human,0.9954416064961199,0.99998336739303,3,CNP;FOXN3;PTMA
ChEA_2022,ETV2 25802403 ChIP-Seq MESCs Mouse,0.9980069269947456,0.99998336739303,1,PLEKHH1
ChEA_2022,MYC 28411283 ChIP-Seq MDA231-LM2-4175 Human BreastCancer,0.9987038695736575,0.99998336739303,8,QDPR;CAP1;SLC44A1;RNF13;MAP6D1;ARSG;JOSD2;PTMA
ChEA_2022,SFPI1 20887958 ChIP-Seq HPC-7 Mouse,0.9988324620911762,0.99998336739303,5,TTYH2;RNF13;LUZP1;ARSG;SERINC5
ChEA_2022,GABP 19822575 ChIP-Seq HepG2 Human,0.9993083759939478,0.99998336739303,6,CAP1;MYO1D;TMEM63A;SLC44A1;PACS2;PTMA
ChEA_2022,RAC3 21632823 ChIP-Seq H3396 Human,0.9995603540050068,0.99998336739303,3,GLTP;PRR5L;S1PR5
ChEA_2022,YY1 33199912 ChIP-Seq 293T Human KidneyEmbryo,0.99998336739303,0.99998336739303,10,SPECC1;SPART;GLTP;UNC5B;SETD7;CCP110;PKP4;JOSD2;PTMA;TRAK2
TRRUST_Transcription_Factors_2019,SOX10 human,9.887343944236878e-07,6.52564700319634e-05,4,GJB1;GJC2;EDNRB;MBP
TRRUST_Transcription_Factors_2019,PITX2 mouse,0.0140169652594449,0.22650322961367922,2,GAD1;PLOD1
TRRUST_Transcription_Factors_2019,POU3F1 mouse,0.04445874977805076,0.22650322961367922,1,MBP
TRRUST_Transcription_Factors_2019,HEY1 mouse,0.04445874977805076,0.22650322961367922,1,OLIG2
TRRUST_Transcription_Factors_2019,SOX5 mouse,0.04445874977805076,0.22650322961367922,1,SOX10
TRRUST_Transcription_Factors_2019,MYCN human,0.04537731285361676,0.22650322961367922,2,NGFR;NDRG1
TRRUST_Transcription_Factors_2019,SIRT1 human,0.050956230608169756,0.22650322961367922,2,ESRRG;NDRG1
TRRUST_Transcription_Factors_2019,HDAC3 mouse,0.05167523330037009,0.22650322961367922,1,PHLPP1
TRRUST_Transcription_Factors_2019,MYC mouse,0.0528680221477525,0.22650322961367922,2,PTMA;NDRG1
TRRUST_Transcription_Factors_2019,ATF3 mouse,0.058837575784460396,0.22650322961367922,1,SORT1
TRRUST_Transcription_Factors_2019,FOXD3 human,0.058837575784460396,0.22650322961367922,1,NDRG1
TRRUST_Transcription_Factors_2019,POU3F2 human,0.06594618039628541,0.22650322961367922,1,FABP7
TRRUST_Transcription_Factors_2019,MYCN mouse,0.06594618039628541,0.22650322961367922,1,NDRG1
TRRUST_Transcription_Factors_2019,EGR2 human,0.06594618039628541,0.22650322961367922,1,GJB1
TRRUST_Transcription_Factors_2019,TBX21 mouse,0.07300144744630711,0.22650322961367922,1,S1PR5
TRRUST_Transcription_Factors_2019,NR0B1 human,0.07300144744630711,0.22650322961367922,1,ESRRG
TRRUST_Transcription_Factors_2019,NFIC mouse,0.0800037743240655,0.22650322961367922,1,MBP
TRRUST_Transcription_Factors_2019,NR0B1 mouse,0.0800037743240655,0.22650322961367922,1,ESRRG
TRRUST_Transcription_Factors_2019,SOX17 mouse,0.0800037743240655,0.22650322961367922,1,MBP
TRRUST_Transcription_Factors_2019,PAX6 human,0.0800037743240655,0.22650322961367922,1,FABP7
TRRUST_Transcription_Factors_2019,PITX2 human,0.0800037743240655,0.22650322961367922,1,PLOD1
TRRUST_Transcription_Factors_2019,MECP2 human,0.0800037743240655,0.22650322961367922,1,GAD1
TRRUST_Transcription_Factors_2019,SOX10 mouse,0.08695355553159319,0.22650322961367922,1,OLIG2
TRRUST_Transcription_Factors_2019,XBP1 mouse,0.0938511826416481,0.22650322961367922,1,SETD7
TRRUST_Transcription_Factors_2019,ZEB1 human,0.0938511826416481,0.22650322961367922,1,ITGB4
TRRUST_Transcription_Factors_2019,EGR1 mouse,0.10050781943368152,0.22650322961367922,2,NGFR;NDRG1
TRRUST_Transcription_Factors_2019,PROX1 mouse,0.10069704439153844,0.22650322961367922,1,OLIG2
TRRUST_Transcription_Factors_2019,NF1 human,0.10069704439153844,0.22650322961367922,1,MBP
TRRUST_Transcription_Factors_2019,EZH2 mouse,0.10069704439153844,0.22650322961367922,1,UNC5B
TRRUST_Transcription_Factors_2019,GATA6 mouse,0.1074915266146443,0.22650322961367922,1,PPP1R14A
TRRUST_Transcription_Factors_2019,NFYA mouse,0.1074915266146443,0.22650322961367922,1,CLDN11
TRRUST_Transcription_Factors_2019,ESR1 human,0.11255784886687757,0.22650322961367922,2,TGFA;PTMA
TRRUST_Transcription_Factors_2019,MECP2 mouse,0.11423501232672365,0.22650322961367922,1,MOBP
TRRUST_Transcription_Factors_2019,BCL6 human,0.12092788170856181,0.22650322961367922,1,LITAF
TRRUST_Transcription_Factors_2019,RBPJ mouse,0.1275705121508778,0.22650322961367922,1,OLIG2
TRRUST_Transcription_Factors_2019,TRP73 mouse,0.1341632782115486,0.22650322961367922,1,NGFR
TRRUST_Transcription_Factors_2019,XBP1 human,0.1341632782115486,0.22650322961367922,1,GAD1
TRRUST_Transcription_Factors_2019,ESR2 human,0.1341632782115486,0.22650322961367922,1,TGFA
TRRUST_Transcription_Factors_2019,ARNT human,0.1407065517297098,0.22650322961367922,1,GAD1
TRRUST_Transcription_Factors_2019,PPARGC1A mouse,0.1407065517297098,0.22650322961367922,1,MBP
TRRUST_Transcription_Factors_2019,PAX3 mouse,0.1407065517297098,0.22650322961367922,1,MBP
TRRUST_Transcription_Factors_2019,SP1 mouse,0.14799903106930115,0.23256990596604465,4,NGFR;TRF;MBP;NDRG1
TRRUST_Transcription_Factors_2019,AR human,0.15590714068898273,0.2392993322202991,2,TGFA;NDRG1
TRRUST_Transcription_Factors_2019,SOX9 human,0.16004309395176608,0.24006464092764912,1,SOX10
TRRUST_Transcription_Factors_2019,YY1 mouse,0.18515433456968078,0.2606060844109207,1,TRF
TRRUST_Transcription_Factors_2019,NFIC human,0.18515433456968078,0.2606060844109207,1,FABP7
TRRUST_Transcription_Factors_2019,MITF mouse,0.19131472700324348,0.2606060844109207,1,NGFR
TRRUST_Transcription_Factors_2019,TWIST1 mouse,0.1974288518264551,0.2606060844109207,1,SOX10
TRRUST_Transcription_Factors_2019,SNAI1 mouse,0.1974288518264551,0.2606060844109207,1,ITGB4
TRRUST_Transcription_Factors_2019,SOX9 mouse,0.1974288518264551,0.2606060844109207,1,SOX10
TRRUST_Transcription_Factors_2019,CREB1 mouse,0.20951967671006408,0.2659288204396967,1,CLDN11
TRRUST_Transcription_Factors_2019,DNMT1 human,0.20951967671006408,0.2659288204396967,1,GAD1
TRRUST_Transcription_Factors_2019,FOXA2 mouse,0.2617274789361063,0.3259247850902456,1,IL33
TRRUST_Transcription_Factors_2019,SP1 human,0.28526950990532585,0.3486627343287316,5,EDNRB;INPP5J;TGFA;PTN;HCN2
TRRUST_Transcription_Factors_2019,JUN human,0.31042598649589964,0.3725111837950796,2,NEFL;PTN
TRRUST_Transcription_Factors_2019,FOS mouse,0.3462237873747382,0.40662212000984443,1,NEFL
TRRUST_Transcription_Factors_2019,FOS human,0.35117364909941107,0.40662212000984443,1,NEFL
TRRUST_Transcription_Factors_2019,TRP53 mouse,0.3599775291346537,0.4096296021187439,2,D7ERTD443E;NDRG1
TRRUST_Transcription_Factors_2019,HDAC1 human,0.4166863490434771,0.46612371248931334,1,GAD1
TRRUST_Transcription_Factors_2019,NFKB1 mouse,0.4470051801162987,0.488103817472753,2,PPP1R14A;MBP
TRRUST_Transcription_Factors_2019,ETS1 human,0.45112625554299896,0.488103817472753,1,NDRG1
TRRUST_Transcription_Factors_2019,HIF1A human,0.46758090725624996,0.49774741740181444,1,EDNRB
TRRUST_Transcription_Factors_2019,CREB1 human,0.49520592598994945,0.5187871605608995,1,LAPTM4B
TRRUST_Transcription_Factors_2019,MYC human,0.5322176434695001,0.548849444827922,1,NDRG1
TRRUST_Transcription_Factors_2019,JUN mouse,0.6306658102582936,0.6403683611853442,1,NEFL
TRRUST_Transcription_Factors_2019,TP53 human,0.7129235093166064,0.7129235093166064,1,S100B
ENCODE_and_ChEA_Consensus_TFs_from_ChIP-X,SUZ12 CHEA,2.135070432857355e-05,0.00198561550255734,29,PHLDB1;GPR88;TGFA;PRR5L;NDRG1;GRM3;EDNRB;UBASH3B;NEFL;MBP;NEFM;S1PR5;SLC38A3;GPM6B;GPR37;SLC32A1;PLLP;UNC5B;GAD1;GAB1;OLIG1;ATP2B2;FRMD4B;OLIG2;APLN;ZEB2;GATM;PRR18;RGS7BP
ENCODE_and_ChEA_Consensus_TFs_from_ChIP-X,EZH2 ENCODE,0.0010927894237973844,0.05081470820657837,9,PLLP;ITGB4;KIF5A;TGFA;SLAIN1;ELOVL7;S1PR5;SCRT1;HCN2
ENCODE_and_ChEA_Consensus_TFs_from_ChIP-X,TRIM28 CHEA,0.005274197554200404,0.1635001241802125,6,CLIC4;SLC32A1;UNC5B;NEFM;OLIG2;PTMA
ENCODE_and_ChEA_Consensus_TFs_from_ChIP-X,SOX2 CHEA,0.014631937043814965,0.3126521921813704,12,ARC;MOBP;PLLP;GAD1;CHN2;NEFL;MBP;PHACTR1;FOXN3;PTMA;SERINC5;BCAS1
ENCODE_and_ChEA_Consensus_TFs_from_ChIP-X,GATA1 CHEA,0.019453414011454,0.3126521921813704,12,SPECC1;SLC48A1;CAP1;MYO1D;UBASH3B;SLC32A1;PLLP;GNA12;GAB1;MBP;AKAP5;FOXN3
ENCODE_and_ChEA_Consensus_TFs_from_ChIP-X,TCF3 CHEA,0.020171109172991638,0.3126521921813704,14,TMEM63A;MOG;LUZP1;FNBP1;UNC5B;FRMD4B;OLIG2;ELOVL7;TMEM125;MOBP;NACC2;TYRO3;PHACTR1;PTMA
ENCODE_and_ChEA_Consensus_TFs_from_ChIP-X,REST ENCODE,0.026480440281866642,0.3518115637447997,7,PEX5L;RNF13;CNTN2;NEFM;NEFH;SCRT1;HCN2
ENCODE_and_ChEA_Consensus_TFs_from_ChIP-X,MYOD1 ENCODE,0.03727980002555603,0.43337767529708887,4,GATM;EVI2A;PLEKHB1;PVALB
ENCODE_and_ChEA_Consensus_TFs_from_ChIP-X,REST CHEA,0.06000310590875269,0.5403296117789143,15,TMEM151A;SLC32A1;GAD1;NRXN3;ATP2B2;PRR5L;SCRT1;QKI;ARC;MOBP;WNK1;MYH14;NEFL;NEFM;HCN2
ENCODE_and_ChEA_Consensus_TFs_from_ChIP-X,SMC3 ENCODE,0.06301534821677389,0.5403296117789143,14,GLTP;NGFR;PHLDB1;PHLPP1;MEGF10;SORT1;GAD1;SYNJ2;MOB3B;QKI;MYO1D;WNK1;CDC42EP2;TYRO3
ENCODE_and_ChEA_Consensus_TFs_from_ChIP-X,KLF4 CHEA,0.07058207055050429,0.5403296117789143,12,GLTP;NGFR;ANLN;PPP1R14A;TMEM125;SLC44A1;RNF13;NEFL;TRIM59;OLIG2;NDRG1;PTMA
ENCODE_and_ChEA_Consensus_TFs_from_ChIP-X,AR CHEA,0.07105188517493714,0.5403296117789143,13,SPECC1;OPALIN;GAB1;FRMD4B;PTN;NDRG1;QKI;MYO1D;CHN2;KIF13B;PHACTR1;PLEKHH1;SERINC5
ENCODE_and_ChEA_Consensus_TFs_from_ChIP-X,SMAD4 CHEA,0.0755299457325364,0.5403296117789143,8,MEGF10;CHN2;MICALL1;NRXN3;ESRRG;NDRG1;CREB5;BCAS1
ENCODE_and_ChEA_Consensus_TFs_from_ChIP-X,TP53 CHEA,0.09454676003514123,0.6280606202334382,5,UNC5B;GNG7;CCP110;NEFL;FOXN3
ENCODE_and_ChEA_Consensus_TFs_from_ChIP-X,ESR1 CHEA,0.11116107281166107,0.6802797559042217,3,TGFA;PHACTR1;LITAF
ENCODE_and_ChEA_Consensus_TFs_from_ChIP-X,CTCF ENCODE,0.12870487118073168,0.6802797559042217,18,SLC48A1;NGFR;PHLDB1;PHLPP1;MEGF10;MYRF;SORT1;GAD1;CCP110;TGFA;SYNJ2;MOB3B;FNDC5;MYO1D;WNK1;CDC42EP2;TYRO3;PTMA
ENCODE_and_ChEA_Consensus_TFs_from_ChIP-X,GATA2 CHEA,0.13058288647123129,0.6802797559042217,9,SPECC1;CLIC4;SLC32A1;GNA12;PLXNB3;AKAP5;SYNJ2;ERMN;BCAS1
ENCODE_and_ChEA_Consensus_TFs_from_ChIP-X,SALL4 CHEA,0.13166704952984937,0.6802797559042217,5,ANLN;SLC44A1;UNC5B;NEFL;LITAF
ENCODE_and_ChEA_Consensus_TFs_from_ChIP-X,FOXP2 ENCODE,0.15182223279784285,0.7431298763262834,3,CLIC4;PHLPP1;NDRG1
ENCODE_and_ChEA_Consensus_TFs_from_ChIP-X,RAD21 ENCODE,0.1601314675667666,0.7446113241854647,13,PHLPP1;MEGF10;SORT1;GAD1;TGFA;ERMN;MOB3B;FNDC5;MYO1D;WNK1;PLXNB3;CDC42EP2;TYRO3
ENCODE_and_ChEA_Consensus_TFs_from_ChIP-X,TP63 CHEA,0.1714937608126685,0.7594723693132464,14,NGFR;ITGB4;FRMD4B;S100B;NDRG1;MEIS2;APLN;DOCK10;CLDN11;LAPTM4B;ANLN;FEZ1;FABP7;RAPGEF4
ENCODE_and_ChEA_Consensus_TFs_from_ChIP-X,FOXA1 ENCODE,0.2021824102051227,0.8546801885943824,3,MBP;SYNJ2;SLC38A3
ENCODE_and_ChEA_Consensus_TFs_from_ChIP-X,IRF8 CHEA,0.23225025723669246,0.927990466876433,2,ZEB2;CNP
ENCODE_and_ChEA_Consensus_TFs_from_ChIP-X,NFE2L2 CHEA,0.24413413774554674,0.927990466876433,10,SLC48A1;LAPTM4B;IL33;PEX5L;TMEM63A;EDNRB;FNBP1;UNC5B;CHN2;SYNJ2
ENCODE_and_ChEA_Consensus_TFs_from_ChIP-X,UBTF ENCODE,0.24945980292377232,0.927990466876433,15,PHLDB1;CLIC4;PHLPP1;SLC44A1;LUZP1;FNBP1;SETD7;MOB3B;FA2H;PACS2;WNK1;TYRO3;PTMA;SERINC5;HCN2
ENCODE_and_ChEA_Consensus_TFs_from_ChIP-X,EZH2 CHEA,0.265959090085213,0.951315206843262,3,NEFL;OLIG2;SCRT1
ENCODE_and_ChEA_Consensus_TFs_from_ChIP-X,RUNX1 CHEA,0.387001784304982,0.999995403123206,11,CLIC4;EVI2A;FNBP1;WNK1;GNG7;NCAN;PLEKHB1;KIF13B;CCP110;PKP4;ERMN
ENCODE_and_ChEA_Consensus_TFs_from_ChIP-X,RCOR1 ENCODE,0.4376434694612645,0.999995403123206,6,SPECC1;SLC44A1;TRIM59;SYNJ2;PTMA;MOB3B
ENCODE_and_ChEA_Consensus_TFs_from_ChIP-X,CBX3 ENCODE,0.4594157705846699,0.999995403123206,1,SLC44A1
ENCODE_and_ChEA_Consensus_TFs_from_ChIP-X,NANOG CHEA,0.4681705759053388,0.999995403123206,5,MOBP;CCP110;NEFL;PHACTR1;SERINC5
ENCODE_and_ChEA_Consensus_TFs_from_ChIP-X,KAT2A ENCODE,0.49520592598994945,0.999995403123206,1,PTMA
ENCODE_and_ChEA_Consensus_TFs_from_ChIP-X,FOXM1 ENCODE,0.5140617042290114,0.999995403123206,1,TRIM59
ENCODE_and_ChEA_Consensus_TFs_from_ChIP-X,ZKSCAN1 ENCODE,0.5983451921962706,0.999995403123206,1,TYRO3
ENCODE_and_ChEA_Consensus_TFs_from_ChIP-X,TRIM28 ENCODE,0.5983451921962706,0.999995403123206,1,PACS2
ENCODE_and_ChEA_Consensus_TFs_from_ChIP-X,RFX5 ENCODE,0.6124019205719962,0.999995403123206,4,SORT1;GNA12;INPP5J;PKP4
ENCODE_and_ChEA_Consensus_TFs_from_ChIP-X,BCL3 ENCODE,0.613253370407102,0.999995403123206,2,CNP;PTMA
ENCODE_and_ChEA_Consensus_TFs_from_ChIP-X,PPARD CHEA,0.6366648337754541,0.999995403123206,2,MBP;PLOD1
ENCODE_and_ChEA_Consensus_TFs_from_ChIP-X,ZNF384 ENCODE,0.6495237929942831,0.999995403123206,5,SPECC1;CLIC4;RNF13;TRIM59;QKI
ENCODE_and_ChEA_Consensus_TFs_from_ChIP-X,SRF ENCODE,0.662568860602792,0.999995403123206,2,CAP1;PLOD1
ENCODE_and_ChEA_Consensus_TFs_from_ChIP-X,ERG CHEA,0.6655465373175126,0.999995403123206,1,NDRG1
ENCODE_and_ChEA_Consensus_TFs_from_ChIP-X,ZBTB7A ENCODE,0.6899734582268809,0.999995403123206,15,CLIC4;TMEM63A;FNBP1;AKAP5;SYNJ2;NDRG1;SCRT1;QKI;FNDC5;ANLN;MICALL1;CDC42EP2;KIF13B;PKP4;PTMA
ENCODE_and_ChEA_Consensus_TFs_from_ChIP-X,SPI1 CHEA,0.6907987055945386,0.999995403123206,7,GLTP;TTYH2;RNF13;LUZP1;CCP110;ARSG;SERINC5
ENCODE_and_ChEA_Consensus_TFs_from_ChIP-X,CHD1 ENCODE,0.7328947216054568,0.999995403123206,4,ANLN;CLIC4;LUZP1;PTMA
ENCODE_and_ChEA_Consensus_TFs_from_ChIP-X,HDAC2 ENCODE,0.7360734419220656,0.999995403123206,1,SYNJ2
ENCODE_and_ChEA_Consensus_TFs_from_ChIP-X,STAT3 CHEA,0.7400786792575944,0.999995403123206,1,NACC2
ENCODE_and_ChEA_Consensus_TFs_from_ChIP-X,BHLHE40 ENCODE,0.7417318244482024,0.999995403123206,2,PHLPP1;PTMA
ENCODE_and_ChEA_Consensus_TFs_from_ChIP-X,TCF3 ENCODE,0.7651150655217251,0.999995403123206,5,SLC48A1;MYO1D;CLIC4;GATM;SLC44A1
ENCODE_and_ChEA_Consensus_TFs_from_ChIP-X,FOSL2 ENCODE,0.7752410038827728,0.999995403123206,1,ANLN
ENCODE_and_ChEA_Consensus_TFs_from_ChIP-X,ZMIZ1 ENCODE,0.8252036779107227,0.999995403123206,5,CAP1;FNBP1;PLOD1;NDRG1;PTMA
ENCODE_and_ChEA_Consensus_TFs_from_ChIP-X,STAT5A ENCODE,0.8307162017777473,0.999995403123206,1,SERINC5
ENCODE_and_ChEA_Consensus_TFs_from_ChIP-X,SIX5 ENCODE,0.8399585767039013,0.999995403123206,6,SPECC1;PHLPP1;WNK1;CCP110;JOSD2;TRAK2
ENCODE_and_ChEA_Consensus_TFs_from_ChIP-X,PBX3 ENCODE,0.850749323774548,0.999995403123206,7,CLIC4;RNF13;SORT1;GNA12;AKAP5;PTMA;MEIS2
ENCODE_and_ChEA_Consensus_TFs_from_ChIP-X,POU5F1 CHEA,0.8634461984015591,0.999995403123206,1,NEFL
ENCODE_and_ChEA_Consensus_TFs_from_ChIP-X,SP2 ENCODE,0.8756487145951054,0.999995403123206,5,RNF13;SORT1;GNA12;MYH14;PTMA
ENCODE_and_ChEA_Consensus_TFs_from_ChIP-X,IRF3 ENCODE,0.8809742685485196,0.999995403123206,3,RNF13;SORT1;GNA12
ENCODE_and_ChEA_Consensus_TFs_from_ChIP-X,NFIC ENCODE,0.8810819598758536,0.999995403123206,1,SLC44A1
ENCODE_and_ChEA_Consensus_TFs_from_ChIP-X,RELA ENCODE,0.8835266834209863,0.999995403123206,2,DOCK10;PTMA
ENCODE_and_ChEA_Consensus_TFs_from_ChIP-X,BCLAF1 ENCODE,0.8890655397004676,0.999995403123206,4,CAP1;SLC44A1;TRIM59;PTMA
ENCODE_and_ChEA_Consensus_TFs_from_ChIP-X,E2F1 CHEA,0.8932776727270086,0.999995403123206,4,CLIC4;LUZP1;WNK1;CCP110
ENCODE_and_ChEA_Consensus_TFs_from_ChIP-X,SPI1 ENCODE,0.9029659282551443,0.999995403123206,8,CAP1;ANLN;ZEB2;TTYH2;RNF13;S100B;MEIS2;QKI
ENCODE_and_ChEA_Consensus_TFs_from_ChIP-X,ZBTB33 ENCODE,0.9033925885878106,0.999995403123206,3,CNP;PACS2;JOSD2
ENCODE_and_ChEA_Consensus_TFs_from_ChIP-X,E2F4 ENCODE,0.9074952268163328,0.999995403123206,3,WNK1;CCP110;PTMA
ENCODE_and_ChEA_Consensus_TFs_from_ChIP-X,EGR1 CHEA,0.9098489301554201,0.999995403123206,1,SPECC1
ENCODE_and_ChEA_Consensus_TFs_from_ChIP-X,FOXA2 ENCODE,0.9105404476385466,0.999995403123206,1,PHLPP1
ENCODE_and_ChEA_Consensus_TFs_from_ChIP-X,PPARG CHEA,0.9149563943763382,0.999995403123206,2,TTYH2;PTMA
ENCODE_and_ChEA_Consensus_TFs_from_ChIP-X,YY1 CHEA,0.9209144774297973,0.999995403123206,1,PTMA
ENCODE_and_ChEA_Consensus_TFs_from_ChIP-X,MYC CHEA,0.9330260094366847,0.999995403123206,2,ANLN;PTMA
ENCODE_and_ChEA_Consensus_TFs_from_ChIP-X,TCF7L2 ENCODE,0.9371434533023648,0.999995403123206,2,TMOD1;MEIS2
ENCODE_and_ChEA_Consensus_TFs_from_ChIP-X,FOS ENCODE,0.9555532100647912,0.999995403123206,2,RNF13;PTMA
ENCODE_and_ChEA_Consensus_TFs_from_ChIP-X,FLI1 ENCODE,0.9591493252125922,0.999995403123206,2,CAP1;CCP110
ENCODE_and_ChEA_Consensus_TFs_from_ChIP-X,E2F6 ENCODE,0.9668629960350886,0.999995403123206,17,TMEM63A;GPR37;PHLPP1;CNP;SLC44A1;PLLP;GAD1;SYNJ2;QKI;LAPTM4B;ANLN;WNK1;NACC2;PKP4;TRIM59;PTMA;SERINC5
ENCODE_and_ChEA_Consensus_TFs_from_ChIP-X,USF2 ENCODE,0.9787597923178373,0.999995403123206,3,ANLN;PTMA;QKI
ENCODE_and_ChEA_Consensus_TFs_from_ChIP-X,EGR1 ENCODE,0.9838420680859377,0.999995403123206,1,KIF13B
ENCODE_and_ChEA_Consensus_TFs_from_ChIP-X,PML ENCODE,0.9839528523639165,0.999995403123206,6,CAP1;CNP;SLC44A1;JOSD2;PTMA;SERINC5
ENCODE_and_ChEA_Consensus_TFs_from_ChIP-X,HNF4A ENCODE,0.9887260880249579,0.999995403123206,4,GAB1;KIF13B;PKP4;SYNJ2
ENCODE_and_ChEA_Consensus_TFs_from_ChIP-X,SIN3A ENCODE,0.992429926608637,0.999995403123206,3,ANLN;NDRG1;SCRT1
ENCODE_and_ChEA_Consensus_TFs_from_ChIP-X,USF1 ENCODE,0.9953137479016251,0.999995403123206,4,LAPTM4B;ANLN;PTMA;QKI
ENCODE_and_ChEA_Consensus_TFs_from_ChIP-X,SP1 ENCODE,0.9957240533264896,0.999995403123206,1,PTMA
ENCODE_and_ChEA_Consensus_TFs_from_ChIP-X,STAT3 ENCODE,0.9962878669845561,0.999995403123206,1,PHLPP1
ENCODE_and_ChEA_Consensus_TFs_from_ChIP-X,CEBPD ENCODE,0.9965414018390732,0.999995403123206,1,ANLN
ENCODE_and_ChEA_Consensus_TFs_from_ChIP-X,MAX ENCODE,0.9965517459908525,0.999995403123206,7,QDPR;LAPTM4B;ANLN;SLC44A1;RNF13;NDRG1;PTMA
ENCODE_and_ChEA_Consensus_TFs_from_ChIP-X,ATF2 ENCODE,0.9973354998422814,0.999995403123206,11,CAP1;MYO1D;LAPTM4B;CLIC4;PHLPP1;SLC44A1;WNK1;TRIM59;JOSD2;PTMA;SERINC5
ENCODE_and_ChEA_Consensus_TFs_from_ChIP-X,NFYA ENCODE,0.9987170895247528,0.999995403123206,7,GLTP;RNF13;SORT1;GNA12;CCP110;PKP4;PTMA
ENCODE_and_ChEA_Consensus_TFs_from_ChIP-X,CREB1 CHEA,0.9990354524708748,0.999995403123206,3,PHLPP1;JOSD2;SCRT1
ENCODE_and_ChEA_Consensus_TFs_from_ChIP-X,GABPA ENCODE,0.9997075215364458,0.999995403123206,5,CAP1;SLC44A1;RNF13;CCP110;JOSD2
ENCODE_and_ChEA_Consensus_TFs_from_ChIP-X,NRF1 ENCODE,0.9997514402244815,0.999995403123206,4,ANLN;CLIC4;TMEM63A;PTMA
ENCODE_and_ChEA_Consensus_TFs_from_ChIP-X,CREB1 ENCODE,0.9998921577967098,0.999995403123206,5,PHLPP1;PLEKHB1;CCP110;JOSD2;TRAK2
ENCODE_and_ChEA_Consensus_TFs_from_ChIP-X,MYC ENCODE,0.9999087664822653,0.999995403123206,2,JOSD2;PTMA
ENCODE_and_ChEA_Consensus_TFs_from_ChIP-X,NFYB ENCODE,0.9999293952469498,0.999995403123206,12,GLTP;FA2H;PHLPP1;RNF13;SORT1;NACC2;GNA12;PLXNB3;CCP110;PKP4;TRIM59;PTMA
ENCODE_and_ChEA_Consensus_TFs_from_ChIP-X,TAF1 ENCODE,0.9999326541081989,0.999995403123206,10,CAP1;CLIC4;SLC44A1;RNF13;LUZP1;FNBP1;WNK1;CCP110;PTMA;TRAK2
ENCODE_and_ChEA_Consensus_TFs_from_ChIP-X,BRCA1 ENCODE,0.999953933210604,0.999995403123206,9,CNP;SLC44A1;PACS2;RNF13;WNK1;CCP110;JOSD2;PTMA;QKI
ENCODE_and_ChEA_Consensus_TFs_from_ChIP-X,ELF1 ENCODE,0.9999762354537955,0.999995403123206,5,CAP1;CCP110;JOSD2;MEIS2;SERINC5
ENCODE_and_ChEA_Consensus_TFs_from_ChIP-X,YY1 ENCODE,0.999995403123206,0.999995403123206,4,WNK1;CCP110;PTMA;TRAK2
